%Type;FSWP-8;
%Version;3.02SP1;
%Date;10.Sep 2026;
%VSupply;OFF;
%Mode;Voltage;
%Voltage Set;0.0000000000;V
%Voltage Min;0.0000000000;V
%Voltage Max;16.0000000000;V
%Voltage Meas;0.0239760240;V
%Current Max;2000.0000000000;mA
%Current Meas;0.3104077906;mA
%VTune;OFF;
%Voltage Set;0.0000000000;V
%Voltage Min;-10.0000000000;V
%Voltage Max;28.0000000000;V
%Voltage Meas;0.0147783251;V
%Current Max;20.0000000000;mA
%Current Meas;0.0471142521;mA
%VAux;OFF;
%Voltage Set;0.0000000000;V
%Voltage Min;-10.0000000000;V
%Voltage Max;10.0000000000;V
%Voltage Meas;-0.0134228188;V
%Current Max;100.0000000000;mA
%Current Meas;0.1191895113;mA
%Mode;Phase Noise;
%Measurement;Phase Noise;
%Input;RF;
%RF Att;0.0000000000;dB
%Coupling;AC;
%RBW;3.0000000000;%
%XCORR Factor;10;
%XCORR Optimize;ON;
%Estimated Meas Time;172.1825458615;s
%Sweep Count;0;
%Signal Frequency;200000001.0462760925;Hz
%Signal Level;13.0003000000;dBm
%Start;1.0000000000;Hz
%Stop;10000000.0000000000;Hz
%SubSweep;1;
%Start;1.0000000000;Hz
%Stop;3.0000000000;Hz
%RBW;0.0900000000;Hz
%XCORR Count;10;
%SubSweep;2;
%Start;3.0000000000;Hz
%Stop;10.0000000000;Hz
%RBW;0.0900000000;Hz
%XCORR Count;10;
%SubSweep;3;
%Start;10.0000000000;Hz
%Stop;30.0000000000;Hz
%RBW;0.3000000000;Hz
%XCORR Count;40;
%SubSweep;4;
%Start;30.0000000000;Hz
%Stop;100.0000000000;Hz
%RBW;0.9000000000;Hz
%XCORR Count;130;
%SubSweep;5;
%Start;100.0000000000;Hz
%Stop;300.0000000000;Hz
%RBW;3.0000000000;Hz
%XCORR Count;430;
%SubSweep;6;
%Start;300.0000000000;Hz
%Stop;1000.0000000000;Hz
%RBW;9.0000000000;Hz
%XCORR Count;1300;
%SubSweep;7;
%Start;1000.0000000000;Hz
%Stop;3000.0000000000;Hz
%RBW;30.0000000000;Hz
%XCORR Count;4300;
%SubSweep;8;
%Start;3000.0000000000;Hz
%Stop;10000.0000000000;Hz
%RBW;90.0000000000;Hz
%XCORR Count;13000;
%SubSweep;9;
%Start;10000.0000000000;Hz
%Stop;30000.0000000000;Hz
%RBW;300.0000000000;Hz
%XCORR Count;43000;
%SubSweep;10;
%Start;30000.0000000000;Hz
%Stop;100000.0000000000;Hz
%RBW;900.0000000000;Hz
%XCORR Count;130000;
%SubSweep;11;
%Start;100000.0000000000;Hz
%Stop;300000.0000000000;Hz
%RBW;3000.0000000000;Hz
%XCORR Count;430000;
%SubSweep;12;
%Start;300000.0000000000;Hz
%Stop;1000000.0000000000;Hz
%RBW;9000.0000000000;Hz
%XCORR Count;1000000;
%SubSweep;13;
%Start;1000000.0000000000;Hz
%Stop;3000000.0000000000;Hz
%RBW;30000.0000000000;Hz
%XCORR Count;1000000;
%SubSweep;14;
%Start;3000000.0000000000;Hz
%Stop;10000000.0000000000;Hz
%RBW;90000.0000000000;Hz
%XCORR Count;1000000;
%Integrated Measurements Range;1;
%Start;1.0000000000;Hz
%Stop;10000000.0000000000;Hz
%Weighting;OFF;
%Integrated Measurements Range;2;
%Start;1.0000000000;Hz
%Stop;10000000.0000000000;Hz
%Weighting;OFF;
%Integrated Measurements Range;3;
%Start;1.0000000000;Hz
%Stop;10000000.0000000000;Hz
%Weighting;OFF;
%Integrated Measurements Range;4;
%Start;1.0000000000;Hz
%Stop;10000000.0000000000;Hz
%Weighting;OFF;
%Integrated Measurements Range;5;
%Start;1.0000000000;Hz
%Stop;10000000.0000000000;Hz
%Weighting;OFF;
%Integrated Measurements Range;6;
%Start;1.0000000000;Hz
%Stop;10000000.0000000000;Hz
%Weighting;OFF;
%Integrated Measurements Range;7;
%Start;1.0000000000;Hz
%Stop;10000000.0000000000;Hz
%Weighting;OFF;
%Integrated Measurements Range;8;
%Start;1.0000000000;Hz
%Stop;10000000.0000000000;Hz
%Weighting;OFF;
%Integrated Measurements Range;9;
%Start;1.0000000000;Hz
%Stop;10000000.0000000000;Hz
%Weighting;OFF;
%Integrated Measurements Range;10;
%Start;1.0000000000;Hz
%Stop;10000000.0000000000;Hz
%Weighting;OFF;
%Spot Noise Decade Edges;ON;
%Spot Noise User Defined;OFF;
%Spot Noise User Defined Offset;1;
%State;ON;
%Offset;1000.0000000000;Hz
%Spot Noise User Defined Offset;2;
%State;ON;
%Offset;10000.0000000000;Hz
%Spot Noise User Defined Offset;3;
%State;ON;
%Offset;100000.0000000000;Hz
%Spot Noise User Defined Offset;4;
%State;ON;
%Offset;1000000.0000000000;Hz
%Spot Noise User Defined Offset;5;
%State;ON;
%Offset;10000000.0000000000;Hz
%Spot Noise User Defined Offset;6;
%State;ON;
%Offset;100000000.0000000000;Hz
%Window;1;Noise Spectrum;
%Trace;1;
%Trace Mode;VIEW;
%Trace Result;PN;
%Smoothing;OFF;
%Smoothing Value;1.0000000000;%
%Spurious Removal;OFF;
%Spurious Removal Threshold;6.0000000000;dB
%Trace Offset;OFF;
%Trace Offset;0.0000000000;dB
%Trace Label;OFF;
%Trace Label;Trace 1;
%x-Unit;Hz;
%y-Unit;dBc/Hz;
%Values;4663;
1.0000000000 -83.5587768555 
1.0034632683 -83.6279449463 
1.0069385767 -83.7472915649 
1.0104259253 -83.8666305542 
1.0139254332 -83.9859771729 
1.0174369812 -84.1110534668 
1.0209606886 -84.3395996094 
1.0244965553 -84.5681457520 
1.0280447006 -84.7966918945 
1.0316051245 -85.0252456665 
1.0351779461 -85.2853851318 
1.0387630463 -85.5695343018 
1.0423606634 -85.8536987305 
1.0459706783 -86.1378479004 
1.0495932102 -86.4139480591 
1.0532282591 -86.6451339722 
1.0568759441 -86.8763198853 
1.0605362654 -87.1075057983 
1.0642092228 -87.3386917114 
1.0678949356 -87.4234924316 
1.0715934038 -87.4722518921 
1.0753046274 -87.5210189819 
1.0790288448 -87.5697784424 
1.0827658176 -87.5173873901 
1.0865157843 -87.3706283569 
1.0902787447 -87.2238693237 
1.0940546989 -87.0771102905 
1.0978437662 -86.9071578979 
1.1016459465 -86.6817092896 
1.1054613590 -86.4562530518 
1.1092898846 -86.2307968140 
1.1131316423 -86.0093460083 
1.1169868708 -85.8139343262 
1.1208553314 -85.6185302734 
1.1247371435 -85.4231262207 
1.1286325455 -85.2303237915 
1.1325412989 -85.1211547852 
1.1364636421 -85.0119857788 
1.1403995752 -84.9028167725 
1.1443492174 -84.7936401367 
1.1483124495 -84.7832336426 
1.1522893906 -84.7743453979 
1.1562801600 -84.7654571533 
1.1602846384 -84.7565689087 
1.1643031836 -84.8295059204 
1.1683354378 -84.9028320313 
1.1723817587 -84.9761657715 
1.1764421463 -85.0520477295 
1.1805164814 -85.1678695679 
1.1846050024 -85.2836990356 
1.1887077093 -85.3995285034 
1.1928246021 -85.5165100098 
1.1969556808 -85.6388626099 
1.2011011839 -85.7612152100 
1.2052608728 -85.8835678101 
1.2094351053 -86.0074386597 
1.2136237621 -86.1341781616 
1.2178269625 -86.2609176636 
1.2220447063 -86.3876571655 
1.2262769938 -86.5287628174 
1.2305239439 -86.6809082031 
1.2347856760 -86.8330535889 
1.2390621901 -86.9851989746 
1.2433534861 -87.1605224609 
1.2476595640 -87.3404846191 
1.2519805431 -87.5204467773 
1.2563166618 -87.6996231079 
1.2606676817 -87.8742370605 
1.2650337219 -88.0488433838 
1.2694149017 -88.2234573364 
1.2738113403 -88.3726806641 
1.2782229185 -88.4975433350 
1.2826498747 -88.6224060059 
1.2870920897 -88.7472763062 
1.2915496826 -88.8076019287 
1.2960226536 -88.8621063232 
1.3005112410 -88.9166183472 
1.3050153255 -88.9518203735 
1.3095350266 -88.9539184570 
1.3140703440 -88.9560165405 
1.3186213970 -88.9581146240 
1.3231881857 -88.9489212036 
1.3277708292 -88.9379196167 
1.3323693275 -88.9269256592 
1.3369836807 -88.9178771973 
1.3416141272 -88.9117584229 
1.3462605476 -88.9056472778 
1.3509230614 -88.8995361328 
1.3556017876 -88.8726043701 
1.3602966070 -88.8451461792 
1.3650077581 -88.8176879883 
1.3697352409 -88.7494506836 
1.3744791746 -88.6531448364 
1.3792393208 -88.5568389893 
1.3840161562 -88.4411010742 
1.3888094425 -88.2665939331 
1.3936192989 -88.0920944214 
1.3984458447 -87.9175949097 
1.4032890797 -87.7218551636 
1.4081491232 -87.5248260498 
1.4130259752 -87.3278045654 
1.4179197550 -87.1671295166 
1.4228304625 -87.0240020752 
1.4277582169 -86.8808746338 
1.4327028990 -86.7828292847 
1.4376648664 -86.7415008545 
1.4426438808 -86.7001800537 
1.4476402998 -86.6841354370 
1.4526538849 -86.7452697754 
1.4576849937 -86.8064117432 
1.4627333879 -86.8719329834 
1.4677993059 -86.9843063354 
1.4728827477 -87.0966873169 
1.4779838324 -87.2090682983 
1.4831025600 -87.2867660522 
1.4882389307 -87.3629684448 
1.4933931828 -87.4391784668 
1.4985653162 -87.4312210083 
1.5037553310 -87.4101333618 
1.5089633465 -87.3890533447 
1.5141893625 -87.3078765869 
1.5194333792 -87.2120742798 
1.5246957541 -87.1162719727 
1.5299762487 -87.0169296265 
1.5352749825 -86.9165573120 
1.5405921936 -86.8161849976 
1.5459277630 -86.7490463257 
1.5512818098 -86.6913757324 
1.5566543341 -86.6336975098 
1.5620455742 -86.6099548340 
1.5674554110 -86.5940856934 
1.5728839636 -86.5782165527 
1.5783313513 -86.5679397583 
1.5837976933 -86.5584487915 
1.5892828703 -86.5489654541 
1.5947870016 -86.5155029297 
1.6003103256 -86.4812469482 
1.6058527231 -86.4460525513 
1.6114143133 -86.4013366699 
1.6169950962 -86.3566207886 
1.6225953102 -86.3232116699 
1.6282148361 -86.3254776001 
1.6338539124 -86.3277435303 
1.6395124197 -86.3739166260 
1.6451905966 -86.4810485840 
1.6508884430 -86.5881805420 
1.6566059589 -86.7728424072 
1.6623432636 -87.0041885376 
1.6681005955 -87.2355499268 
1.6738777161 -87.5326538086 
1.6796748638 -87.8407974243 
1.6854921579 -88.1434783936 
1.6913294792 -88.4039459229 
1.6971870661 -88.6644210815 
1.7030650377 -88.8591003418 
1.7089632750 -88.9545364380 
1.7148818970 -89.0499725342 
1.7208211422 -89.0466995239 
1.7267808914 -89.0027313232 
1.7327612638 -88.9581527710 
1.7387623787 -88.8997879028 
1.7447843552 -88.8414230347 
1.7508270741 -88.8150405884 
1.7568907738 -88.8364715576 
1.7629753351 -88.8579101563 
1.7690811157 -88.9589996338 
1.7752079964 -89.0821380615 
1.7813560963 -89.2182235718 
1.7875255346 -89.4098587036 
1.7937163115 -89.6015014648 
1.7999285460 -89.7999267578 
1.8061622381 -90.0025405884 
1.8124175072 -90.2024230957 
1.8186944723 -90.3657379150 
1.8249932528 -90.5290527344 
1.8313137293 -90.6573638916 
1.8376561403 -90.7562866211 
1.8440206051 -90.8526763916 
1.8504070044 -90.8871231079 
1.8568155766 -90.9215698242 
1.8632462025 -90.9305572510 
1.8696992397 -90.9192657471 
1.8761746883 -90.9048309326 
1.8826724291 -90.8604431152 
1.8891928196 -90.8160476685 
1.8957357407 -90.7187881470 
1.9023011923 -90.5935516357 
1.9088895321 -90.4253234863 
1.9155006409 -90.1160354614 
1.9221346378 -89.8067550659 
1.9287915230 -89.3336257935 
1.9354715347 -88.8276901245 
1.9421746731 -88.2893981934 
1.9489010572 -87.7119750977 
1.9556506872 -87.1408691406 
1.9624238014 -86.6324615479 
1.9692202806 -86.1240615845 
1.9760403633 -85.7376251221 
1.9828839302 -85.3919601440 
1.9897513390 -85.1365585327 
1.9966424704 -85.0027008057 
2.0035574436 -84.8968353271 
2.0104963779 -84.9933929443 
2.0174593925 -85.0899581909 
2.0244464874 -85.3771057129 
2.0314579010 -85.7019195557 
2.0384933949 -86.1426086426 
2.0455532074 -86.6719894409 
2.0526378155 -87.2458038330 
2.0597467422 -87.9159393311 
2.0668802261 -88.5858230591 
2.0740385056 -89.2526168823 
2.0812215805 -89.9194107056 
2.0884294510 -90.3959121704 
2.0956623554 -90.8428802490 
2.1029202938 -91.0762786865 
2.1102032661 -91.2025833130 
2.1175117493 -91.2396545410 
2.1248455048 -91.1812362671 
2.1322045326 -91.1212692261 
2.1395888329 -91.0579452515 
2.1469991207 -91.0048141479 
2.1544346809 -91.0029525757 
2.1618962288 -91.0014724731 
2.1693835258 -91.0121002197 
2.1768968105 -91.0227279663 
2.1844360828 -90.9731140137 
2.1920015812 -90.9177093506 
2.1995930672 -90.8219833374 
2.2072110176 -90.7167129517 
2.2148551941 -90.6488494873 
2.2225260735 -90.5954895020 
2.2302234173 -90.6199951172 
2.2379472256 -90.6869735718 
2.2456979752 -90.8054733276 
2.2534756660 -90.9600219727 
2.2612800598 -91.0858078003 
2.2691116333 -91.1875000000 
2.2769701481 -91.1955947876 
2.2848560810 -91.1153564453 
2.2927691936 -90.9755935669 
2.3007099628 -90.7760238647 
2.3086779118 -90.5905914307 
2.3166735172 -90.4194641113 
2.3246970177 -90.2017974854 
2.3327481747 -89.9392929077 
2.3408272266 -89.2583541870 
2.3489341736 -88.2136230469 
2.3570692539 -86.6218643188 
2.3652327061 -84.6240768433 
2.3734242916 -82.5614929199 
2.3816442490 -80.4601898193 
2.3898925781 -78.6063842773 
2.3981695175 -76.8629455566 
2.4064753056 -75.4636535645 
2.4148097038 -74.1674423218 
2.4231729507 -73.2561035156 
2.4315650463 -72.4071578979 
2.4399862289 -71.9797363281 
2.4484367371 -71.6025390625 
2.4569165707 -71.6238250732 
2.4654254913 -71.7355041504 
2.4739642143 -72.1926956177 
2.4825322628 -72.8043441772 
2.4911301136 -73.7063064575 
2.4997575283 -74.8337478638 
2.5084149837 -76.1874771118 
2.5171024799 -77.8232116699 
2.5258200169 -79.6025085449 
2.5345678329 -81.5909118652 
2.5433456898 -83.6122741699 
2.5521540642 -85.3330307007 
2.5609929562 -86.8570251465 
2.5698626041 -87.6924667358 
2.5787627697 -88.2837982178 
2.5876939297 -88.5532684326 
2.5966558456 -88.7878189087 
2.6056489944 -89.0036849976 
2.6146731377 -89.3136215210 
2.6237285137 -89.6455078125 
2.6328153610 -90.0438842773 
2.6419336796 -90.4326934814 
2.6510834694 -90.8056106567 
2.6602649689 -91.1066741943 
2.6694786549 -91.3671798706 
2.6787238121 -91.5264968872 
2.6880011559 -91.6681747437 
2.6973104477 -91.7772827148 
2.7066521645 -91.8982009888 
2.7160260677 -92.0314407349 
2.7254326344 -92.2090911865 
2.7348716259 -92.4055786133 
2.7443432808 -92.6627807617 
2.7538478374 -92.9423522949 
2.7633852959 -93.2516403198 
2.7729558945 -93.5306854248 
2.7825593948 -93.7761154175 
2.7921962738 -93.8152160645 
2.8018665314 -93.6812973022 
2.8115704060 -93.3416671753 
2.8213076591 -92.7730941772 
2.8310787678 -92.1483001709 
2.8408837318 -91.5007781982 
2.8507225513 -90.9419326782 
2.8605954647 -90.4504623413 
2.8705027103 -90.1677856445 
2.8804440498 -89.9629211426 
2.8904199600 -89.8826446533 
2.9004304409 -89.8938522339 
2.9104754925 -89.9420242310 
2.9205553532 -90.0285949707 
2.9306702614 -90.1249389648 
2.9408199787 -90.2288436890 
2.9510049820 -90.3647003174 
2.9612252712 -90.5225448608 
2.9714810848 -90.7049255371 
2.9817721844 -90.8764877319 
2.9920992851 -90.9871368408 
3.0024619102 -90.9995651245 
3.0128602982 -90.7794265747 
3.0232946873 -90.4502792358 
3.0337653160 -89.9792938232 
3.0442721844 -89.5023651123 
3.0548155308 -89.0730667114 
3.0653953552 -88.7642440796 
3.0760118961 -88.6645736694 
3.0866649151 -88.7066421509 
3.0973551273 -88.9548797607 
3.1080822945 -89.4002227783 
3.1188464165 -89.9220581055 
3.1296479702 -90.5035629272 
3.1404869556 -90.9267044067 
3.1513633728 -91.1758880615 
3.1622776985 -91.1946792603 
3.1732296944 -90.9890975952 
3.1842195988 -90.7938919067 
3.1952474117 -90.6370925903 
3.2063136101 -90.7153701782 
3.2174181938 -90.9633102417 
3.2285611629 -91.3555526733 
3.2397425175 -91.9033279419 
3.2509627342 -92.4389343262 
3.2622220516 -92.8723297119 
3.2735199928 -93.1151123047 
3.2848572731 -92.8837585449 
3.2962338924 -92.3609237671 
3.3076496124 -91.5865325928 
3.3191051483 -90.6544952393 
3.3306002617 -89.8234252930 
3.3421351910 -89.1422500610 
3.3537099361 -88.6590957642 
3.3653249741 -88.5482711792 
3.3769800663 -88.6548385620 
3.3886756897 -88.9491424561 
3.4004118443 -89.4081268311 
3.4121885300 -89.8857192993 
3.4240059853 -90.2589874268 
3.4358644485 -90.4945068359 
3.4477639198 -90.5345382690 
3.4597046375 -90.4384307861 
3.4716866016 -90.3071517944 
3.4837102890 -90.1685485840 
3.4957754612 -90.0522918701 
3.5078823566 -89.9719467163 
3.5200312138 -89.9181823730 
3.5322222710 -89.8943786621 
3.5444555283 -89.9052352905 
3.5567314625 -89.9750900269 
3.5690495968 -90.0749130249 
3.5814104080 -90.1889190674 
3.5938138962 -90.3042678833 
3.6062602997 -90.4135208130 
3.6187500954 -90.5627136230 
3.6312828064 -90.7902221680 
3.6438591480 -91.1054077148 
3.6564791203 -91.4948883057 
3.6691424847 -91.8126296997 
3.6818499565 -91.8242568970 
3.6946012974 -91.5201568604 
3.7073969841 -90.9780044556 
3.7202367783 -90.3484802246 
3.7331211567 -89.8593444824 
3.7460501194 -89.5906753540 
3.7590239048 -89.4977569580 
3.7720425129 -89.5226135254 
3.7851064205 -89.5911331177 
3.7982153893 -89.6201629639 
3.8113698959 -89.5408172607 
3.8245697021 -89.3465270996 
3.8378155231 -89.0202865601 
3.8511071205 -88.5722579956 
3.8644447327 -88.0496902466 
3.8778283596 -87.5572052002 
3.8912587166 -87.2597961426 
3.9047353268 -87.1873474121 
3.9182586670 -87.3179168701 
3.9318287373 -87.5829620361 
3.9454460144 -87.8887863159 
3.9591102600 -88.1484222412 
3.9728219509 -88.3368988037 
3.9865810871 -88.5600357056 
4.0003876686 -88.9241256714 
4.0142426491 -89.4683990479 
4.0281448364 -90.1543884277 
4.0420956612 -90.8633499146 
4.0560946465 -91.4310150146 
4.0701422691 -91.7266540527 
4.0842385292 -91.7652053833 
4.0983834267 -91.7365951538 
4.1125774384 -91.7929534912 
4.1268205643 -91.9947738647 
4.1411132813 -92.3509140015 
4.1554551125 -92.8218460083 
4.1698470116 -93.2966308594 
4.1842885017 -93.5661621094 
4.1987800598 -93.3693466187 
4.2133216858 -92.5914306641 
4.2279138565 -91.4757614136 
4.2425560951 -90.4436492920 
4.2572493553 -89.7416152954 
4.2719936371 -89.4619064331 
4.2867889404 -89.6188659668 
4.3016357422 -90.1526184082 
4.3165335655 -90.9018096924 
4.3314828873 -91.5912475586 
4.3464841843 -91.9407196045 
4.3615374565 -91.8725128174 
4.3766427040 -91.5811080933 
4.3918004036 -91.3619766235 
4.4070110321 -91.4202423096 
4.4222736359 -91.8310623169 
4.4375896454 -92.5590972900 
4.4529581070 -93.4586410522 
4.4683809280 -94.2779693604 
4.4838562012 -94.7600326538 
4.4993853569 -94.8503417969 
4.5149679184 -94.7392272949 
4.5306048393 -94.6384735107 
4.5462956429 -94.5944290161 
4.5620408058 -94.4654541016 
4.5778408051 -94.0556488037 
4.5936951637 -93.3438949585 
4.6096048355 -92.5252532959 
4.6255693436 -91.7845840454 
4.6415891647 -91.2318801880 
4.6576642990 -90.8862304688 
4.6737952232 -90.7203979492 
4.6899819374 -90.6756591797 
4.7062249184 -90.6783447266 
4.7225241661 -90.6846694946 
4.7388796806 -90.7260208130 
4.7552919388 -90.8940200806 
4.7717609406 -91.2643814087 
4.7882871628 -91.7819671631 
4.8048706055 -92.0244369507 
4.8215112686 -91.0666809082 
4.8382096291 -88.6596984863 
4.8549661636 -85.8243865967 
4.8717803955 -82.3979721069 
4.8886528015 -80.5641708374 
4.9055838585 -80.2687988281 
4.9225735664 -80.6871032715 
4.9396219254 -81.7551040649 
4.9567294121 -83.3285827637 
4.9738960266 -85.1198272705 
4.9911222458 -86.7182998657 
5.0084080696 -87.8357009888 
5.0257534981 -88.4882354736 
5.0431594849 -88.7967300415 
5.0606255531 -88.8536834717 
5.0781521797 -88.8630599976 
5.0957393646 -89.3017272949 
5.1133875847 -90.0292282104 
5.1310968399 -90.9538345337 
5.1488671303 -91.7888183594 
5.1666994095 -92.3022232056 
5.1845936775 -92.5376434326 
5.2025494576 -92.6894683838 
5.2205672264 -92.9312286377 
5.2386479378 -93.0977096558 
5.2567911148 -93.1470260620 
5.2749967575 -93.1839141846 
5.2932658195 -93.1549072266 
5.3115983009 -92.9376525879 
5.3299937248 -92.4859542847 
5.3484535217 -91.6970367432 
5.3669767380 -91.2814483643 
5.3855643272 -91.3965301514 
5.4042162895 -91.7923812866 
5.4229326248 -92.3541336060 
5.4417138100 -92.8230514526 
5.4605603218 -92.4418716431 
5.4794721603 -91.0857009888 
5.4984493256 -90.1853637695 
5.5174922943 -89.6382904053 
5.5366010666 -89.4510345459 
5.5557761192 -89.5081634521 
5.5750174522 -89.4808654785 
5.5943255424 -89.3687744141 
5.6137003899 -89.3185653687 
5.6331429482 -89.4563751221 
5.6526522636 -89.6461486816 
5.6722292900 -89.7057723999 
5.6918740273 -89.7273864746 
5.7115869522 -89.7299652100 
5.7313680649 -89.6403884888 
5.7512173653 -89.4532470703 
5.7711358070 -89.3631439209 
5.7911229134 -89.4034729004 
5.8111796379 -89.8415222168 
5.8313055038 -90.7005691528 
5.8515009880 -91.5109863281 
5.8717665672 -92.8546981812 
5.8921022415 -93.8379058838 
5.9125084877 -93.5846710205 
5.9329853058 -92.5521392822 
5.9535331726 -90.5017623901 
5.9741520882 -88.9578323364 
5.9948425293 -88.4055480957 
6.0156044960 -88.3329544067 
6.0364384651 -88.7964630127 
6.0573449135 -89.2711105347 
6.0783233643 -90.0381927490 
6.0993742943 -90.8574066162 
6.1204986572 -91.3432617188 
6.1416954994 -91.6028594971 
6.1629662514 -91.1832046509 
6.1843104362 -90.6235504150 
6.2057290077 -89.9285125732 
6.2272214890 -89.5846633911 
6.2487878799 -89.5441894531 
6.2704296112 -89.7660446167 
6.2921462059 -90.4769287109 
6.3139376640 -91.3522338867 
6.3358049393 -92.7010116577 
6.3577480316 -92.9783554077 
6.3797669411 -92.1624984741 
6.4018621445 -91.5653991699 
6.4240336418 -91.4644851685 
6.4462819099 -91.7209091187 
6.4686074257 -92.1485214233 
6.4910101891 -92.3078765869 
6.5134906769 -92.0107040405 
6.5360488892 -91.6043624878 
6.5586853027 -91.1950836182 
6.5814003944 -91.2380294800 
6.6041936874 -91.6854019165 
6.6270661354 -92.0918273926 
6.6500177383 -92.1966934204 
6.6730489731 -92.1702270508 
6.6961598396 -91.9363937378 
6.7193508148 -91.2709808350 
6.7426218987 -90.6792221069 
6.7659740448 -90.2499465942 
6.7894062996 -90.5325012207 
6.8129205704 -91.4712982178 
6.8365159035 -92.4666595459 
6.8601927757 -92.9743270874 
6.8839516640 -93.2627258301 
6.9077930450 -93.5737838745 
6.9317169189 -93.5079345703 
6.9557237625 -92.3030166626 
6.9798135757 -90.9903488159 
7.0039868355 -90.5644531250 
7.0282440186 -91.1170349121 
7.0525846481 -92.3881530762 
7.0770101547 -93.1297302246 
7.1015210152 -92.5436477661 
7.1261157990 -92.2679138184 
7.1507959366 -92.6983184814 
7.1755614281 -93.3075714111 
7.2004127502 -93.2386474609 
7.2253499031 -92.6372222900 
7.2503733635 -92.0707397461 
7.2754840851 -89.3194351196 
7.3006811142 -83.0943679810 
7.3259658813 -79.6200408936 
7.3513379097 -77.8703384399 
7.3767981529 -77.7519378662 
7.4023461342 -79.5208358765 
7.4279828072 -84.1922073364 
7.4537081718 -88.5292053223 
7.4795227051 -90.3928680420 
7.5054268837 -91.8340911865 
7.5314202309 -93.1234207153 
7.5575041771 -93.3714218140 
7.5836782455 -92.6541061401 
7.6099429131 -91.8533401489 
7.6362986565 -91.3378219604 
7.6627454758 -91.2716674805 
7.6892838478 -91.4322967529 
7.7159142494 -91.9512710571 
7.7426371574 -92.5492553711 
7.7694520950 -93.1091308594 
7.7963600159 -93.8080749512 
7.8233613968 -94.5948562622 
7.8504562378 -94.4324798584 
7.8776450157 -93.0127410889 
7.9049277306 -91.0260009766 
7.9323048592 -89.7400741577 
7.9597768784 -88.3578338623 
7.9873442650 -87.0281982422 
8.0150070190 -87.0984878540 
8.0427656174 -88.0954895020 
8.0706205368 -89.6336441040 
8.0985708237 -91.8855056763 
8.1266193390 -93.1552581787 
8.1547641754 -93.1601943970 
8.1830062866 -92.9526596069 
8.2113466263 -92.9878692627 
8.2397851944 -93.6240844727 
8.2683229446 -94.7478485107 
8.2969579697 -95.4665908813 
8.3256931305 -95.6305389404 
8.3545274734 -94.9224929810 
8.3834619522 -93.1957550049 
8.4124965668 -91.5279159546 
8.4416322708 -90.6715240479 
8.4708681107 -90.3071441650 
8.5002050400 -89.9493865967 
8.5296440125 -89.9685668945 
8.5591850281 -91.1165695190 
8.5888280869 -92.5009841919 
8.6185741425 -92.5988464355 
8.6484231949 -92.5631484985 
8.6783752441 -92.7052536011 
8.7084312439 -92.4810638428 
8.7385911942 -92.2571258545 
8.7688560486 -92.9462814331 
8.7992248535 -93.7393417358 
8.8296995163 -93.2998199463 
8.8602790833 -92.6395416260 
8.8909654617 -93.0001144409 
8.9217586517 -94.2577438354 
8.9526576996 -94.5971527100 
8.9836635590 -93.3161697388 
9.0147771835 -92.0793762207 
9.0459976196 -91.5320205688 
9.0773267746 -91.3313980103 
9.1087646484 -91.6275405884 
9.1403112411 -93.1913986206 
9.1719665527 -95.5337295532 
9.2037324905 -95.8738250732 
9.2356081009 -94.8449096680 
9.2675933838 -94.3957595825 
9.2996902466 -94.4062957764 
9.3318977356 -94.3649749756 
9.3642177582 -93.6851654053 
9.3966484070 -92.4078598022 
9.4291925430 -91.6337814331 
9.4618482590 -91.6094818115 
9.4946174622 -91.7921447754 
9.5275011063 -92.2788391113 
9.5604972839 -93.1976547241 
9.5936088562 -93.3206100464 
9.6268339157 -92.6021728516 
9.6601753235 -92.3268432617 
9.6936311722 -91.5272293091 
9.7272033691 -86.4838790894 
9.7608919144 -79.7953872681 
9.7946968079 -76.5552673340 
9.8286190033 -76.2939071655 
9.8626585007 -79.0981063843 
9.8968162537 -85.1391677856 
9.9310922623 -92.9908752441 
9.9654865265 -93.0939941406 
10.0000000000 -85.5195693970 
10.0346345901 -87.1452484131 
10.0693864822 -88.7642822266 
10.1042613983 -90.3805465698 
10.1392536163 -91.4964065552 
10.1743707657 -92.5045471191 
10.2096061707 -92.9639892578 
10.2449674606 -93.3620147705 
10.2804470062 -93.5759429932 
10.3160533905 -93.7512893677 
10.3517789841 -93.8811950684 
10.3876323700 -94.0195465088 
10.4236068726 -94.1618576050 
10.4597082138 -94.3765792847 
10.4959316254 -94.6071395874 
10.5322837830 -94.8863906860 
10.5687589645 -95.1472320557 
10.6053638458 -95.3809738159 
10.6420917511 -95.5134582520 
10.6789503098 -95.5954589844 
10.7159337997 -95.4972763062 
10.7530479431 -95.3539428711 
10.7902870178 -95.0936737061 
10.8276586533 -94.8086242676 
10.8651571274 -94.5004882813 
10.9027881622 -94.2531204224 
10.9405460358 -94.0408706665 
10.9784383774 -93.9693298340 
11.0164585114 -93.9806594849 
11.0546140671 -94.0902099609 
11.0928983688 -94.2868347168 
11.1313180923 -94.5014495850 
11.1698675156 -94.6827163696 
11.2085533142 -94.7819366455 
11.2473707199 -94.7940063477 
11.2863254547 -94.6847686768 
11.3254127502 -94.5594100952 
11.3646373749 -94.4555358887 
11.4039955139 -94.4654693604 
11.4434919357 -94.5524749756 
11.4831228256 -94.8696441650 
11.5228948593 -95.2255020142 
11.5628004074 -95.6380386353 
11.6028470993 -95.8685913086 
11.6430301666 -95.9578018188 
11.6833553314 -95.6854553223 
11.7238168716 -95.2246170044 
11.7644214630 -94.6495437622 
11.8051643372 -94.0371093750 
11.8460512161 -93.4279098511 
11.8870754242 -92.8220291138 
11.9282464981 -91.9258422852 
11.9695558548 -90.7311019897 
12.0110120773 -89.1237335205 
12.0526084900 -87.2011795044 
12.0943517685 -85.3323364258 
12.1362361908 -83.6520309448 
12.1782703400 -82.4803237915 
12.2204456329 -81.6420288086 
12.2627706528 -81.2926788330 
12.3052387238 -81.5540847778 
12.3478574753 -82.1986770630 
12.3906202316 -83.3622207642 
12.4335346222 -85.1494369507 
12.4765939713 -87.2700958252 
12.5198059082 -89.7723007202 
12.5631647110 -92.2379302979 
12.6066761017 -94.2530288696 
12.6503391266 -95.6456527710 
12.6941490173 -96.0712890625 
12.7381153107 -96.3017196655 
12.7822294235 -96.3814468384 
12.8264999390 -96.4359359741 
12.8709201813 -96.5096893311 
12.9154977798 -96.6002807617 
12.9602270126 -96.7127761841 
13.0051136017 -96.8205413818 
13.0501527786 -96.9108810425 
13.0953512192 -96.9735946655 
13.1407032013 -96.9950103760 
13.1862154007 -97.0135192871 
13.2318820953 -97.0310363770 
13.2777099609 -97.0484313965 
13.3236923218 -96.9919815063 
13.3698387146 -96.8377838135 
13.4161405563 -96.5643005371 
13.4626073837 -96.1568756104 
13.5092306137 -95.7741470337 
13.5560188293 -95.4569473267 
13.6029663086 -95.2652893066 
13.6500797272 -95.2741317749 
13.6973524094 -95.3649826050 
13.7447919846 -95.4733963013 
13.7923927307 -95.4912643433 
13.8401622772 -95.2183532715 
13.8880929947 -94.8204116821 
13.9361934662 -94.4049072266 
13.9844570160 -94.1370239258 
14.0328922272 -94.2890243530 
14.0814905167 -94.7600173950 
14.1302604675 -95.4798049927 
14.1791963577 -96.3544464111 
14.2283058167 -97.0309219360 
14.2775802612 -97.0893630981 
14.3270301819 -95.9400634766 
14.3766469955 -93.2698287964 
14.4264402390 -89.0922470093 
14.4764013290 -85.1456604004 
14.5265398026 -81.7977523804 
14.5768480301 -79.1529769897 
14.6273345947 -77.2368774414 
14.6779909134 -76.1989364624 
14.7288274765 -75.9426956177 
14.7798366547 -76.3957443237 
14.8310260773 -77.5741500854 
14.8823881149 -79.4996414185 
14.9339323044 -82.3434066772 
14.9856519699 -86.0331344604 
15.0375537872 -90.0491867065 
15.0896310806 -93.4248046875 
15.1418933868 -95.3499526978 
15.1943330765 -95.6864547729 
15.2469577789 -95.7010803223 
15.2997608185 -95.7587966919 
15.3527507782 -95.8734817505 
15.4059200287 -96.0576782227 
15.4592771530 -96.3236007690 
15.5128154755 -96.6756286621 
15.5665435791 -97.0858688354 
15.6204538345 -97.4436721802 
15.6745538712 -97.5767440796 
15.7288379669 -97.2955322266 
15.7833137512 -96.5278549194 
15.8379745483 -95.4118728638 
15.8928289413 -94.3171005249 
15.9478731155 -93.6327972412 
16.0031032562 -93.4232254028 
16.0585289001 -93.6597442627 
16.1141433716 -94.2247848511 
16.1699523926 -94.9439926147 
16.2259521484 -95.6476211548 
16.2821502686 -96.2395935059 
16.3385391235 -96.7047729492 
16.3951263428 -96.9088821411 
16.4519062042 -96.7005233765 
16.5088863373 -96.1505584717 
16.5660591125 -95.5210342407 
16.6234340668 -95.0682754517 
16.6810054779 -94.9086685181 
16.7387790680 -94.8429183960 
16.7967472076 -94.0833816528 
16.8549232483 -91.3637619019 
16.9132938385 -87.0195770264 
16.9718723297 -82.9827194214 
17.0306491852 -79.9156494141 
17.0896339417 -77.8655700684 
17.1488189697 -76.8286743164 
17.2082138062 -76.7986679077 
17.2678089142 -77.7849349976 
17.3276138306 -79.8138122559 
17.3876228333 -82.9095916748 
17.4478435516 -86.9915237427 
17.5082683563 -91.4776458740 
17.5689086914 -95.0211486816 
17.6297531128 -96.6814498901 
17.6908130646 -97.2380599976 
17.7520790100 -97.3540115356 
17.8135623932 -96.8212890625 
17.8752536774 -95.7347869873 
17.9371643066 -94.6996994019 
17.9992828369 -94.1747817993 
18.0616226196 -94.2793426514 
18.1241741180 -94.8904876709 
18.1869468689 -95.7153625488 
18.2499313354 -96.4258041382 
18.3131389618 -96.8678665161 
18.3765602112 -97.0764007568 
18.4402065277 -97.1175079346 
18.5040683746 -97.0356750488 
18.5681571960 -96.8959655762 
18.6324615479 -96.7749328613 
18.6969947815 -96.7421951294 
18.7617454529 -96.8544311523 
18.8267250061 -97.1365509033 
18.8919258118 -97.5500335693 
18.9573574066 -97.9643707275 
19.0230102539 -98.1843643188 
19.0888957977 -98.1173934937 
19.1550025940 -97.9236450195 
19.2213459015 -97.5453186035 
19.2879123688 -94.9835662842 
19.3547153473 -89.4482498169 
19.4217453003 -81.5021514893 
19.4890098572 -77.0843963623 
19.5565052032 -75.5037689209 
19.6242370605 -75.1162109375 
19.6921997070 -75.9062423706 
19.7604026794 -77.8877105713 
19.8288364410 -81.0762863159 
19.8975124359 -85.3514633179 
19.9664268494 -89.9171295166 
20.0355739594 -92.9973297119 
20.1049671173 -94.5458831787 
20.1745929718 -95.7691802979 
20.2444667816 -96.7151947021 
20.3145771027 -97.3170318604 
20.3849372864 -97.7321777344 
20.4555339813 -98.1217193604 
20.5263805389 -98.5427169800 
20.5974674225 -98.8907394409 
20.6688041687 -99.0509948730 
20.7403850555 -98.9622116089 
20.8122177124 -98.6942062378 
20.8842945099 -98.3499145508 
20.9566268921 -98.3256683350 
21.0292034149 -98.4403762817 
21.1020374298 -98.4620590210 
21.1751174927 -98.2967681885 
21.2484550476 -97.9583129883 
21.3220424652 -97.4991760254 
21.3958911896 -96.7699966431 
21.4699878693 -96.3147964478 
21.5443496704 -96.3411407471 
21.6189613342 -96.6011199951 
21.6938362122 -96.4229660034 
21.7689666748 -93.5637207031 
21.8443622589 -85.4982223511 
21.9200134277 -80.2381744385 
21.9959316254 -77.9583206177 
22.0721073151 -76.8747329712 
22.1485538483 -76.9605178833 
22.2252578735 -79.2718734741 
22.3022346497 -84.3310470581 
22.3794708252 -89.0346374512 
22.4569816589 -93.7051315308 
22.5347537994 -96.1068649292 
22.6128025055 -95.7083358765 
22.6911144257 -95.3275527954 
22.7697048187 -95.2732467651 
22.8485603333 -95.5841064453 
22.9276943207 -96.3498382568 
23.0070972443 -96.7253265381 
23.0867805481 -96.4754638672 
23.1667346954 -95.7479782104 
23.2469711304 -95.1840820313 
23.3274803162 -95.1022872925 
23.4082736969 -95.1779403687 
23.4893398285 -95.1236724854 
23.5706958771 -94.7675628662 
23.6523246765 -94.4902954102 
23.7342433929 -94.1899795532 
23.8164386749 -92.7408905029 
23.8989257813 -89.7121353149 
23.9816932678 -87.2337722778 
24.0647525787 -84.2441940308 
24.1480922699 -82.0112533569 
24.2317276001 -80.0327835083 
24.3156471252 -75.4448089600 
24.3998641968 -71.7025451660 
24.4843635559 -70.1413269043 
24.5691642761 -69.9243087769 
24.6542530060 -71.9856719971 
24.7396411896 -74.9475326538 
24.8253192902 -81.1252441406 
24.9113006592 -90.5391006470 
24.9975719452 -93.8172454834 
25.0841503143 -94.9723052979 
25.1710281372 -95.8742294312 
25.2581996918 -96.2445678711 
25.3456802368 -96.0935745239 
25.4334583282 -95.6493606567 
25.5215454102 -95.8696670532 
25.6099300385 -96.8853530884 
25.6986293793 -97.6633300781 
25.7876281738 -97.1857604980 
25.8769435883 -95.2410736084 
25.9665584564 -93.9089431763 
26.0564937592 -94.0742034912 
26.1467323303 -95.0701751709 
26.2372894287 -96.6978378296 
26.3281536102 -97.5026092529 
26.4193401337 -97.8151855469 
26.5108356476 -98.1936111450 
26.6026535034 -96.3197555542 
26.6947841644 -90.4908981323 
26.7872409821 -83.4025344849 
26.8800086975 -79.3479385376 
26.9731063843 -77.9863128662 
27.0665187836 -78.2711868286 
27.1602630615 -80.9987030029 
27.2543239594 -86.2412033081 
27.3487186432 -95.1122665405 
27.4434318542 -100.4060211182 
27.5384807587 -100.7568817139 
27.6338520050 -99.7171249390 
27.7295608521 -98.4840698242 
27.8255920410 -97.0999603271 
27.9219646454 -95.9123153687 
28.0186634064 -95.6017227173 
28.1157054901 -96.2769927979 
28.2130756378 -97.6921310425 
28.3107891083 -99.4981994629 
28.4088344574 -100.4346923828 
28.5072269440 -100.7491149902 
28.6059532166 -100.5512313843 
28.7050285339 -100.3229446411 
28.8044395447 -100.3768615723 
28.9042015076 -100.3840179443 
29.0043029785 -99.6407623291 
29.1047573090 -89.3558807373 
29.2055530548 -77.5510482788 
29.3067054749 -72.3576965332 
29.4081993103 -69.7618103027 
29.5100536346 -69.6141662598 
29.6122512817 -72.2375793457 
29.7148113251 -79.7999877930 
29.8177204132 -90.2653732300 
29.9209918976 -96.2822418213 
30.0246143341 -79.6384963989 
30.1286029816 -81.8580856323 
30.2329425812 -84.5418395996 
30.3376541138 -87.5845642090 
30.4427185059 -90.7874755859 
30.5481548309 -93.3959045410 
30.6539497375 -94.1094207764 
30.7601184845 -90.9863510132 
30.8666458130 -86.9211654663 
30.9735507965 -83.0369491577 
31.0808181763 -79.5847396851 
31.1884651184 -76.6090850830 
31.2964763641 -74.0958099365 
31.4048690796 -72.0342712402 
31.5136299133 -70.4582061768 
31.6227760315 -69.2780838013 
31.7322998047 -68.4868392944 
31.8421955109 -68.0808334351 
31.9524784088 -68.0600280762 
32.0631370544 -68.4281387329 
32.1741867065 -69.1928558350 
32.2856101990 -70.4202194214 
32.3974304199 -72.0939025879 
32.5096282959 -74.2235336304 
32.6222229004 -76.8407897949 
32.7351989746 -79.9795837402 
32.8485755920 -83.6512451172 
32.9623374939 -87.6097488403 
33.0764999390 -90.6581192017 
33.1910514832 -89.5308151245 
33.3060073853 -85.0658111572 
33.4213523865 -80.7797546387 
33.5371055603 -77.0455398560 
33.6532516479 -73.8876342773 
33.7698059082 -71.2742538452 
33.8867568970 -69.1740264893 
34.0041236877 -67.5619201660 
34.1218833923 -66.4207382202 
34.2400627136 -65.7396697998 
34.3586425781 -65.5144119263 
34.4776420593 -65.7464523315 
34.5970458984 -66.4431838989 
34.7168693542 -67.6184234619 
34.8371009827 -69.3107299805 
34.9577598572 -71.5480194092 
35.0788230896 -74.3568496704 
35.2003173828 -77.7891998291 
35.3222236633 -81.8883743286 
35.4445610046 -86.4151611328 
35.5673103333 -88.6996307373 
35.6904945374 -86.1727142334 
35.8140983582 -81.5772476196 
35.9381370544 -77.2301483154 
36.0625991821 -73.5592422485 
36.1875000000 -70.5418853760 
36.3128242493 -68.1329574585 
36.4385910034 -66.2965393066 
36.5647850037 -65.0081176758 
36.6914253235 -64.2522888184 
36.8184928894 -64.0252075195 
36.9460144043 -64.5572280884 
37.0739631653 -65.6233062744 
37.2023696899 -67.2395782471 
37.3312072754 -69.4317321777 
37.4605026245 -72.2363510132 
37.5902328491 -75.7012481689 
37.7204246521 -79.8759307861 
37.8510589600 -84.6965255737 
37.9821548462 -88.6672134399 
38.1136932373 -86.8220596313 
38.2456970215 -82.0452880859 
38.3781509399 -77.6527938843 
38.5110702515 -73.9727249146 
38.6444396973 -70.9726562500 
38.7782859802 -68.6021347046 
38.9125823975 -66.8202514648 
39.0473518372 -65.5972900391 
39.1825790405 -64.9135742188 
39.3182868958 -64.7582321167 
39.4544525146 -65.1285018921 
39.5911026001 -66.0295562744 
39.7282142639 -67.4748382568 
39.8658103943 -70.5995941162 
40.0038833618 -75.3570327759 
40.1424255371 -79.3161087036 
40.2814559937 -84.0128097534 
40.4209594727 -89.1186141968 
40.5609550476 -91.4303436279 
40.7014236450 -87.9987792969 
40.8423919678 -83.5694580078 
40.9838371277 -79.7093963623 
41.1257820129 -76.5191574097 
41.2682075500 -72.8776702881 
41.4111366272 -70.6175765991 
41.5545539856 -69.7703323364 
41.6984748840 -69.4536209106 
41.8428840637 -69.6623077393 
41.9878044128 -70.3991012573 
42.1332168579 -71.6747207642 
42.2791442871 -74.5523986816 
42.4255638123 -78.9757919312 
42.5725021362 -82.6903610229 
42.7199363708 -87.0782165527 
42.8678970337 -91.7828216553 
43.0163574219 -94.1528549194 
43.1653404236 -88.4278488159 
43.3148307800 -82.7350158691 
43.4648475647 -79.3609237671 
43.6153755188 -76.6251525879 
43.7664337158 -74.4935913086 
43.9180068970 -72.9344558716 
44.0701141357 -71.6786499023 
44.2227363586 -71.4949569702 
44.3759002686 -72.0695800781 
44.5295829773 -73.1784896851 
44.6838073730 -75.8129806519 
44.8385581970 -79.9146270752 
44.9938507080 -83.3986892700 
45.1496734619 -87.5273437500 
45.3060493469 -92.0718841553 
45.4629516602 -94.3487243652 
45.6204109192 -89.2223663330 
45.7784004211 -85.0332489014 
45.9369544983 -81.4616165161 
46.0960426331 -77.2277832031 
46.2556915283 -74.4934921265 
46.4158859253 -73.3175354004 
46.5766448975 -72.6782684326 
46.7379455566 -72.7673797607 
46.8998222351 -73.9215927124 
47.0622444153 -75.4079513550 
47.2252426147 -78.5796203613 
47.3887901306 -83.3405761719 
47.5529212952 -87.1421585083 
47.7176055908 -91.0720520020 
47.8828735352 -92.5836334229 
48.0486984253 -89.0203781128 
48.2151145935 -86.0056686401 
48.3820915222 -82.0324325562 
48.5496597290 -79.2083282471 
48.7177963257 -77.8193435669 
48.8865280151 -76.6223526001 
49.0558319092 -76.3316116333 
49.2257347107 -76.7191619873 
49.3962097168 -78.0597915649 
49.5672912598 -80.0534896851 
49.7389526367 -81.4368972778 
49.9112205505 -83.0140686035 
50.0840721130 -84.2492904663 
50.2575378418 -85.1444091797 
50.4316024780 -86.7005538940 
50.6062545776 -87.0585403442 
50.7815284729 -83.6104888916 
50.9573936462 -79.9692764282 
51.1338806152 -77.9389495850 
51.3109664917 -75.9381866455 
51.4886817932 -75.0539855957 
51.6669960022 -75.4436264038 
51.8459396362 -76.9136962891 
52.0254936218 -78.6145095825 
52.2056808472 -82.0956192017 
52.3864784241 -87.2797546387 
52.5679168701 -93.0134811401 
52.7499694824 -98.7381896973 
52.9326667786 -98.6335754395 
53.1159820557 -94.1716156006 
53.2999458313 -89.6763839722 
53.4845352173 -85.7132263184 
53.6697731018 -83.0975646973 
53.8556442261 -81.6749114990 
54.0421676636 -81.3201141357 
54.2293281555 -82.2296905518 
54.4171485901 -84.2493820190 
54.6056022644 -87.3957138062 
54.7947273254 -91.9289169312 
54.9844932556 -96.4280776978 
55.1749267578 -98.5393066406 
55.3660087585 -92.3679504395 
55.5577659607 -86.2664871216 
55.7501716614 -80.7333297729 
55.9432601929 -77.0194473267 
56.1370010376 -74.4681854248 
56.3314323425 -73.1131591797 
56.5265159607 -73.0325393677 
56.7222938538 -74.0106582642 
56.9187316895 -76.2360534668 
57.1158676147 -79.8242950439 
57.3136711121 -84.4608535767 
57.5121726990 -92.6213912964 
57.7113494873 -94.0114669800 
57.9112281799 -86.3323135376 
58.1117858887 -80.5960998535 
58.3130531311 -75.7824630737 
58.5150032043 -72.6212005615 
58.7176666260 -70.6690979004 
58.9210166931 -69.9121246338 
59.1250877380 -70.6456222534 
59.3298454285 -72.6382064819 
59.5353317261 -77.1834640503 
59.7415161133 -82.5584335327 
59.9484252930 -88.6825027466 
60.1560401917 -94.2868118286 
60.3643875122 -87.9860992432 
60.5734405518 -79.9695205688 
60.7832336426 -75.7377166748 
60.9937362671 -72.6288986206 
61.2049865723 -70.5204925537 
61.4169502258 -70.2324981689 
61.6296615601 -71.2240295410 
61.8430976868 -74.3075561523 
62.0572891235 -78.2932434082 
62.2722053528 -83.3160934448 
62.4878807068 -92.3988418579 
62.7042884827 -96.8610076904 
62.9214630127 -92.0049438477 
63.1393852234 -85.4643859863 
63.3580513000 -80.9277648926 
63.5774879456 -78.8905410767 
63.7976684570 -78.0963516235 
64.0186309814 -78.7653808594 
64.2403335571 -81.5052719116 
64.4628295898 -85.1374511719 
64.6860733032 -89.6958465576 
64.9101104736 -96.7645950317 
65.1349105835 -95.8415985107 
65.3604965210 -90.4693222046 
65.5868530273 -84.8978500366 
65.8140106201 -79.9493484497 
66.0419387817 -77.2037429810 
66.2706680298 -76.5366821289 
66.5001754761 -77.3361587524 
66.7304992676 -79.3867568970 
66.9616012573 -83.9909210205 
67.1935195923 -90.8705825806 
67.4262161255 -97.2172470093 
67.6597442627 -91.3359832764 
67.8940658569 -85.6796264648 
68.1292114258 -80.6989059448 
68.3651580811 -76.5150222778 
68.6019363403 -74.4997482300 
68.8395156860 -74.5432052612 
69.0779418945 -76.6449813843 
69.3171691895 -80.9111251831 
69.5572433472 -85.9478988647 
69.7981338501 -91.6315765381 
70.0398788452 -97.4907760620 
70.2824401855 -90.5598678589 
70.5258560181 -83.6292037964 
70.7701034546 -79.0937271118 
71.0152130127 -76.7590789795 
71.2611465454 -76.4918441772 
71.5079574585 -78.2691879272 
71.7555999756 -82.1447143555 
72.0041275024 -87.9588699341 
72.2534866333 -92.2847061157 
72.5037384033 -89.0699234009 
72.7548294067 -83.7752685547 
73.0068130493 -79.1186676025 
73.2596511841 -75.9533538818 
73.5133819580 -74.5896606445 
73.7679672241 -75.1378784180 
74.0234603882 -77.6936950684 
74.2798156738 -82.4063110352 
74.5370788574 -89.3573074341 
74.7952194214 -96.0002441406 
75.0542678833 -91.5406951904 
75.3141937256 -84.2476577759 
75.5750427246 -79.0540618896 
75.8367691040 -76.0811080933 
76.0994262695 -75.1973495483 
76.3629760742 -76.3570098877 
76.6274566650 -79.6204605103 
76.8928298950 -85.1484451294 
77.1591415405 -92.9345550537 
77.4263610840 -98.5400466919 
77.6945190430 -91.0523376465 
77.9635925293 -84.4487762451 
78.2336120605 -81.1776657104 
78.5045547485 -79.9871444702 
78.7764511108 -80.8281707764 
79.0492630005 -83.7357330322 
79.3230514526 -88.7909088135 
79.5977783203 -96.5538177490 
79.8734436035 -97.0052719116 
80.1500778198 -89.9165115356 
80.4276504517 -84.1127014160 
80.7062149048 -80.4950866699 
80.9857101440 -78.9874572754 
81.2662048340 -80.0320739746 
81.5476379395 -84.2282867432 
81.8300781250 -90.0978546143 
82.1134719849 -97.2224426270 
82.3978652954 -93.5887985229 
82.6832275391 -84.8913726807 
82.9695968628 -79.7742691040 
83.2569351196 -76.8935241699 
83.5452880859 -76.3219680786 
83.8346252441 -78.7603302002 
84.1249771118 -83.2350311279 
84.4163208008 -91.3677825928 
84.7086944580 -98.6136627197 
85.0020523071 -92.2510757446 
85.2964553833 -85.8187332153 
85.5918502808 -80.8452758789 
85.8882904053 -79.1235885620 
86.1857376099 -80.0598831177 
86.4842376709 -84.0259170532 
86.7837524414 -91.6747970581 
87.0843200684 -99.4979934692 
87.3859100342 -98.5133132935 
87.6885681152 -92.9989547729 
87.9922485352 -87.8810882568 
88.2970046997 -85.8502273560 
88.6027908325 -86.9875564575 
88.9096679688 -91.1263580322 
89.2175750732 -96.3768157959 
89.5265808105 -101.4843978882 
89.8366241455 -101.1051788330 
90.1477661133 -95.6569213867 
90.4599685669 -91.2683181763 
90.7732696533 -89.5944976807 
91.0876312256 -90.7149810791 
91.4031143188 -94.6060791016 
91.7196578979 -100.0192565918 
92.0373229980 -100.8490371704 
92.3560638428 -93.7348861694 
92.6759338379 -86.0015335083 
92.9968872070 -81.9393081665 
93.3189773560 -81.0908203125 
93.6421585083 -83.2169723511 
93.9664840698 -88.4292831421 
94.2919082642 -96.7638168335 
94.6184844971 -97.4253921509 
94.9461669922 -88.9521484375 
95.2750091553 -82.1058731079 
95.6049652100 -78.7136611938 
95.9360885620 -79.1857604980 
96.2683258057 -82.8808822632 
96.6017532349 -91.3885574341 
96.9363021851 -99.2766876221 
97.2720336914 -95.1777572632 
97.6089019775 -88.7966613770 
97.9469680786 -84.6829376221 
98.2861785889 -83.8470153809 
98.6265869141 -86.4440155029 
98.9681472778 -91.4215087891 
99.3109207153 -91.9158630371 
99.6548461914 -86.9935607910 
100.0000000000 -85.0215148926 
100.3463439941 -84.7909393311 
100.6938934326 -84.5991210938 
101.0425872803 -84.3904266357 
101.3925399780 -84.1320037842 
101.7437057495 -83.8222885132 
102.0960922241 -83.4628829956 
102.4496383667 -83.1589813232 
102.8044738770 -82.9261627197 
103.1605300903 -82.8622131348 
103.5178222656 -82.9596786499 
103.8762969971 -83.1547927856 
104.2360610962 -83.4388275146 
104.5970840454 -83.7415313721 
104.9593505859 -84.0412750244 
105.3228149414 -84.3431701660 
105.6875915527 -84.7058563232 
106.0536346436 -85.1786346436 
106.4209518433 -85.7466278076 
106.7894744873 -86.4199295044 
107.1593322754 -87.1371078491 
107.5304794312 -87.7982101440 
107.9029006958 -88.3760833740 
108.2765579224 -88.8001556396 
108.6515731812 -89.0598754883 
109.0278854370 -89.2123870850 
109.4054946899 -89.2764816284 
109.7843551636 -89.2907028198 
110.1645889282 -89.3827819824 
110.5461349487 -89.6058883667 
110.9290084839 -89.9996185303 
111.3131484985 -90.6612854004 
111.6986770630 -91.5189437866 
112.0855407715 -92.4178619385 
112.4737396240 -93.2273941040 
112.8632278442 -93.6452255249 
113.2541198730 -93.4023208618 
113.6463699341 -92.7749252319 
114.0399856567 -91.9122467041 
114.4348907471 -90.9987640381 
114.8312301636 -90.2214813232 
115.2289428711 -89.5368041992 
115.6280364990 -88.9003143311 
116.0284423828 -88.2732849121 
116.4303054810 -87.6245651245 
116.8335571289 -87.0316009521 
117.2382049561 -86.5779190063 
117.6441879272 -86.3165359497 
118.0516433716 -86.2832946777 
118.4605102539 -86.5112686157 
118.8707885742 -86.9087371826 
119.2824249268 -87.3610534668 
119.6955566406 -87.8256378174 
120.1101150513 -88.2928924561 
120.5261154175 -88.8096542358 
120.9434814453 -89.4953536987 
121.3623657227 -90.3360061646 
121.7826995850 -91.2466735840 
122.2044906616 -92.0643692017 
122.6276702881 -92.5676956177 
123.0523834229 -92.4543457031 
123.4785690308 -91.7878112793 
123.9062347412 -90.9497070313 
124.3353118896 -90.1664657593 
124.7659378052 -89.5931777954 
125.1980590820 -89.3068923950 
125.6316757202 -89.3142395020 
126.0667953491 -89.5743026733 
126.5033569336 -89.9135818481 
126.9414901733 -90.2631530762 
127.3811492920 -90.6240844727 
127.8223266602 -91.0468902588 
128.2649688721 -91.5924835205 
128.7091979980 -92.2769622803 
129.1549835205 -92.9966812134 
129.6023101807 -93.4571838379 
130.0511016846 -93.4144973755 
130.5015258789 -92.8395538330 
130.9535217285 -91.9174194336 
131.4070739746 -90.9245681763 
131.8621215820 -90.1038131714 
132.3188171387 -89.5961685181 
132.7770996094 -89.4425430298 
133.2369689941 -89.6088180542 
133.6983489990 -89.9535217285 
134.1614074707 -90.3371963501 
134.6260681152 -90.7287216187 
135.0923461914 -91.1927337646 
135.5601501465 -91.8184356689 
136.0296630859 -92.6297912598 
136.5007934570 -93.5009002686 
136.9735565186 -94.1173553467 
137.4478759766 -94.0926284790 
137.9239349365 -93.2877502441 
138.4016265869 -92.0253524780 
138.8809661865 -90.7585144043 
139.3618927002 -89.7379150391 
139.8445739746 -89.0032348633 
140.3289184570 -88.4218215942 
140.8149414063 -87.8674621582 
141.3025665283 -87.3291931152 
141.7919616699 -86.9295806885 
142.2830505371 -86.8319396973 
142.7758483887 -87.1489028931 
143.2702636719 -87.8945159912 
143.7664794922 -88.9485473633 
144.2644042969 -90.0300903320 
144.7640533447 -90.7870178223 
145.2653656006 -91.0445556641 
145.7684783936 -90.9261474609 
146.2733459473 -90.6803665161 
146.7799530029 -90.4657974243 
147.2882385254 -90.1893005371 
147.7983703613 -89.8109436035 
148.3102569580 -89.2235565186 
148.8239288330 -88.6369323730 
149.3392791748 -88.3354721069 
149.8565216064 -88.5170822144 
150.3755340576 -89.2686767578 
150.8963623047 -90.5843658447 
151.4188995361 -92.3587722778 
151.9433288574 -94.3599090576 
152.4695739746 -96.2613143921 
152.9976501465 -97.8060989380 
153.5274658203 -98.8734359741 
154.0592041016 -99.2310256958 
154.5927734375 -98.5498046875 
155.1282043457 -97.0178909302 
155.6653900146 -95.2914733887 
156.2045288086 -93.8638076782 
156.7455444336 -92.9352111816 
157.2884216309 -92.5262603760 
157.8330993652 -92.5423889160 
158.3797454834 -92.8022384644 
158.9282836914 -93.2307586670 
159.4787292480 -93.5893478394 
160.0310668945 -93.8409652710 
160.5852508545 -94.0714950562 
161.1414337158 -94.2169494629 
161.6995391846 -94.2953338623 
162.2595672607 -94.3766860962 
162.8214569092 -94.4685668945 
163.3853912354 -94.4999847412 
163.9512634277 -94.4259338379 
164.5191040039 -94.1967239380 
165.0888214111 -93.8780212402 
165.6605987549 -93.5659103394 
166.2343444824 -93.2653579712 
166.8100891113 -93.1243362427 
167.3877410889 -93.2152557373 
167.9674835205 -93.4649429321 
168.5492248535 -93.6990127563 
169.1329956055 -93.8214416504 
169.7186889648 -93.9946289063 
170.3064880371 -94.3957519531 
170.8963470459 -95.0765457153 
171.4882354736 -95.9508361816 
172.0820770264 -96.7757720947 
172.6780853271 -97.0689926147 
173.2761383057 -96.3807220459 
173.8762817383 -95.8129043579 
174.4783935547 -95.4338912964 
175.0826873779 -95.2025451660 
175.6890869141 -94.9204254150 
176.2975769043 -94.8033981323 
176.9080810547 -95.0664138794 
177.5207824707 -95.6905136108 
178.1356201172 -96.5947875977 
178.7525939941 -97.7353439331 
179.3715972900 -97.6903610229 
179.9928436279 -96.7901229858 
180.6162414551 -95.7217788696 
181.2417907715 -94.8228912354 
181.8694152832 -93.9955291748 
182.4993133545 -93.4544830322 
183.1313934326 -93.1080627441 
183.7656555176 -92.8415832520 
184.4020233154 -92.9366760254 
185.0406799316 -93.5971679688 
185.6815643311 -94.2220458984 
186.3246612549 -94.8108901978 
186.9698944092 -95.6395721436 
187.6174468994 -96.5764160156 
188.2672576904 -97.1326293945 
188.9193115234 -97.2896575928 
189.5735168457 -96.5502700806 
190.2301025391 -95.6961746216 
190.8889465332 -94.9083862305 
191.5500793457 -94.2272796631 
192.2134094238 -93.9653549194 
192.8791351318 -93.8398971558 
193.5471496582 -93.6386718750 
194.2174987793 -93.7079010010 
194.8900604248 -94.0418014526 
195.5650482178 -94.7761154175 
196.2423706055 -95.5584106445 
196.9220581055 -96.0288314819 
197.6039733887 -96.3222656250 
198.2883758545 -95.8926696777 
198.9751281738 -95.3392105103 
199.6642761230 -94.9060897827 
200.3558044434 -95.2152252197 
201.0496063232 -95.9359283447 
201.7459411621 -97.3477783203 
202.4446716309 -98.4243621826 
203.1458282471 -98.5202331543 
203.8493041992 -98.4549331665 
204.5553283691 -98.5483551025 
205.2637939453 -98.7648239136 
205.9747161865 -99.0435485840 
206.6879882813 -99.8009490967 
207.4038391113 -101.1731796265 
208.1221771240 -102.2780151367 
208.8430023193 -103.4961624146 
209.5662078857 -104.0048294067 
210.2920227051 -103.9175872803 
211.0203704834 -103.6361846924 
211.7512207031 -103.1255874634 
212.4844970703 -102.5249176025 
213.2204284668 -102.2578430176 
213.9589080811 -102.4167327881 
214.6999511719 -103.1703414917 
215.4434356689 -104.1315765381 
216.1896057129 -104.5263061523 
216.9383697510 -103.5469589233 
217.6897277832 -101.8793334961 
218.4435577393 -100.0992965698 
219.2001342773 -98.7512588501 
219.9593200684 -97.9078216553 
220.7211456299 -97.2782897949 
221.4854736328 -96.2285461426 
222.2525787354 -94.8765563965 
223.0223388672 -93.9836959839 
223.7947692871 -94.0086975098 
224.5697479248 -95.0791854858 
225.3475341797 -96.5808029175 
226.1280212402 -97.9203872681 
226.9112091064 -99.2165298462 
227.6969757080 -100.4049758911 
228.4855957031 -101.3216781616 
229.2769470215 -101.7212677002 
230.0710296631 -101.6284332275 
230.8677520752 -101.0855712891 
231.6673431396 -100.0566406250 
232.4697113037 -98.9545898438 
233.2748718262 -98.1122436523 
234.0826721191 -97.1970138550 
234.8934020996 -96.5072555542 
235.7069549561 -96.0953979492 
236.5233154297 -95.9320678711 
237.3423614502 -95.8137893677 
238.1643981934 -96.1672744751 
238.9892578125 -97.4365386963 
239.8169860840 -99.7319488525 
240.6474609375 -102.2960128784 
241.4809265137 -102.6408996582 
242.3172912598 -100.8029174805 
243.1565399170 -99.6318130493 
243.9985656738 -99.3941192627 
244.8436431885 -100.1334304810 
245.6916503906 -100.6314163208 
246.5425872803 -99.8303146362 
247.3963470459 -98.3208236694 
248.2531890869 -97.8976821899 
249.1130065918 -98.2964935303 
249.9757995605 -99.4059753418 
250.8414306641 -101.0607910156 
251.7102203369 -102.6516799927 
252.5820007324 -103.7581024170 
253.4568023682 -103.8385009766 
254.3346405029 -103.2555160522 
255.2153778076 -102.8186798096 
256.0993041992 -102.8913116455 
256.9862976074 -103.3577728271 
257.8763427734 -103.7133102417 
258.7693481445 -104.1189651489 
259.6655883789 -104.5496749878 
260.5649414063 -104.5446014404 
261.4673767090 -104.2942352295 
262.3728332520 -104.0468444824 
263.2815246582 -104.0648956299 
264.1933898926 -104.2822113037 
265.1084289551 -104.2242660522 
266.0264587402 -103.8135528564 
266.9478454590 -102.9556503296 
267.8724060059 -101.8020477295 
268.8001708984 -101.0144042969 
269.7309875488 -100.7080535889 
270.6651916504 -100.9474487305 
271.6026306152 -101.2048187256 
272.5433044434 -101.4727554321 
273.4870910645 -102.2849349976 
274.4343261719 -103.3340606689 
275.3847961426 -103.5444717407 
276.3385925293 -102.8467559814 
277.2955322266 -102.2732925415 
278.2559204102 -102.1670455933 
279.2196350098 -102.1472167969 
280.1867065430 -102.3803253174 
281.1569824219 -103.3769531250 
282.1307373047 -104.4836425781 
283.1079101563 -104.5307159424 
284.0884399414 -103.8083953857 
285.0722045898 -103.2036743164 
286.0595397949 -102.9242248535 
287.0502929688 -102.8422317505 
288.0444641113 -102.6372299194 
289.0419311523 -102.1208877563 
290.0430297852 -101.8148727417 
291.0475769043 -101.2799453735 
292.0556030273 -100.5507736206 
293.0669555664 -101.0037307739 
294.0820007324 -102.9768676758 
295.1005249023 -105.1146545410 
296.1225891113 -105.4822921753 
297.1480407715 -104.0542297363 
298.1771850586 -101.8246154785 
299.2099304199 -100.4904251099 
300.2462158203 -102.0154495239 
301.2859497070 -101.9343643188 
302.3294372559 -101.8984527588 
303.3765258789 -101.9040298462 
304.4272766113 -101.9990310669 
305.4814758301 -102.1285018921 
306.5394897461 -102.3184967041 
307.6011657715 -102.5202255249 
308.6665344238 -102.7167053223 
309.7354125977 -102.8107223511 
310.8081665039 -102.7992248535 
311.8846435547 -102.6857986450 
312.9648437500 -102.4465637207 
314.0486145020 -102.2176513672 
315.1362915039 -102.0224914551 
316.2277526855 -101.9893722534 
317.3229980469 -102.0536117554 
318.4220275879 -102.2882461548 
319.5247192383 -102.6000671387 
320.6313781738 -102.9208526611 
321.7418518066 -103.1383438110 
322.8562011719 -103.1819000244 
323.9742126465 -103.1139984131 
325.0962829590 -102.9264450073 
326.2222290039 -102.7947158813 
327.3520812988 -102.7205123901 
328.4856872559 -102.8199462891 
329.6233825684 -103.0030975342 
330.7650146484 -103.2275772095 
331.9106140137 -103.3968048096 
333.0599670410 -103.4104080200 
334.2135314941 -103.3093414307 
335.3710632324 -103.0599975586 
336.5325927734 -102.8320236206 
337.6979675293 -102.6621246338 
338.8675842285 -102.6304626465 
340.0412292480 -102.7666931152 
341.2189331055 -102.9694290161 
342.4005432129 -103.2200012207 
343.5864257813 -103.3367156982 
344.7764282227 -103.3159027100 
345.9705505371 -103.1610031128 
347.1686096191 -102.9021530151 
348.3710327148 -102.7212448120 
349.5775756836 -102.6464233398 
350.7883300781 -102.7601318359 
352.0030822754 -103.1129837036 
353.2222290039 -103.5933837891 
354.4455871582 -104.1762390137 
355.6731872559 -104.7722396851 
356.9048461914 -105.2253494263 
358.1409912109 -105.5099945068 
359.3813781738 -105.5738525391 
360.6260986328 -105.3875961304 
361.8749084473 -105.1497039795 
363.1282348633 -104.9083786011 
364.3859252930 -104.7418365479 
365.6479492188 -104.7297592163 
366.9141540527 -104.8111953735 
368.1849365234 -104.9570617676 
369.4601440430 -105.1158065796 
370.7397460938 -105.1850280762 
372.0235900879 -105.1854324341 
373.3120727539 -105.1436843872 
374.6050109863 -105.1085510254 
375.9024353027 -105.1811676025 
377.2041625977 -105.3427429199 
378.5105895996 -105.5638732910 
379.8215332031 -105.8041610718 
381.1370239258 -105.9261856079 
382.4568786621 -105.8733367920 
383.7814941406 -105.6667098999 
385.1107177734 -105.3390731812 
386.4445190430 -104.9597473145 
387.7827453613 -104.6578521729 
389.1258239746 -104.4757843018 
390.4735412598 -104.4236907959 
391.8259277344 -104.4930267334 
393.1827697754 -104.6455307007 
394.5445556641 -104.7729721069 
395.9110412598 -104.8334655762 
397.2822570801 -104.8354110718 
398.6582031250 -104.8095474243 
400.0387268066 -104.8142547607 
401.4242553711 -104.8995361328 
402.8145751953 -105.0292129517 
404.2096862793 -105.1606979370 
405.6094360352 -105.2480850220 
407.0142517090 -105.2490386963 
408.4239196777 -105.1238327026 
409.8384704590 -104.9081039429 
411.2576904297 -104.6727142334 
412.6820678711 -104.4836120605 
414.1113891602 -104.3997497559 
415.5456237793 -104.4602127075 
416.9846191406 -104.6750717163 
418.4288330078 -104.9795303345 
419.8780517578 -105.2815780640 
421.3322753906 -105.5425949097 
422.7913208008 -105.7626800537 
424.2556152344 -105.9710083008 
425.7250061035 -106.2069396973 
427.1994934082 -106.4954986572 
428.6788330078 -106.8249664307 
430.1635437012 -107.1525573730 
431.6534118652 -107.4459609985 
433.1484069824 -107.6845245361 
434.6483764648 -107.8629760742 
436.1537475586 -107.9908218384 
437.6643676758 -108.0866470337 
439.1801757813 -108.1671524048 
440.7010192871 -108.2233581543 
442.2273559570 -108.1935119629 
443.7590026855 -107.9988098145 
445.2959289551 -107.6141738892 
446.8379516602 -107.1158370972 
448.3855590820 -106.6507873535 
449.9385375977 -106.3715133667 
451.4968566895 -106.3795242310 
453.0603637695 -106.6993255615 
454.6295166016 -107.2720642090 
456.2041015625 -107.9560928345 
457.7841491699 -108.5547866821 
459.3694152832 -108.8998794556 
460.9604187012 -109.0251922607 
462.5569152832 -109.0651855469 
464.1589660645 -109.1281356812 
465.7662963867 -109.2494735718 
467.3794555664 -109.4001998901 
468.9981994629 -109.5240859985 
470.6225585938 -109.5805892944 
472.2522888184 -109.5688552856 
473.8879089355 -109.5207672119 
475.5292053223 -109.4727630615 
477.1761779785 -109.4359283447 
478.8285827637 -109.3794631958 
480.4869995117 -109.2416076660 
482.1511230469 -108.9774932861 
483.8210449219 -108.6177597046 
485.4964599609 -108.2760925293 
487.1779479980 -108.0850219727 
488.8652954102 -108.1134948730 
490.5584411621 -108.2263031006 
492.2572021484 -108.4654693604 
493.9620971680 -108.5063934326 
495.6729125977 -108.1793594360 
497.3896789551 -107.6227188110 
499.1120910645 -107.1549301147 
500.8407287598 -107.0181045532 
502.5753784180 -107.2874526978 
504.3160095215 -107.8759231567 
506.0626831055 -108.8141555786 
507.8151245117 -109.3426666260 
509.5739440918 -109.4347534180 
511.3388061523 -109.5067520142 
513.1098022461 -109.6243896484 
514.8866577148 -109.7637557983 
516.6699829102 -109.8636245728 
518.4594116211 -109.8861618042 
520.2550659180 -109.8439102173 
522.0566406250 -109.7793121338 
523.8648071289 -109.7287673950 
525.6791992188 -109.7015457153 
527.4998168945 -109.6766510010 
529.3265380859 -109.6158447266 
531.1597900391 -109.4929504395 
532.9994506836 -109.3243484497 
534.8454589844 -109.1375656128 
536.6975708008 -109.1630554199 
538.5563964844 -109.3242721558 
540.4216918945 -109.4986343384 
542.2933959961 -109.5553588867 
544.1713256836 -109.3976669312 
546.0560302734 -109.0569229126 
547.9472656250 -108.6950225830 
549.8450927734 -108.4957656860 
551.7491455078 -108.5605239868 
553.6600952148 -109.0629730225 
555.5776367188 -109.5812530518 
557.5018920898 -109.6932067871 
559.4324340820 -109.6444931030 
561.3700561523 -109.5374221802 
563.3143310547 -109.4398651123 
565.2653198242 -109.3732681274 
567.2227783203 -109.3486480713 
569.1873168945 -109.4073867798 
571.1586914063 -109.4956970215 
573.1368408203 -109.6129989624 
575.1215820313 -109.7553329468 
577.1134643555 -109.9058609009 
579.1123046875 -110.0257110596 
581.1180419922 -109.9337692261 
583.1303710938 -109.7871551514 
585.1500244141 -109.7029113770 
587.1766357422 -109.7533569336 
589.2103271484 -110.0314102173 
591.2507324219 -110.2713088989 
593.2984619141 -110.2436065674 
595.3533325195 -110.0471878052 
597.4152832031 -109.7629928589 
599.4841308594 -109.4903259277 
601.5603637695 -109.5863265991 
603.6438598633 -109.8557968140 
605.7345581055 -110.1281661987 
607.8321533203 -110.3144378662 
609.9373779297 -110.3396682739 
612.0498657227 -110.3574752808 
614.1696777344 -110.3908843994 
616.2964477539 -110.3639221191 
618.4309692383 -110.2049026489 
620.5728759766 -110.0616836548 
622.7222290039 -109.9653320313 
624.8786621094 -109.9907150269 
627.0429077148 -110.1167068481 
629.2145996094 -110.1599197388 
631.3938598633 -110.1204910278 
633.5806884766 -110.1308822632 
635.7747192383 -110.2429656982 
637.9766845703 -110.3971176147 
640.1862792969 -110.5505828857 
642.4035644531 -110.5387954712 
644.6281127930 -110.3949279785 
646.8607788086 -110.0188140869 
649.1011352539 -109.7021865845 
651.3492431641 -109.6766128540 
653.6047973633 -109.9082336426 
655.8685302734 -110.2058029175 
658.1401367188 -110.3415451050 
660.4195556641 -110.4810485840 
662.7065429688 -110.6193161011 
665.0017700195 -110.7030181885 
667.3049926758 -110.7422485352 
669.6161499023 -110.6623535156 
671.9349975586 -110.5171508789 
674.2622070313 -110.4566421509 
676.5974731445 -110.5165328979 
678.9408569336 -110.6819915771 
681.2919311523 -110.7937469482 
683.6515502930 -110.7834167480 
686.0193481445 -110.6865692139 
688.3953857422 -110.5889739990 
690.7792358398 -110.4647064209 
693.1716918945 -110.0493087769 
695.5724487305 -109.4441909790 
697.9815673828 -108.4765930176 
700.3985595703 -108.0658340454 
702.8244018555 -108.6179275513 
705.2586059570 -109.6208877563 
707.7012329102 -110.2711486816 
710.1519165039 -110.4272689819 
712.6115112305 -110.4070434570 
715.0795898438 -110.4778137207 
717.5562133789 -110.5719375610 
720.0410766602 -110.6696853638 
722.5349121094 -110.6875915527 
725.0373535156 -110.6178894043 
727.5484619141 -110.4418640137 
730.0679321289 -110.1847152710 
732.5964965820 -110.0623168945 
735.1337890625 -110.2329711914 
737.6798706055 -110.5259552002 
740.2344360352 -110.6790161133 
742.7981567383 -110.4382476807 
745.3708496094 -109.5386657715 
747.9523925781 -108.5732421875 
750.5424804688 -108.2347793579 
753.1419067383 -108.5978927612 
755.7504272461 -109.3998870850 
758.3679199219 -110.2364807129 
760.9940795898 -110.5822372437 
763.6297607422 -110.7744903564 
766.2745361328 -110.8692550659 
768.9284667969 -110.8443145752 
771.5912475586 -110.7173843384 
774.2636108398 -110.5377273560 
776.9451904297 -110.4427261353 
779.6361083984 -110.4857940674 
782.3359375000 -110.5457916260 
785.0455322266 -110.6038436890 
787.7644653320 -110.6518249512 
790.4928588867 -110.6648330688 
793.2302856445 -110.6255493164 
795.9776000977 -110.4678039551 
798.7344360352 -110.2145080566 
801.5007934570 -110.0120010376 
804.2767333984 -110.0034179688 
807.0618896484 -110.1552124023 
809.8571166992 -110.3294906616 
812.6620483398 -110.4368209839 
815.4766235352 -110.3800354004 
818.3005371094 -110.2235488892 
821.1347045898 -110.0883102417 
823.9786376953 -110.1443481445 
826.8324584961 -110.2989654541 
829.6957397461 -110.4617614746 
832.5693359375 -110.5248718262 
835.4528808594 -110.5954360962 
838.3464355469 -110.6731872559 
841.2495727539 -109.5066680908 
844.1632080078 -107.2405242920 
847.0869140625 -105.0177612305 
850.0207519531 -104.1479797363 
852.9642944336 -105.1934509277 
855.9185180664 -107.3587799072 
858.8829345703 -109.9013671875 
861.8576049805 -110.5958480835 
864.8421630859 -110.6820907593 
867.8375244141 -110.6850280762 
870.8432006836 -110.5031433105 
873.8593750000 -110.2011642456 
876.8854370117 -110.1421585083 
879.9224853516 -110.3371353149 
882.9700317383 -110.5854644775 
886.0281982422 -110.7313461304 
889.0964355469 -110.6273956299 
892.1757812500 -110.2757110596 
895.2657470703 -109.8453903198 
898.3664550781 -109.4181900024 
901.4774169922 -109.3047409058 
904.5996704102 -109.7741546631 
907.7327270508 -110.2467041016 
910.8765869141 -110.3639068604 
914.0308837891 -110.3606796265 
917.1965942383 -110.3883590698 
920.3732299805 -110.3686065674 
923.5609130859 -110.2154998779 
926.7590942383 -110.0493469238 
929.9689331055 -109.9271545410 
933.1898193359 -109.8068313599 
936.4218750000 -109.7359313965 
939.6646118164 -109.7925491333 
942.9190673828 -109.9658813477 
946.1848754883 -109.8806152344 
949.4619140625 -109.6331024170 
952.7498168945 -109.4597015381 
956.0496215820 -108.9809875488 
959.3608398438 -107.8596267700 
962.6835327148 -107.2852096558 
966.0172119141 -108.1289978027 
969.3629760742 -109.7689056396 
972.7203369141 -110.8244323730 
976.0892944336 -111.1440429688 
979.4694213867 -111.2496643066 
982.8617553711 -111.3082809448 
986.2658691406 -111.3123626709 
989.6817626953 -110.5657958984 
993.1088867188 -106.3398132324 
996.5485229492 -101.4058532715 
1000.0000000000 -103.1899185181 
1003.4634399414 -103.3453979492 
1006.9389038086 -103.7450103760 
1010.4258422852 -104.5191879272 
1013.9254150391 -105.4538574219 
1017.4370727539 -106.5351409912 
1020.9609375000 -107.6774520874 
1024.4964599609 -108.6642456055 
1028.0446777344 -109.4761810303 
1031.6053466797 -109.9300231934 
1035.1782226563 -110.1481094360 
1038.7629394531 -110.2481307983 
1042.3605957031 -110.2695159912 
1045.9708251953 -110.2775115967 
1049.5935058594 -110.2881927490 
1053.2281494141 -110.3036727905 
1056.8759765625 -110.3266830444 
1060.5363769531 -110.3588790894 
1064.2094726563 -110.4021224976 
1067.8947753906 -110.4607238770 
1071.5933837891 -110.5457153320 
1075.3048095703 -110.6443023682 
1079.0290527344 -110.7522125244 
1082.7656250000 -110.8608932495 
1086.5157470703 -110.9505767822 
1090.2788085938 -111.0195388794 
1094.0549316406 -111.0663223267 
1097.8435058594 -111.0876922607 
1101.6458740234 -111.0987167358 
1105.4614257813 -111.1060638428 
1109.2901611328 -111.1116256714 
1113.1314697266 -111.1126632690 
1116.9866943359 -111.0993576050 
1120.8553466797 -111.0688552856 
1124.7374267578 -111.0192337036 
1128.6323242188 -110.9477310181 
1132.5412597656 -110.8666534424 
1136.4637451172 -110.7913436890 
1140.3997802734 -110.7313690186 
1144.3488769531 -110.6975402832 
1148.3123779297 -110.7127838135 
1152.2894287109 -110.7629852295 
1156.2803955078 -110.8416900635 
1160.2844238281 -110.9407196045 
1164.3029785156 -111.0475006104 
1168.3355712891 -111.1418685913 
1172.3819580078 -111.2157440186 
1176.4418945313 -111.2648544312 
1180.5163574219 -111.2872848511 
1184.6051025391 -111.2820129395 
1188.7078857422 -111.2609329224 
1192.8243408203 -111.2361373901 
1196.9555664063 -111.2132568359 
1201.1011962891 -111.1955337524 
1205.2611083984 -111.1827621460 
1209.4348144531 -111.1652526855 
1213.6236572266 -111.1266403198 
1217.8270263672 -111.0461425781 
1222.0449218750 -110.9025268555 
1226.2767333984 -110.6794738770 
1230.5238037109 -110.3730392456 
1234.7857666016 -110.0450592041 
1239.0623779297 -109.7745590210 
1243.3531494141 -109.6169357300 
1247.6594238281 -109.6078033447 
1251.9805908203 -109.7570724487 
1256.3167724609 -110.0444335938 
1260.6679687500 -110.4140472412 
1265.0335693359 -110.7661132813 
1269.4149169922 -111.0497436523 
1273.8115234375 -111.2381057739 
1278.2232666016 -111.3243255615 
1282.6496582031 -111.3162994385 
1287.0920410156 -111.2315597534 
1291.5498046875 -111.1000289917 
1296.0230712891 -110.9788665771 
1300.5111083984 -110.9124679565 
1305.0152587891 -110.9237747192 
1309.5351562500 -111.0124588013 
1314.0706787109 -111.1568222046 
1318.6212158203 -111.3219528198 
1323.1881103516 -111.4723815918 
1327.7709960938 -111.5846481323 
1332.3696289063 -111.6521682739 
1336.9835205078 -111.6882858276 
1341.6141357422 -111.7119522095 
1346.2607421875 -111.7365951538 
1350.9234619141 -111.7695617676 
1355.6015625000 -111.8105392456 
1360.2966308594 -111.8527832031 
1365.0079345703 -111.8869171143 
1369.7355957031 -111.9056930542 
1374.4788818359 -111.9067153931 
1379.2392578125 -111.8914871216 
1384.0162353516 -111.8618698120 
1388.8096923828 -111.8184280396 
1393.6190185547 -111.7632598877 
1398.4456787109 -111.7056121826 
1403.2891845703 -111.6607055664 
1408.1494140625 -111.6395797729 
1413.0257568359 -111.6416625977 
1417.9196777344 -111.6542816162 
1422.8305664063 -111.6611328125 
1427.7584228516 -111.6535415649 
1432.7026367188 -111.6352920532 
1437.6647949219 -111.6172866821 
1442.6440429688 -111.6077804565 
1447.6405029297 -111.6069412231 
1452.6535644531 -111.6094055176 
1457.6848144531 -111.6109771729 
1462.7333984375 -111.6128768921 
1467.7995605469 -111.6198730469 
1472.8823242188 -111.6415710449 
1477.9836425781 -111.6581268311 
1483.1025390625 -111.6630554199 
1488.2392578125 -111.6542358398 
1493.3928222656 -111.6444931030 
1498.5651855469 -111.6551895142 
1503.7553710938 -111.7017364502 
1508.9635009766 -111.7837600708 
1514.1889648438 -111.8871154785 
1519.4332275391 -111.9936904907 
1524.6958007813 -112.0893554688 
1529.9764404297 -112.1644973755 
1535.2746582031 -112.2103195190 
1540.5920410156 -112.2182540894 
1545.9277343750 -112.1854858398 
1551.2819824219 -112.1223144531 
1556.6539306641 -112.0534362793 
1562.0452880859 -112.0097427368 
1567.4554443359 -112.0151977539 
1572.8842773438 -112.0761108398 
1578.3309326172 -112.1772155762 
1583.7974853516 -112.2861022949 
1589.2828369141 -112.3807449341 
1594.7872314453 -112.3761367798 
1600.3107910156 -112.3338165283 
1605.8524169922 -112.2976989746 
1611.4143066406 -112.2856445313 
1616.9953613281 -112.2983322144 
1622.5957031250 -112.3241958618 
1628.2145996094 -112.3491592407 
1633.8538818359 -112.3646087646 
1639.5125732422 -112.3698196411 
1645.1910400391 -112.3711471558 
1650.8881835938 -112.3836746216 
1656.6059570313 -112.4065704346 
1662.3435058594 -112.4385528564 
1668.1009521484 -112.4733123779 
1673.8774414063 -112.5045471191 
1679.6748046875 -112.5290756226 
1685.4923095703 -112.5470581055 
1691.3299560547 -112.5672607422 
1697.1867675781 -112.5907592773 
1703.0649414063 -112.6144714355 
1708.9635009766 -112.6428070068 
1714.8823242188 -112.6687011719 
1720.8208007813 -112.6850051880 
1726.7807617188 -112.6882095337 
1732.7614746094 -112.6755142212 
1738.7628173828 -112.6506195068 
1744.7839355469 -112.6030197144 
1750.8269042969 -112.5342864990 
1756.8908691406 -112.4425811768 
1762.9757080078 -112.4283523560 
1769.0808105469 -112.4839859009 
1775.2078857422 -112.5629882813 
1781.3562011719 -112.6274108887 
1787.5258789063 -112.6315307617 
1793.7159423828 -112.5563888550 
1799.9283447266 -112.5026702881 
1806.1623535156 -112.4850769043 
1812.4178466797 -112.5165176392 
1818.6940917969 -112.6366271973 
1824.9930419922 -112.7707519531 
1831.3138427734 -112.8281021118 
1837.6564941406 -112.8436965942 
1844.0201416016 -112.7917327881 
1850.4068603516 -112.7045440674 
1856.8156738281 -112.6589431763 
1863.2467041016 -112.6448364258 
1869.6988525391 -112.6907882690 
1876.1745605469 -112.7709732056 
1882.6726074219 -112.8153839111 
1889.1931152344 -112.8348922729 
1895.7352294922 -112.7973022461 
1902.3010253906 -112.7192382813 
1908.8895263672 -112.5877075195 
1915.5008544922 -112.3174667358 
1922.1340332031 -112.0807952881 
1928.7912597656 -112.0142669678 
1935.4715576172 -112.0752410889 
1942.1749267578 -112.2179565430 
1948.9005126953 -112.3006668091 
1955.6505126953 -112.3846511841 
1962.4238281250 -112.4966583252 
1969.2205810547 -112.6016998291 
1976.0397949219 -112.5848922729 
1982.8836669922 -112.1566772461 
1989.7513427734 -111.6551208496 
1996.6427001953 -111.1045608521 
2003.5579833984 -111.0923995972 
2010.4960937500 -111.4644012451 
2017.4593505859 -112.2269210815 
2024.4467773438 -112.7833862305 
2031.4583740234 -112.8789596558 
2038.4930419922 -112.8347244263 
2045.5533447266 -112.8068847656 
2052.6379394531 -112.7753601074 
2059.7473144531 -112.7580413818 
2066.8798828125 -112.8322296143 
2074.0385742188 -113.0164260864 
2081.2219238281 -113.1869201660 
2088.4299316406 -113.4208145142 
2095.6621093750 -113.5852813721 
2102.9201660156 -113.6810073853 
2110.2036132813 -113.7690658569 
2117.5122070313 -113.8698883057 
2124.8449707031 -113.9715499878 
2132.2043457031 -114.0299987793 
2139.5891113281 -114.0936660767 
2146.9995117188 -114.1393585205 
2154.4343261719 -114.1935653687 
2161.8959960938 -114.2705154419 
2169.3837890625 -114.3410644531 
2176.8972167969 -114.3661270142 
2184.4355468750 -114.3468933105 
2192.0014648438 -114.3412246704 
2199.5932617188 -114.3701248169 
2207.2114257813 -114.3874893188 
2214.8547363281 -114.3540344238 
2222.5258789063 -114.3100357056 
2230.2233886719 -114.3214874268 
2237.9477539063 -114.3941650391 
2245.6975097656 -114.4982681274 
2253.4753417969 -114.5851287842 
2261.2802734375 -114.6372833252 
2269.1120605469 -114.6740798950 
2276.9697265625 -114.7064208984 
2284.8559570313 -114.7409973145 
2292.7695312500 -114.7834014893 
2300.7104492188 -114.8636093140 
2308.6774902344 -114.9435653687 
2316.6735839844 -115.0160064697 
2324.6972656250 -115.0552215576 
2332.7485351563 -115.0459747314 
2340.8266601563 -114.9978256226 
2348.9340820313 -114.9591217041 
2357.0695800781 -114.9600982666 
2365.2331542969 -115.0253219604 
2373.4235839844 -115.1691131592 
2381.6440429688 -115.3819885254 
2389.8925781250 -115.4862136841 
2398.1699218750 -115.4763793945 
2406.4746093750 -115.3107604980 
2414.8093261719 -114.5629425049 
2423.1728515625 -112.3240661621 
2431.5654296875 -110.5064697266 
2439.9855957031 -109.5582962036 
2448.4365234375 -110.0820846558 
2456.9165039063 -111.7451934814 
2465.4260253906 -113.7768859863 
2473.9633789063 -115.5049972534 
2482.5319824219 -115.8248977661 
2491.1301269531 -115.8362197876 
2499.7580566406 -115.8649978638 
2508.4143066406 -115.9797363281 
2517.1020507813 -116.0608520508 
2525.8200683594 -116.0677032471 
2534.5681152344 -115.9907531738 
2543.3464355469 -115.9370193481 
2552.1538085938 -115.9483337402 
2560.9931640625 -116.0292739868 
2569.8630371094 -116.1445999146 
2578.7636718750 -116.2340164185 
2587.6936035156 -116.2818374634 
2596.6560058594 -116.2924652100 
2605.6494140625 -116.3529510498 
2614.6738281250 -116.4413681030 
2623.7282714844 -116.4875183105 
2632.8154296875 -116.4568099976 
2641.9340820313 -116.4155044556 
2651.0842285156 -116.3994827271 
2660.2646484375 -116.3659896851 
2669.4785156250 -116.3199615479 
2678.7241210938 -116.3112411499 
2688.0017089844 -116.3971023560 
2697.3100585938 -116.5476837158 
2706.6518554688 -116.6972885132 
2716.0263671875 -116.7696380615 
2725.4331054688 -116.7775726318 
2734.8710937500 -116.7324905396 
2744.3432617188 -116.6930618286 
2753.8481445313 -116.6693038940 
2763.3859863281 -116.6297531128 
2772.9553222656 -116.5580291748 
2782.5593261719 -116.4461593628 
2792.1965332031 -116.3568725586 
2801.8671875000 -116.2983169556 
2811.5698242188 -116.2849960327 
2821.3073730469 -116.3459320068 
2831.0788574219 -116.4130325317 
2840.8842773438 -116.3970489502 
2850.7219238281 -116.3610534668 
2860.5952148438 -116.3766860962 
2870.5029296875 -116.3561935425 
2880.4448242188 -116.3090896606 
2890.4194335938 -116.3863677979 
2900.4301757813 -116.5675201416 
2910.4758300781 -116.6517486572 
2920.5561523438 -116.5564956665 
2930.6696777344 -116.4136199951 
2940.8198242188 -116.3265686035 
2951.0053710938 -116.3078613281 
2961.2260742188 -116.3886032104 
2971.4804687500 -116.5129394531 
2981.7719726563 -116.4959793091 
2992.0991210938 -116.3750152588 
3002.4621582031 -116.7209320068 
3012.8593750000 -116.8308105469 
3023.2944335938 -116.9420623779 
3033.7653808594 -117.0545578003 
3044.2727050781 -117.1537780762 
3054.8146972656 -117.2457809448 
3065.3950195313 -117.3237304688 
3076.0117187500 -117.3920364380 
3086.6655273438 -117.4554214478 
3097.3542480469 -117.5136108398 
3108.0817871094 -117.5718536377 
3118.8464355469 -117.6301422119 
3129.6484375000 -117.6919174194 
3140.4860839844 -117.7561264038 
3151.3630371094 -117.8241424561 
3162.2775878906 -117.8959197998 
3173.2299804688 -117.9680099487 
3184.2204589844 -118.0383605957 
3195.2470703125 -118.0998992920 
3206.3137207031 -118.1545944214 
3217.4184570313 -118.1940536499 
3228.5620117188 -118.2232284546 
3239.7421875000 -118.2460784912 
3250.9628906250 -118.2635574341 
3262.2224121094 -118.2830276489 
3273.5209960938 -118.3045272827 
3284.8569335938 -118.3320617676 
3296.2338867188 -118.3628082275 
3307.6501464844 -118.3958053589 
3319.1059570313 -118.4309463501 
3330.5998535156 -118.4677276611 
3342.1352539063 -118.5061950684 
3353.7104492188 -118.5482940674 
3365.3259277344 -118.5944366455 
3376.9797363281 -118.6433944702 
3388.6757812500 -118.6958770752 
3400.4123535156 -118.7503814697 
3412.1894531250 -118.8048553467 
3424.0056152344 -118.8585128784 
3435.8645019531 -118.9062728882 
3447.7644042969 -118.9484405518 
3459.7055664063 -118.9847030640 
3471.6860351563 -119.0115966797 
3483.7102050781 -119.0337829590 
3495.7758789063 -119.0528793335 
3507.8833007813 -119.0697402954 
3520.0307617188 -119.0873641968 
3532.2221679688 -119.1076126099 
3544.4558105469 -119.1313552856 
3556.7319335938 -119.1625061035 
3569.0485839844 -119.1972198486 
3581.4099121094 -119.2324523926 
3593.8139648438 -119.2656555176 
3606.2609863281 -119.2900848389 
3618.7490234375 -119.3099288940 
3631.2824707031 -119.3271560669 
3643.8591308594 -119.3450088501 
3656.4794921875 -119.3681488037 
3669.1416015625 -119.3930969238 
3681.8493652344 -119.4171524048 
3694.6013183594 -119.4345932007 
3707.3974609375 -119.4357757568 
3720.2358398438 -119.4232711792 
3733.1206054688 -119.3981781006 
3746.0500488281 -119.3620758057 
3759.0244140625 -119.3223342896 
3772.0415039063 -119.2869567871 
3785.1059570313 -119.2594833374 
3798.2153320313 -119.2432632446 
3811.3703613281 -119.2455368042 
3824.5688476563 -119.2601013184 
3837.8149414063 -119.2826080322 
3851.1071777344 -119.3090057373 
3864.4453125000 -119.3332901001 
3877.8273925781 -119.3478469849 
3891.2580566406 -119.3549499512 
3904.7353515625 -119.3586654663 
3918.2590332031 -119.3646011353 
3931.8276367188 -119.3832092285 
3945.4453125000 -119.4209365845 
3959.1103515625 -119.4695587158 
3972.8225097656 -119.5197906494 
3986.5822753906 -119.5610046387 
4000.3872070313 -119.5805969238 
4014.2424316406 -119.5761032104 
4028.1455078125 -119.5679855347 
4042.0969238281 -119.5731201172 
4056.0942382813 -119.6062011719 
4070.1423339844 -119.6774139404 
4084.2392578125 -119.7910385132 
4098.3847656250 -119.9251251221 
4112.5771484375 -120.0576553345 
4126.8208007813 -120.1750183105 
4141.1137695313 -120.2693405151 
4155.4565429688 -120.3393859863 
4169.8461914063 -120.3892593384 
4184.2885742188 -120.4283523560 
4198.7802734375 -120.4655227661 
4213.3227539063 -120.5060043335 
4227.9130859375 -120.5536270142 
4242.5561523438 -120.6098327637 
4257.2500000000 -120.6725311279 
4271.9951171875 -120.7345962524 
4286.7885742188 -120.7820129395 
4301.6357421875 -120.8082580566 
4316.5341796875 -120.8148193359 
4331.4843750000 -120.8108444214 
4346.4838867188 -120.8094940186 
4361.5375976563 -120.8225860596 
4376.6435546875 -120.8553695679 
4391.8017578125 -120.9036102295 
4407.0102539063 -120.9547271729 
4422.2739257813 -120.9960937500 
4437.5898437500 -121.0258789063 
4452.9594726563 -121.0488433838 
4468.3793945313 -121.0708389282 
4483.8554687500 -121.0938491821 
4499.3852539063 -121.1149063110 
4514.9687500000 -121.1298217773 
4530.6035156250 -121.1393432617 
4546.2949218750 -121.1522064209 
4562.0410156250 -121.1804275513 
4577.8413085938 -121.2292175293 
4593.6938476563 -121.2905654907 
4609.6040039063 -121.3472366333 
4625.5693359375 -121.3883361816 
4641.5898437500 -121.4115982056 
4657.6630859375 -121.4195327759 
4673.7944335938 -121.4150009155 
4689.9819335938 -121.3995971680 
4706.2255859375 -121.3744964600 
4722.5229492188 -121.3418655396 
4738.8789062500 -121.3061752319 
4755.2919921875 -121.2753753662 
4771.7617187500 -121.2601623535 
4788.2861328125 -121.2698135376 
4804.8701171875 -121.3061828613 
4821.5112304688 -121.3599853516 
4838.2104492188 -121.4131546021 
4854.9648437500 -121.4464950562 
4871.7797851563 -121.4486160278 
4888.6528320313 -121.4216461182 
4905.5844726563 -121.3947906494 
4922.5717773438 -121.3564987183 
4939.6210937500 -121.3461151123 
4956.7294921875 -121.3768768311 
4973.8964843750 -121.4410476685 
4991.1206054688 -121.5134124756 
5008.4072265625 -121.5684280396 
5025.7539062500 -121.5990753174 
5043.1601562500 -121.6205673218 
5060.6269531250 -121.6857070923 
5078.1513671875 -121.7977218628 
5095.7392578125 -121.8862380981 
5113.3881835938 -121.9684677124 
5131.0981445313 -122.0385665894 
5148.8666992188 -122.0973434448 
5166.6997070313 -122.1472015381 
5184.5942382813 -122.1877593994 
5202.5507812500 -122.2169876099 
5220.5668945313 -122.2370071411 
5238.6479492188 -122.2567672729 
5256.7915039063 -122.2862396240 
5274.9985351563 -122.3276596069 
5293.2651367188 -122.3741531372 
5311.5981445313 -122.4179611206 
5329.9946289063 -122.4584426880 
5348.4545898438 -122.5226287842 
5366.9760742188 -122.5893402100 
5385.5644531250 -122.6301956177 
5404.2167968750 -122.6709213257 
5422.9340820313 -122.7152328491 
5441.7133789063 -122.7579193115 
5460.5605468750 -122.7845916748 
5479.4726562500 -122.7833175659 
5498.4506835938 -122.7566528320 
5517.4912109375 -122.7214508057 
5536.6010742188 -122.6941070557 
5555.7768554688 -122.7034149170 
5575.0190429688 -122.7253570557 
5594.3247070313 -122.7527465820 
5613.7001953125 -122.7822952271 
5633.1430664063 -122.8061523438 
5652.6533203125 -122.8109970093 
5672.2275390625 -122.7613983154 
5691.8730468750 -122.6788482666 
5711.5869140625 -122.6374053955 
5731.3686523438 -122.6265716553 
5751.2158203125 -122.6447830200 
5771.1347656250 -122.6779098511 
5791.1230468750 -122.7229995728 
5811.1801757813 -122.7542800903 
5831.3037109375 -122.7691955566 
5851.5000000000 -122.7783203125 
5871.7666015625 -122.7770919800 
5892.1030273438 -122.7565689087 
5912.5068359375 -122.7448883057 
5932.9848632813 -122.7679519653 
5953.5332031250 -122.8189620972 
5974.1533203125 -122.8821182251 
5994.8408203125 -122.9494018555 
6015.6040039063 -122.9731369019 
6036.4384765625 -122.9782485962 
6057.3457031250 -122.9962539673 
6078.3217773438 -123.0643386841 
6099.3735351563 -123.1577606201 
6120.4985351563 -123.2187194824 
6141.6967773438 -123.2701644897 
6162.9648437500 -123.3307266235 
6184.3095703125 -123.3967895508 
6205.7290039063 -123.4637832642 
6227.2221679688 -123.5493545532 
6248.7866210938 -123.6756744385 
6270.4287109375 -123.7637176514 
6292.1459960938 -123.7867736816 
6313.9384765625 -123.7684173584 
6335.8066406250 -123.7167663574 
6357.7470703125 -123.6852645874 
6379.7666015625 -123.6711273193 
6401.8627929688 -123.6834640503 
6424.0351562500 -123.7154464722 
6446.2812500000 -123.7402877808 
6468.6074218750 -123.7631835938 
6491.0112304688 -123.7676239014 
6513.4926757813 -123.7728805542 
6536.0483398438 -123.8095703125 
6558.6855468750 -123.8570327759 
6581.4013671875 -123.8726425171 
6604.1958007813 -123.8684387207 
6627.0654296875 -123.8614654541 
6650.0175781250 -123.8623046875 
6673.0498046875 -123.8660812378 
6696.1616210938 -123.8822708130 
6719.3496093750 -123.9311599731 
6742.6220703125 -123.9876327515 
6765.9746093750 -124.0176620483 
6789.4082031250 -124.0707473755 
6812.9194335938 -124.1470413208 
6836.5156250000 -124.1957550049 
6860.1938476563 -124.2117843628 
6883.9536132813 -124.1644668579 
6907.7919921875 -124.0943527222 
6931.7167968750 -124.0554580688 
6955.7246093750 -124.0589218140 
6979.8154296875 -124.0941085815 
7003.9858398438 -124.1432037354 
7028.2436523438 -124.1824417114 
7052.5859375000 -124.1871185303 
7077.0122070313 -124.1533737183 
7101.5190429688 -124.1367340088 
7126.1147460938 -124.1885604858 
7150.7958984375 -124.2762145996 
7175.5625000000 -124.3340759277 
7200.4106445313 -124.4094009399 
7225.3491210938 -124.4739532471 
7250.3735351563 -124.4927368164 
7275.4848632813 -124.4555511475 
7300.6791992188 -124.3930740356 
7325.9648437500 -124.3699798584 
7351.3378906250 -124.4167327881 
7376.7988281250 -124.4846801758 
7402.3442382813 -124.5379257202 
7427.9819335938 -124.5796661377 
7453.7080078125 -124.6094894409 
7479.5239257813 -124.6190643311 
7505.4248046875 -124.6053619385 
7531.4194335938 -124.5941848755 
7557.5039062500 -124.6185073853 
7583.6791992188 -124.6991500854 
7609.9409179688 -124.7594985962 
7636.2973632813 -124.7974624634 
7662.7451171875 -124.8215179443 
7689.2851562500 -124.8206100464 
7715.9121093750 -124.7968902588 
7742.6357421875 -124.7556610107 
7769.4521484375 -124.6890563965 
7796.3613281250 -124.6375579834 
7823.3593750000 -124.6059341431 
7850.4550781250 -124.6104431152 
7877.6450195313 -124.6590194702 
7904.9287109375 -124.7089462280 
7932.3027343750 -124.7043380737 
7959.7758789063 -124.6957626343 
7987.3442382813 -124.7106094360 
8015.0078125000 -124.7541961670 
8042.7675781250 -124.8572311401 
8070.6191406250 -124.9609375000 
8098.5712890625 -125.0407104492 
8126.6201171875 -125.1067962646 
8154.7666015625 -125.1633758545 
8183.0053710938 -125.2099914551 
8211.3466796875 -125.1998138428 
8239.7871093750 -125.1606216431 
8268.3251953125 -125.1388626099 
8296.9570312500 -125.1470184326 
8325.6933593750 -125.1715927124 
8354.5292968750 -125.2080230713 
8383.4648437500 -125.2493286133 
8412.4960937500 -125.2561645508 
8441.6318359375 -125.2689285278 
8470.8691406250 -125.3145294189 
8500.2080078125 -125.3579788208 
8529.6425781250 -125.3430480957 
8559.1845703125 -125.3081741333 
8588.8291015625 -125.2937164307 
8618.5761718750 -125.2930679321 
8648.4218750000 -125.2612686157 
8678.3750000000 -125.2250442505 
8708.4326171875 -125.2521514893 
8738.5937500000 -125.3541259766 
8768.8544921875 -125.4347534180 
8799.2246093750 -125.4597320557 
8829.7001953125 -125.4631347656 
8860.2822265625 -125.4577941895 
8890.9638671875 -125.4685897827 
8921.7578125000 -125.5170898438 
8952.6582031250 -125.5746383667 
8983.6650390625 -125.6382293701 
9014.7744140625 -125.6940612793 
9045.9970703125 -125.6936340332 
9077.3271484375 -125.6497573853 
9108.7656250000 -125.6033096313 
9140.3085937500 -125.5955200195 
9171.9658203125 -125.6127395630 
9203.7324218750 -125.6418151855 
9235.6093750000 -125.6697998047 
9267.5908203125 -125.6723175049 
9299.6894531250 -125.6924667358 
9331.8984375000 -125.7470855713 
9364.2187500000 -125.8279037476 
9396.6464843750 -125.9098052979 
9429.1914062500 -125.9593505859 
9461.8486328125 -125.9457702637 
9494.6191406250 -125.9189376831 
9527.4980468750 -125.9211273193 
9560.4960937500 -125.9357299805 
9593.6083984375 -125.9033279419 
9626.8359375000 -125.8651275635 
9660.1718750000 -125.8997497559 
9693.6298828125 -125.9429702759 
9727.2031250000 -125.8909530640 
9760.8935546875 -125.8227615356 
9794.6943359375 -125.8352661133 
9828.6171875000 -125.8892974854 
9862.6582031250 -125.9275207520 
9896.8173828125 -125.9425888062 
9931.0888671875 -125.9617538452 
9965.4853515625 -126.0073852539 
10000.0000000000 -126.1721267700 
10034.6347656250 -126.2055740356 
10069.3886718750 -126.2270736694 
10104.2636718750 -126.2178039551 
10139.2597656250 -126.1898040771 
10174.3652343750 -126.1432952881 
10209.6035156250 -126.0742187500 
10244.9638671875 -126.0045623779 
10280.4472656250 -125.9389190674 
10316.0527343750 -125.8940429688 
10351.7822265625 -125.8814239502 
10387.6347656250 -125.8944549561 
10423.6123046875 -125.9379959106 
10459.7021484375 -126.0090255737 
10495.9287109375 -126.0859375000 
10532.2812500000 -126.1645431519 
10568.7597656250 -126.2308349609 
10605.3642578125 -126.2828979492 
10642.0947265625 -126.3245239258 
10678.9531250000 -126.3564758301 
10715.9394531250 -126.3824005127 
10753.0419921875 -126.4049758911 
10790.2841796875 -126.4231567383 
10827.6562500000 -126.4327392578 
10865.1572265625 -126.4291763306 
10902.7880859375 -126.4164276123 
10940.5498046875 -126.3958969116 
10978.4414062500 -126.3710479736 
11016.4648437500 -126.3501815796 
11054.6074218750 -126.3353424072 
11092.8945312500 -126.3277740479 
11131.3144531250 -126.3294830322 
11169.8671875000 -126.3355865479 
11208.5537109375 -126.3422164917 
11247.3740234375 -126.3473434448 
11286.3291015625 -126.3480911255 
11325.4189453125 -126.3449020386 
11364.6308593750 -126.3412857056 
11403.9921875000 -126.3394470215 
11443.4892578125 -126.3420104980 
11483.1230468750 -126.3541717529 
11522.8945312500 -126.3734512329 
11562.8037109375 -126.3980941772 
11602.8505859375 -126.4254684448 
11643.0371093750 -126.4500808716 
11683.3486328125 -126.4629592896 
11723.8134765625 -126.4640502930 
11764.4189453125 -126.4559707642 
11805.1640625000 -126.4435348511 
11846.0507812500 -126.4364624023 
11887.0791015625 -126.4422378540 
11928.2490234375 -126.4569244385 
11969.5625000000 -126.4762649536 
12011.0048828125 -126.4960098267 
12052.6044921875 -126.5133590698 
12094.3486328125 -126.5320510864 
12136.2363281250 -126.5559539795 
12178.2695312500 -126.5839233398 
12220.4492187500 -126.6116409302 
12262.7734375000 -126.6323776245 
12305.2451171875 -126.6371994019 
12347.8505859375 -126.6252288818 
12390.6162109375 -126.6069335938 
12433.5312500000 -126.5923233032 
12476.5937500000 -126.5910720825 
12519.8056640625 -126.6107101440 
12563.1679687500 -126.6548156738 
12606.6796875000 -126.7226028442 
12650.3427734375 -126.7969589233 
12694.1562500000 -126.8647155762 
12738.1074218750 -126.9154052734 
12782.2255859375 -126.9440917969 
12826.4960937500 -126.9528503418 
12870.9199218750 -126.9505920410 
12915.4980468750 -126.9510116577 
12960.2304687500 -126.9643554688 
13005.1171875000 -126.9898605347 
13050.1601562500 -127.0219955444 
13095.3447265625 -127.0538558960 
13140.6992187500 -127.0802688599 
13186.2119140625 -127.0991821289 
13231.8818359375 -127.1114807129 
13277.7099609375 -127.1194000244 
13323.6962890625 -127.1256103516 
13369.8427734375 -127.1340408325 
13416.1484375000 -127.1479415894 
13462.5996093750 -127.1676864624 
13509.2265625000 -127.1888885498 
13556.0156250000 -127.2027587891 
13602.9658203125 -127.1989898682 
13650.0791015625 -127.1702880859 
13697.3554687500 -127.1164550781 
13744.7958984375 -127.0459213257 
13792.4003906250 -126.9733810425 
13840.1542968750 -126.9141159058 
13888.0888671875 -126.8778991699 
13936.1904296875 -126.8663406372 
13984.4570312500 -126.8752975464 
14032.8916015625 -126.8975601196 
14081.4941406250 -126.9300231934 
14130.2646484375 -126.9725952148 
14179.2041015625 -127.0270309448 
14228.2978515625 -127.0952377319 
14277.5771484375 -127.1773452759 
14327.0263671875 -127.2691650391 
14376.6474609375 -127.3603286743 
14426.4404296875 -127.4341964722 
14476.4052734375 -127.4717636108 
14526.5439453125 -127.4600524902 
14576.8564453125 -127.4009780884 
14627.3261718750 -127.3136520386 
14677.9873046875 -127.2268981934 
14728.8242187500 -127.1487426758 
14779.8369140625 -127.1501693726 
14831.0253906250 -127.1921768188 
14882.3925781250 -127.2619781494 
14933.9365234375 -127.3445358276 
14985.6601562500 -127.4257354736 
15037.5458984375 -127.4935531616 
15089.6269531250 -127.5398101807 
15141.8896484375 -127.5626831055 
15194.3330078125 -127.5666046143 
15246.9580078125 -127.5576858521 
15299.7646484375 -127.5387268066 
15352.7548828125 -127.5093994141 
15405.9287109375 -127.4710617065 
15459.2695312500 -127.4302368164 
15512.8115234375 -127.3965606689 
15566.5390625000 -127.3779296875 
15620.4531250000 -127.3776016235 
15674.5546875000 -127.3947143555 
15728.8427734375 -127.4257278442 
15783.3183593750 -127.4655685425 
15837.9833984375 -127.5082931519 
15892.8369140625 -127.5612335205 
15947.8642578125 -127.5843505859 
16003.0986328125 -127.5723190308 
16058.5244140625 -127.5460205078 
16114.1425781250 -127.5197143555 
16169.9531250000 -127.5051422119 
16225.9570312500 -127.5030746460 
16282.1552734375 -127.5047836304 
16338.5478515625 -127.5019836426 
16395.1171875000 -127.4951095581 
16451.9003906250 -127.4973449707 
16508.8808593750 -127.5265655518 
16566.0585937500 -127.5606842041 
16623.4355468750 -127.5979156494 
16681.0097656250 -127.6329879761 
16738.7832031250 -127.6610717773 
16796.7578125000 -127.6749725342 
16854.9140625000 -127.6671600342 
16913.2890625000 -127.6180496216 
16971.8691406250 -127.5681762695 
17030.6503906250 -127.5563125610 
17089.6347656250 -127.5570678711 
17148.8242187500 -127.5540618896 
17208.2167968750 -127.5344238281 
17267.8183593750 -127.4785156250 
17327.6054687500 -127.4289703369 
17387.6191406250 -127.4212493896 
17447.8398437500 -127.4419250488 
17508.2695312500 -127.4921035767 
17568.9082031250 -127.6014862061 
17629.7578125000 -127.6930007935 
17690.8164062500 -127.7090988159 
17752.0878906250 -127.6900405884 
17813.5527343750 -127.6543045044 
17875.2500000000 -127.6095733643 
17937.1582031250 -127.5793609619 
17999.2832031250 -127.5585708618 
18061.6230468750 -127.5377044678 
18124.1796875000 -127.5276870728 
18186.9511718750 -127.5529785156 
18249.9414062500 -127.6041793823 
18313.1289062500 -127.6323547363 
18376.5546875000 -127.6463470459 
18440.2011718750 -127.6611328125 
18504.0683593750 -127.7059631348 
18568.1562500000 -127.7655181885 
18632.4667968750 -127.8339462280 
18697.0000000000 -127.9059295654 
18761.7558593750 -127.9280166626 
18826.7148437500 -127.9234161377 
18891.9199218750 -127.9197998047 
18957.3515625000 -127.9235839844 
19023.0097656250 -127.9300918579 
19088.8945312500 -127.9432678223 
19155.0078125000 -127.9825973511 
19221.3515625000 -128.0331878662 
19287.9238281250 -128.0617370605 
19354.7050781250 -128.0830993652 
19421.7382812500 -128.0912017822 
19489.0058593750 -128.0980834961 
19556.5039062500 -128.1118621826 
19624.2382812500 -128.1123199463 
19692.2050781250 -128.0934906006 
19760.4082031250 -128.0381774902 
19828.8476562500 -127.9695053101 
19897.5019531250 -127.9222869873 
19966.4160156250 -127.8540420532 
20035.5683593750 -127.7973785400 
20104.9609375000 -127.7819137573 
20174.5937500000 -127.8162155151 
20244.4667968750 -127.9011535645 
20314.5839843750 -128.0008544922 
20384.9414062500 -128.0741577148 
20455.5449218750 -128.0974121094 
20526.3691406250 -128.1030426025 
20597.4609375000 -128.0905914307 
20668.7988281250 -128.0656585693 
20740.3847656250 -128.0416870117 
20812.2187500000 -128.0320129395 
20884.3007812500 -128.0174560547 
20956.6328125000 -127.9908905029 
21029.2148437500 -127.9727554321 
21102.0253906250 -127.9929351807 
21175.1113281250 -128.0413055420 
21248.4492187500 -128.0696411133 
21322.0429687500 -128.0713500977 
21395.8906250000 -128.0824279785 
21469.9941406250 -128.1170959473 
21544.3554687500 -128.1543579102 
21618.9726562500 -128.1701049805 
21693.8242187500 -128.1732177734 
21768.9609375000 -128.1866149902 
21844.3574218750 -128.1972198486 
21920.0136718750 -128.1730499268 
21995.9316406250 -128.1037139893 
22072.1152343750 -128.0373535156 
22148.5605468750 -128.0166015625 
22225.2714843750 -128.0319976807 
22302.2226562500 -128.0774230957 
22379.4648437500 -128.1384582520 
22456.9746093750 -128.1886596680 
22534.7539062500 -128.2095336914 
22612.8027343750 -128.2169036865 
22691.1210937500 -128.2397460938 
22769.7109375000 -128.2717590332 
22848.5722656250 -128.2833862305 
22927.6816406250 -128.2480010986 
23007.0898437500 -128.1577453613 
23086.7753906250 -128.0974731445 
23166.7343750000 -128.0871276855 
23246.9707031250 -128.1202239990 
23327.4863281250 -128.1671600342 
23408.2792968750 -128.1662445068 
23489.3535156250 -128.1130371094 
23570.6816406250 -128.0746002197 
23652.3183593750 -128.0865020752 
23734.2363281250 -128.1342468262 
23816.4394531250 -128.1647338867 
23898.9257812500 -128.1494140625 
23981.6992187500 -128.1180419922 
24064.7578125000 -128.0908813477 
24148.1054687500 -128.0923156738 
24231.7148437500 -128.1699066162 
24315.6406250000 -128.2781982422 
24399.8574218750 -128.3712463379 
24484.3652343750 -128.4083557129 
24569.1640625000 -128.3866729736 
24654.2597656250 -128.3553771973 
24739.6484375000 -128.3152313232 
24825.3320312500 -128.2696990967 
24911.2871093750 -128.1909332275 
24997.5664062500 -128.0860443115 
25084.1445312500 -128.0882873535 
25171.0214843750 -128.1788482666 
25258.1992187500 -128.2821502686 
25345.6816406250 -128.3206939697 
25433.4648437500 -128.2730255127 
25521.5527343750 -128.2224884033 
25609.9453125000 -128.2362823486 
25698.6152343750 -128.3041839600 
25787.6210937500 -128.3225555420 
25876.9355468750 -128.3056488037 
25966.5585937500 -128.3288879395 
26056.4941406250 -128.4626312256 
26146.7382812500 -128.5711669922 
26237.2968750000 -128.5858764648 
26328.1679687500 -128.4942016602 
26419.3261718750 -128.4261169434 
26510.8281250000 -128.4420623779 
26602.6464843750 -128.4597473145 
26694.7832031250 -128.4617462158 
26787.2402343750 -128.4558868408 
26880.0156250000 -128.4339904785 
26973.1132812500 -128.4237213135 
27066.5351562500 -128.4461669922 
27160.2480468750 -128.4589691162 
27254.3164062500 -128.4473419189 
27348.7109375000 -128.4107055664 
27443.4316406250 -128.3880157471 
27538.4804687500 -128.4135437012 
27633.8593750000 -128.4653930664 
27729.5683593750 -128.4913482666 
27825.6074218750 -128.4993438721 
27921.9492187500 -128.5117645264 
28018.6562500000 -128.5231018066 
28115.6972656250 -128.5355377197 
28213.0742187500 -128.5631866455 
28310.7890625000 -128.5791931152 
28408.8417968750 -128.5436248779 
28507.2343750000 -128.5118713379 
28605.9687500000 -128.5560150146 
28705.0136718750 -128.5765838623 
28804.4316406250 -128.4757690430 
28904.1933593750 -128.3784484863 
29004.3027343750 -128.4023590088 
29104.7578125000 -128.5231933594 
29205.5605468750 -128.6072692871 
29306.7128906250 -128.5678405762 
29408.2148437500 -128.5037078857 
29510.0371093750 -128.4773559570 
29612.2441406250 -128.4193267822 
29714.8046875000 -128.3227081299 
29817.7207031250 -128.2884216309 
29920.9921875000 -128.3680877686 
30024.6230468750 -128.3972167969 
30128.6113281250 -128.3855438232 
30232.9609375000 -128.3747558594 
30337.6367187500 -128.3648071289 
30442.7109375000 -128.3589019775 
30548.1464843750 -128.3547668457 
30653.9492187500 -128.3538970947 
30760.1171875000 -128.3547668457 
30866.6542968750 -128.3565521240 
30973.5585937500 -128.3594360352 
31080.8339843750 -128.3632659912 
31188.4472656250 -128.3679962158 
31296.4667968750 -128.3748931885 
31404.8613281250 -128.3824157715 
31513.6308593750 -128.3907470703 
31622.7773437500 -128.3994140625 
31732.3007812500 -128.4086303711 
31842.2031250000 -128.4192047119 
31952.4882812500 -128.4328613281 
32063.1542968750 -128.4482879639 
32174.1679687500 -128.4662170410 
32285.6015625000 -128.4805450439 
32397.4218750000 -128.4906616211 
32509.6289062500 -128.4857177734 
32622.2246093750 -128.4677581787 
32735.2089843750 -128.4409484863 
32848.5859375000 -128.4072265625 
32962.3554687500 -128.3830718994 
33076.4843750000 -128.3688964844 
33191.0429687500 -128.3812255859 
33305.9960937500 -128.4102325439 
33421.3515625000 -128.4482269287 
33537.1054687500 -128.4877471924 
33653.2578125000 -128.5109100342 
33769.8164062500 -128.5193023682 
33886.7773437500 -128.5042724609 
34004.1054687500 -128.4700164795 
34121.8750000000 -128.4286956787 
34240.0546875000 -128.3828125000 
34358.6445312500 -128.3436889648 
34477.6445312500 -128.3124542236 
34597.0546875000 -128.2896728516 
34716.8789062500 -128.2798461914 
34837.1210937500 -128.2758789063 
34957.7382812500 -128.2758026123 
35078.8125000000 -128.2786560059 
35200.3085937500 -128.2854309082 
35322.2226562500 -128.2967681885 
35444.5585937500 -128.3133392334 
35567.3203125000 -128.3383789063 
35690.5039062500 -128.3661499023 
35814.1171875000 -128.3941802979 
35938.1171875000 -128.4203643799 
36062.5898437500 -128.4432983398 
36187.4921875000 -128.4666442871 
36312.8242187500 -128.4907226563 
36438.5898437500 -128.5158233643 
36564.7968750000 -128.5342864990 
36691.4375000000 -128.5413970947 
36818.5156250000 -128.5353088379 
36945.9921875000 -128.5124053955 
37073.9531250000 -128.4812622070 
37202.3593750000 -128.4552001953 
37331.2070312500 -128.4400787354 
37460.5000000000 -128.4438781738 
37590.2460937500 -128.4697265625 
37720.4375000000 -128.5014190674 
37851.0781250000 -128.5313262939 
37982.1328125000 -128.5516204834 
38113.6835937500 -128.5493011475 
38245.6875000000 -128.5321350098 
38378.1484375000 -128.5069427490 
38511.0703125000 -128.4801635742 
38644.4531250000 -128.4613189697 
38778.2968750000 -128.4605560303 
38912.6015625000 -128.4708251953 
39047.3320312500 -128.4837799072 
39182.5703125000 -128.4895172119 
39318.2773437500 -128.4724426270 
39454.4531250000 -128.4308776855 
39591.1015625000 -128.3820037842 
39728.2265625000 -128.3395080566 
39865.8203125000 -128.3164215088 
40003.8945312500 -128.3254547119 
40142.4453125000 -128.3695831299 
40281.4335937500 -128.4298248291 
40420.9453125000 -128.4925994873 
40560.9414062500 -128.5450134277 
40701.4257812500 -128.5766296387 
40842.3906250000 -128.5807189941 
40983.8476562500 -128.5677337646 
41125.7929687500 -128.5481872559 
41268.2304687500 -128.5264129639 
41411.1171875000 -128.5036468506 
41554.5390625000 -128.4788055420 
41698.4648437500 -128.4506530762 
41842.8828125000 -128.4230346680 
41987.8046875000 -128.4016723633 
42133.2265625000 -128.3894042969 
42279.1523437500 -128.3859405518 
42425.5859375000 -128.3888244629 
42572.4765625000 -128.3954467773 
42719.9257812500 -128.4068908691 
42867.8828125000 -128.4307250977 
43016.3554687500 -128.4677124023 
43165.3398437500 -128.5103912354 
43314.8437500000 -128.5471496582 
43464.8593750000 -128.5705566406 
43615.3984375000 -128.5832061768 
43766.4101562500 -128.5977020264 
43917.9960937500 -128.6274414063 
44070.1015625000 -128.6705322266 
44222.7382812500 -128.6997528076 
44375.9023437500 -128.6918792725 
44529.5937500000 -128.6444854736 
44683.8203125000 -128.5748291016 
44838.5820312500 -128.5062255859 
44993.8281250000 -128.4527893066 
45149.6601562500 -128.4119720459 
45306.0351562500 -128.3693389893 
45462.9492187500 -128.3117065430 
45620.4101562500 -128.2393951416 
45778.4140625000 -128.1672210693 
45936.9648437500 -128.1142425537 
46096.0664062500 -128.0861663818 
46255.6679687500 -128.0785827637 
46415.8710937500 -128.0874176025 
46576.6289062500 -128.1128234863 
46737.9453125000 -128.1546783447 
46899.8203125000 -128.2058715820 
47062.2578125000 -128.2526397705 
47225.2539062500 -128.2831726074 
47388.8164062500 -128.2959747314 
47552.8945312500 -128.2986297607 
47717.5898437500 -128.2982025146 
47882.8593750000 -128.2944793701 
48048.6992187500 -128.2834777832 
48215.1132812500 -128.2660064697 
48382.1054687500 -128.2503967285 
48549.6718750000 -128.2471466064 
48717.8242187500 -128.2625122070 
48886.5000000000 -128.2950286865 
49055.8164062500 -128.3216857910 
49225.7187500000 -128.3566894531 
49396.2109375000 -128.3648986816 
49567.2929687500 -128.3378906250 
49738.9648437500 -128.2894744873 
49911.2343750000 -128.2456970215 
50084.1015625000 -128.2241363525 
50257.5664062500 -128.2216644287 
50431.5742187500 -128.2202453613 
50606.2421875000 -128.1905670166 
50781.5156250000 -128.1532745361 
50957.3945312500 -128.1505584717 
51133.8828125000 -128.1668548584 
51310.9804687500 -128.1812438965 
51488.6953125000 -128.1702423096 
51667.0234375000 -128.1298675537 
51845.9140625000 -128.0804595947 
52025.4804687500 -128.0490264893 
52205.6679687500 -128.0490112305 
52386.4804687500 -128.0758209229 
52567.9179687500 -128.1157531738 
52749.9843750000 -128.1554565430 
52932.6796875000 -128.1847839355 
53116.0117187500 -128.1970672607 
53299.9179687500 -128.1914215088 
53484.5195312500 -128.1629180908 
53669.7617187500 -128.1309661865 
53855.6445312500 -128.1104888916 
54042.1679687500 -128.0911102295 
54229.3398437500 -128.0726470947 
54417.1640625000 -128.0481872559 
54605.6328125000 -128.0047912598 
54794.6992187500 -127.9366455078 
54984.4765625000 -127.8559417725 
55174.9140625000 -127.7858963013 
55366.0078125000 -127.7386169434 
55557.7656250000 -127.7493591309 
55750.1875000000 -127.7833862305 
55943.2773437500 -127.8251953125 
56137.0351562500 -127.8627014160 
56331.3984375000 -127.8857727051 
56526.5000000000 -127.8907165527 
56722.2773437500 -127.8713836670 
56918.7343750000 -127.8424530029 
57115.8671875000 -127.8289031982 
57313.6875000000 -127.8301849365 
57512.1914062500 -127.8548507690 
57711.3789062500 -127.9051284790 
57911.1992187500 -127.9995346069 
58111.7695312500 -128.0630950928 
58313.0390625000 -128.0718078613 
58515.0039062500 -128.0673217773 
58717.6679687500 -128.0561981201 
58921.0312500000 -127.9972305298 
59125.1015625000 -127.8727951050 
59329.8789062500 -127.7727279663 
59535.3007812500 -127.7017822266 
59741.5000000000 -127.6810455322 
59948.4101562500 -127.7335128784 
60156.0390625000 -127.8156814575 
60364.3867187500 -127.8571548462 
60573.4570312500 -127.8728408813 
60783.2500000000 -127.8304138184 
60993.7695312500 -127.7387313843 
61204.9531250000 -127.6820526123 
61416.9335937500 -127.6613769531 
61629.6484375000 -127.7133941650 
61843.0976562500 -127.7984695435 
62057.2890625000 -127.8293075562 
62272.2226562500 -127.8189010620 
62487.8984375000 -127.7211761475 
62704.3203125000 -127.5702362061 
62921.4257812500 -127.4720611572 
63139.3515625000 -127.3961639404 
63358.0312500000 -127.3892898560 
63577.4687500000 -127.4021377563 
63797.6679687500 -127.4140548706 
64018.6289062500 -127.4302597046 
64240.3554687500 -127.4329223633 
64462.8476562500 -127.4178009033 
64686.1093750000 -127.4027404785 
64910.0781250000 -127.4265289307 
65134.8906250000 -127.4559783936 
65360.4804687500 -127.4565505981 
65586.8515625000 -127.3970489502 
65814.0156250000 -127.3396453857 
66041.9531250000 -127.2773895264 
66270.6875000000 -127.2571868896 
66500.2109375000 -127.2745590210 
66730.4609375000 -127.3384246826 
66961.5781250000 -127.4149551392 
67193.5000000000 -127.4597549438 
67426.2187500000 -127.4638061523 
67659.7500000000 -127.4472198486 
67894.0859375000 -127.4243316650 
68129.2343750000 -127.4297332764 
68365.1953125000 -127.4526290894 
68601.8984375000 -127.4713363647 
68839.5000000000 -127.4468307495 
69077.9218750000 -127.3971557617 
69317.1718750000 -127.3744354248 
69557.2421875000 -127.3898162842 
69798.1562500000 -127.4266738892 
70039.8984375000 -127.4297103882 
70282.4765625000 -127.3804702759 
70525.8203125000 -127.3309020996 
70770.0859375000 -127.3239517212 
71015.1875000000 -127.3667144775 
71261.1484375000 -127.4657135010 
71507.9609375000 -127.5591583252 
71755.6250000000 -127.5731887817 
72004.1484375000 -127.5116729736 
72253.5312500000 -127.4298477173 
72503.6953125000 -127.4012908936 
72754.8125000000 -127.4240188599 
73006.7890625000 -127.4629058838 
73259.6484375000 -127.4581375122 
73513.3828125000 -127.3719940186 
73767.9921875000 -127.2593002319 
74023.4843750000 -127.1732864380 
74279.8593750000 -127.1267166138 
74537.0390625000 -127.1404342651 
74795.1953125000 -127.2025756836 
75054.2500000000 -127.2747650146 
75314.1953125000 -127.3155441284 
75575.0390625000 -127.3311004639 
75836.7890625000 -127.3595809937 
76099.4453125000 -127.3629302979 
76363.0156250000 -127.3080978394 
76627.4140625000 -127.2402343750 
76892.8046875000 -127.2167968750 
77159.1250000000 -127.2195587158 
77426.3593750000 -127.1935348511 
77694.5234375000 -127.1015167236 
77963.6093750000 -127.0498199463 
78233.6328125000 -127.0358200073 
78504.5937500000 -127.0104751587 
78776.4062500000 -127.0002670288 
79049.2421875000 -127.1077575684 
79323.0234375000 -127.2310638428 
79597.7578125000 -127.2554244995 
79873.4453125000 -127.1672363281 
80150.0781250000 -127.0229873657 
80427.6796875000 -126.9100265503 
80706.2343750000 -126.9233856201 
80985.7578125000 -127.0036392212 
81266.1562500000 -127.1104736328 
81547.6171875000 -127.1627807617 
81830.0546875000 -127.1731338501 
82113.4687500000 -127.1043243408 
82397.8671875000 -127.0069885254 
82683.2500000000 -126.9174194336 
82969.6171875000 -126.8593139648 
83256.9765625000 -126.8847122192 
83545.2421875000 -126.9731521606 
83834.6015625000 -127.0715103149 
84124.9531250000 -127.0889282227 
84416.3203125000 -127.0844573975 
84708.6875000000 -127.0692749023 
85002.0781250000 -127.0072174072 
85296.4765625000 -126.9477615356 
85591.8984375000 -126.9422912598 
85888.2500000000 -127.0161514282 
86185.7187500000 -127.0155944824 
86484.2187500000 -126.9090728760 
86783.7500000000 -126.8154525757 
87084.3203125000 -126.8354644775 
87385.9375000000 -126.9371032715 
87688.5937500000 -127.0108108521 
87992.2968750000 -127.0708389282 
88296.9609375000 -127.1740570068 
88602.7734375000 -127.3083343506 
88909.6406250000 -127.2823562622 
89217.5781250000 -127.1213226318 
89526.5781250000 -127.0110473633 
89836.6484375000 -126.9273605347 
90147.7968750000 -126.8339691162 
90460.0156250000 -126.8342590332 
90773.2187500000 -126.8891220093 
91087.6093750000 -126.9248504639 
91403.0859375000 -127.0373153687 
91719.6562500000 -127.1185836792 
92037.3281250000 -127.0710372925 
92356.0937500000 -126.9044036865 
92675.9609375000 -126.7500076294 
92996.9453125000 -126.4931106567 
93318.9296875000 -126.0044403076 
93642.1328125000 -125.7276535034 
93966.4609375000 -126.0859603882 
94291.9062500000 -126.6203308105 
94618.4843750000 -126.8032760620 
94946.1953125000 -126.7920074463 
95275.0312500000 -126.7715301514 
95605.0156250000 -126.7995147705 
95936.0312500000 -126.8684539795 
96268.3046875000 -126.8394088745 
96601.7265625000 -126.6652984619 
96936.2968750000 -126.5431442261 
97272.0312500000 -126.5652618408 
97608.9296875000 -126.6563034058 
97946.9921875000 -126.8254318237 
98286.2265625000 -126.9878692627 
98626.5312500000 -126.9678726196 
98968.1171875000 -126.7836380005 
99310.8906250000 -126.6117324829 
99654.8515625000 -126.5986709595 
100000.0000000000 -126.9641647339 
100346.3437500000 -126.9708709717 
100693.8906250000 -126.9776153564 
101042.6406250000 -126.9747085571 
101392.5937500000 -126.9626922607 
101743.6562500000 -126.9413070679 
102096.0390625000 -126.9060211182 
102449.6406250000 -126.8684158325 
102804.4687500000 -126.8306274414 
103160.5312500000 -126.7990264893 
103517.8203125000 -126.7772216797 
103876.3515625000 -126.7628326416 
104236.1250000000 -126.7569198608 
104597.0234375000 -126.7585449219 
104959.2890625000 -126.7617492676 
105322.8125000000 -126.7650680542 
105687.5937500000 -126.7622146606 
106053.6406250000 -126.7491149902 
106420.9531250000 -126.7268905640 
106789.5312500000 -126.6942825317 
107159.3906250000 -126.6557617188 
107530.4218750000 -126.6215667725 
107902.8437500000 -126.5947875977 
108276.5625000000 -126.5835266113 
108651.5703125000 -126.5891647339 
109027.8828125000 -126.6033096313 
109405.4921875000 -126.6227722168 
109784.4140625000 -126.6403503418 
110164.6484375000 -126.6496658325 
110546.0781250000 -126.6524963379 
110928.9453125000 -126.6500167847 
111313.1484375000 -126.6463546753 
111698.6718750000 -126.6486892700 
112085.5390625000 -126.6578826904 
112473.7421875000 -126.6740493774 
112863.2890625000 -126.6962814331 
113254.1875000000 -126.7172241211 
113646.3125000000 -126.7322463989 
114039.9218750000 -126.7392425537 
114434.8906250000 -126.7364425659 
114831.2343750000 -126.7234191895 
115228.9453125000 -126.7078704834 
115628.0312500000 -126.6930618286 
116028.5078125000 -126.6822204590 
116430.3671875000 -126.6802749634 
116833.4921875000 -126.6923370361 
117238.1406250000 -126.7180252075 
117644.1875000000 -126.7571029663 
118051.6406250000 -126.8079071045 
118460.5078125000 -126.8659591675 
118870.7890625000 -126.9193801880 
119282.4921875000 -126.9610977173 
119695.6250000000 -126.9877319336 
120110.0546875000 -126.9981689453 
120526.0468750000 -126.9936294556 
120943.4843750000 -126.9786758423 
121362.3671875000 -126.9600524902 
121782.6953125000 -126.9403381348 
122204.4843750000 -126.9215698242 
122627.7343750000 -126.9052963257 
123052.4531250000 -126.8928985596 
123478.5000000000 -126.8841476440 
123906.1640625000 -126.8774261475 
124335.3125000000 -126.8720703125 
124765.9375000000 -126.8678207397 
125198.0625000000 -126.8646240234 
125631.6796875000 -126.8621673584 
126066.7968750000 -126.8586044312 
126503.4218750000 -126.8527908325 
126941.5625000000 -126.8456039429 
127381.0781250000 -126.8391571045 
127822.2578125000 -126.8358230591 
128264.9609375000 -126.8375473022 
128709.2031250000 -126.8454284668 
129154.9843750000 -126.8609237671 
129602.3046875000 -126.8839797974 
130051.1796875000 -126.9112472534 
130501.6015625000 -126.9362716675 
130953.4453125000 -126.9511184692 
131407.0000000000 -126.9502563477 
131862.1250000000 -126.9343261719 
132318.8125000000 -126.9117889404 
132777.0937500000 -126.8962326050 
133236.9687500000 -126.9003982544 
133698.4218750000 -126.9239807129 
134161.4843750000 -126.9533843994 
134626.0000000000 -126.9737930298 
135092.2656250000 -126.9756317139 
135560.1562500000 -126.9577941895 
136029.6562500000 -126.9258804321 
136500.7968750000 -126.8874282837 
136973.5625000000 -126.8480148315 
137447.9531250000 -126.8104095459 
137924.0000000000 -126.7765579224 
138401.5468750000 -126.7499465942 
138880.8906250000 -126.7358932495 
139361.9062500000 -126.7396621704 
139844.5781250000 -126.7643661499 
140328.9218750000 -126.8063049316 
140814.9375000000 -126.8590850830 
141302.6406250000 -126.9137496948 
141792.0468750000 -126.9601058960 
142282.9843750000 -126.9888534546 
142775.7656250000 -126.9944000244 
143270.2656250000 -126.9764251709 
143766.4687500000 -126.9388732910 
144264.4062500000 -126.8870086670 
144764.0625000000 -126.8256072998 
145265.4375000000 -126.7602233887 
145768.5625000000 -126.6996841431 
146273.2656250000 -126.6559906006 
146779.8750000000 -126.6400527954 
147288.2343750000 -126.6679229736 
147798.3593750000 -126.7170104980 
148310.2500000000 -126.7679977417 
148823.9218750000 -126.8031005859 
149339.3750000000 -126.8112564087 
149856.5937500000 -126.7916717529 
150375.4531250000 -126.7546768188 
150896.2656250000 -126.7192687988 
151418.8906250000 -126.7065963745 
151943.3281250000 -126.7306060791 
152469.5781250000 -126.7901458740 
152997.6406250000 -126.8663558960 
153527.5468750000 -126.9279861450 
154059.2812500000 -126.9445724487 
154592.6875000000 -126.9024963379 
155128.1093750000 -126.8137588501 
155665.3906250000 -126.7095794678 
156204.5312500000 -126.6230239868 
156745.5468750000 -126.5729598999 
157288.4218750000 -126.5583724976 
157833.1875000000 -126.5638275146 
158379.8281250000 -126.5713272095 
158928.3750000000 -126.5689163208 
159478.6406250000 -126.5677795410 
160030.9843750000 -126.5854644775 
160585.2500000000 -126.6227188110 
161141.4218750000 -126.6733703613 
161699.5312500000 -126.7253952026 
162259.5781250000 -126.7676010132 
162821.5468750000 -126.7950439453 
163385.4687500000 -126.8088531494 
163951.1718750000 -126.8118820190 
164519.0156250000 -126.7984695435 
165088.8125000000 -126.7729797363 
165660.5937500000 -126.7555618286 
166234.3437500000 -126.7418594360 
166810.0937500000 -126.7307891846 
167387.8281250000 -126.7202453613 
167967.5781250000 -126.7105255127 
168549.1406250000 -126.7038421631 
169132.9062500000 -126.6986160278 
169718.6875000000 -126.6864624023 
170306.5000000000 -126.6675262451 
170896.3437500000 -126.6444168091 
171488.2343750000 -126.6262893677 
172082.1718750000 -126.6209259033 
172678.1718750000 -126.6380157471 
173276.0468750000 -126.6643295288 
173876.1875000000 -126.6801071167 
174478.3906250000 -126.6977005005 
175082.6875000000 -126.7230834961 
175689.0781250000 -126.7744522095 
176297.5781250000 -126.8156051636 
176908.1718750000 -126.8155441284 
177520.8906250000 -126.7816162109 
178135.5312500000 -126.7069625854 
178752.4843750000 -126.5273513794 
179371.5937500000 -126.3467254639 
179992.8437500000 -126.2853393555 
180616.2343750000 -126.2962722778 
181241.7968750000 -126.3708267212 
181869.5156250000 -126.5355606079 
182499.4062500000 -126.6703186035 
183131.2812500000 -126.6002044678 
183765.5468750000 -125.9302978516 
184402.0156250000 -122.0625762939 
185040.6875000000 -117.4645996094 
185681.5625000000 -114.6659393311 
186324.6718750000 -112.5680847168 
186969.9843750000 -110.8936843872 
187617.5468750000 -110.7197723389 
188267.1562500000 -111.5794448853 
188919.2031250000 -114.1876296997 
189573.5156250000 -118.4695281982 
190230.0937500000 -121.7347869873 
190888.9531250000 -124.4606170654 
191550.0937500000 -126.0009536743 
192213.5156250000 -126.1736068726 
192879.2343750000 -126.1236114502 
193547.0468750000 -126.1182098389 
194217.3906250000 -126.2029571533 
194890.0468750000 -126.2876815796 
195565.0468750000 -126.3792419434 
196242.3750000000 -126.4133529663 
196922.0468750000 -126.4081039429 
197604.0781250000 -126.3731155396 
198288.4843750000 -126.3055343628 
198975.0156250000 -126.2435379028 
199664.1562500000 -126.1675567627 
200355.6875000000 -126.1360626221 
201049.6093750000 -126.1408920288 
201745.9375000000 -126.1620864868 
202444.6718750000 -126.1912078857 
203145.8281250000 -126.2238769531 
203849.4218750000 -126.2391586304 
204555.4375000000 -126.2319717407 
205263.6875000000 -126.2209091187 
205974.6093750000 -126.2384796143 
206688.0000000000 -126.2944488525 
207403.8437500000 -126.3544311523 
208122.1875000000 -126.3853149414 
208843.0000000000 -126.4235382080 
209566.3125000000 -126.4606857300 
210292.1406250000 -126.4841995239 
211020.2500000000 -126.4864349365 
211751.1093750000 -126.4660415649 
212484.5000000000 -126.4269332886 
213220.4218750000 -126.3851013184 
213958.9062500000 -126.3066558838 
214699.9375000000 -126.2283248901 
215443.5468750000 -126.1653213501 
216189.7343750000 -126.1226654053 
216938.2500000000 -126.1076736450 
217689.6093750000 -126.0994644165 
218443.5625000000 -126.0761566162 
219200.1406250000 -126.0454711914 
219959.3281250000 -126.0303421021 
220721.1406250000 -126.0339050293 
221485.5937500000 -126.0438537598 
222252.7031250000 -126.0446701050 
223022.2187500000 -126.0400390625 
223794.6562500000 -126.0500030518 
224569.7500000000 -126.0884552002 
225347.5468750000 -126.1295318604 
226128.0156250000 -126.1243743896 
226911.2031250000 -126.0661468506 
227697.0937500000 -125.9885787964 
228485.7187500000 -125.9481964111 
229276.8125000000 -125.9687118530 
230070.9062500000 -126.0223388672 
230867.7500000000 -126.0510940552 
231667.3437500000 -126.0732269287 
232469.7187500000 -126.1076126099 
233274.8593750000 -126.1556777954 
234082.7968750000 -126.1933975220 
234893.5312500000 -126.1865844727 
235706.8281250000 -126.1635742188 
236523.1875000000 -126.1458511353 
237342.3750000000 -126.1436767578 
238164.3906250000 -126.1615295410 
238989.2656250000 -126.1934204102 
239816.9843750000 -126.2359924316 
240647.5937500000 -126.2562179565 
241481.0625000000 -126.2100830078 
242317.1562500000 -126.0901336670 
243156.4062500000 -126.0177993774 
243998.5625000000 -126.0080947876 
244843.6406250000 -126.0380477905 
245691.6562500000 -126.0316696167 
246542.5937500000 -125.9701538086 
247396.4843750000 -125.8797531128 
248253.3281250000 -125.8356170654 
249112.8593750000 -125.8020019531 
249975.6562500000 -125.7793273926 
250841.4375000000 -125.8411712646 
251710.2187500000 -125.9280700684 
252582.0000000000 -125.9813232422 
253456.8125000000 -125.9662933350 
254334.6406250000 -125.9197311401 
255215.5156250000 -125.8809204102 
256099.4531250000 -125.8526077271 
256986.1562500000 -125.8167266846 
257876.2187500000 -125.7741928101 
258769.3593750000 -125.7511596680 
259665.5937500000 -125.7653961182 
260564.9375000000 -125.7300720215 
261467.3906250000 -125.6268386841 
262372.9687500000 -125.5260925293 
263281.6875000000 -125.5223922729 
264193.2500000000 -125.6355361938 
265108.2812500000 -125.6976776123 
266026.4687500000 -125.6627044678 
266947.8437500000 -125.5896072388 
267872.4062500000 -125.5442886353 
268800.1562500000 -125.5837936401 
269731.1562500000 -125.6309356689 
270665.3437500000 -125.6666641235 
271602.4687500000 -125.7011947632 
272543.1562500000 -125.7448196411 
273487.0937500000 -125.8120117188 
274434.3125000000 -125.8340377808 
275384.8125000000 -125.7363281250 
276338.5937500000 -125.6204986572 
277295.6875000000 -125.6527862549 
278256.0625000000 -125.8154983521 
279219.5000000000 -125.9250411987 
280186.5625000000 -125.9172363281 
281156.9687500000 -125.7686767578 
282130.7500000000 -125.6666107178 
283107.9062500000 -125.7215194702 
284088.4375000000 -125.8289260864 
285072.3437500000 -125.9150543213 
286059.6875000000 -125.9582061768 
287050.1250000000 -125.9164047241 
288044.3125000000 -125.7986526489 
289041.9375000000 -125.6865081787 
290043.0312500000 -125.6417999268 
291047.5625000000 -125.6144180298 
292055.5937500000 -125.5621185303 
293067.1250000000 -125.5461349487 
294082.1562500000 -125.5365676880 
295100.3750000000 -125.4936447144 
296122.4375000000 -125.5021667480 
297148.0312500000 -125.5740127563 
298177.1875000000 -125.6201553345 
299209.9062500000 -125.5722961426 
300246.2187500000 -125.5773315430 
301286.1250000000 -125.5617294312 
302329.5937500000 -125.5485458374 
303376.3750000000 -125.5402603149 
304427.0937500000 -125.5359725952 
305481.4687500000 -125.5343475342 
306539.5000000000 -125.5357894897 
307601.1875000000 -125.5414657593 
308666.5312500000 -125.5504150391 
309735.5937500000 -125.5629653931 
310808.3437500000 -125.5798873901 
311884.4687500000 -125.5963668823 
312964.6875000000 -125.6114883423 
314048.6250000000 -125.6209945679 
315136.3125000000 -125.6246109009 
316227.7812500000 -125.6248703003 
317323.0000000000 -125.6226348877 
318422.0312500000 -125.6226806641 
319524.8750000000 -125.6258316040 
320631.5312500000 -125.6317520142 
321741.6875000000 -125.6396560669 
322856.0312500000 -125.6441268921 
323974.2187500000 -125.6434402466 
325096.2812500000 -125.6363601685 
326222.2500000000 -125.6193084717 
327352.0937500000 -125.5972442627 
328485.8750000000 -125.5725250244 
329623.5625000000 -125.5466384888 
330764.8437500000 -125.5216751099 
331910.4062500000 -125.4974212646 
333059.9687500000 -125.4738693237 
334213.5312500000 -125.4511413574 
335371.0625000000 -125.4323348999 
336532.5937500000 -125.4208297729 
337698.1562500000 -125.4182510376 
338867.7500000000 -125.4259033203 
340041.0312500000 -125.4458618164 
341218.7500000000 -125.4705963135 
342400.5625000000 -125.4945755005 
343586.4375000000 -125.5147476196 
344776.4375000000 -125.5279769897 
345970.5625000000 -125.5340499878 
347168.8125000000 -125.5377273560 
348371.2187500000 -125.5410842896 
349577.4062500000 -125.5462341309 
350788.1250000000 -125.5566711426 
352003.0625000000 -125.5759353638 
353222.2187500000 -125.6031341553 
354445.5937500000 -125.6354446411 
355673.1875000000 -125.6678771973 
356905.0625000000 -125.6888275146 
358141.1875000000 -125.6881713867 
359381.1875000000 -125.6714630127 
360625.9062500000 -125.6466674805 
361874.9062500000 -125.6231155396 
363128.2500000000 -125.6098327637 
364385.9062500000 -125.6024093628 
365647.9375000000 -125.5746994019 
366914.3437500000 -125.5019760132 
368185.1562500000 -125.3667144775 
369459.9375000000 -125.1644897461 
370739.5312500000 -124.9125213623 
372023.5937500000 -124.6763153076 
373312.0625000000 -124.5168380737 
374605.0312500000 -124.4670181274 
375902.4375000000 -124.5371704102 
377204.3750000000 -124.7124710083 
378510.7812500000 -124.9530639648 
379821.3437500000 -125.1919631958 
381136.8125000000 -125.3649520874 
382456.8750000000 -125.4650650024 
383781.5000000000 -125.5104675293 
385110.7187500000 -125.5293350220 
386444.5312500000 -125.5478210449 
387782.9687500000 -125.5812683105 
389126.0312500000 -125.6316070557 
390473.3125000000 -125.6907730103 
391825.6875000000 -125.7477035522 
393182.7812500000 -125.7988281250 
394544.5312500000 -125.8442459106 
395911.0312500000 -125.8845520020 
397282.2500000000 -125.9185256958 
398658.2187500000 -125.9427032471 
400038.9375000000 -125.9530944824 
401424.4687500000 -125.9481811523 
402814.3437500000 -125.9306259155 
404209.4687500000 -125.9063110352 
405609.4375000000 -125.8822631836 
407014.2500000000 -125.8651199341 
408423.9062500000 -125.8635177612 
409838.4687500000 -125.8862304688 
411257.9375000000 -125.9369354248 
412682.3125000000 -126.0092391968 
414111.1562500000 -126.0861206055 
415545.4062500000 -126.1461868286 
416984.6250000000 -126.1737289429 
418428.8437500000 -126.1665496826 
419878.0625000000 -126.1354980469 
421332.2812500000 -126.0973205566 
422791.5312500000 -126.0673751831 
424255.8750000000 -126.0565795898 
425724.7812500000 -126.0705566406 
427199.2500000000 -126.1077499390 
428678.8437500000 -126.1542205811 
430163.5625000000 -126.1891632080 
431653.4062500000 -126.1933975220 
433148.4062500000 -126.1602325439 
434648.5937500000 -126.0999374390 
436154.0000000000 -126.0347747803 
437664.1250000000 -125.9891662598 
439179.9375000000 -125.9805603027 
440701.0312500000 -126.0138092041 
442227.3750000000 -126.0921478271 
443759.0000000000 -126.1702270508 
445295.9375000000 -126.2336273193 
446838.2187500000 -126.2724761963 
448385.8125000000 -126.2919464111 
449938.2812500000 -126.3045425415 
451496.6250000000 -126.3187408447 
453060.3437500000 -126.3341751099 
454629.5000000000 -126.3462219238 
456204.0937500000 -126.3545684814 
457784.1562500000 -126.3668212891 
459369.6562500000 -126.3935470581 
460960.6562500000 -126.4398193359 
462556.6562500000 -126.5009994507 
464158.7187500000 -126.5655288696 
465766.3125000000 -126.6212921143 
467379.4687500000 -126.6600875854 
468998.2187500000 -126.6786117554 
470622.5625000000 -126.6780700684 
472252.5625000000 -126.6542510986 
473888.1875000000 -126.6281433105 
475528.9375000000 -126.6176147461 
477175.9062500000 -126.6101837158 
478828.5937500000 -126.6012039185 
480487.0000000000 -126.5909957886 
482151.1250000000 -126.5876312256 
483821.0312500000 -126.6022796631 
485496.7500000000 -126.6412429810 
487178.2187500000 -126.7018661499 
488865.0000000000 -126.7754898071 
490558.1875000000 -126.8914260864 
492257.1875000000 -126.9993209839 
493962.1250000000 -127.0542526245 
495672.9375000000 -127.0856018066 
497389.6562500000 -127.0888900757 
499112.3437500000 -127.0685195923 
500841.0000000000 -127.0358581543 
502575.6562500000 -127.0028991699 
504315.7500000000 -126.9699707031 
506062.4062500000 -126.9597091675 
507815.1250000000 -126.9699630737 
509573.9375000000 -126.9947128296 
511338.8125000000 -127.0348052979 
513109.8125000000 -127.0886993408 
514886.9375000000 -127.1803436279 
516670.2500000000 -127.2594451904 
518459.1250000000 -127.2949981689 
520254.7812500000 -127.3207092285 
522056.6562500000 -127.3403778076 
523864.7812500000 -127.3530426025 
525679.1875000000 -127.3561782837 
527499.8125000000 -127.3666305542 
529326.8125000000 -127.4061965942 
531160.1250000000 -127.4804687500 
532999.1875000000 -127.5771636963 
534845.1875000000 -127.7072753906 
536697.6250000000 -127.7819290161 
538556.4375000000 -127.7935867310 
540421.6875000000 -127.7868423462 
542293.4375000000 -127.7582473755 
544171.6250000000 -127.7295761108 
546056.3125000000 -127.7244186401 
547947.0000000000 -127.7357940674 
549844.7500000000 -127.7592468262 
551749.1250000000 -127.7857055664 
553660.0625000000 -127.7657012939 
555577.6875000000 -127.7053451538 
557501.8750000000 -127.6136245728 
559432.7500000000 -127.4778976440 
561370.3125000000 -127.4391860962 
563314.0000000000 -127.5221023560 
565265.0000000000 -127.7740707397 
567222.7500000000 -128.0519866943 
569187.3125000000 -128.1893920898 
571158.6875000000 -128.2743988037 
573136.8750000000 -128.3222961426 
575121.8750000000 -128.3317413330 
577113.8125000000 -128.3351898193 
579112.0000000000 -128.3511047363 
581117.6875000000 -128.3799591064 
583130.3750000000 -128.4145660400 
585150.0000000000 -128.5064697266 
587176.6875000000 -128.6405181885 
589210.3125000000 -128.7480468750 
591251.0000000000 -128.9023742676 
593298.8125000000 -129.0210113525 
595353.0000000000 -129.0678558350 
597415.0000000000 -129.1086730957 
599484.1250000000 -129.1457672119 
601560.3750000000 -129.1784820557 
603643.8750000000 -129.2338562012 
605734.5625000000 -129.2771606445 
607832.5000000000 -129.2955017090 
609937.6875000000 -129.3114624023 
612049.5000000000 -129.3276672363 
614169.3125000000 -129.3424377441 
616296.4375000000 -129.3345184326 
618431.0000000000 -129.3237304688 
620572.8750000000 -129.3325347900 
622722.1875000000 -129.3757934570 
624879.0000000000 -129.4486389160 
627043.2500000000 -129.5307922363 
629214.2500000000 -129.6131591797 
631393.5000000000 -129.6976623535 
633580.3125000000 -129.7621459961 
635774.6875000000 -129.8784790039 
637976.6875000000 -130.0048370361 
640186.2500000000 -130.1039428711 
642403.5625000000 -130.1526641846 
644628.5000000000 -130.1487731934 
646861.1250000000 -130.1399078369 
649100.7500000000 -130.1514587402 
651348.8750000000 -130.1709899902 
653604.8125000000 -130.1922149658 
655868.5625000000 -130.2290802002 
658140.1250000000 -130.2984771729 
660419.5625000000 -130.3755493164 
662706.8750000000 -130.4174499512 
665002.1250000000 -130.4221191406 
667304.6250000000 -130.4284667969 
669615.8125000000 -130.4806365967 
671935.0000000000 -130.5990447998 
674262.1875000000 -130.7485351563 
676597.5000000000 -130.8958129883 
678940.8125000000 -131.0091705322 
681292.3125000000 -131.0474853516 
683651.9375000000 -131.0283050537 
686019.0000000000 -130.9779815674 
688395.0000000000 -130.9388427734 
690779.1875000000 -130.9472656250 
693171.6875000000 -131.0315093994 
695572.4375000000 -131.1197662354 
697981.5625000000 -131.1937713623 
700398.9375000000 -131.2510681152 
702824.7500000000 -131.2954559326 
705258.1875000000 -131.3291931152 
707700.8125000000 -131.3444824219 
710151.9375000000 -131.3709564209 
712611.5000000000 -131.4254455566 
715079.5625000000 -131.4980010986 
717556.2500000000 -131.5556793213 
720041.4375000000 -131.5851898193 
722535.3125000000 -131.6581268311 
725036.9375000000 -131.7638397217 
727548.0625000000 -131.8682098389 
730067.9375000000 -131.9966430664 
732596.5000000000 -132.0950775146 
735133.8125000000 -132.1688385010 
737679.8750000000 -132.2142028809 
740234.8125000000 -132.2369995117 
742798.5625000000 -132.2660522461 
745370.4375000000 -132.2890777588 
747952.0000000000 -132.3203430176 
750542.4375000000 -132.3938903809 
753141.9375000000 -132.5267639160 
755750.4375000000 -132.7228546143 
758367.9375000000 -132.8255310059 
760994.5000000000 -132.8472900391 
763630.1875000000 -132.8327789307 
766274.1250000000 -132.8699493408 
768928.0625000000 -132.9360809326 
771591.1875000000 -133.0077514648 
774263.5625000000 -133.1043548584 
776945.1875000000 -133.2136840820 
779636.1250000000 -133.2899780273 
782336.3750000000 -133.3402862549 
785045.9375000000 -133.3833160400 
787764.0625000000 -133.4239654541 
790492.4375000000 -133.4517364502 
793230.2500000000 -133.4860534668 
795977.5625000000 -133.5988464355 
798734.4375000000 -133.7817687988 
801500.8125000000 -133.9035797119 
804276.7500000000 -133.9418029785 
807062.3125000000 -133.9661407471 
809857.5625000000 -133.9823303223 
812661.5625000000 -133.9695587158 
815476.1875000000 -133.9807434082 
818300.5625000000 -134.0682373047 
821134.6875000000 -134.1747589111 
823978.6875000000 -134.2269897461 
826832.5000000000 -134.2346496582 
829696.1875000000 -134.2068939209 
832569.8125000000 -134.1900939941 
835452.4375000000 -134.2450103760 
838346.0000000000 -134.4261627197 
841249.5625000000 -134.6687011719 
844163.1875000000 -134.7826843262 
847086.9375000000 -134.7372589111 
850020.7500000000 -134.6698608398 
852964.7500000000 -134.6548461914 
855919.0000000000 -134.6895599365 
858882.4375000000 -134.7841339111 
861857.1875000000 -134.8786621094 
864842.1875000000 -134.9711608887 
867837.5000000000 -135.0898742676 
870843.2500000000 -135.2031250000 
873859.3750000000 -135.3184509277 
876885.9375000000 -135.4313964844 
879923.0000000000 -135.4536285400 
882969.5625000000 -135.3955688477 
886027.6875000000 -135.3861389160 
889096.4375000000 -135.4689788818 
892175.7500000000 -135.5926208496 
895265.7500000000 -135.6830749512 
898366.5000000000 -135.6972808838 
901477.9375000000 -135.7029724121 
904600.1875000000 -135.7756958008 
907732.1875000000 -135.8897857666 
910876.1250000000 -135.9694213867 
914030.8750000000 -135.9830932617 
917196.5625000000 -136.0104064941 
920373.2500000000 -136.0997009277 
923560.9375000000 -136.2199859619 
926759.6250000000 -136.2705078125 
929969.4375000000 -136.1886444092 
933189.3125000000 -136.0970916748 
936421.3750000000 -136.1701965332 
939664.6250000000 -136.4025268555 
942919.0625000000 -136.7090454102 
946184.8750000000 -136.8323822021 
949461.9375000000 -136.7834472656 
952750.3125000000 -136.7869415283 
956050.1250000000 -136.8721466064 
959360.3125000000 -136.9414215088 
962683.0000000000 -136.9710845947 
966017.2500000000 -136.9803009033 
969363.0000000000 -137.0108032227 
972720.3125000000 -137.0880279541 
976089.3125000000 -137.1946868896 
979469.9375000000 -137.3774871826 
982862.3125000000 -137.5259246826 
986265.3125000000 -137.5689086914 
989681.1875000000 -137.5764617920 
993108.9375000000 -137.5603637695 
996548.5000000000 -137.5552825928 
1000000.0000000000 -137.6584472656 
1003463.4375000000 -137.7113342285 
1006938.8750000000 -137.7658233643 
1010426.3750000000 -137.8234405518 
1013925.9375000000 -137.8816833496 
1017436.5000000000 -137.9417419434 
1020960.3750000000 -138.0024108887 
1024496.4375000000 -138.0636901855 
1028044.6875000000 -138.1236419678 
1031605.3125000000 -138.1829986572 
1035178.1875000000 -138.2383880615 
1038763.5000000000 -138.2931518555 
1042361.2500000000 -138.3465881348 
1045970.2500000000 -138.4019012451 
1049592.8750000000 -138.4583282471 
1053228.1250000000 -138.5190429688 
1056875.8750000000 -138.5800323486 
1060536.3750000000 -138.6410522461 
1064209.5000000000 -138.6988220215 
1067895.3750000000 -138.7543945313 
1071594.0000000000 -138.8054656982 
1075304.1250000000 -138.8567962646 
1079028.5000000000 -138.9095153809 
1082765.6250000000 -138.9671325684 
1086515.7500000000 -139.0274963379 
1090278.8750000000 -139.0941009521 
1094055.0000000000 -139.1608428955 
1097844.1250000000 -139.2277984619 
1101646.5000000000 -139.2905883789 
1105460.7500000000 -139.3507843018 
1109289.5000000000 -139.4046630859 
1113131.5000000000 -139.4539489746 
1116986.7500000000 -139.5001068115 
1120855.3750000000 -139.5429229736 
1124737.3750000000 -139.5891876221 
1128632.8750000000 -139.6399383545 
1132541.8750000000 -139.7104949951 
1136463.1250000000 -139.7926483154 
1140399.2500000000 -139.8941192627 
1144348.8750000000 -140.0041809082 
1148312.3750000000 -140.1128234863 
1152289.5000000000 -140.2061920166 
1156280.3750000000 -140.2723846436 
1160285.1250000000 -140.3204040527 
1164303.6250000000 -140.3388214111 
1168334.8750000000 -140.3476715088 
1172381.3750000000 -140.3510894775 
1176441.8750000000 -140.3550415039 
1180516.3750000000 -140.3631134033 
1184605.1250000000 -140.3747558594 
1188707.8750000000 -140.3936767578 
1192824.8750000000 -140.4183654785 
1196956.2500000000 -140.4476318359 
1201100.5000000000 -140.4839477539 
1205260.5000000000 -140.5251770020 
1209434.8750000000 -140.5699462891 
1213623.6250000000 -140.6193389893 
1217827.0000000000 -140.6730041504 
1222044.8750000000 -140.7298583984 
1226277.3750000000 -140.7907562256 
1230524.5000000000 -140.8562622070 
1234785.0000000000 -140.9226989746 
1239061.6250000000 -140.9894866943 
1243353.1250000000 -141.0495910645 
1247659.3750000000 -141.1029510498 
1251980.6250000000 -141.1501007080 
1256316.7500000000 -141.1901245117 
1260668.0000000000 -141.2300415039 
1265034.2500000000 -141.2729949951 
1269415.6250000000 -141.3212585449 
1273810.7500000000 -141.3804626465 
1278222.6250000000 -141.4436492920 
1282649.6250000000 -141.5085296631 
1287092.0000000000 -141.5700836182 
1291549.8750000000 -141.6204528809 
1296023.0000000000 -141.6613311768 
1300511.7500000000 -141.6928253174 
1305016.0000000000 -141.7151489258 
1309534.5000000000 -141.7359313965 
1314070.0000000000 -141.7582397461 
1318621.1250000000 -141.7843322754 
1323188.1250000000 -141.8217620850 
1327771.0000000000 -141.8727874756 
1332369.6250000000 -141.9371032715 
1336984.2500000000 -142.0145568848 
1341614.8750000000 -142.1015319824 
1346260.0000000000 -142.1811065674 
1350922.6250000000 -142.2463989258 
1355601.5000000000 -142.2924804688 
1360296.6250000000 -142.3123779297 
1365007.8750000000 -142.3162384033 
1369735.6250000000 -142.3155212402 
1374479.6250000000 -142.3164672852 
1379240.0000000000 -142.3258819580 
1384015.5000000000 -142.3513336182 
1388808.8750000000 -142.3856201172 
1393619.0000000000 -142.4245605469 
1398445.7500000000 -142.4639892578 
1403289.1250000000 -142.4989929199 
1408149.3750000000 -142.5296325684 
1413026.5000000000 -142.5609741211 
1417920.3750000000 -142.5959472656 
1422829.7500000000 -142.6362762451 
1427757.6250000000 -142.6809844971 
1432702.6250000000 -142.7226562500 
1437664.7500000000 -142.7587432861 
1442644.0000000000 -142.7907409668 
1447640.6250000000 -142.8214874268 
1452654.3750000000 -142.8546295166 
1457685.6250000000 -142.8919982910 
1462732.6250000000 -142.9307250977 
1467798.7500000000 -142.9706115723 
1472882.3750000000 -143.0123291016 
1477983.6250000000 -143.0568389893 
1483102.6250000000 -143.1044769287 
1488239.2500000000 -143.1539459229 
1493393.6250000000 -143.2030944824 
1498566.0000000000 -143.2502746582 
1503754.5000000000 -143.2932434082 
1508962.7500000000 -143.3300933838 
1514189.0000000000 -143.3603363037 
1519433.2500000000 -143.3871765137 
1524695.7500000000 -143.4168395996 
1529976.5000000000 -143.4495239258 
1535275.5000000000 -143.4819183350 
1540592.8750000000 -143.5116577148 
1545926.8750000000 -143.5394744873 
1551281.1250000000 -143.5695343018 
1556654.0000000000 -143.6069488525 
1562045.3750000000 -143.6542510986 
1567455.3750000000 -143.7077331543 
1572884.2500000000 -143.7624359131 
1578331.8750000000 -143.8132781982 
1583798.3750000000 -143.8544464111 
1589283.7500000000 -143.8817749023 
1594786.3750000000 -143.8958892822 
1600309.8750000000 -143.9036865234 
1605852.5000000000 -143.9151458740 
1611414.2500000000 -143.9353790283 
1616995.3750000000 -143.9595947266 
1622595.7500000000 -143.9802398682 
1628215.5000000000 -143.9985504150 
1633854.7500000000 -144.0203247070 
1639511.7500000000 -144.0480041504 
1645190.1250000000 -144.0766754150 
1650888.1250000000 -144.0970153809 
1656605.8750000000 -144.1027221680 
1662343.5000000000 -144.0962219238 
1668101.0000000000 -144.0878753662 
1673878.3750000000 -144.0892028809 
1679675.7500000000 -144.1056060791 
1685491.3750000000 -144.1347198486 
1691329.0000000000 -144.1715393066 
1697186.8750000000 -144.2152404785 
1703065.0000000000 -144.2710571289 
1708963.5000000000 -144.3448944092 
1714882.3750000000 -144.4332122803 
1720821.7500000000 -144.5163879395 
1726781.7500000000 -144.5680084229 
1732760.5000000000 -144.5718536377 
1738761.8750000000 -144.5344696045 
1744784.0000000000 -144.4797058105 
1750826.8750000000 -144.4326934814 
1756890.8750000000 -144.4092102051 
1762975.7500000000 -144.4144897461 
1769081.7500000000 -144.4498901367 
1775208.8750000000 -144.4956512451 
1781355.2500000000 -144.5414276123 
1787524.8750000000 -144.5844879150 
1793715.8750000000 -144.6307525635 
1799928.3750000000 -144.6839752197 
1806162.3750000000 -144.7366790771 
1812417.8750000000 -144.7736968994 
1818695.1250000000 -144.7842407227 
1824994.1250000000 -144.7691955566 
1831312.8750000000 -144.7386322021 
1837655.5000000000 -144.7055969238 
1844020.1250000000 -144.6831817627 
1850406.8750000000 -144.6825866699 
1856815.6250000000 -144.7077484131 
1863246.6250000000 -144.7501373291 
1869699.8750000000 -144.7926177979 
1876175.5000000000 -144.8215637207 
1882671.5000000000 -144.8333892822 
1889192.0000000000 -144.8229064941 
1895735.2500000000 -144.7993316650 
1902301.0000000000 -144.7975616455 
1908889.5000000000 -144.8227386475 
1915500.8750000000 -144.8710479736 
1922135.1250000000 -144.9245910645 
1928792.3750000000 -144.9666900635 
1935470.5000000000 -144.9934539795 
1942173.8750000000 -145.0100402832 
1948900.5000000000 -145.0208129883 
1955650.5000000000 -145.0275421143 
1962423.7500000000 -145.0411682129 
1969220.5000000000 -145.0704956055 
1976040.8750000000 -145.0954132080 
1982884.7500000000 -145.1154632568 
1989750.2500000000 -145.1314697266 
1996641.6250000000 -145.1495819092 
2003556.8750000000 -145.1718292236 
2010496.1250000000 -145.1943511963 
2017459.3750000000 -145.2241821289 
2024446.7500000000 -145.2540893555 
2031458.3750000000 -145.2723541260 
2038494.2500000000 -145.2848205566 
2045554.5000000000 -145.2902069092 
2052636.8750000000 -145.2900238037 
2059746.1250000000 -145.2859649658 
2066879.8750000000 -145.2867889404 
2074038.5000000000 -145.2950592041 
2081221.7500000000 -145.3097991943 
2088430.0000000000 -145.3274536133 
2095663.2500000000 -145.3411560059 
2102921.5000000000 -145.3504028320 
2110202.5000000000 -145.3711395264 
2117511.0000000000 -145.3996276855 
2124845.0000000000 -145.4185943604 
2132204.2500000000 -145.4070892334 
2139589.0000000000 -145.3497619629 
2146999.5000000000 -145.3230590820 
2154435.5000000000 -145.3514099121 
2161897.2500000000 -145.4011230469 
2169382.5000000000 -145.4677581787 
2176896.0000000000 -145.5034637451 
2184435.7500000000 -145.5070953369 
2192001.2500000000 -145.4973297119 
2199593.2500000000 -145.4625549316 
2207211.5000000000 -145.4307556152 
2214856.0000000000 -145.4308013916 
2222527.0000000000 -145.4511260986 
2230222.2500000000 -145.5039215088 
2237946.5000000000 -145.5619659424 
2245697.5000000000 -145.5955352783 
2253475.5000000000 -145.6169586182 
2261280.2500000000 -145.6152801514 
2269112.0000000000 -145.5903930664 
2276971.0000000000 -145.5777587891 
2284857.2500000000 -145.5849151611 
2292768.2500000000 -145.6357421875 
2300709.0000000000 -145.6844024658 
2308677.5000000000 -145.6853790283 
2316673.5000000000 -145.6541900635 
2324697.2500000000 -145.6355743408 
2332748.7500000000 -145.6441497803 
2340828.0000000000 -145.6752471924 
2348935.2500000000 -145.7188873291 
2357068.2500000000 -145.7579498291 
2365231.7500000000 -145.8183135986 
2373423.7500000000 -145.8558959961 
2381644.0000000000 -145.8551483154 
2389892.7500000000 -145.8217773438 
2398170.0000000000 -145.7745361328 
2406475.7500000000 -145.7474060059 
2414810.5000000000 -145.7310485840 
2423171.5000000000 -145.7449951172 
2431564.0000000000 -145.7912292480 
2439985.7500000000 -145.8356475830 
2448436.5000000000 -145.8419342041 
2456916.5000000000 -145.8160095215 
2465426.0000000000 -145.7826995850 
2473964.7500000000 -145.7624816895 
2482533.2500000000 -145.7595977783 
2491128.7500000000 -145.7787017822 
2499756.5000000000 -145.8430786133 
2508414.2500000000 -145.9103851318 
2517102.2500000000 -145.9323272705 
2525820.0000000000 -145.9357147217 
2534568.0000000000 -145.9473114014 
2543346.5000000000 -145.9726715088 
2552155.2500000000 -145.9829559326 
2560994.5000000000 -145.9694366455 
2569861.5000000000 -145.9410400391 
2578762.2500000000 -145.8955688477 
2587693.5000000000 -145.8608856201 
2596656.0000000000 -145.8738098145 
2605649.2500000000 -145.9162902832 
2614673.7500000000 -145.9604644775 
2623729.7500000000 -145.9843750000 
2632816.7500000000 -145.9667358398 
2641932.5000000000 -145.9407653809 
2651082.7500000000 -145.9620056152 
2660264.7500000000 -146.0143737793 
2669478.5000000000 -146.0522155762 
2678724.0000000000 -146.0659179688 
2688001.7500000000 -146.0611877441 
2697311.5000000000 -146.0467224121 
2706653.5000000000 -146.0148925781 
2716024.7500000000 -145.9752197266 
2725431.7500000000 -145.9612121582 
2734871.0000000000 -145.9702606201 
2744343.2500000000 -145.9742736816 
2753848.0000000000 -145.9725036621 
2763386.0000000000 -145.9824523926 
2772956.7500000000 -146.0055236816 
2782560.7500000000 -146.0172882080 
2792195.0000000000 -146.0168762207 
2801865.5000000000 -146.0158538818 
2811569.7500000000 -146.0361328125 
2821307.5000000000 -146.0808258057 
2831079.0000000000 -146.0970001221 
2840884.2500000000 -146.1035003662 
2850723.5000000000 -146.1303405762 
2860597.0000000000 -146.1627197266 
2870501.2500000000 -146.1212005615 
2880443.2500000000 -146.0380096436 
2890419.5000000000 -146.0107269287 
2900430.2500000000 -146.0837249756 
2910475.7500000000 -146.1548614502 
2920556.0000000000 -146.1800842285 
2930671.2500000000 -146.1700439453 
2940821.5000000000 -146.1560363770 
2951003.7500000000 -146.1543426514 
2961224.2500000000 -146.1601104736 
2971480.5000000000 -146.1655120850 
2981772.0000000000 -146.1409606934 
2992099.2500000000 -146.0676422119 
3002462.2500000000 -146.1840057373 
3012861.0000000000 -146.1890716553 
3023296.0000000000 -146.1867065430 
3033763.7500000000 -146.1788482666 
3044271.0000000000 -146.1678924561 
3054814.7500000000 -146.1560821533 
3065395.0000000000 -146.1449279785 
3076011.7500000000 -146.1348571777 
3086665.5000000000 -146.1252441406 
3097356.0000000000 -146.1153259277 
3108083.5000000000 -146.1052398682 
3118844.7500000000 -146.0959625244 
3129646.7500000000 -146.0890808105 
3140486.2500000000 -146.0863952637 
3151363.0000000000 -146.0892028809 
3162277.7500000000 -146.0976409912 
3173230.0000000000 -146.1104125977 
3184220.5000000000 -146.1241607666 
3195248.7500000000 -146.1357116699 
3206315.5000000000 -146.1431274414 
3217416.7500000000 -146.1457977295 
3228560.2500000000 -146.1442718506 
3239742.2500000000 -146.1398925781 
3250962.7500000000 -146.1344146729 
3262222.5000000000 -146.1297149658 
3273521.0000000000 -146.1278381348 
3284858.7500000000 -146.1308441162 
3296235.5000000000 -146.1402435303 
3307648.2500000000 -146.1562957764 
3319104.2500000000 -146.1763763428 
3330599.7500000000 -146.1963348389 
3342135.2500000000 -146.2124328613 
3353710.5000000000 -146.2227783203 
3365326.0000000000 -146.2277221680 
3376981.5000000000 -146.2287292480 
3388677.5000000000 -146.2266235352 
3400410.5000000000 -146.2205047607 
3412187.5000000000 -146.2083282471 
3424005.5000000000 -146.1889343262 
3435864.5000000000 -146.1641845703 
3447764.2500000000 -146.1393890381 
3459705.5000000000 -146.1214447021 
3471688.0000000000 -146.1154327393 
3483712.0000000000 -146.1216430664 
3495774.0000000000 -146.1348571777 
3507881.5000000000 -146.1466522217 
3520030.7500000000 -146.1498260498 
3532222.2500000000 -146.1471557617 
3544456.0000000000 -146.1343383789 
3556732.0000000000 -146.1215209961 
3569050.5000000000 -146.1183624268 
3581411.7500000000 -146.1305694580 
3593812.0000000000 -146.1574249268 
3606259.0000000000 -146.1928710938 
3618749.0000000000 -146.2290649414 
3631282.5000000000 -146.2598876953 
3643859.2500000000 -146.2902069092 
3656479.5000000000 -146.3060455322 
3669143.5000000000 -146.3087768555 
3681851.5000000000 -146.3068084717 
3694599.2500000000 -146.3017120361 
3707395.5000000000 -146.2958831787 
3720235.7500000000 -146.2918548584 
3733120.7500000000 -146.2910461426 
3746050.2500000000 -146.2928924561 
3759024.5000000000 -146.2953948975 
3772043.7500000000 -146.2965850830 
3785108.0000000000 -146.2959136963 
3798213.2500000000 -146.2942657471 
3811368.2500000000 -146.2927856445 
3824568.7500000000 -146.2915039063 
3837815.0000000000 -146.2893066406 
3851107.0000000000 -146.2821655273 
3864445.2500000000 -146.2732391357 
3877829.5000000000 -146.2690429688 
3891260.2500000000 -146.2672424316 
3904733.2500000000 -146.2666015625 
3918257.0000000000 -146.2648620605 
3931827.7500000000 -146.2600097656 
3945445.5000000000 -146.2516021729 
3959110.2500000000 -146.2413330078 
3972822.5000000000 -146.2319488525 
3986582.2500000000 -146.2388763428 
4000389.5000000000 -146.2572631836 
4014244.7500000000 -146.2824554443 
4028143.5000000000 -146.3070831299 
4042094.7500000000 -146.3221588135 
4056094.2500000000 -146.3202056885 
4070142.5000000000 -146.2787475586 
4084239.2500000000 -146.2117614746 
4098384.7500000000 -146.1665191650 
4112579.2500000000 -146.1334991455 
4126823.0000000000 -146.1183776855 
4141111.5000000000 -146.1212768555 
4155454.0000000000 -146.1493682861 
4169846.2500000000 -146.1858215332 
4184288.5000000000 -146.2087554932 
4198780.5000000000 -146.2290802002 
4213323.0000000000 -146.2469177246 
4227915.5000000000 -146.2619323730 
4242558.5000000000 -146.2752380371 
4257248.0000000000 -146.2750854492 
4271992.5000000000 -146.2647094727 
4286788.5000000000 -146.2476348877 
4301635.5000000000 -146.2261810303 
4316534.0000000000 -146.1938629150 
4331484.0000000000 -146.1721191406 
4346486.0000000000 -146.1723327637 
4361540.0000000000 -146.1880187988 
4376641.0000000000 -146.2416992188 
4391799.5000000000 -146.3138427734 
4407010.0000000000 -146.3613891602 
4422273.5000000000 -146.3999633789 
4437590.0000000000 -146.4357299805 
4452959.5000000000 -146.4559326172 
4468382.0000000000 -146.4643554688 
4483858.0000000000 -146.4693298340 
4499383.0000000000 -146.4620513916 
4514966.0000000000 -146.4348297119 
4530603.5000000000 -146.4068298340 
4546295.0000000000 -146.3678283691 
4562041.0000000000 -146.3444213867 
4577841.5000000000 -146.3412170410 
4593696.5000000000 -146.3448791504 
4609606.5000000000 -146.3591766357 
4625566.5000000000 -146.3828125000 
4641587.0000000000 -146.4079589844 
4657663.0000000000 -146.4633178711 
4673794.5000000000 -146.5326538086 
4689982.0000000000 -146.5816192627 
4706225.5000000000 -146.6440582275 
4722525.5000000000 -146.6845550537 
4738881.5000000000 -146.6924591064 
4755289.5000000000 -146.6765441895 
4771759.0000000000 -146.6406097412 
4788286.0000000000 -146.6094665527 
4804870.0000000000 -146.5567321777 
4821511.5000000000 -146.4964752197 
4838210.5000000000 -146.4305114746 
4854967.5000000000 -146.3765411377 
4871782.5000000000 -146.3612823486 
4888650.0000000000 -146.3797760010 
4905581.5000000000 -146.4278564453 
4922572.0000000000 -146.4609069824 
4939621.0000000000 -146.4726562500 
4956729.5000000000 -146.4295349121 
4973896.5000000000 -146.3379821777 
4991123.5000000000 -146.2507324219 
5008410.0000000000 -146.2175292969 
5025756.5000000000 -146.2188262939 
5043157.5000000000 -146.2626647949 
5060624.0000000000 -146.3401947021 
5078151.5000000000 -146.4338531494 
5095739.5000000000 -146.5338592529 
5113388.0000000000 -146.6240234375 
5131098.0000000000 -146.6831207275 
5148869.5000000000 -146.7096557617 
5166702.5000000000 -146.7044830322 
5184591.5000000000 -146.6641998291 
5202548.0000000000 -146.5992584229 
5220566.5000000000 -146.5257873535 
5238648.0000000000 -146.4640808105 
5256791.5000000000 -146.4259490967 
5274998.5000000000 -146.4048004150 
5293268.0000000000 -146.3992614746 
5311601.0000000000 -146.4005889893 
5329991.5000000000 -146.3989257813 
5348452.0000000000 -146.3878936768 
5366976.0000000000 -146.3725280762 
5385564.5000000000 -146.3684539795 
5404217.0000000000 -146.3885955811 
5422934.0000000000 -146.4338684082 
5441716.5000000000 -146.4658355713 
5460563.5000000000 -146.4864196777 
5479470.0000000000 -146.4960784912 
5498447.5000000000 -146.4902801514 
5517491.5000000000 -146.4741058350 
5536601.0000000000 -146.4547424316 
5555776.5000000000 -146.4411621094 
5575019.0000000000 -146.4394989014 
5594327.5000000000 -146.4539489746 
5613703.5000000000 -146.4739685059 
5633140.0000000000 -146.4866943359 
5652650.0000000000 -146.4746856689 
5672228.0000000000 -146.4226684570 
5691873.5000000000 -146.3370666504 
5711587.0000000000 -146.2976684570 
5731368.5000000000 -146.2977752686 
5751219.0000000000 -146.3141021729 
5771138.0000000000 -146.3283233643 
5791120.0000000000 -146.3469238281 
5811177.0000000000 -146.3779449463 
5831304.0000000000 -146.4311370850 
5851500.0000000000 -146.5039825439 
5871766.5000000000 -146.5384063721 
5892103.0000000000 -146.5331726074 
5912510.5000000000 -146.4543151855 
5932988.0000000000 -146.3479309082 
5953530.0000000000 -146.2429809570 
5974150.0000000000 -146.1944732666 
5994841.0000000000 -146.2530975342 
6015604.0000000000 -146.3793487549 
6036438.5000000000 -146.5533905029 
6057345.5000000000 -146.6568145752 
6078325.0000000000 -146.6752777100 
6099377.0000000000 -146.6431121826 
6120495.0000000000 -146.5518493652 
6141693.0000000000 -146.4662780762 
6162964.5000000000 -146.3966369629 
6184310.0000000000 -146.3629150391 
6205729.0000000000 -146.4022216797 
6227222.0000000000 -146.4772186279 
6248790.0000000000 -146.5298767090 
6270432.0000000000 -146.5557098389 
6292142.5000000000 -146.5340728760 
6313935.0000000000 -146.4555969238 
6335803.0000000000 -146.3907775879 
6357747.0000000000 -146.3546905518 
6379767.0000000000 -146.3599700928 
6401863.0000000000 -146.4080963135 
6424035.5000000000 -146.4757690430 
6446284.5000000000 -146.5368194580 
6468611.0000000000 -146.5994567871 
6491007.5000000000 -146.6541595459 
6513489.0000000000 -146.6510314941 
6536048.0000000000 -146.6088867188 
6558685.5000000000 -146.5656280518 
6581401.0000000000 -146.5348663330 
6604195.5000000000 -146.5121612549 
6627069.0000000000 -146.4797668457 
6650021.5000000000 -146.4224090576 
6673046.0000000000 -146.3618927002 
6696158.0000000000 -146.3197937012 
6719350.0000000000 -146.2994842529 
6742622.0000000000 -146.2749481201 
6765974.5000000000 -146.2393798828 
6789408.5000000000 -146.2346343994 
6812923.0000000000 -146.2869110107 
6836519.5000000000 -146.3695373535 
6860190.0000000000 -146.4319763184 
6883950.0000000000 -146.4890747070 
6907792.0000000000 -146.5533752441 
6931717.0000000000 -146.5770874023 
6955724.5000000000 -146.5202026367 
6979815.5000000000 -146.4049682617 
7003989.5000000000 -146.3412170410 
7028247.5000000000 -146.4048461914 
7052582.0000000000 -146.5337371826 
7077008.0000000000 -146.6002655029 
7101519.0000000000 -146.5684356689 
7126115.0000000000 -146.5019378662 
7150796.0000000000 -146.4498443604 
7175562.5000000000 -146.4097747803 
7200414.5000000000 -146.3723602295 
7225353.0000000000 -146.3595275879 
7250369.5000000000 -146.3980102539 
7275481.0000000000 -146.4707336426 
7300679.0000000000 -146.4966430664 
7325965.0000000000 -146.5028686523 
7351338.0000000000 -146.5319061279 
7376799.0000000000 -146.5738372803 
7402348.0000000000 -146.6035308838 
7427986.0000000000 -146.6009216309 
7453704.0000000000 -146.5533599854 
7479519.5000000000 -146.4542083740 
7505424.5000000000 -146.3211212158 
7531419.5000000000 -146.1994781494 
7557504.0000000000 -146.1887054443 
7583679.0000000000 -146.2365264893 
7609945.0000000000 -146.2744598389 
7636301.5000000000 -146.2888336182 
7662741.0000000000 -146.3168182373 
7689280.5000000000 -146.3955993652 
7715912.0000000000 -146.5117797852 
7742636.0000000000 -146.5383605957 
7769452.0000000000 -146.4753112793 
7796361.5000000000 -146.3828277588 
7823363.5000000000 -146.2956390381 
7850459.5000000000 -146.2541961670 
7877640.5000000000 -146.3362274170 
7904924.5000000000 -146.4645690918 
7932302.5000000000 -146.5442810059 
7959776.0000000000 -146.4930267334 
7987344.0000000000 -146.3710937500 
8015008.0000000000 -146.3323059082 
8042767.5000000000 -146.3834228516 
8070623.5000000000 -146.4200439453 
8098575.5000000000 -146.3802947998 
8126615.5000000000 -146.3205871582 
8154762.0000000000 -146.3130340576 
8183005.5000000000 -146.3982238770 
8211347.0000000000 -146.4932250977 
8239786.5000000000 -146.5523834229 
8268325.0000000000 -146.5586700439 
8296961.5000000000 -146.5710449219 
8325698.0000000000 -146.5779113770 
8354524.5000000000 -146.5521240234 
8383460.0000000000 -146.5352325439 
8412496.0000000000 -146.5207977295 
8441632.0000000000 -146.4921417236 
8470869.0000000000 -146.4680328369 
8500208.0000000000 -146.4590759277 
8529648.0000000000 -146.4416961670 
8559190.0000000000 -146.3845520020 
8588825.0000000000 -146.3183746338 
8618572.0000000000 -146.2887878418 
8648422.0000000000 -146.3026885986 
8678375.0000000000 -146.3622283936 
8708432.0000000000 -146.4163513184 
8738593.0000000000 -146.3934326172 
8768859.0000000000 -146.3462219238 
8799230.0000000000 -146.3512115479 
8829696.0000000000 -146.3957824707 
8860277.0000000000 -146.4723510742 
8890964.0000000000 -146.5462799072 
8921758.0000000000 -146.5164947510 
8952658.0000000000 -146.3877258301 
8983665.0000000000 -146.2914581299 
9014779.0000000000 -146.3176727295 
9046002.0000000000 -146.4295196533 
9077322.0000000000 -146.4931182861 
9108761.0000000000 -146.4090423584 
9140309.0000000000 -146.2321929932 
9171966.0000000000 -146.1558837891 
9203732.0000000000 -146.1721038818 
9235609.0000000000 -146.2312622070 
9267596.0000000000 -146.3130340576 
9299694.0000000000 -146.4550476074 
9331893.0000000000 -146.5284423828 
9364214.0000000000 -146.4444427490 
9396646.0000000000 -146.3288726807 
9429191.0000000000 -146.3299255371 
9461849.0000000000 -146.3661804199 
9494619.0000000000 -146.3486175537 
9527503.0000000000 -146.2663421631 
9560501.0000000000 -146.2063140869 
9593603.0000000000 -146.2805786133 
9626830.0000000000 -146.3998718262 
9660172.0000000000 -146.4246826172 
9693630.0000000000 -146.3687744141 
9727203.0000000000 -146.4042510986 
9760893.0000000000 -146.5045318604 
9794699.0000000000 -146.5689697266 
9828623.0000000000 -146.5963592529 
9862653.0000000000 -146.5552825928 
9896812.0000000000 -146.4362030029 
9931089.0000000000 -146.3755035400 
9965485.0000000000 -146.3815460205 
10000000.0000000000 -146.4034576416 
%Trace 2 
%Trace Mode VIEW 
%Trace Result PN 
%Smoothing OFF 
%Smoothing Value 1.0000000000 %
%Spurious Removal OFF 
%Spurious Removal Threshold 6.0000000000 dB
%Trace Offset OFF 
%Trace Offset 0.0000000000 dB
%Trace Label OFF 
%Trace Label Trace 2 
%x-Unit Hz 
%y-Unit dBc/Hz 
%Values 4663 
1.0000000000 -82.4341049194 
1.0034632683 -82.3593673706 
1.0069385767 -82.3136291504 
1.0104259253 -82.2678985596 
1.0139254332 -82.2221679688 
1.0174369812 -82.1796264648 
1.0209606886 -82.1948242188 
1.0244965553 -82.2100219727 
1.0280447006 -82.2252197266 
1.0316051245 -82.2404174805 
1.0351779461 -82.2801361084 
1.0387630463 -82.3385086060 
1.0423606634 -82.3968734741 
1.0459706783 -82.4552459717 
1.0495932102 -82.5189743042 
1.0532282591 -82.6126251221 
1.0568759441 -82.7062683105 
1.0605362654 -82.7999191284 
1.0642092228 -82.8935699463 
1.0678949356 -83.0171737671 
1.0715934038 -83.1481475830 
1.0753046274 -83.2791213989 
1.0790288448 -83.4101028442 
1.0827658176 -83.5601043701 
1.0865157843 -83.7278518677 
1.0902787447 -83.8955993652 
1.0940546989 -84.0633544922 
1.0978437662 -84.2361907959 
1.1016459465 -84.4212341309 
1.1054613590 -84.6062698364 
1.1092898846 -84.7913131714 
1.1131316423 -84.9718093872 
1.1169868708 -85.1227111816 
1.1208553314 -85.2736129761 
1.1247371435 -85.4245147705 
1.1286325455 -85.5726928711 
1.1325412989 -85.6335296631 
1.1364636421 -85.6943588257 
1.1403995752 -85.7551879883 
1.1443492174 -85.8160247803 
1.1483124495 -85.7880096436 
1.1522893906 -85.7586212158 
1.1562801600 -85.7292327881 
1.1602846384 -85.6998519897 
1.1643031836 -85.6185836792 
1.1683354378 -85.5370635986 
1.1723817587 -85.4555511475 
1.1764421463 -85.3735885620 
1.1805164814 -85.2846527100 
1.1846050024 -85.1957092285 
1.1887077093 -85.1067733765 
1.1928246021 -85.0255203247 
1.1969556808 -84.9798965454 
1.2011011839 -84.9342727661 
1.2052608728 -84.8886489868 
1.2094351053 -84.8708114624 
1.2136237621 -84.9054183960 
1.2178269625 -84.9400253296 
1.2220447063 -84.9746322632 
1.2262769938 -85.0598144531 
1.2305239439 -85.1838531494 
1.2347856760 -85.3078918457 
1.2390621901 -85.4319381714 
1.2433534861 -85.6169586182 
1.2476595640 -85.8141860962 
1.2519805431 -86.0114059448 
1.2563166618 -86.2144927979 
1.2606676817 -86.4510879517 
1.2650337219 -86.6876754761 
1.2694149017 -86.9242630005 
1.2738113403 -87.1607055664 
1.2782229185 -87.3970031738 
1.2826498747 -87.6333007813 
1.2870920897 -87.8695983887 
1.2915496826 -88.0702590942 
1.2960226536 -88.2677078247 
1.3005112410 -88.4651565552 
1.3050153255 -88.6299591064 
1.3095350266 -88.7387542725 
1.3140703440 -88.8475418091 
1.3186213970 -88.9563293457 
1.3231881857 -88.9420089722 
1.3277708292 -88.9080276489 
1.3323693275 -88.8740463257 
1.3369836807 -88.7839736938 
1.3416141272 -88.6091461182 
1.3462605476 -88.4343261719 
1.3509230614 -88.2595062256 
1.3556017876 -88.0083465576 
1.3602966070 -87.7552642822 
1.3650077581 -87.5021743774 
1.3697352409 -87.2440643311 
1.3744791746 -86.9825057983 
1.3792393208 -86.7209625244 
1.3840161562 -86.4690246582 
1.3888094425 -86.2461929321 
1.3936192989 -86.0233612061 
1.3984458447 -85.8005294800 
1.4032890797 -85.6260452271 
1.4081491232 -85.4544982910 
1.4130259752 -85.2829437256 
1.4179197550 -85.1336212158 
1.4228304625 -84.9950180054 
1.4277582169 -84.8564224243 
1.4327028990 -84.7208404541 
1.4376648664 -84.5890426636 
1.4426438808 -84.4572448730 
1.4476402998 -84.3257141113 
1.4526538849 -84.1950149536 
1.4576849937 -84.0643005371 
1.4627333879 -83.9353713989 
1.4677993059 -83.8253707886 
1.4728827477 -83.7153625488 
1.4779838324 -83.6053619385 
1.4831025600 -83.5416564941 
1.4882389307 -83.4799499512 
1.4933931828 -83.4182357788 
1.4985653162 -83.4169158936 
1.5037553310 -83.4250183105 
1.5089633465 -83.4331130981 
1.5141893625 -83.5072174072 
1.5194333792 -83.5973739624 
1.5246957541 -83.6875381470 
1.5299762487 -83.8430252075 
1.5352749825 -84.0174179077 
1.5405921936 -84.1918106079 
1.5459277630 -84.4206619263 
1.5512818098 -84.6650161743 
1.5566543341 -84.9093704224 
1.5620455742 -85.1763763428 
1.5674554110 -85.4486312866 
1.5728839636 -85.7208862305 
1.5783313513 -85.9564514160 
1.5837976933 -86.1867904663 
1.5892828703 -86.4171295166 
1.5947870016 -86.5505828857 
1.6003103256 -86.6808700562 
1.6058527231 -86.8029479980 
1.6114143133 -86.8422241211 
1.6169950962 -86.8815078735 
1.6225953102 -86.9145202637 
1.6282148361 -86.9277420044 
1.6338539124 -86.9409637451 
1.6395124197 -86.9673004150 
1.6451905966 -87.0118560791 
1.6508884430 -87.0564117432 
1.6566059589 -87.1276016235 
1.6623432636 -87.2148284912 
1.6681005955 -87.3020629883 
1.6738777161 -87.3950424194 
1.6796748638 -87.4889831543 
1.6854921579 -87.5774383545 
1.6913294792 -87.6235427856 
1.6971870661 -87.6696472168 
1.7030650377 -87.6890258789 
1.7089632750 -87.6680908203 
1.7148818970 -87.6471557617 
1.7208211422 -87.6127395630 
1.7267808914 -87.5727615356 
1.7327612638 -87.5355072021 
1.7387623787 -87.5599746704 
1.7447843552 -87.5844421387 
1.7508270741 -87.6620483398 
1.7568907738 -87.8191070557 
1.7629753351 -87.9761581421 
1.7690811157 -88.2562484741 
1.7752079964 -88.5703964233 
1.7813560963 -88.9065856934 
1.7875255346 -89.3373184204 
1.7937163115 -89.7680435181 
1.7999285460 -90.1908111572 
1.8061622381 -90.6086425781 
1.8124175072 -91.0130691528 
1.8186944723 -91.2383193970 
1.8249932528 -91.4635696411 
1.8313137293 -91.5387802124 
1.8376561403 -91.4879760742 
1.8440206051 -91.4281616211 
1.8504070044 -91.1477203369 
1.8568155766 -90.8672714233 
1.8632462025 -90.4946136475 
1.8696992397 -90.0484466553 
1.8761746883 -89.5924224854 
1.8826724291 -89.0423278809 
1.8891928196 -88.4922180176 
1.8957357407 -87.9285278320 
1.9023011923 -87.3576660156 
1.9088895321 -86.8009033203 
1.9155006409 -86.2904510498 
1.9221346378 -85.7800064087 
1.9287915230 -85.3631896973 
1.9354715347 -84.9651107788 
1.9421746731 -84.6283874512 
1.9489010572 -84.3658599854 
1.9556506872 -84.1165618896 
1.9624238014 -83.9986648560 
1.9692202806 -83.8807678223 
1.9760403633 -83.8776779175 
1.9828839302 -83.9129638672 
1.9897513390 -84.0196685791 
1.9966424704 -84.2225189209 
2.0035574436 -84.4478988647 
2.0104963779 -84.8362731934 
2.0174593925 -85.2246551514 
2.0244464874 -85.7775421143 
2.0314579010 -86.3629302979 
2.0384933949 -87.0502395630 
2.0455532074 -87.8155746460 
2.0526378155 -88.6077728271 
2.0597467422 -89.4581680298 
2.0668802261 -90.2952346802 
2.0740385056 -90.9829940796 
2.0812215805 -91.6707534790 
2.0884294510 -91.9380798340 
2.0956623554 -92.1401443481 
2.1029202938 -92.0036392212 
2.1102032661 -91.6973724365 
2.1175117493 -91.2841033936 
2.1248455048 -90.7563705444 
2.1322045326 -90.2359848022 
2.1395888329 -89.7314376831 
2.1469991207 -89.2510528564 
2.1544346809 -88.8921890259 
2.1618962288 -88.5394897461 
2.1693835258 -88.3778228760 
2.1768968105 -88.2161560059 
2.1844360828 -88.2424774170 
2.1920015812 -88.2868576050 
2.1995930672 -88.4746246338 
2.2072110176 -88.6962890625 
2.2148551941 -88.9942321777 
2.2225260735 -89.3217773438 
2.2302234173 -89.6440200806 
2.2379472256 -89.9633560181 
2.2456979752 -90.2099990845 
2.2534756660 -90.4057769775 
2.2612800598 -90.5210494995 
2.2691116333 -90.5689010620 
2.2769701481 -90.5850296021 
2.2848560810 -90.5712203979 
2.2927691936 -90.5693893433 
2.3007099628 -90.5795822144 
2.3086779118 -90.5826416016 
2.3166735172 -90.5784683228 
2.3246970177 -90.3907623291 
2.3327481747 -90.0261993408 
2.3408272266 -89.1472549438 
2.3489341736 -87.8210983276 
2.3570692539 -86.0753784180 
2.3652327061 -84.0182342529 
2.3734242916 -81.9732742310 
2.3816442490 -79.9355239868 
2.3898925781 -78.1434631348 
2.3981695175 -76.4609527588 
2.4064753056 -75.1101608276 
2.4148097038 -73.8587188721 
2.4231729507 -72.9843673706 
2.4315650463 -72.1711578369 
2.4399862289 -71.7767868042 
2.4484367371 -71.4326934814 
2.4569165707 -71.4887542725 
2.4654254913 -71.6364746094 
2.4739642143 -72.1345748901 
2.4825322628 -72.7909469604 
2.4911301136 -73.7448272705 
2.4997575283 -74.9319915771 
2.5084149837 -76.3532562256 
2.5171024799 -78.0634078979 
2.5258200169 -79.9206314087 
2.5345678329 -81.9488067627 
2.5433456898 -83.9985351563 
2.5521540642 -85.5859298706 
2.5609929562 -86.9705047607 
2.5698626041 -87.6453247070 
2.5787627697 -88.1544189453 
2.5876939297 -88.4450149536 
2.5966558456 -88.7657165527 
2.6056489944 -89.1025390625 
2.6146731377 -89.5259552002 
2.6237285137 -89.9604110718 
2.6328153610 -90.3911972046 
2.6419336796 -90.7728424072 
2.6510834694 -91.0730209351 
2.6602649689 -91.2611770630 
2.6694786549 -91.3860778809 
2.6787238121 -91.4044036865 
2.6880011559 -91.4053344727 
2.6973104477 -91.3768692017 
2.7066521645 -91.3543167114 
2.7160260677 -91.3379440308 
2.7254326344 -91.3522338867 
2.7348716259 -91.3807449341 
2.7443432808 -91.4614028931 
2.7538478374 -91.5693130493 
2.7633852959 -91.7134017944 
2.7729558945 -91.8768768311 
2.7825593948 -92.0359802246 
2.7921962738 -92.1063308716 
2.8018665314 -92.0487670898 
2.8115704060 -91.8391265869 
2.8213076591 -91.3815917969 
2.8310787678 -90.8505783081 
2.8408837318 -90.2406997681 
2.8507225513 -89.6989135742 
2.8605954647 -89.2088851929 
2.8705027103 -88.9435043335 
2.8804440498 -88.7805175781 
2.8904199600 -88.7856063843 
2.9004304409 -88.9445877075 
2.9104754925 -89.1569137573 
2.9205553532 -89.3924407959 
2.9306702614 -89.4819946289 
2.9408199787 -89.4622039795 
2.9510049820 -89.0825042725 
2.9612252712 -88.6214294434 
2.9714810848 -88.0695343018 
2.9817721844 -87.6261138916 
2.9920992851 -87.3018798828 
3.0024619102 -87.1577377319 
3.0128602982 -87.3106689453 
3.0232946873 -87.6276092529 
3.0337653160 -88.1787643433 
3.0442721844 -88.9475631714 
3.0548155308 -89.8038711548 
3.0653953552 -90.7414016724 
3.0760118961 -91.5664291382 
3.0866649151 -92.2405242920 
3.0973551273 -92.6230621338 
3.1080822945 -92.6304397583 
3.1188464165 -92.4541244507 
3.1296479702 -92.0854034424 
3.1404869556 -91.6303863525 
3.1513633728 -91.1679687500 
3.1622776985 -90.7171173096 
3.1732296944 -90.3608169556 
3.1842195988 -90.0836944580 
3.1952474117 -89.8905258179 
3.2063136101 -89.8518753052 
3.2174181938 -89.8941802979 
3.2285611629 -90.0011672974 
3.2397425175 -90.1627502441 
3.2509627342 -90.2983856201 
3.2622220516 -90.3849716187 
3.2735199928 -90.3927841187 
3.2848572731 -90.2910537720 
3.2962338924 -90.1676330566 
3.3076496124 -90.0425491333 
3.3191051483 -89.9826965332 
3.3306002617 -90.0131759644 
3.3421351910 -90.1106872559 
3.3537099361 -90.2712097168 
3.3653249741 -90.4852447510 
3.3769800663 -90.7232513428 
3.3886756897 -90.9939193726 
3.4004118443 -91.3155670166 
3.4121885300 -91.7149581909 
3.4240059853 -92.1062164307 
3.4358644485 -92.4192199707 
3.4477639198 -92.5001449585 
3.4597046375 -92.1778259277 
3.4716866016 -91.6487426758 
3.4837102890 -90.9917526245 
3.4957754612 -90.3206558228 
3.5078823566 -89.7968139648 
3.5200312138 -89.4515457153 
3.5322222710 -89.3125000000 
3.5444555283 -89.4045257568 
3.5567314625 -89.8043060303 
3.5690495968 -90.3325500488 
3.5814104080 -90.8943328857 
3.5938138962 -91.3933868408 
3.6062602997 -91.6692047119 
3.6187500954 -91.7070617676 
3.6312828064 -91.6040344238 
3.6438591480 -91.3952026367 
3.6564791203 -91.1076354980 
3.6691424847 -90.7292251587 
3.6818499565 -90.3043518066 
3.6946012974 -89.8822555542 
3.7073969841 -89.5033645630 
3.7202367783 -89.2048034668 
3.7331211567 -89.0299606323 
3.7460501194 -88.9498138428 
3.7590239048 -88.9316101074 
3.7720425129 -88.9635162354 
3.7851064205 -89.0472259521 
3.7982153893 -89.2127304077 
3.8113698959 -89.5352554321 
3.8245697021 -90.0068206787 
3.8378155231 -90.5861892700 
3.8511071205 -91.1818542480 
3.8644447327 -91.6626586914 
3.8778283596 -91.8622207642 
3.8912587166 -91.7018051147 
3.9047353268 -91.3872909546 
3.9182586670 -91.0286788940 
3.9318287373 -90.6744308472 
3.9454460144 -90.3255004883 
3.9591102600 -89.9631729126 
3.9728219509 -89.5979843140 
3.9865810871 -89.2975463867 
4.0003876686 -89.1076202393 
4.0142426491 -89.0480422974 
4.0281448364 -89.1218872070 
4.0420956612 -89.3280029297 
4.0560946465 -89.6733627319 
4.0701422691 -90.1804885864 
4.0842385292 -90.8921356201 
4.0983834267 -91.8167724609 
4.1125774384 -92.8410186768 
4.1268205643 -93.7265090942 
4.1411132813 -94.1575546265 
4.1554551125 -93.9965362549 
4.1698470116 -93.3990478516 
4.1842885017 -92.6906280518 
4.1987800598 -92.1273574829 
4.2133216858 -91.8315582275 
4.2279138565 -91.8561019897 
4.2425560951 -92.2586441040 
4.2572493553 -92.9903030396 
4.2719936371 -93.9189987183 
4.2867889404 -94.7218551636 
4.3016357422 -95.0273742676 
4.3165335655 -94.7719955444 
4.3314828873 -94.2258911133 
4.3464841843 -93.7150802612 
4.3615374565 -93.4194107056 
4.3766427040 -93.3718109131 
4.3918004036 -93.5078735352 
4.4070110321 -93.6782531738 
4.4222736359 -93.6612472534 
4.4375896454 -93.2662353516 
4.4529581070 -92.5222091675 
4.4683809280 -91.6942520142 
4.4838562012 -91.0658493042 
4.4993853569 -90.8121566772 
4.5149679184 -91.0044174194 
4.5306048393 -91.6144409180 
4.5462956429 -92.4598159790 
4.5620408058 -93.1134490967 
4.5778408051 -93.0643005371 
4.5936951637 -92.2494049072 
4.6096048355 -91.0761718750 
4.6255693436 -89.9266281128 
4.6415891647 -89.0442047119 
4.6576642990 -88.5271987915 
4.6737952232 -88.4151077271 
4.6899819374 -88.7256240845 
4.7062249184 -89.4506072998 
4.7225241661 -90.5059967041 
4.7388796806 -91.6339950562 
4.7552919388 -92.3750915527 
4.7717609406 -92.4343719482 
4.7882871628 -92.0427398682 
4.8048706055 -91.4316482544 
4.8215112686 -90.2406616211 
4.8382096291 -87.9719848633 
4.8549661636 -85.1421737671 
4.8717803955 -81.5456314087 
4.8886528015 -79.5899810791 
4.9055838585 -79.2690963745 
4.9225735664 -79.7405014038 
4.9396219254 -80.9963150024 
4.9567294121 -83.0052108765 
4.9738960266 -85.6511077881 
4.9911222458 -88.6011352539 
5.0084080696 -91.2712402344 
5.0257534981 -93.3745727539 
5.0431594849 -95.2882080078 
5.0606255531 -97.1778182983 
5.0781521797 -97.2069015503 
5.0957393646 -94.8032226563 
5.1133875847 -93.2192077637 
5.1310968399 -92.0582351685 
5.1488671303 -91.3244552612 
5.1666994095 -90.9480209351 
5.1845936775 -90.8045883179 
5.2025494576 -90.7462615967 
5.2205672264 -90.6786041260 
5.2386479378 -90.7847671509 
5.2567911148 -91.0893249512 
5.2749967575 -91.5639724731 
5.2932658195 -92.1415405273 
5.3115983009 -92.7249755859 
5.3299937248 -93.1900329590 
5.3484535217 -93.5243835449 
5.3669767380 -93.3434829712 
5.3855643272 -92.5041046143 
5.4042162895 -91.4648742676 
5.4229326248 -90.6849060059 
5.4417138100 -90.2554016113 
5.4605603218 -90.0992126465 
5.4794721603 -90.2625045776 
5.4984493256 -90.5811462402 
5.5174922943 -91.0356369019 
5.5366010666 -91.4777450562 
5.5557761192 -91.5202713013 
5.5750174522 -90.6764831543 
5.5943255424 -89.7586059570 
5.6137003899 -88.9575042725 
5.6331429482 -88.5046005249 
5.6526522636 -88.9213485718 
5.6722292900 -89.5592651367 
5.6918740273 -89.9407501221 
5.7115869522 -89.5679168701 
5.7313680649 -87.9937057495 
5.7512173653 -86.7336044312 
5.7711358070 -86.4324340820 
5.7911229134 -86.5792999268 
5.8111796379 -87.3270339966 
5.8313055038 -87.8983764648 
5.8515009880 -87.7427291870 
5.8717665672 -87.2234497070 
5.8921022415 -87.1642990112 
5.9125084877 -87.5722885132 
5.9329853058 -88.0732116699 
5.9535331726 -88.0304718018 
5.9741520882 -87.1677093506 
5.9948425293 -86.6903381348 
6.0156044960 -86.9874420166 
6.0364384651 -88.5807418823 
6.0573449135 -90.5424270630 
6.0783233643 -94.4367523193 
6.0993742943 -98.6352310181 
6.1204986572 -100.1910781860 
6.1416954994 -103.0910415649 
6.1629662514 -98.8757095337 
6.1843104362 -97.1262817383 
6.2057290077 -95.3536453247 
6.2272214890 -93.5346069336 
6.2487878799 -92.5900497437 
6.2704296112 -91.7346038818 
6.2921462059 -90.6519622803 
6.3139376640 -89.4070892334 
6.3358049393 -87.3277206421 
6.3577480316 -86.0993652344 
6.3797669411 -86.4594192505 
6.4018621445 -88.3767929077 
6.4240336418 -90.8676528931 
6.4462819099 -94.6157531738 
6.4686074257 -93.2745971680 
6.4910101891 -92.7414093018 
6.5134906769 -92.6383056641 
6.5360488892 -92.1099624634 
6.5586853027 -91.2794036865 
6.5814003944 -90.9212722778 
6.6041936874 -91.7577667236 
6.6270661354 -94.8750076294 
6.6500177383 -99.2243804932 
6.6730489731 -96.0674819946 
6.6961598396 -92.9834823608 
6.7193508148 -90.2693939209 
6.7426218987 -89.3504867554 
6.7659740448 -89.3075561523 
6.7894062996 -90.0510559082 
6.8129205704 -90.5002822876 
6.8365159035 -90.7228927612 
6.8601927757 -91.1727828979 
6.8839516640 -91.5968933105 
6.9077930450 -92.2796554565 
6.9317169189 -94.0881347656 
6.9557237625 -98.2969131470 
6.9798135757 -94.9759521484 
7.0039868355 -91.1396179199 
7.0282440186 -89.1081314087 
7.0525846481 -88.8859710693 
7.0770101547 -90.2625274658 
7.1015210152 -91.0467987061 
7.1261157990 -90.5270309448 
7.1507959366 -89.9970016479 
7.1755614281 -90.1304626465 
7.2004127502 -90.4717636108 
7.2253499031 -90.0970306396 
7.2503733635 -89.0688705444 
7.2754840851 -87.0429992676 
7.3006811142 -82.6111068726 
7.3259658813 -79.6081695557 
7.3513379097 -77.9684906006 
7.3767981529 -77.8165283203 
7.4023461342 -79.4161834717 
7.4279828072 -83.6736221313 
7.4537081718 -88.0475006104 
7.4795227051 -90.5451736450 
7.5054268837 -90.3509826660 
7.5314202309 -89.6702346802 
7.5575041771 -89.5764694214 
7.5836782455 -89.7474822998 
7.6099429131 -89.8616943359 
7.6362986565 -90.2158813477 
7.6627454758 -90.5344924927 
7.6892838478 -90.1170196533 
7.7159142494 -89.3013992310 
7.7426371574 -89.5011901855 
7.7694520950 -90.7384033203 
7.7963600159 -92.0216369629 
7.8233613968 -91.2363052368 
7.8504562378 -90.3951873779 
7.8776450157 -89.8748703003 
7.9049277306 -89.8134536743 
7.9323048592 -90.0079803467 
7.9597768784 -89.6192169189 
7.9873442650 -88.8992004395 
8.0150070190 -89.2402496338 
8.0427656174 -89.6325073242 
8.0706205368 -89.2700042725 
8.0985708237 -89.3546676636 
8.1266193390 -90.8050384521 
8.1547641754 -91.6437225342 
8.1830062866 -91.3654937744 
8.2113466263 -90.9558563232 
8.2397851944 -90.6987686157 
8.2683229446 -90.6358718872 
8.2969579697 -90.8375778198 
8.3256931305 -90.5726470947 
8.3545274734 -89.6015701294 
8.3834619522 -89.3021545410 
8.4124965668 -90.3481369019 
8.4416322708 -92.4588394165 
8.4708681107 -94.0639266968 
8.5002050400 -94.4177169800 
8.5296440125 -92.6294174194 
8.5591850281 -90.3478622437 
8.5888280869 -89.4737091064 
8.6185741425 -90.1989059448 
8.6484231949 -91.9990921021 
8.6783752441 -93.5616989136 
8.7084312439 -93.6914672852 
8.7385911942 -91.8272857666 
8.7688560486 -90.7407760620 
8.7992248535 -91.1970825195 
8.8296995163 -92.2718734741 
8.8602790833 -91.9393081665 
8.8909654617 -90.2609176636 
8.9217586517 -89.6379776001 
8.9526576996 -90.0587921143 
8.9836635590 -90.3291702271 
9.0147771835 -90.3741226196 
9.0459976196 -90.1497268677 
9.0773267746 -90.1245422363 
9.1087646484 -91.0132064819 
9.1403112411 -91.9335479736 
9.1719665527 -91.9108352661 
9.2037324905 -91.9160461426 
9.2356081009 -92.4054565430 
9.2675933838 -93.1064453125 
9.2996902466 -94.3532714844 
9.3318977356 -95.0351104736 
9.3642177582 -93.6593933105 
9.3966484070 -92.4708175659 
9.4291925430 -92.4288406372 
9.4618482590 -92.2720565796 
9.4946174622 -91.5164489746 
9.5275011063 -91.1918640137 
9.5604972839 -91.2521362305 
9.5936088562 -91.5956878662 
9.6268339157 -92.1967315674 
9.6601753235 -92.7685470581 
9.6936311722 -93.1336669922 
9.7272033691 -87.1975860596 
9.7608919144 -79.6630859375 
9.7946968079 -76.2165451050 
9.8286190033 -75.8674011230 
9.8626585007 -78.6573944092 
9.8968162537 -84.7907333374 
9.9310922623 -92.5952377319 
9.9654865265 -90.3924865723 
10.0000000000 -84.9432678223 
10.0346345901 -86.5120239258 
10.0693864822 -88.1243972778 
10.1042613983 -89.7564926147 
10.1392536163 -90.9504623413 
10.1743707657 -92.0404891968 
10.2096061707 -92.4757537842 
10.2449674606 -92.8285369873 
10.2804470062 -92.9341659546 
10.3160533905 -93.0308609009 
10.3517789841 -93.1169967651 
10.3876323700 -93.2360992432 
10.4236068726 -93.3707275391 
10.4597082138 -93.4408035278 
10.4959316254 -93.4704055786 
10.5322837830 -93.3096389771 
10.5687589645 -93.0717010498 
10.6053638458 -92.7200164795 
10.6420917511 -92.3738250732 
10.6789503098 -92.0303115845 
10.7159337997 -91.8411254883 
10.7530479431 -91.7051620483 
10.7902870178 -91.7198867798 
10.8276586533 -91.8030776978 
10.8651571274 -91.9501419067 
10.9027881622 -92.1421279907 
10.9405460358 -92.3478775024 
10.9784383774 -92.5793151855 
11.0164585114 -92.8281784058 
11.0546140671 -93.0977554321 
11.0928983688 -93.3591156006 
11.1313180923 -93.6016540527 
11.1698675156 -93.7354431152 
11.2085533142 -93.7974395752 
11.2473707199 -93.7831573486 
11.2863254547 -93.7825851440 
11.3254127502 -93.8314743042 
11.3646373749 -94.0502777100 
11.4039955139 -94.4462509155 
11.4434919357 -94.9622344971 
11.4831228256 -95.6613159180 
11.5228948593 -96.3028488159 
11.5628004074 -96.8466873169 
11.6028470993 -96.9525604248 
11.6430301666 -96.8216705322 
11.6833553314 -96.2241821289 
11.7238168716 -95.4444046021 
11.7644214630 -94.5562667847 
11.8051643372 -93.6659240723 
11.8460512161 -92.8376388550 
11.8870754242 -92.0713882446 
11.9282464981 -91.2587051392 
11.9695558548 -90.2547836304 
12.0110120773 -88.9757232666 
12.0526084900 -87.3231430054 
12.0943517685 -85.6623840332 
12.1362361908 -84.0894088745 
12.1782703400 -82.9591217041 
12.2204456329 -82.1382904053 
12.2627706528 -81.7843246460 
12.3052387238 -82.0265502930 
12.3478574753 -82.6413116455 
12.3906202316 -83.7594451904 
12.4335346222 -85.4524154663 
12.4765939713 -87.4082717896 
12.5198059082 -89.6345977783 
12.5631647110 -91.5548782349 
12.6066761017 -93.0131454468 
12.6503391266 -93.8833847046 
12.6941490173 -94.1939849854 
12.7381153107 -94.4239196777 
12.7822294235 -94.5949249268 
12.8264999390 -94.7144851685 
12.8709201813 -94.7758407593 
12.9154977798 -94.7811355591 
12.9602270126 -94.6996688843 
13.0051136017 -94.5174713135 
13.0501527786 -94.2700271606 
13.0953512192 -93.9585876465 
13.1407032013 -93.6699142456 
13.1862154007 -93.4742050171 
13.2318820953 -93.3876571655 
13.2777099609 -93.4859695435 
13.3236923218 -93.7276077271 
13.3698387146 -94.0509719849 
13.4161405563 -94.4371795654 
13.4626073837 -94.8605270386 
13.5092306137 -95.2749938965 
13.5560188293 -95.6481857300 
13.6029663086 -95.9338989258 
13.6500797272 -95.9377593994 
13.6973524094 -95.7125244141 
13.7447919846 -95.2980346680 
13.7923927307 -94.7523880005 
13.8401622772 -94.2803497314 
13.8880929947 -93.9620056152 
13.9361934662 -93.8313293457 
13.9844570160 -93.9370193481 
14.0328922272 -94.3196563721 
14.0814905167 -94.8146972656 
14.1302604675 -95.3294296265 
14.1791963577 -95.7595977783 
14.2283058167 -95.8317489624 
14.2775802612 -95.4885101318 
14.3270301819 -94.3809280396 
14.3766469955 -92.2262344360 
14.4264402390 -88.6144561768 
14.4764013290 -84.8681259155 
14.5265398026 -81.5854721069 
14.5768480301 -78.9409561157 
14.6273345947 -77.0058288574 
14.6779909134 -75.9445953369 
14.7288274765 -75.6638107300 
14.7798366547 -76.0899276733 
14.8310260773 -77.2365264893 
14.8823881149 -79.1210784912 
14.9339323044 -81.9003143311 
14.9856519699 -85.4690551758 
15.0375537872 -89.3135681152 
15.0896310806 -92.6149520874 
15.1418933868 -94.6884765625 
15.1943330765 -95.3830490112 
15.2469577789 -95.6992340088 
15.2997608185 -96.0355377197 
15.3527507782 -96.3749160767 
15.4059200287 -96.6481170654 
15.4592771530 -96.7700805664 
15.5128154755 -96.6821212769 
15.5665435791 -96.4373168945 
15.6204538345 -96.1786117554 
15.6745538712 -95.8888549805 
15.7288379669 -95.4759521484 
15.7833137512 -94.8572921753 
15.8379745483 -94.0455551147 
15.8928289413 -93.2461013794 
15.9478731155 -92.8085403442 
16.0031032562 -92.8498916626 
16.0585289001 -93.3875885010 
16.1141433716 -94.3226394653 
16.1699523926 -95.4183883667 
16.2259521484 -96.3458709717 
16.2821502686 -96.8193588257 
16.3385391235 -96.8348083496 
16.3951263428 -96.6437301636 
16.4519062042 -96.4296875000 
16.5088863373 -96.2586441040 
16.5660591125 -96.1942138672 
16.6234340668 -96.2781753540 
16.6810054779 -96.4527893066 
16.7387790680 -96.3433151245 
16.7967472076 -95.0457153320 
16.8549232483 -91.5445098877 
16.9132938385 -86.8441467285 
16.9718723297 -82.7021484375 
17.0306491852 -79.5824890137 
17.0896339417 -77.4966201782 
17.1488189697 -76.4316406250 
17.2082138062 -76.3775329590 
17.2678089142 -77.3408050537 
17.3276138306 -79.3429641724 
17.3876228333 -82.3968124390 
17.4478435516 -86.3964920044 
17.5082683563 -90.7427749634 
17.5689086914 -94.1180419922 
17.6297531128 -95.5349731445 
17.6908130646 -95.5666427612 
17.7520790100 -94.9847183228 
17.8135623932 -94.0679473877 
17.8752536774 -93.1152191162 
17.9371643066 -92.4526367188 
17.9992828369 -92.3163604736 
18.0616226196 -92.8042984009 
18.1241741180 -93.8412628174 
18.1869468689 -95.1328811646 
18.2499313354 -96.2488861084 
18.3131389618 -96.9716033936 
18.3765602112 -97.3914108276 
18.4402065277 -97.5600204468 
18.5040683746 -97.4399261475 
18.5681571960 -97.1211853027 
18.6324615479 -96.8023757935 
18.6969947815 -96.6002883911 
18.7617454529 -96.5046005249 
18.8267250061 -96.4402999878 
18.8919258118 -96.3573150635 
18.9573574066 -96.2922668457 
19.0230102539 -96.3465499878 
19.0888957977 -96.6008148193 
19.1550025940 -97.0331420898 
19.2213459015 -97.1781616211 
19.2879123688 -94.7670135498 
19.3547153473 -89.2692871094 
19.4217453003 -81.3503646851 
19.4890098572 -76.9166946411 
19.5565052032 -75.3137969971 
19.6242370605 -74.9008178711 
19.6921997070 -75.6636581421 
19.7604026794 -77.6193847656 
19.8288364410 -80.8018646240 
19.8975124359 -85.1804122925 
19.9664268494 -90.2568359375 
20.0355739594 -94.2156143188 
20.1049671173 -95.9231414795 
20.1745929718 -96.7264251709 
20.2444667816 -97.2204208374 
20.3145771027 -97.5525665283 
20.3849372864 -97.6518630981 
20.4555339813 -97.4735565186 
20.5263805389 -97.1829452515 
20.5974674225 -97.0112915039 
20.6688041687 -97.0866699219 
20.7403850555 -97.3289566040 
20.8122177124 -97.5198745728 
20.8842945099 -97.3806152344 
20.9566268921 -96.9499282837 
21.0292034149 -96.5815277100 
21.1020374298 -96.1834106445 
21.1751174927 -95.8129348755 
21.2484550476 -95.5611877441 
21.3220424652 -95.5161895752 
21.3958911896 -96.0100936890 
21.4699878693 -97.0901107788 
21.5443496704 -97.9545059204 
21.6189613342 -98.5004425049 
21.6938362122 -97.7828903198 
21.7689666748 -94.1110458374 
21.8443622589 -85.7750778198 
21.9200134277 -80.4648971558 
21.9959316254 -78.1480331421 
22.0721073151 -77.0295791626 
22.1485538483 -77.0840988159 
22.2252578735 -79.3678894043 
22.3022346497 -84.4657211304 
22.3794708252 -89.3879318237 
22.4569816589 -94.7353057861 
22.5347537994 -98.1674346924 
22.6128025055 -98.2656478882 
22.6911144257 -98.0419311523 
22.7697048187 -97.9812164307 
22.8485603333 -98.0932006836 
22.9276943207 -97.9401168823 
23.0070972443 -97.0326538086 
23.0867805481 -96.1746826172 
23.1667346954 -95.1431884766 
23.2469711304 -94.7353210449 
23.3274803162 -95.0054473877 
23.4082736969 -95.6076354980 
23.4893398285 -96.3306655884 
23.5706958771 -96.2428436279 
23.6523246765 -95.8630294800 
23.7342433929 -95.3509674072 
23.8164386749 -93.3716278076 
23.8989257813 -90.2918395996 
23.9816932678 -88.1059570313 
24.0647525787 -85.5739440918 
24.1480922699 -83.5781478882 
24.2317276001 -81.3690109253 
24.3156471252 -75.8755798340 
24.3998641968 -71.6832809448 
24.4843635559 -69.9500732422 
24.5691642761 -69.5853881836 
24.6542530060 -71.5407714844 
24.7396411896 -74.4462966919 
24.8253192902 -80.5383453369 
24.9113006592 -89.5807876587 
24.9975719452 -92.6237487793 
25.0841503143 -94.0063476563 
25.1710281372 -95.1125183105 
25.2581996918 -95.4379348755 
25.3456802368 -95.3109359741 
25.4334583282 -95.2125167847 
25.5215454102 -95.7878036499 
25.6099300385 -96.6385955811 
25.6986293793 -96.8495788574 
25.7876281738 -96.1436080933 
25.8769435883 -94.8386383057 
25.9665584564 -93.8773193359 
26.0564937592 -93.8936462402 
26.1467323303 -94.5257797241 
26.2372894287 -95.6377792358 
26.3281536102 -96.4721069336 
26.4193401337 -97.3486785889 
26.5108356476 -98.3234252930 
26.6026535034 -96.7498321533 
26.6947841644 -90.6393356323 
26.7872409821 -83.2956848145 
26.8800086975 -79.1543121338 
26.9731063843 -77.7480926514 
27.0665187836 -77.9756469727 
27.1602630615 -80.6359481812 
27.2543239594 -85.7727050781 
27.3487186432 -94.1169128418 
27.4434318542 -99.0292434692 
27.5384807587 -100.0878524780 
27.6338520050 -99.6628417969 
27.7295608521 -98.8122482300 
27.8255920410 -97.1632232666 
27.9219646454 -95.4534378052 
28.0186634064 -94.8121871948 
28.1157054901 -95.4518203735 
28.2130756378 -97.0917129517 
28.3107891083 -98.9951019287 
28.4088344574 -99.1790695190 
28.5072269440 -98.5467834473 
28.6059532166 -98.2225799561 
28.7050285339 -98.3645706177 
28.8044395447 -98.2668228149 
28.9042015076 -97.8473281860 
29.0043029785 -97.3698120117 
29.1047573090 -89.3049697876 
29.2055530548 -77.6734848022 
29.3067054749 -72.4286575317 
29.4081993103 -69.7633438110 
29.5100536346 -69.5526351929 
29.6122512817 -72.1164627075 
29.7148113251 -79.6045989990 
29.8177204132 -90.2807540894 
29.9209918976 -97.3189849854 
30.0246143341 -79.5495910645 
30.1286029816 -81.7532730103 
30.2329425812 -84.4147872925 
30.3376541138 -87.4216918945 
30.4427185059 -90.5581512451 
30.5481548309 -93.0811080933 
30.6539497375 -93.7418975830 
30.7601184845 -90.7416229248 
30.8666458130 -86.7539443970 
30.9735507965 -82.9038162231 
31.0808181763 -79.4594955444 
31.1884651184 -76.4803085327 
31.2964763641 -73.9590835571 
31.4048690796 -71.8880691528 
31.5136299133 -70.3022079468 
31.6227760315 -69.1123733521 
31.7322998047 -68.3115615845 
31.8421955109 -67.8961105347 
31.9524784088 -67.8659439087 
32.0631370544 -68.2247314453 
32.1741867065 -68.9801330566 
32.2856101990 -70.1983108521 
32.3974304199 -71.8633880615 
32.5096282959 -73.9861145020 
32.6222229004 -76.6006164551 
32.7351989746 -79.7453842163 
32.8485755920 -83.4368515015 
32.9623374939 -87.4244689941 
33.0764999390 -90.4980773926 
33.1910514832 -89.4253540039 
33.3060073853 -85.0624847412 
33.4213523865 -80.8270645142 
33.5371055603 -77.1102066040 
33.6532516479 -73.9526977539 
33.7698059082 -71.3322601318 
33.8867568970 -69.2220535278 
34.0041236877 -67.5989761353 
34.1218833923 -66.4465866089 
34.2400627136 -65.7543182373 
34.3586425781 -65.5178909302 
34.4776420593 -65.7387161255 
34.5970458984 -66.4241027832 
34.7168693542 -67.5878219604 
34.8371009827 -69.2684478760 
34.9577598572 -71.4943466187 
35.0788230896 -74.2932815552 
35.2003173828 -77.7200851440 
35.3222236633 -81.8230895996 
35.4445610046 -86.3658599854 
35.5673103333 -88.6829376221 
35.6904945374 -86.2056884766 
35.8140983582 -81.6434631348 
35.9381370544 -77.3047485352 
36.0625991821 -73.6284103394 
36.1875000000 -70.6000442505 
36.3128242493 -68.1783218384 
36.4385910034 -66.3287734985 
36.5647850037 -65.0273284912 
36.6914253235 -64.2586669922 
36.8184928894 -64.0131607056 
36.9460144043 -64.5323867798 
37.0739631653 -65.5854644775 
37.2023696899 -67.1884613037 
37.3312072754 -69.3672409058 
37.4605026245 -72.1592712402 
37.5902328491 -75.6153945923 
37.7204246521 -79.7949676514 
37.8510589600 -84.6703796387 
37.9821548462 -88.8544540405 
38.1136932373 -87.1214599609 
38.2456970215 -82.2906951904 
38.3781509399 -77.8647308350 
38.5110702515 -74.1618270874 
38.6444396973 -71.1428222656 
38.7782859802 -68.7554473877 
38.9125823975 -66.9580612183 
39.0473518372 -65.7205047607 
39.1825790405 -65.0227584839 
39.3182868958 -64.8536682129 
39.4544525146 -65.2102279663 
39.5911026001 -66.0974121094 
39.7282142639 -67.5285339355 
39.8658103943 -70.6339416504 
40.0038833618 -75.3703079224 
40.1424255371 -79.3232879639 
40.2814559937 -84.0238189697 
40.4209594727 -89.1202087402 
40.5609550476 -91.3851928711 
40.7014236450 -88.0712509155 
40.8423919678 -83.7346191406 
40.9838371277 -79.9068908691 
41.1257820129 -76.7199401855 
41.2682075500 -73.0624008179 
41.4111366272 -70.7833099365 
41.5545539856 -69.9215011597 
41.6984748840 -69.5899887085 
41.8428840637 -69.7835922241 
41.9878044128 -70.5047760010 
42.1332168579 -71.7639007568 
42.2791442871 -74.6163253784 
42.4255638123 -79.0033493042 
42.5725021362 -82.6889190674 
42.7199363708 -87.0389022827 
42.8678970337 -91.6928863525 
43.0163574219 -94.0481414795 
43.1653404236 -88.3935699463 
43.3148307800 -82.7007904053 
43.4648475647 -79.3133239746 
43.6153755188 -76.5615921021 
43.7664337158 -74.4136810303 
43.9180068970 -72.8385467529 
44.0701141357 -71.5592346191 
44.2227363586 -71.3533401489 
44.3759002686 -71.9127120972 
44.5295829773 -73.0056838989 
44.6838073730 -75.6151809692 
44.8385581970 -79.6774215698 
44.9938507080 -83.1197967529 
45.1496734619 -87.1695175171 
45.3060493469 -91.5614700317 
45.4629516602 -94.0868072510 
45.6204109192 -89.4009704590 
45.7784004211 -85.2482910156 
45.9369544983 -81.6671524048 
46.0960426331 -77.4043655396 
46.2556915283 -74.6460494995 
46.4158859253 -73.4534301758 
46.5766448975 -72.7979888916 
46.7379455566 -72.8635635376 
46.8998222351 -73.9933624268 
47.0622444153 -75.4632644653 
47.2252426147 -78.6116180420 
47.3887901306 -83.3424453735 
47.5529212952 -87.1304244995 
47.7176055908 -91.1136703491 
47.8828735352 -93.3315048218 
48.0486984253 -90.2446670532 
48.2151145935 -87.2419738770 
48.3820915222 -83.1319656372 
48.5496597290 -80.1621551514 
48.7177963257 -78.6696624756 
48.8865280151 -77.3255157471 
49.0558319092 -76.8811874390 
49.2257347107 -77.1086349487 
49.3962097168 -77.9266128540 
49.5672912598 -78.7512054443 
49.7389526367 -78.9810333252 
49.9112205505 -79.0712127686 
50.0840721130 -79.4757995605 
50.2575378418 -80.2270278931 
50.4316024780 -82.1030197144 
50.6062545776 -84.1788635254 
50.7815284729 -82.9313430786 
50.9573936462 -79.7804031372 
51.1338806152 -77.7713470459 
51.3109664917 -75.7491149902 
51.4886817932 -74.8408279419 
51.6669960022 -75.2069625854 
51.8459396362 -76.6525268555 
52.0254936218 -78.3367538452 
52.2056808472 -81.7924041748 
52.3864784241 -86.9289703369 
52.5679168701 -92.5277862549 
52.7499694824 -97.7259063721 
52.9326667786 -97.7878036499 
53.1159820557 -94.4997177124 
53.2999458313 -90.5598068237 
53.4845352173 -86.7717361450 
53.6697731018 -84.1857070923 
53.8556442261 -82.7483062744 
54.0421676636 -82.3675231934 
54.2293281555 -83.2430953979 
54.4171485901 -85.2170181274 
54.6056022644 -88.3041229248 
54.7947273254 -92.7165298462 
54.9844932556 -96.9722137451 
55.1749267578 -98.6861190796 
55.3660087585 -92.5649108887 
55.5577659607 -86.4716567993 
55.7501716614 -80.9057235718 
55.9432601929 -77.1626892090 
56.1370010376 -74.5785064697 
56.3314323425 -73.1949615479 
56.5265159607 -73.0854721069 
56.7222938538 -74.0342102051 
56.9187316895 -76.2332153320 
57.1158676147 -79.7954101563 
57.3136711121 -84.4333648682 
57.5121726990 -92.7139205933 
57.7113494873 -94.1798248291 
57.9112281799 -86.5969161987 
58.1117858887 -80.8860855103 
58.3130531311 -76.0568466187 
58.5150032043 -72.8728942871 
58.7176666260 -70.8915557861 
58.9210166931 -70.0972747803 
59.1250877380 -70.8009643555 
59.3298454285 -72.7640457153 
59.5353317261 -77.2636642456 
59.7415161133 -82.5906600952 
59.9484252930 -88.6551666260 
60.1560401917 -94.1598358154 
60.3643875122 -88.0709075928 
60.5734405518 -80.0787124634 
60.7832336426 -75.8253936768 
60.9937362671 -72.6835098267 
61.2049865723 -70.5348281860 
61.4169502258 -70.2167282104 
61.6296615601 -71.1781311035 
61.8430976868 -74.2174224854 
62.0572891235 -78.1564331055 
62.2722053528 -83.1169128418 
62.4878807068 -92.0286483765 
62.7042884827 -97.0364608765 
62.9214630127 -92.6474990845 
63.1393852234 -86.0390014648 
63.3580513000 -81.4404830933 
63.5774879456 -79.3682861328 
63.7976684570 -78.5381393433 
64.0186309814 -79.1588516235 
64.2403335571 -81.8435821533 
64.4628295898 -85.4216156006 
64.6860733032 -89.9348144531 
64.9101104736 -97.0715179443 
65.1349105835 -96.2982254028 
65.3604965210 -90.7629470825 
65.5868530273 -85.0888824463 
65.8140106201 -80.0788650513 
66.0419387817 -77.2874755859 
66.2706680298 -76.5765991211 
66.5001754761 -77.3404006958 
66.7304992676 -79.3539276123 
66.9616012573 -83.8944931030 
67.1935195923 -90.6802444458 
67.4262161255 -97.1198654175 
67.6597442627 -91.6507949829 
67.8940658569 -86.0036315918 
68.1292114258 -80.9893875122 
68.3651580811 -76.7603073120 
68.6019363403 -74.6996612549 
68.8395156860 -74.6974792480 
69.0779418945 -76.7516403198 
69.3171691895 -80.9666442871 
69.5572433472 -85.9564819336 
69.7981338501 -91.5733795166 
70.0398788452 -96.9864730835 
70.2824401855 -90.3795700073 
70.5258560181 -83.5403594971 
70.7701034546 -78.9831466675 
71.0152130127 -76.6078262329 
71.2611465454 -76.2961120605 
71.5079574585 -78.0292053223 
71.7555999756 -81.8827285767 
72.0041275024 -87.8589859009 
72.2534866333 -93.1983337402 
72.5037384033 -90.2996215820 
72.7548294067 -84.5777130127 
73.0068130493 -79.5273437500 
73.2596511841 -76.1279602051 
73.5133819580 -74.6304855347 
73.7679672241 -75.0936355591 
74.0234603882 -77.5870742798 
74.2798156738 -82.2441482544 
74.5370788574 -89.1051025391 
74.7952194214 -95.6501235962 
75.0542678833 -91.5316238403 
75.3141937256 -84.1813735962 
75.5750427246 -78.9158172607 
75.8367691040 -75.8854598999 
76.0994262695 -74.9497985840 
76.3629760742 -76.0584106445 
76.6274566650 -79.2686462402 
76.8928298950 -84.7387237549 
77.1591415405 -92.4581451416 
77.4263610840 -98.1556396484 
77.6945190430 -91.1681137085 
77.9635925293 -84.5590438843 
78.2336120605 -81.2323837280 
78.5045547485 -79.9882736206 
78.7764511108 -80.7798080444 
79.0492630005 -83.6448745728 
79.3230514526 -88.6896133423 
79.5977783203 -96.6439056396 
79.8734436035 -97.4262924194 
80.1500778198 -90.3884429932 
80.4276504517 -84.5493011475 
80.7062149048 -80.8784332275 
80.9857101440 -79.3161697388 
81.2662048340 -80.2936782837 
81.5476379395 -84.4165649414 
81.8300781250 -90.2657852173 
82.1134719849 -97.5600509644 
82.3978652954 -93.7119979858 
82.6832275391 -84.9244155884 
82.9695968628 -79.7473526001 
83.2569351196 -76.8098831177 
83.5452880859 -76.1705703735 
83.8346252441 -78.5364074707 
84.1249771118 -82.9481124878 
84.4163208008 -91.0135192871 
84.7086944580 -98.2996368408 
85.0020523071 -92.2217407227 
85.2964553833 -85.7992782593 
85.5918502808 -80.7542495728 
85.8882904053 -78.9669952393 
86.1857376099 -79.8495864868 
86.4842376709 -83.7448348999 
86.7837524414 -91.2085266113 
87.0843200684 -98.4827575684 
87.3859100342 -98.3748321533 
87.6885681152 -93.3750457764 
87.9922485352 -88.2430572510 
88.2970046997 -86.1314086914 
88.6027908325 -87.1833114624 
88.9096679688 -91.1849136353 
89.2175750732 -96.0488357544 
89.5265808105 -100.1436691284 
89.8366241455 -100.4125747681 
90.1477661133 -96.0223007202 
90.4599685669 -91.7460021973 
90.7732696533 -90.0236434937 
91.0876312256 -91.0436859131 
91.4031143188 -94.5859146118 
91.7196578979 -98.8717727661 
92.0373229980 -99.8575515747 
92.3560638428 -94.0981369019 
92.6759338379 -86.5155563354 
92.9968872070 -82.4093627930 
93.3189773560 -81.4902801514 
93.6421585083 -83.5389785767 
93.9664840698 -88.7007446289 
94.2919082642 -97.0979614258 
94.6184844971 -97.3968582153 
94.9461669922 -88.9977340698 
95.2750091553 -82.1022338867 
95.6049652100 -78.6235733032 
95.9360885620 -79.0213775635 
96.2683258057 -82.6592102051 
96.6017532349 -91.2717971802 
96.9363021851 -99.5025939941 
97.2720336914 -95.0502777100 
97.6089019775 -88.6997528076 
97.9469680786 -84.5055694580 
98.2861785889 -83.5743560791 
98.6265869141 -86.0578994751 
98.9681472778 -90.7004852295 
99.3109207153 -90.9519424438 
99.6548461914 -86.0478591919 
100.0000000000 -84.7811508179 
100.3463439941 -84.5802993774 
100.6938934326 -84.4194641113 
101.0425872803 -84.2354888916 
101.3925399780 -83.9951171875 
101.7437057495 -83.6965026855 
102.0960922241 -83.3373870850 
102.4496383667 -83.0309295654 
102.8044738770 -82.7939758301 
103.1605300903 -82.7269973755 
103.5178222656 -82.8254241943 
103.8762969971 -83.0253219604 
104.2360610962 -83.3192596436 
104.5970840454 -83.6372756958 
104.9593505859 -83.9530639648 
105.3228149414 -84.2708892822 
105.6875915527 -84.6468353271 
106.0536346436 -85.1326980591 
106.4209518433 -85.7157363892 
106.7894744873 -86.4083633423 
107.1593322754 -87.1563186646 
107.5304794312 -87.8566360474 
107.9029006958 -88.4822540283 
108.2765579224 -88.9646682739 
108.6515731812 -89.2954177856 
109.0278854370 -89.5260772705 
109.4054946899 -89.6721725464 
109.7843551636 -89.7610397339 
110.1645889282 -89.9098129272 
110.5461349487 -90.1750640869 
110.9290084839 -90.5977935791 
111.3131484985 -91.2785339355 
111.6986770630 -92.1539764404 
112.0855407715 -93.0684356689 
112.4737396240 -93.8860397339 
112.8632278442 -94.2860794067 
113.2541198730 -93.9858322144 
113.6463699341 -93.2891693115 
114.0399856567 -92.3553390503 
114.4348907471 -91.3776626587 
114.8312301636 -90.5333328247 
115.2289428711 -89.7679367065 
115.6280364990 -89.0374526978 
116.0284423828 -88.3073730469 
116.4303054810 -87.5613861084 
116.8335571289 -86.8969726563 
117.2382049561 -86.3951797485 
117.6441879272 -86.1074371338 
118.0516433716 -86.0674591064 
118.4605102539 -86.3102645874 
118.8707885742 -86.7456893921 
119.2824249268 -87.2528991699 
119.6955566406 -87.7822875977 
120.1101150513 -88.3164596558 
120.5261154175 -88.8952941895 
120.9434814453 -89.6466369629 
121.3623657227 -90.5750579834 
121.7826995850 -91.6096267700 
122.2044906616 -92.5873718262 
122.6276702881 -93.2669677734 
123.0523834229 -93.2805252075 
123.4785690308 -92.6538696289 
123.9062347412 -91.8154144287 
124.3353118896 -91.0148849487 
124.7659378052 -90.4190597534 
125.1980590820 -90.1065826416 
125.6316757202 -90.0811614990 
126.0667953491 -90.2971343994 
126.5033569336 -90.5863113403 
126.9414901733 -90.8883743286 
127.3811492920 -91.2125549316 
127.8223266602 -91.6146087646 
128.2649688721 -92.1574249268 
128.7091979980 -92.8574142456 
129.1549835205 -93.6120986938 
129.6023101807 -94.1150131226 
130.0511016846 -94.0991592407 
130.5015258789 -93.5243301392 
130.9535217285 -92.5796813965 
131.4070739746 -91.5497741699 
131.8621215820 -90.6790237427 
132.3188171387 -90.0999755859 
132.7770996094 -89.8374557495 
133.2369689941 -89.8342895508 
133.6983489990 -89.9473037720 
134.1614074707 -90.0826034546 
134.6260681152 -90.2688827515 
135.0923461914 -90.6109313965 
135.5601501465 -91.2150726318 
136.0296630859 -92.1169204712 
136.5007934570 -93.2016448975 
136.9735565186 -94.1231307983 
137.4478759766 -94.3715972900 
137.9239349365 -93.6625747681 
138.4016265869 -92.3465270996 
138.8809661865 -90.9904708862 
139.3618927002 -89.8784866333 
139.8445739746 -89.0314865112 
140.3289184570 -88.3027572632 
140.8149414063 -87.5822372437 
141.3025665283 -86.8951721191 
141.7919616699 -86.3851165771 
142.2830505371 -86.2102355957 
142.7758483887 -86.4646987915 
143.2702636719 -87.1448745728 
143.7664794922 -88.1297988892 
144.2644042969 -89.1840972900 
144.7640533447 -90.0497360229 
145.2653656006 -90.6026916504 
145.7684783936 -90.8944015503 
146.2733459473 -91.0334320068 
146.7799530029 -91.0619964600 
147.2882385254 -90.8096237183 
147.7983703613 -90.2267684937 
148.3102569580 -89.4048080444 
148.8239288330 -88.6420288086 
149.3392791748 -88.2234725952 
149.8565216064 -88.3102188110 
150.3755340576 -88.9473800659 
150.8963623047 -90.0821533203 
151.4188995361 -91.5581893921 
151.9433288574 -93.1249465942 
152.4695739746 -94.5328292847 
152.9976501465 -95.6572341919 
153.5274658203 -96.4458236694 
154.0592041016 -96.7523193359 
154.5927734375 -96.3773803711 
155.1282043457 -95.3591232300 
155.6653900146 -94.0602874756 
156.2045288086 -92.8916473389 
156.7455444336 -92.1094284058 
157.2884216309 -91.8075180054 
157.8330993652 -91.9539260864 
158.3797454834 -92.4107437134 
158.9282836914 -93.2131271362 
159.4787292480 -93.8484420776 
160.0310668945 -94.1328048706 
160.5852508545 -94.3059082031 
161.1414337158 -94.3415451050 
161.6995391846 -94.2713546753 
162.2595672607 -94.1427001953 
162.8214569092 -93.9415817261 
163.3853912354 -93.6373291016 
163.9512634277 -93.2871932983 
164.5191040039 -92.9472198486 
165.0888214111 -92.8316497803 
165.6605987549 -92.7681808472 
166.2343444824 -92.6951599121 
166.8100891113 -92.7427673340 
167.3877410889 -93.0416183472 
167.9674835205 -93.6019592285 
168.5492248535 -94.2792053223 
169.1329956055 -95.0422286987 
169.7186889648 -95.5378494263 
170.3064880371 -95.9463577271 
170.8963470459 -96.5651245117 
171.4882354736 -97.3666076660 
172.0820770264 -98.1776123047 
172.6780853271 -98.7054367065 
173.2761383057 -98.3192596436 
173.8762817383 -97.8165740967 
174.4783935547 -97.3748703003 
175.0826873779 -96.9867248535 
175.6890869141 -96.4260330200 
176.2975769043 -96.1042404175 
176.9080810547 -96.2669906616 
177.5207824707 -96.7794570923 
178.1356201172 -97.5350570679 
178.7525939941 -98.4601821899 
179.3715972900 -98.4365310669 
179.9928436279 -97.7115554810 
180.6162414551 -96.7930374146 
181.2417907715 -95.9660034180 
181.8694152832 -95.1014175415 
182.4993133545 -94.4288177490 
183.1313934326 -93.9759979248 
183.7656555176 -93.6165161133 
184.4020233154 -93.5730285645 
185.0406799316 -94.0375900269 
185.6815643311 -94.4886856079 
186.3246612549 -94.9134674072 
186.9698944092 -95.6125106812 
187.6174468994 -96.5335693359 
188.2672576904 -97.1099090576 
188.9193115234 -97.1630249023 
189.5735168457 -96.1418151855 
190.2301025391 -95.0853118896 
190.8889465332 -94.1557769775 
191.5500793457 -93.3857574463 
192.2134094238 -93.1441955566 
192.8791351318 -93.0869598389 
193.5471496582 -92.9924545288 
194.2174987793 -93.1245117188 
194.8900604248 -93.4597396851 
195.5650482178 -94.1218414307 
196.2423706055 -94.7828216553 
196.9220581055 -95.2056961060 
197.6039733887 -95.6011734009 
198.2883758545 -95.4331665039 
198.9751281738 -95.0547637939 
199.6642761230 -94.7585372925 
200.3558044434 -95.0461578369 
201.0496063232 -95.6127853394 
201.7459411621 -96.4984283447 
202.4446716309 -96.7784576416 
203.1458282471 -96.3608856201 
203.8493041992 -96.1607971191 
204.5553283691 -96.3416061401 
205.2637939453 -96.8043746948 
205.9747161865 -97.2883224487 
206.6879882813 -98.0842666626 
207.4038391113 -99.3762054443 
208.1221771240 -100.3642349243 
208.8430023193 -101.4180984497 
209.5662078857 -101.8399124146 
210.2920227051 -101.7240905762 
211.0203704834 -101.5147323608 
211.7512207031 -101.2784576416 
212.4844970703 -100.9494552612 
213.2204284668 -100.7836837769 
213.9589080811 -101.0368728638 
214.6999511719 -101.9286422729 
215.4434356689 -103.0698318481 
216.1896057129 -103.6101455688 
216.9383697510 -102.8922729492 
217.6897277832 -101.6388015747 
218.4435577393 -100.2822952271 
219.2001342773 -99.1546478271 
219.9593200684 -98.3255691528 
220.7211456299 -97.7195892334 
221.4854736328 -96.9526596069 
222.2525787354 -95.9318466187 
223.0223388672 -95.2263412476 
223.7947692871 -95.3709869385 
224.5697479248 -96.6827468872 
225.3475341797 -98.6845779419 
226.1280212402 -100.3688659668 
226.9112091064 -101.3145599365 
227.6969757080 -101.5551452637 
228.4855957031 -101.8060836792 
229.2769470215 -102.4911880493 
230.0710296631 -103.3478622437 
230.8677520752 -102.7047882080 
231.6673431396 -100.7281188965 
232.4697113037 -98.9732971191 
233.2748718262 -97.9241561890 
234.0826721191 -97.1150436401 
234.8934020996 -96.5860748291 
235.7069549561 -96.3681945801 
236.5233154297 -96.5270385742 
237.3423614502 -96.8360824585 
238.1643981934 -97.4147491455 
238.9892578125 -98.3699035645 
239.8169860840 -99.7198104858 
240.6474609375 -100.9003753662 
241.4809265137 -101.2707290649 
242.3172912598 -100.7386932373 
243.1565399170 -100.0166854858 
243.9985656738 -99.5396499634 
244.8436431885 -99.3335189819 
245.6916503906 -99.0691528320 
246.5425872803 -98.1115646362 
247.3963470459 -96.7327194214 
248.2531890869 -96.3874053955 
249.1130065918 -96.9306259155 
249.9757995605 -98.4324035645 
250.8414306641 -100.5883789063 
251.7102203369 -102.5906829834 
252.5820007324 -104.0164947510 
253.4568023682 -104.0201873779 
254.3346405029 -103.1411437988 
255.2153778076 -102.5188827515 
256.0993041992 -102.5568313599 
256.9862976074 -103.0477447510 
257.8763427734 -103.2801055908 
258.7693481445 -103.3369445801 
259.6655883789 -103.2443542480 
260.5649414063 -103.2461929321 
261.4673767090 -103.4049835205 
262.3728332520 -103.6340026855 
263.2815246582 -104.1812515259 
264.1933898926 -104.9404525757 
265.1084289551 -105.1854629517 
266.0264587402 -104.7817230225 
266.9478454590 -103.9768142700 
267.8724060059 -103.1561431885 
268.8001708984 -103.0668029785 
269.7309875488 -103.3810653687 
270.6651916504 -103.4992904663 
271.6026306152 -103.3081512451 
272.5433044434 -103.0326232910 
273.4870910645 -102.6813049316 
274.4343261719 -102.3231430054 
275.3847961426 -102.6253967285 
276.3385925293 -103.8257293701 
277.2955322266 -104.8313217163 
278.2559204102 -104.7828826904 
279.2196350098 -104.4285354614 
280.1867065430 -104.2469787598 
281.1569824219 -104.2053222656 
282.1307373047 -103.7100601196 
283.1079101563 -102.1909332275 
284.0884399414 -100.5449218750 
285.0722045898 -100.2178344727 
286.0595397949 -101.3796310425 
287.0502929688 -102.7791137695 
288.0444641113 -103.0460052490 
289.0419311523 -102.5431594849 
290.0430297852 -102.1508941650 
291.0475769043 -101.5993194580 
292.0556030273 -100.9508743286 
293.0669555664 -101.0697708130 
294.0820007324 -101.9932556152 
295.1005249023 -103.4290618896 
296.1225891113 -104.9347686768 
297.1480407715 -104.4388046265 
298.1771850586 -101.7869186401 
299.2099304199 -99.9652709961 
300.2462158203 -101.9451828003 
301.2859497070 -102.0477905273 
302.3294372559 -102.2115402222 
303.3765258789 -102.4313964844 
304.4272766113 -102.7050018311 
305.4814758301 -102.9769363403 
306.5394897461 -103.2304916382 
307.6011657715 -103.4147109985 
308.6665344238 -103.5541000366 
309.7354125977 -103.5650482178 
310.8081665039 -103.5083084106 
311.8846435547 -103.3861846924 
312.9648437500 -103.2035217285 
314.0486145020 -103.0305404663 
315.1362915039 -102.8819732666 
316.2277526855 -102.8304290771 
317.3229980469 -102.8356933594 
318.4220275879 -102.9386672974 
319.5247192383 -103.0785140991 
320.6313781738 -103.2199096680 
321.7418518066 -103.2993698120 
322.8562011719 -103.2899017334 
323.9742126465 -103.2238845825 
325.0962829590 -103.0995559692 
326.2222290039 -103.0065002441 
327.3520812988 -102.9455184937 
328.4856872559 -102.9806823730 
329.6233825684 -103.0645446777 
330.7650146484 -103.1754074097 
331.9106140137 -103.2725830078 
333.0599670410 -103.3046264648 
334.2135314941 -103.2853622437 
335.3710632324 -103.1895904541 
336.5325927734 -103.0906524658 
337.6979675293 -103.0149078369 
338.8675842285 -103.0068359375 
340.0412292480 -103.0998687744 
341.2189331055 -103.2375030518 
342.4005432129 -103.4116058350 
343.5864257813 -103.5080718994 
344.7764282227 -103.5088043213 
345.9705505371 -103.4130096436 
347.1686096191 -103.2219696045 
348.3710327148 -103.0807876587 
349.5775756836 -103.0195159912 
350.7883300781 -103.1121902466 
352.0030822754 -103.4106140137 
353.2222290039 -103.8153381348 
354.4455871582 -104.3025970459 
355.6731872559 -104.7820968628 
356.9048461914 -105.1312637329 
358.1409912109 -105.3401260376 
359.3813781738 -105.3749008179 
360.6260986328 -105.2255401611 
361.8749084473 -105.0365066528 
363.1282348633 -104.8428344727 
364.3859252930 -104.7010879517 
365.6479492188 -104.6782760620 
366.9141540527 -104.7370758057 
368.1849365234 -104.8611755371 
369.4601440430 -105.0237197876 
370.7397460938 -105.1528320313 
372.0235900879 -105.2401428223 
373.3120727539 -105.2942733765 
374.6050109863 -105.3353958130 
375.9024353027 -105.4280548096 
377.2041625977 -105.5806884766 
378.5105895996 -105.7880477905 
379.8215332031 -106.0387649536 
381.1370239258 -106.2794189453 
382.4568786621 -106.4360351563 
383.7814941406 -106.4774169922 
385.1107177734 -106.3872222900 
386.4445190430 -106.1607513428 
387.7827453613 -105.8860702515 
389.1258239746 -105.6577377319 
390.4735412598 -105.5123977661 
391.8259277344 -105.4690093994 
393.1827697754 -105.5206069946 
394.5445556641 -105.5738525391 
395.9110412598 -105.5645828247 
397.2822570801 -105.4813995361 
398.6582031250 -105.3397216797 
400.0387268066 -105.1937484741 
401.4242553711 -105.1255111694 
402.8145751953 -105.1367645264 
404.2096862793 -105.2062835693 
405.6094360352 -105.2987823486 
407.0142517090 -105.3696517944 
408.4239196777 -105.3617095947 
409.8384704590 -105.2693862915 
411.2576904297 -105.1375808716 
412.6820678711 -105.0157699585 
414.1113891602 -104.9526367188 
415.5456237793 -104.9847793579 
416.9846191406 -105.1292266846 
418.4288330078 -105.3546295166 
419.8780517578 -105.6048736572 
421.3322753906 -105.8538589478 
422.7913208008 -106.0942077637 
424.2556152344 -106.3340454102 
425.7250061035 -106.5886306763 
427.1994934082 -106.8674011230 
428.6788330078 -107.1565170288 
430.1635437012 -107.4250869751 
431.6534118652 -107.6486968994 
433.1484069824 -107.8153610229 
434.6483764648 -107.9302520752 
436.1537475586 -108.0137786865 
437.6643676758 -108.0910034180 
439.1801757813 -108.1714477539 
440.7010192871 -108.2062759399 
442.2273559570 -108.0647354126 
443.7590026855 -107.6501770020 
445.2959289551 -107.0059280396 
446.8379516602 -106.3094711304 
448.3855590820 -105.7740325928 
449.9385375977 -105.5644378662 
451.4968566895 -105.7572326660 
453.0603637695 -106.3332519531 
454.6295166016 -107.1733856201 
456.2041015625 -108.0588989258 
457.7841491699 -108.7299270630 
459.3694152832 -109.0317840576 
460.9604187012 -109.0816192627 
462.5569152832 -109.0478668213 
464.1589660645 -109.0411300659 
465.7662963867 -109.1040267944 
467.3794555664 -109.2265167236 
468.9981994629 -109.3688049316 
470.6225585938 -109.4875030518 
472.2522888184 -109.5579833984 
473.8879089355 -109.5826950073 
475.5292053223 -109.5814361572 
477.1761779785 -109.5702743530 
478.8285827637 -109.5412750244 
480.4869995117 -109.4589996338 
482.1511230469 -109.2885131836 
483.8210449219 -109.0446472168 
485.4964599609 -108.8128356934 
487.1779479980 -108.7034072876 
488.8652954102 -108.7677383423 
490.5584411621 -108.8784408569 
492.2572021484 -109.0233993530 
493.9620971680 -108.8773269653 
495.6729125977 -108.3459320068 
497.3896789551 -107.6527175903 
499.1120910645 -107.1291732788 
500.8407287598 -106.9938278198 
502.5753784180 -107.3066024780 
504.3160095215 -107.9768447876 
506.0626831055 -109.0640792847 
507.8151245117 -109.6540222168 
509.5739440918 -109.6745681763 
511.3388061523 -109.6166534424 
513.1098022461 -109.5826644897 
514.8866577148 -109.5898437500 
516.6699829102 -109.6157302856 
518.4594116211 -109.6342086792 
520.2550659180 -109.6295394897 
522.0566406250 -109.5987319946 
523.8648071289 -109.5526504517 
525.6791992188 -109.5136795044 
527.4998168945 -109.5021820068 
529.3265380859 -109.5170135498 
531.1597900391 -109.5303344727 
532.9994506836 -109.5126953125 
534.8454589844 -109.4599685669 
536.6975708008 -109.4956665039 
538.5563964844 -109.6080093384 
540.4216918945 -109.7267913818 
542.2933959961 -109.7600479126 
544.1713256836 -109.6444244385 
546.0560302734 -109.4046554565 
547.9472656250 -109.1518554688 
549.8450927734 -109.0138397217 
551.7491455078 -109.0602798462 
553.6600952148 -109.3963775635 
555.5776367188 -109.7139663696 
557.5018920898 -109.7507400513 
559.4324340820 -109.6681060791 
561.3700561523 -109.5553588867 
563.3143310547 -109.4973144531 
565.2653198242 -109.5341110229 
567.2227783203 -109.7242660522 
569.1873168945 -109.9259109497 
571.1586914063 -110.0225601196 
573.1368408203 -110.1076812744 
575.1215820313 -110.1955337524 
577.1134643555 -110.2709197998 
579.1123046875 -110.2797164917 
581.1180419922 -110.1637039185 
583.1303710938 -110.0564575195 
585.1500244141 -109.9916839600 
587.1766357422 -110.0012283325 
589.2103271484 -110.1058120728 
591.2507324219 -110.0802230835 
593.2984619141 -109.7684783936 
595.3533325195 -109.1919021606 
597.4152832031 -108.5296630859 
599.4841308594 -107.9857025146 
601.5603637695 -108.2398757935 
603.6438598633 -108.8973999023 
605.7345581055 -109.6848220825 
607.8321533203 -110.5095901489 
609.9373779297 -110.8139114380 
612.0498657227 -110.8225402832 
614.1696777344 -110.8044052124 
616.2964477539 -110.7705383301 
618.4309692383 -110.6803970337 
620.5728759766 -110.5379104614 
622.7222290039 -110.3467788696 
624.8786621094 -110.1161575317 
627.0429077148 -110.0351486206 
629.2145996094 -110.0342330933 
631.3938598633 -109.9917221069 
633.5806884766 -109.9734954834 
635.7747192383 -110.0545654297 
637.9766845703 -110.1947402954 
640.1862792969 -110.3309860229 
642.4035644531 -110.2313003540 
644.6281127930 -110.0013732910 
646.8607788086 -109.6056289673 
649.1011352539 -109.4011688232 
651.3492431641 -109.4937133789 
653.6047973633 -109.8752212524 
655.8685302734 -110.2330932617 
658.1401367188 -110.3244400024 
660.4195556641 -110.3248367310 
662.7065429688 -110.3327255249 
665.0017700195 -110.3733291626 
667.3049926758 -110.4165039063 
669.6161499023 -110.3824310303 
671.9349975586 -110.3171997070 
674.2622070313 -110.3519744873 
676.5974731445 -110.4601974487 
678.9408569336 -110.6292648315 
681.2919311523 -110.6997985840 
683.6515502930 -110.6795654297 
686.0193481445 -110.6304168701 
688.3953857422 -110.5818786621 
690.7792358398 -110.4455413818 
693.1716918945 -110.1464385986 
695.5724487305 -109.8320465088 
697.9815673828 -109.3862991333 
700.3985595703 -109.2251815796 
702.8244018555 -109.5195007324 
705.2586059570 -109.9576644897 
707.7012329102 -110.2486801147 
710.1519165039 -110.4156036377 
712.6115112305 -110.5023193359 
715.0795898438 -110.5387039185 
717.5562133789 -110.5509872437 
720.0410766602 -110.5763015747 
722.5349121094 -110.5678024292 
725.0373535156 -110.4428710938 
727.5484619141 -110.2282104492 
730.0679321289 -110.0184707642 
732.5964965820 -109.9537811279 
735.1337890625 -110.1105880737 
737.6798706055 -110.3185501099 
740.2344360352 -110.3612594604 
742.7981567383 -110.0634689331 
745.3708496094 -109.1730880737 
747.9523925781 -108.2288894653 
750.5424804688 -107.9356155396 
753.1419067383 -108.3709716797 
755.7504272461 -109.2398300171 
758.3679199219 -110.0394210815 
760.9940795898 -110.2555923462 
763.6297607422 -110.3764038086 
766.2745361328 -110.5286026001 
768.9284667969 -110.6653823853 
771.5912475586 -110.6902313232 
774.2636108398 -110.5741729736 
776.9451904297 -110.4436187744 
779.6361083984 -110.4293899536 
782.3359375000 -110.4638977051 
785.0455322266 -110.5100936890 
787.7644653320 -110.5446777344 
790.4928588867 -110.4926681519 
793.2302856445 -110.2833251953 
795.9776000977 -109.8844451904 
798.7344360352 -109.5308685303 
801.5007934570 -109.5119705200 
804.2767333984 -109.8802642822 
807.0618896484 -110.1723251343 
809.8571166992 -110.2894973755 
812.6620483398 -110.2660522461 
815.4766235352 -110.2140426636 
818.3005371094 -110.2570571899 
821.1347045898 -110.4361724854 
823.9786376953 -110.5951309204 
826.8324584961 -110.7693099976 
829.6957397461 -110.9646911621 
832.5693359375 -110.9817276001 
835.4528808594 -110.7411727905 
838.3464355469 -109.3821868896 
841.2495727539 -106.8048095703 
844.1632080078 -105.3039779663 
847.0869140625 -104.9245300293 
850.0207519531 -105.9254989624 
852.9642944336 -107.4973754883 
855.9185180664 -109.0026397705 
858.8829345703 -110.0877914429 
861.8576049805 -110.3732833862 
864.8421630859 -110.5312118530 
867.8375244141 -110.6183166504 
870.8432006836 -110.4330902100 
873.8593750000 -110.2369918823 
876.8854370117 -110.4770126343 
879.9224853516 -110.7515640259 
882.9700317383 -110.8348236084 
886.0281982422 -110.7719192505 
889.0964355469 -110.6355743408 
892.1757812500 -110.2415924072 
895.2657470703 -109.6225814819 
898.3664550781 -108.9156570435 
901.4774169922 -108.6947250366 
904.5996704102 -109.5043106079 
907.7327270508 -110.4509735107 
910.8765869141 -110.7289657593 
914.0308837891 -110.6116485596 
917.1965942383 -110.5308074951 
920.3732299805 -110.4308319092 
923.5609130859 -110.1633682251 
926.7590942383 -109.9100418091 
929.9689331055 -109.8360671997 
933.1898193359 -109.9276428223 
936.4218750000 -110.0261535645 
939.6646118164 -110.1129379272 
942.9190673828 -110.1599426270 
946.1848754883 -109.7498474121 
949.4619140625 -109.3311462402 
952.7498168945 -109.1159744263 
956.0496215820 -108.6532821655 
959.3608398438 -107.9101562500 
962.6835327148 -107.8538665771 
966.0172119141 -108.7882156372 
969.3629760742 -110.0332412720 
972.7203369141 -110.6961441040 
976.0892944336 -110.9082641602 
979.4694213867 -111.1029129028 
982.8617553711 -111.1790847778 
986.2658691406 -111.1435623169 
989.6817626953 -110.9818496704 
993.1088867188 -109.2728195190 
996.5485229492 -105.9801406860 
1000.0000000000 -108.1467208862 
1003.4634399414 -108.1941070557 
1006.9389038086 -108.3655471802 
1010.4258422852 -108.6853027344 
1013.9254150391 -109.0323104858 
1017.4370727539 -109.3960876465 
1020.9609375000 -109.6878280640 
1024.4964599609 -109.8995971680 
1028.0446777344 -110.0418853760 
1031.6053466797 -110.0972137451 
1035.1782226563 -110.1165695190 
1038.7629394531 -110.1215515137 
1042.3605957031 -110.1221313477 
1045.9708251953 -110.1346206665 
1049.5935058594 -110.1597061157 
1053.2281494141 -110.1990661621 
1056.8759765625 -110.2646331787 
1060.5363769531 -110.3511428833 
1064.2094726563 -110.4520492554 
1067.8947753906 -110.5651702881 
1071.5933837891 -110.6727447510 
1075.3048095703 -110.7614364624 
1079.0290527344 -110.8267669678 
1082.7656250000 -110.8551025391 
1086.5157470703 -110.8538665771 
1090.2788085938 -110.8440704346 
1094.0549316406 -110.8344192505 
1097.8435058594 -110.8451080322 
1101.6458740234 -110.8840332031 
1105.4614257813 -110.9422607422 
1109.2901611328 -111.0151290894 
1113.1314697266 -111.0910797119 
1116.9866943359 -111.1518325806 
1120.8553466797 -111.1922073364 
1124.7374267578 -111.2075119019 
1128.6323242188 -111.1875381470 
1132.5412597656 -111.1311264038 
1136.4637451172 -111.0547943115 
1140.3997802734 -110.9696197510 
1144.3488769531 -110.8900375366 
1148.3123779297 -110.8513717651 
1152.2894287109 -110.8514633179 
1156.2803955078 -110.8822784424 
1160.2844238281 -110.9313659668 
1164.3029785156 -110.9727935791 
1168.3355712891 -110.9729156494 
1172.3819580078 -110.9356689453 
1176.4418945313 -110.8705520630 
1180.5163574219 -110.7920303345 
1184.6051025391 -110.7236328125 
1188.7078857422 -110.6837997437 
1192.8243408203 -110.6704483032 
1196.9555664063 -110.6810607910 
1201.1011962891 -110.7108993530 
1205.2611083984 -110.7533187866 
1209.4348144531 -110.7866668701 
1213.6236572266 -110.7775802612 
1217.8270263672 -110.6948852539 
1222.0449218750 -110.5204620361 
1226.2767333984 -110.2572784424 
1230.5238037109 -109.9499282837 
1234.7857666016 -109.7072067261 
1239.0623779297 -109.5944442749 
1243.3531494141 -109.6414260864 
1247.6594238281 -109.8473663330 
1251.9805908203 -110.1796188354 
1256.3167724609 -110.5747833252 
1260.6679687500 -110.9228134155 
1265.0335693359 -111.1575622559 
1269.4149169922 -111.2666625977 
1273.8115234375 -111.2622604370 
1278.2232666016 -111.1700973511 
1282.6496582031 -111.0221099854 
1287.0920410156 -110.8535232544 
1291.5498046875 -110.7111053467 
1296.0230712891 -110.6411590576 
1300.5111083984 -110.6604537964 
1305.0152587891 -110.7654571533 
1309.5351562500 -110.9310607910 
1314.0706787109 -111.1163330078 
1318.6212158203 -111.2756576538 
1323.1881103516 -111.3734054565 
1327.7709960938 -111.3973388672 
1332.3696289063 -111.3624572754 
1336.9835205078 -111.3097076416 
1341.6141357422 -111.2735748291 
1346.2607421875 -111.2706298828 
1350.9234619141 -111.3010177612 
1355.6015625000 -111.3519592285 
1360.2966308594 -111.4054794312 
1365.0079345703 -111.4471282959 
1369.7355957031 -111.4714431763 
1374.4788818359 -111.4808731079 
1379.2392578125 -111.4797286987 
1384.0162353516 -111.4688720703 
1388.8096923828 -111.4466476440 
1393.6190185547 -111.4149932861 
1398.4456787109 -111.3849182129 
1403.2891845703 -111.3717346191 
1408.1494140625 -111.3848571777 
1413.0257568359 -111.4211883545 
1417.9196777344 -111.4644165039 
1422.8305664063 -111.4930725098 
1427.7584228516 -111.4944305420 
1432.7026367188 -111.4746322632 
1437.6647949219 -111.4561462402 
1442.6440429688 -111.4641418457 
1447.6405029297 -111.5120086670 
1452.6535644531 -111.5951309204 
1457.6848144531 -111.6952362061 
1462.7333984375 -111.7910156250 
1467.7995605469 -111.8679122925 
1472.8823242188 -111.9391250610 
1477.9836425781 -111.9611358643 
1483.1025390625 -111.9661026001 
1488.2392578125 -111.9600982666 
1493.3928222656 -111.9524154663 
1498.5651855469 -111.9524993896 
1503.7553710938 -111.9646224976 
1508.9635009766 -111.9852676392 
1514.1889648438 -112.0056152344 
1519.4332275391 -112.0168457031 
1524.6958007813 -112.0150680542 
1529.9764404297 -112.0039978027 
1535.2746582031 -111.9953842163 
1540.5920410156 -112.0060119629 
1545.9277343750 -112.0500411987 
1551.2819824219 -112.1295700073 
1556.6539306641 -112.2302322388 
1562.0452880859 -112.3270111084 
1567.4554443359 -112.3970718384 
1572.8842773438 -112.4294815063 
1578.3309326172 -112.4251251221 
1583.7974853516 -112.3916549683 
1589.2828369141 -112.3156204224 
1594.7872314453 -112.2544631958 
1600.3107910156 -112.2422180176 
1605.8524169922 -112.2480545044 
1611.4143066406 -112.2566070557 
1616.9953613281 -112.2540740967 
1622.5957031250 -112.2403106689 
1628.2145996094 -112.2316741943 
1633.8538818359 -112.2508697510 
1639.5125732422 -112.3108139038 
1645.1910400391 -112.4543685913 
1650.8881835938 -112.5840682983 
1656.6059570313 -112.6216964722 
1662.3435058594 -112.6181106567 
1668.1009521484 -112.5889358521 
1673.8774414063 -112.5555572510 
1679.6748046875 -112.5349197388 
1685.4923095703 -112.5334472656 
1691.3299560547 -112.5583572388 
1697.1867675781 -112.5926361084 
1703.0649414063 -112.6151046753 
1708.9635009766 -112.6345520020 
1714.8823242188 -112.6466903687 
1720.8208007813 -112.6461791992 
1726.7807617188 -112.6166458130 
1732.7614746094 -112.5714950562 
1738.7628173828 -112.5461349487 
1744.7839355469 -112.5335006714 
1750.8269042969 -112.5349197388 
1756.8908691406 -112.5572357178 
1762.9757080078 -112.5945510864 
1769.0808105469 -112.6322555542 
1775.2078857422 -112.6795196533 
1781.3562011719 -112.7249221802 
1787.5258789063 -112.7408676147 
1793.7159423828 -112.6883316040 
1799.9283447266 -112.6415786743 
1806.1623535156 -112.6279983521 
1812.4178466797 -112.6647644043 
1818.6940917969 -112.7847824097 
1824.9930419922 -112.8903961182 
1831.3138427734 -112.9078369141 
1837.6564941406 -112.8812103271 
1844.0201416016 -112.8012542725 
1850.4068603516 -112.7378158569 
1856.8156738281 -112.7256088257 
1863.2467041016 -112.7302474976 
1869.6988525391 -112.7349624634 
1876.1745605469 -112.7127456665 
1882.6726074219 -112.6809539795 
1889.1931152344 -112.6362457275 
1895.7352294922 -112.6093292236 
1902.3010253906 -112.5873641968 
1908.8895263672 -112.5351715088 
1915.5008544922 -112.3912734985 
1922.1340332031 -112.2661590576 
1928.7912597656 -112.2639923096 
1935.4715576172 -112.3765411377 
1942.1749267578 -112.4759826660 
1948.9005126953 -112.4618225098 
1955.6505126953 -112.3958969116 
1962.4238281250 -112.4384002686 
1969.2205810547 -112.5776519775 
1976.0397949219 -112.7836685181 
1982.8836669922 -112.7673568726 
1989.7513427734 -112.5845489502 
1996.6427001953 -112.3466186523 
2003.5579833984 -112.3880233765 
2010.4960937500 -112.6188201904 
2017.4593505859 -112.9955139160 
2024.4467773438 -113.1514358521 
2031.4583740234 -113.0478591919 
2038.4930419922 -112.9535064697 
2045.5533447266 -112.9565353394 
2052.6379394531 -113.0110702515 
2059.7473144531 -113.0644760132 
2066.8798828125 -113.1417007446 
2074.0385742188 -113.2855606079 
2081.2219238281 -113.4196319580 
2088.4299316406 -113.6024627686 
2095.6621093750 -113.7151336670 
2102.9201660156 -113.7531509399 
2110.2036132813 -113.7761535645 
2117.5122070313 -113.7872924805 
2124.8449707031 -113.7684860229 
2132.2043457031 -113.7350234985 
2139.5891113281 -113.6866149902 
2146.9995117188 -113.6764526367 
2154.4343261719 -113.7268142700 
2161.8959960938 -113.7873611450 
2169.3837890625 -113.8026809692 
2176.8972167969 -113.7857589722 
2184.4355468750 -113.7988128662 
2192.0014648438 -113.8889236450 
2199.5932617188 -114.0769653320 
2207.2114257813 -114.2909622192 
2214.8547363281 -114.4374694824 
2222.5258789063 -114.4964904785 
2230.2233886719 -114.4997024536 
2237.9477539063 -114.5166854858 
2245.6975097656 -114.5645980835 
2253.4753417969 -114.6142959595 
2261.2802734375 -114.6394577026 
2269.1120605469 -114.6364440918 
2276.9697265625 -114.6043777466 
2284.8559570313 -114.5649948120 
2292.7695312500 -114.5430374146 
2300.7104492188 -114.5760574341 
2308.6774902344 -114.6542816162 
2316.6735839844 -114.7580642700 
2324.6972656250 -114.8550567627 
2332.7485351563 -114.9112243652 
2340.8266601563 -114.9003067017 
2348.9340820313 -114.8475799561 
2357.0695800781 -114.8039779663 
2365.2331542969 -114.7931747437 
2373.4235839844 -114.8449554443 
2381.6440429688 -115.0076980591 
2389.8925781250 -115.1543655396 
2398.1699218750 -115.2223968506 
2406.4746093750 -115.1307373047 
2414.8093261719 -114.4626922607 
2423.1728515625 -112.3507080078 
2431.5654296875 -110.6038894653 
2439.9855957031 -109.6841735840 
2448.4365234375 -110.1680145264 
2456.9165039063 -111.7060852051 
2465.4260253906 -113.5081329346 
2473.9633789063 -114.9497146606 
2482.5319824219 -115.2276000977 
2491.1301269531 -115.2721557617 
2499.7580566406 -115.3004760742 
2508.4143066406 -115.3858337402 
2517.1020507813 -115.5028381348 
2525.8200683594 -115.6263275146 
2534.5681152344 -115.7156753540 
2543.3464355469 -115.7181472778 
2552.1538085938 -115.7043838501 
2560.9931640625 -115.7103195190 
2569.8630371094 -115.7388000488 
2578.7636718750 -115.7571716309 
2587.6936035156 -115.7492904663 
2596.6560058594 -115.7011413574 
2605.6494140625 -115.6736068726 
2614.6738281250 -115.6922225952 
2623.7282714844 -115.7221298218 
2632.8154296875 -115.7701492310 
2641.9340820313 -115.8689727783 
2651.0842285156 -115.9837036133 
2660.2646484375 -116.0408935547 
2669.4785156250 -116.0694274902 
2678.7241210938 -116.0851669312 
2688.0017089844 -116.0795059204 
2697.3100585938 -116.0779266357 
2706.6518554688 -116.0898056030 
2716.0263671875 -116.0896072388 
2725.4331054688 -116.0664367676 
2734.8710937500 -116.0144653320 
2744.3432617188 -115.9882812500 
2753.8481445313 -116.0232620239 
2763.3859863281 -116.0658340454 
2772.9553222656 -116.0844497681 
2782.5593261719 -116.0960159302 
2792.1965332031 -116.0704803467 
2801.8671875000 -116.0140075684 
2811.5698242188 -116.0113525391 
2821.3073730469 -116.1160583496 
2831.0788574219 -116.1513442993 
2840.8842773438 -116.0442504883 
2850.7219238281 -115.9688720703 
2860.5952148438 -116.0341415405 
2870.5029296875 -116.1031265259 
2880.4448242188 -116.0821685791 
2890.4194335938 -116.0826644897 
2900.4301757813 -116.1094589233 
2910.4758300781 -116.0836791992 
2920.5561523438 -116.0574722290 
2930.6696777344 -116.0717773438 
2940.8198242188 -116.0738754272 
2951.0053710938 -116.0541763306 
2961.2260742188 -116.1059112549 
2971.4804687500 -116.2736816406 
2981.7719726563 -116.3451919556 
2992.0991210938 -116.1929626465 
3002.4621582031 -116.1484756470 
3012.8593750000 -116.2008056641 
3023.2944335938 -116.2532958984 
3033.7653808594 -116.3059158325 
3044.2727050781 -116.3527755737 
3054.8146972656 -116.3980636597 
3065.3950195313 -116.4410552979 
3076.0117187500 -116.4877624512 
3086.6655273438 -116.5371246338 
3097.3542480469 -116.5956954956 
3108.0817871094 -116.6583328247 
3118.8464355469 -116.7248992920 
3129.6484375000 -116.7959518433 
3140.4860839844 -116.8697738647 
3151.3630371094 -116.9478836060 
3162.2775878906 -117.0346679688 
3173.2299804688 -117.1253204346 
3184.2204589844 -117.2211837769 
3195.2470703125 -117.3102645874 
3206.3137207031 -117.3913803101 
3217.4184570313 -117.4482574463 
3228.5620117188 -117.4819793701 
3239.7421875000 -117.5005340576 
3250.9628906250 -117.5010147095 
3262.2224121094 -117.5032958984 
3273.5209960938 -117.5089111328 
3284.8569335938 -117.5308990479 
3296.2338867188 -117.5648117065 
3307.6501464844 -117.6069335938 
3319.1059570313 -117.6556472778 
3330.5998535156 -117.6992874146 
3342.1352539063 -117.7368316650 
3353.7104492188 -117.7592163086 
3365.3259277344 -117.7685775757 
3376.9797363281 -117.7718048096 
3388.6757812500 -117.7719192505 
3400.4123535156 -117.7844314575 
3412.1894531250 -117.8098831177 
3424.0056152344 -117.8523712158 
3435.8645019531 -117.9163665771 
3447.7644042969 -117.9846343994 
3459.7055664063 -118.0545196533 
3471.6860351563 -118.1127319336 
3483.7102050781 -118.1562728882 
3495.7758789063 -118.1870803833 
3507.8833007813 -118.2023849487 
3520.0307617188 -118.2043228149 
3532.2221679688 -118.2008819580 
3544.4558105469 -118.1940002441 
3556.7319335938 -118.1901626587 
3569.0485839844 -118.1937561035 
3581.4099121094 -118.2031631470 
3593.8139648438 -118.2180328369 
3606.2609863281 -118.2292175293 
3618.7490234375 -118.2308731079 
3631.2824707031 -118.2222595215 
3643.8591308594 -118.2013626099 
3656.4794921875 -118.1768875122 
3669.1416015625 -118.1589050293 
3681.8493652344 -118.1512603760 
3694.6013183594 -118.1607894897 
3707.3974609375 -118.1876907349 
3720.2358398438 -118.2211532593 
3733.1206054688 -118.2565765381 
3746.0500488281 -118.2876434326 
3759.0244140625 -118.3057556152 
3772.0415039063 -118.3142395020 
3785.1059570313 -118.3145980835 
3798.2153320313 -118.3087234497 
3811.3703613281 -118.2989349365 
3824.5688476563 -118.2892684937 
3837.8149414063 -118.2818679810 
3851.1071777344 -118.2785873413 
3864.4453125000 -118.2820510864 
3877.8273925781 -118.2911300659 
3891.2580566406 -118.2994384766 
3904.7353515625 -118.3040847778 
3918.2590332031 -118.3037719727 
3931.8276367188 -118.3015060425 
3945.4453125000 -118.3087310791 
3959.1103515625 -118.3286743164 
3972.8225097656 -118.3594055176 
3986.5822753906 -118.3959426880 
4000.3872070313 -118.4290008545 
4014.2424316406 -118.4498214722 
4028.1455078125 -118.4642410278 
4042.0969238281 -118.4791183472 
4056.0942382813 -118.5007858276 
4070.1423339844 -118.5337142944 
4084.2392578125 -118.5786209106 
4098.3847656250 -118.6283493042 
4112.5771484375 -118.6785736084 
4126.8208007813 -118.7283859253 
4141.1137695313 -118.7783660889 
4155.4565429688 -118.8300704956 
4169.8461914063 -118.8854064941 
4184.2885742188 -118.9456329346 
4198.7802734375 -119.0092086792 
4213.3227539063 -119.0728912354 
4227.9130859375 -119.1312789917 
4242.5561523438 -119.1779098511 
4257.2500000000 -119.2071914673 
4271.9951171875 -119.2175750732 
4286.7885742188 -119.2194442749 
4301.6357421875 -119.2312774658 
4316.5341796875 -119.2645797729 
4331.4843750000 -119.3214950562 
4346.4838867188 -119.3940505981 
4361.5375976563 -119.4674758911 
4376.6435546875 -119.5265731812 
4391.8017578125 -119.5633239746 
4407.0102539063 -119.5806579590 
4422.2739257813 -119.5920791626 
4437.5898437500 -119.6053237915 
4452.9594726563 -119.6193161011 
4468.3793945313 -119.6282196045 
4483.8554687500 -119.6277923584 
4499.3852539063 -119.6201705933 
4514.9687500000 -119.6137313843 
4530.6035156250 -119.6180572510 
4546.2949218750 -119.6378631592 
4562.0410156250 -119.6713867188 
4577.8413085938 -119.7146377563 
4593.6938476563 -119.7662124634 
4609.6040039063 -119.8235778809 
4625.5693359375 -119.8784713745 
4641.5898437500 -119.9179763794 
4657.6630859375 -119.9321212769 
4673.7944335938 -119.9205017090 
4689.9819335938 -119.8922119141 
4706.2255859375 -119.8604125977 
4722.5229492188 -119.8360977173 
4738.8789062500 -119.8234252930 
4755.2919921875 -119.8180084229 
4771.7617187500 -119.8099212646 
4788.2861328125 -119.7911605835 
4804.8701171875 -119.7616806030 
4821.5112304688 -119.7280502319 
4838.2104492188 -119.6965026855 
4854.9648437500 -119.6688308716 
4871.7797851563 -119.6449661255 
4888.6528320313 -119.6281890869 
4905.5844726563 -119.6222839355 
4922.5717773438 -119.6370544434 
4939.6210937500 -119.6846847534 
4956.7294921875 -119.7625122070 
4973.8964843750 -119.8539810181 
4991.1206054688 -119.9387817383 
5008.4072265625 -120.0074234009 
5025.7539062500 -120.0651626587 
5043.1601562500 -120.1208953857 
5060.6269531250 -120.1920166016 
5078.1513671875 -120.2163314819 
5095.7392578125 -120.1908187866 
5113.3881835938 -120.1521377563 
5131.0981445313 -120.1268463135 
5148.8666992188 -120.1325454712 
5166.6997070313 -120.1684036255 
5184.5942382813 -120.2193679810 
5202.5507812500 -120.2685394287 
5220.5668945313 -120.3076553345 
5238.6479492188 -120.3393325806 
5256.7915039063 -120.3718185425 
5274.9985351563 -120.4110107422 
5293.2651367188 -120.4559555054 
5311.5981445313 -120.5019531250 
5329.9946289063 -120.5480880737 
5348.4545898438 -120.6267318726 
5366.9760742188 -120.7049865723 
5385.5644531250 -120.7296600342 
5404.2167968750 -120.7187881470 
5422.9340820313 -120.6835327148 
5441.7133789063 -120.6484527588 
5460.5605468750 -120.6306915283 
5479.4726562500 -120.6266784668 
5498.4506835938 -120.6183013916 
5517.4912109375 -120.5918273926 
5536.6010742188 -120.5293045044 
5555.7768554688 -120.4781494141 
5575.0190429688 -120.4616088867 
5594.3247070313 -120.4520263672 
5613.7001953125 -120.4405975342 
5633.1430664063 -120.4244537354 
5652.6533203125 -120.4110565186 
5672.2275390625 -120.4287719727 
5691.8730468750 -120.5007858276 
5711.5869140625 -120.5781097412 
5731.3686523438 -120.6609344482 
5751.2158203125 -120.7285842896 
5771.1347656250 -120.7605667114 
5791.1230468750 -120.7299041748 
5811.1801757813 -120.6717681885 
5831.3037109375 -120.6567993164 
5851.5000000000 -120.6646347046 
5871.7666015625 -120.6705856323 
5892.1030273438 -120.6121139526 
5912.5068359375 -120.4959640503 
5932.9848632813 -120.4335937500 
5953.5332031250 -120.4210662842 
5974.1533203125 -120.4597396851 
5994.8408203125 -120.5540313721 
6015.6040039063 -120.6141510010 
6036.4384765625 -120.6177444458 
6057.3457031250 -120.6108322144 
6078.3217773438 -120.6357498169 
6099.3735351563 -120.7341232300 
6120.4985351563 -120.8428955078 
6141.6967773438 -120.9574203491 
6162.9648437500 -121.0883789063 
6184.3095703125 -121.1573791504 
6205.7290039063 -121.1608276367 
6227.2221679688 -121.1380767822 
6248.7866210938 -121.0790328979 
6270.4287109375 -121.0240936279 
6292.1459960938 -121.0044708252 
6313.9384765625 -121.0234146118 
6335.8066406250 -121.0980224609 
6357.7470703125 -121.1655426025 
6379.7666015625 -121.2158813477 
6401.8627929688 -121.2303619385 
6424.0351562500 -121.2261810303 
6446.2812500000 -121.2533874512 
6468.6074218750 -121.3470230103 
6491.0112304688 -121.4424438477 
6513.4926757813 -121.4717864990 
6536.0483398438 -121.4459381104 
6558.6855468750 -121.3740158081 
6581.4013671875 -121.3220977783 
6604.1958007813 -121.2745056152 
6627.0654296875 -121.2623214722 
6650.0175781250 -121.2758483887 
6673.0498046875 -121.3277893066 
6696.1616210938 -121.3903884888 
6719.3496093750 -121.3978347778 
6742.6220703125 -121.3441467285 
6765.9746093750 -121.3042755127 
6789.4082031250 -121.3105239868 
6812.9194335938 -121.3703002930 
6836.5156250000 -121.4047393799 
6860.1938476563 -121.4145889282 
6883.9536132813 -121.4049835205 
6907.7919921875 -121.3820266724 
6931.7167968750 -121.3458862305 
6955.7246093750 -121.3289031982 
6979.8154296875 -121.3340225220 
7003.9858398438 -121.3561553955 
7028.2436523438 -121.3937072754 
7052.5859375000 -121.4557800293 
7077.0122070313 -121.5201721191 
7101.5190429688 -121.5480041504 
7126.1147460938 -121.5477981567 
7150.7958984375 -121.5661697388 
7175.5625000000 -121.5903472900 
7200.4106445313 -121.6005630493 
7225.3491210938 -121.5669326782 
7250.3735351563 -121.5056915283 
7275.4848632813 -121.4413528442 
7300.6791992188 -121.3901214600 
7325.9648437500 -121.3906860352 
7351.3378906250 -121.4735412598 
7376.7988281250 -121.5600433350 
7402.3442382813 -121.5540084839 
7427.9819335938 -121.4815139771 
7453.7080078125 -121.4496765137 
7479.5239257813 -121.5257263184 
7505.4248046875 -121.6768264771 
7531.4194335938 -121.7740325928 
7557.5039062500 -121.7410049438 
7583.6791992188 -121.6361694336 
7609.9409179688 -121.6141891479 
7636.2973632813 -121.6701049805 
7662.7451171875 -121.7395477295 
7689.2851562500 -121.7855148315 
7715.9121093750 -121.8065719604 
7742.6357421875 -121.7978668213 
7769.4521484375 -121.7971725464 
7796.3613281250 -121.8368682861 
7823.3593750000 -121.8948593140 
7850.4550781250 -121.9400939941 
7877.6450195313 -121.9541778564 
7904.9287109375 -121.9229965210 
7932.3027343750 -121.9003829956 
7959.7758789063 -121.9434814453 
7987.3442382813 -122.0138626099 
8015.0078125000 -122.0165023804 
8042.7675781250 -121.9141006470 
8070.6191406250 -121.8483428955 
8098.5712890625 -121.8407897949 
8126.6201171875 -121.8395843506 
8154.7666015625 -121.8151397705 
8183.0053710938 -121.7844924927 
8211.3466796875 -121.8153533936 
8239.7871093750 -121.9200973511 
8268.3251953125 -122.0192947388 
8296.9570312500 -122.0101776123 
8325.6933593750 -121.9332275391 
8354.5292968750 -121.8814392090 
8383.4648437500 -121.8675003052 
8412.4960937500 -121.8989791870 
8441.6318359375 -121.9478683472 
8470.8691406250 -121.9673767090 
8500.2080078125 -121.9162521362 
8529.6425781250 -121.8682785034 
8559.1845703125 -121.8668823242 
8588.8291015625 -121.9432907104 
8618.5761718750 -122.0163955688 
8648.4218750000 -122.0000152588 
8678.3750000000 -121.9722976685 
8708.4326171875 -122.0050201416 
8738.5937500000 -122.0136337280 
8768.8544921875 -121.9477691650 
8799.2246093750 -121.9235610962 
8829.7001953125 -121.9548721313 
8860.2822265625 -122.0159225464 
8890.9638671875 -122.0628662109 
8921.7578125000 -122.1015548706 
8952.6582031250 -122.1242523193 
8983.6650390625 -122.1446609497 
9014.7744140625 -122.1906585693 
9045.9970703125 -122.2200622559 
9077.3271484375 -122.1415634155 
9108.7656250000 -122.0241699219 
9140.3085937500 -121.9783706665 
9171.9658203125 -121.9670181274 
9203.7324218750 -121.9750595093 
9235.6093750000 -122.0365676880 
9267.5908203125 -122.0981597900 
9299.6894531250 -122.1428833008 
9331.8984375000 -122.1989898682 
9364.2187500000 -122.2119064331 
9396.6464843750 -122.1474838257 
9429.1914062500 -122.0558319092 
9461.8486328125 -121.9780883789 
9494.6191406250 -121.9489669800 
9527.4980468750 -121.9931716919 
9560.4960937500 -122.1103210449 
9593.6083984375 -122.1539764404 
9626.8359375000 -122.1372909546 
9660.1718750000 -122.1210861206 
9693.6298828125 -122.0205917358 
9727.2031250000 -121.9227218628 
9760.8935546875 -121.9774932861 
9794.6943359375 -122.0923919678 
9828.6171875000 -122.1448669434 
9862.6582031250 -122.1649856567 
9896.8173828125 -122.1540298462 
9931.0888671875 -122.1014175415 
9965.4853515625 -122.0707626343 
10000.0000000000 -122.1064682007 
10034.6347656250 -122.1264572144 
10069.3886718750 -122.1496429443 
10104.2636718750 -122.1761093140 
10139.2597656250 -122.2032470703 
10174.3652343750 -122.2309951782 
10209.6035156250 -122.2603073120 
10244.9638671875 -122.2912139893 
10280.4472656250 -122.3231353760 
10316.0527343750 -122.3549575806 
10351.7822265625 -122.3819885254 
10387.6347656250 -122.4036636353 
10423.6123046875 -122.4175872803 
10459.7021484375 -122.4208526611 
10495.9287109375 -122.4188003540 
10532.2812500000 -122.4119491577 
10568.7597656250 -122.4000167847 
10605.3642578125 -122.3851013184 
10642.0947265625 -122.3683471680 
10678.9531250000 -122.3502960205 
10715.9394531250 -122.3348312378 
10753.0419921875 -122.3235549927 
10790.2841796875 -122.3167572021 
10827.6562500000 -122.3155441284 
10865.1572265625 -122.3156967163 
10902.7880859375 -122.3141250610 
10940.5498046875 -122.3098373413 
10978.4414062500 -122.3017349243 
11016.4648437500 -122.2945251465 
11054.6074218750 -122.2906494141 
11092.8945312500 -122.2913208008 
11131.3144531250 -122.2979431152 
11169.8671875000 -122.3052673340 
11208.5537109375 -122.3098602295 
11247.3740234375 -122.3100128174 
11286.3291015625 -122.3036956787 
11325.4189453125 -122.2954940796 
11364.6308593750 -122.2919311523 
11403.9921875000 -122.2973937988 
11443.4892578125 -122.3168487549 
11483.1230468750 -122.3588027954 
11522.8945312500 -122.4111099243 
11562.8037109375 -122.4649047852 
11602.8505859375 -122.5103912354 
11643.0371093750 -122.5306549072 
11683.3486328125 -122.5158691406 
11723.8134765625 -122.4801864624 
11764.4189453125 -122.4349288940 
11805.1640625000 -122.3925399780 
11846.0507812500 -122.3681335449 
11887.0791015625 -122.3619995117 
11928.2490234375 -122.3621292114 
11969.5625000000 -122.3611831665 
12011.0048828125 -122.3542785645 
12052.6044921875 -122.3412246704 
12094.3486328125 -122.3328857422 
12136.2363281250 -122.3372650146 
12178.2695312500 -122.3557052612 
12220.4492187500 -122.3855743408 
12262.7734375000 -122.4207611084 
12305.2451171875 -122.4517440796 
12347.8505859375 -122.4704895020 
12390.6162109375 -122.4779968262 
12433.5312500000 -122.4761123657 
12476.5937500000 -122.4666442871 
12519.8056640625 -122.4504547119 
12563.1679687500 -122.4268035889 
12606.6796875000 -122.3928833008 
12650.3427734375 -122.3533782959 
12694.1562500000 -122.3149490356 
12738.1074218750 -122.2854232788 
12782.2255859375 -122.2713775635 
12826.4960937500 -122.2758407593 
12870.9199218750 -122.2963485718 
12915.4980468750 -122.3238601685 
12960.2304687500 -122.3442077637 
13005.1171875000 -122.3501892090 
13050.1601562500 -122.3413238525 
13095.3447265625 -122.3220672607 
13140.6992187500 -122.2987213135 
13186.2119140625 -122.2763824463 
13231.8818359375 -122.2568969727 
13277.7099609375 -122.2393722534 
13323.6962890625 -122.2232818604 
13369.8427734375 -122.2123565674 
13416.1484375000 -122.2131195068 
13462.5996093750 -122.2317199707 
13509.2265625000 -122.2710723877 
13556.0156250000 -122.3295745850 
13602.9658203125 -122.4016799927 
13650.0791015625 -122.4795074463 
13697.3554687500 -122.5545806885 
13744.7958984375 -122.6190032959 
13792.4003906250 -122.6662292480 
13840.1542968750 -122.6924209595 
13888.0888671875 -122.6987380981 
13936.1904296875 -122.6928329468 
13984.4570312500 -122.6880187988 
14032.8916015625 -122.6951370239 
14081.4941406250 -122.7148742676 
14130.2646484375 -122.7364273071 
14179.2041015625 -122.7431335449 
14228.2978515625 -122.7233352661 
14277.5771484375 -122.6785354614 
14327.0263671875 -122.6225051880 
14376.6474609375 -122.5721817017 
14426.4404296875 -122.5377578735 
14476.4052734375 -122.5186157227 
14526.5439453125 -122.5070266724 
14576.8564453125 -122.4957504272 
14627.3261718750 -122.4832916260 
14677.9873046875 -122.4727859497 
14728.8242187500 -122.4656600952 
14779.8369140625 -122.4661560059 
14831.0253906250 -122.4697875977 
14882.3925781250 -122.4792709351 
14933.9365234375 -122.4975357056 
14985.6601562500 -122.5220108032 
15037.5458984375 -122.5425491333 
15089.6269531250 -122.5458297729 
15141.8896484375 -122.5234603882 
15194.3330078125 -122.4784927368 
15246.9580078125 -122.4260711670 
15299.7646484375 -122.3872070313 
15352.7548828125 -122.3795623779 
15405.9287109375 -122.4102706909 
15459.2695312500 -122.4739532471 
15512.8115234375 -122.5554351807 
15566.5390625000 -122.6347503662 
15620.4531250000 -122.6925735474 
15674.5546875000 -122.7160263062 
15728.8427734375 -122.7037811279 
15783.3183593750 -122.6671524048 
15837.9833984375 -122.6243362427 
15892.8369140625 -122.5772476196 
15947.8642578125 -122.5381622314 
16003.0986328125 -122.4951400757 
16058.5244140625 -122.4325485229 
16114.1425781250 -122.3650283813 
16169.9531250000 -122.3168106079 
16225.9570312500 -122.3049011230 
16282.1552734375 -122.3270339966 
16338.5478515625 -122.3626022339 
16395.1171875000 -122.3860321045 
16451.9003906250 -122.3713073730 
16508.8808593750 -122.3328018188 
16566.0585937500 -122.3211593628 
16623.4355468750 -122.3304061890 
16681.0097656250 -122.3526229858 
16738.7832031250 -122.3736038208 
16796.7578125000 -122.3841705322 
16854.9140625000 -122.3857727051 
16913.2890625000 -122.3857116699 
16971.8691406250 -122.3827438354 
17030.6503906250 -122.3695144653 
17089.6347656250 -122.3478469849 
17148.8242187500 -122.3287811279 
17208.2167968750 -122.3264846802 
17267.8183593750 -122.3753509521 
17327.6054687500 -122.4669570923 
17387.6191406250 -122.5309829712 
17447.8398437500 -122.5721817017 
17508.2695312500 -122.5797805786 
17568.9082031250 -122.5457229614 
17629.7578125000 -122.5105514526 
17690.8164062500 -122.5025100708 
17752.0878906250 -122.5025329590 
17813.5527343750 -122.5064697266 
17875.2500000000 -122.5341796875 
17937.1582031250 -122.6024856567 
17999.2832031250 -122.6654357910 
18061.6230468750 -122.7140350342 
18124.1796875000 -122.7270431519 
18186.9511718750 -122.6789474487 
18249.9414062500 -122.6147994995 
18313.1289062500 -122.5951461792 
18376.5546875000 -122.6010742188 
18440.2011718750 -122.6430435181 
18504.0683593750 -122.6904144287 
18568.1562500000 -122.7060470581 
18632.4667968750 -122.6985321045 
18697.0000000000 -122.6463394165 
18761.7558593750 -122.5823669434 
18826.7148437500 -122.5499954224 
18891.9199218750 -122.5182113647 
18957.3515625000 -122.4905929565 
19023.0097656250 -122.4735717773 
19088.8945312500 -122.4618911743 
19155.0078125000 -122.4534606934 
19221.3515625000 -122.4400634766 
19287.9238281250 -122.4230117798 
19354.7050781250 -122.3989791870 
19421.7382812500 -122.3850708008 
19489.0058593750 -122.3785400391 
19556.5039062500 -122.3691253662 
19624.2382812500 -122.3703994751 
19692.2050781250 -122.3810119629 
19760.4082031250 -122.3933944702 
19828.8476562500 -122.3893814087 
19897.5019531250 -122.3779144287 
19966.4160156250 -122.3517608643 
20035.5683593750 -122.3135757446 
20104.9609375000 -122.2879257202 
20174.5937500000 -122.2833862305 
20244.4667968750 -122.3194580078 
20314.5839843750 -122.3662490845 
20384.9414062500 -122.3944015503 
20455.5449218750 -122.4034881592 
20526.3691406250 -122.4106140137 
20597.4609375000 -122.3982086182 
20668.7988281250 -122.3314971924 
20740.3847656250 -122.2255249023 
20812.2187500000 -122.1567001343 
20884.3007812500 -122.1212234497 
20956.6328125000 -122.1742706299 
21029.2148437500 -122.2924957275 
21102.0253906250 -122.3968811035 
21175.1113281250 -122.4256973267 
21248.4492187500 -122.3917922974 
21322.0429687500 -122.3464660645 
21395.8906250000 -122.2816162109 
21469.9941406250 -122.2343368530 
21544.3554687500 -122.2132873535 
21618.9726562500 -122.2176437378 
21693.8242187500 -122.2587432861 
21768.9609375000 -122.3194274902 
21844.3574218750 -122.3698883057 
21920.0136718750 -122.3929214478 
21995.9316406250 -122.3928298950 
22072.1152343750 -122.3898315430 
22148.5605468750 -122.3900756836 
22225.2714843750 -122.3923187256 
22302.2226562500 -122.3847351074 
22379.4648437500 -122.3578186035 
22456.9746093750 -122.3117599487 
22534.7539062500 -122.2672729492 
22612.8027343750 -122.2523574829 
22691.1210937500 -122.2757797241 
22769.7109375000 -122.3283843994 
22848.5722656250 -122.3694152832 
22927.6816406250 -122.3704986572 
23007.0898437500 -122.3359909058 
23086.7753906250 -122.3026123047 
23166.7343750000 -122.2578201294 
23246.9707031250 -122.1910095215 
23327.4863281250 -122.1141281128 
23408.2792968750 -122.0859527588 
23489.3535156250 -122.1584548950 
23570.6816406250 -122.2860260010 
23652.3183593750 -122.3968658447 
23734.2363281250 -122.4391632080 
23816.4394531250 -122.3938751221 
23898.9257812500 -122.2983093262 
23981.6992187500 -122.1895904541 
24064.7578125000 -122.1115951538 
24148.1054687500 -122.0939178467 
24231.7148437500 -122.1356735229 
24315.6406250000 -122.1764984131 
24399.8574218750 -122.1764907837 
24484.3652343750 -122.1469726563 
24569.1640625000 -122.1590118408 
24654.2597656250 -122.2196197510 
24739.6484375000 -122.2756042480 
24825.3320312500 -122.2521362305 
24911.2871093750 -122.1947326660 
24997.5664062500 -122.1853179932 
25084.1445312500 -122.3196182251 
25171.0214843750 -122.4649887085 
25258.1992187500 -122.5500488281 
25345.6816406250 -122.5419998169 
25433.4648437500 -122.5025482178 
25521.5527343750 -122.4870986938 
25609.9453125000 -122.4645080566 
25698.6152343750 -122.3757400513 
25787.6210937500 -122.2864074707 
25876.9355468750 -122.2181625366 
25966.5585937500 -122.1300582886 
26056.4941406250 -122.0191268921 
26146.7382812500 -121.9673004150 
26237.2968750000 -121.9729537964 
26328.1679687500 -121.9996414185 
26419.3261718750 -122.0173034668 
26510.8281250000 -122.0846023560 
26602.6464843750 -122.1659851074 
26694.7832031250 -122.1999816895 
26787.2402343750 -122.1528778076 
26880.0156250000 -122.1090850830 
26973.1132812500 -122.1183013916 
27066.5351562500 -122.1286468506 
27160.2480468750 -122.1239089966 
27254.3164062500 -122.0983200073 
27348.7109375000 -122.0166625977 
27443.4316406250 -121.9307174683 
27538.4804687500 -121.9704742432 
27633.8593750000 -122.1268768311 
27729.5683593750 -122.2100143433 
27825.6074218750 -122.1359100342 
27921.9492187500 -122.0480499268 
28018.6562500000 -121.9968490601 
28115.6972656250 -121.9993057251 
28213.0742187500 -122.0629653931 
28310.7890625000 -122.1269149780 
28408.8417968750 -122.1491088867 
28507.2343750000 -122.1227111816 
28605.9687500000 -122.0260696411 
28705.0136718750 -121.9032974243 
28804.4316406250 -121.8409881592 
28904.1933593750 -121.8042602539 
29004.3027343750 -121.7710723877 
29104.7578125000 -121.8241653442 
29205.5605468750 -121.9460296631 
29306.7128906250 -122.0156173706 
29408.2148437500 -122.0207824707 
29510.0371093750 -122.0177917480 
29612.2441406250 -122.0016708374 
29714.8046875000 -121.9858322144 
29817.7207031250 -121.9909744263 
29920.9921875000 -122.0419387817 
30024.6230468750 -122.2146682739 
30128.6113281250 -122.1996536255 
30232.9609375000 -122.1828460693 
30337.6367187500 -122.1643981934 
30442.7109375000 -122.1496582031 
30548.1464843750 -122.1364898682 
30653.9492187500 -122.1261596680 
30760.1171875000 -122.1164779663 
30866.6542968750 -122.1068572998 
30973.5585937500 -122.0949630737 
31080.8339843750 -122.0795822144 
31188.4472656250 -122.0608444214 
31296.4667968750 -122.0319442749 
31404.8613281250 -121.9984054565 
31513.6308593750 -121.9580917358 
31622.7773437500 -121.9139404297 
31732.3007812500 -121.8696289063 
31842.2031250000 -121.8275527954 
31952.4882812500 -121.7914352417 
32063.1542968750 -121.7598648071 
32174.1679687500 -121.7382354736 
32285.6015625000 -121.7274246216 
32397.4218750000 -121.7250289917 
32509.6289062500 -121.7396469116 
32622.2246093750 -121.7636337280 
32735.2089843750 -121.7935791016 
32848.5859375000 -121.8255691528 
32962.3554687500 -121.8506698608 
33076.4843750000 -121.8691864014 
33191.0429687500 -121.8723754883 
33305.9960937500 -121.8633575439 
33421.3515625000 -121.8448944092 
33537.1054687500 -121.8128967285 
33653.2578125000 -121.7722778320 
33769.8164062500 -121.7273330688 
33886.7773437500 -121.6795959473 
34004.1054687500 -121.6357269287 
34121.8750000000 -121.5964584351 
34240.0546875000 -121.5634613037 
34358.6445312500 -121.5415573120 
34477.6445312500 -121.5263824463 
34597.0546875000 -121.5178680420 
34716.8789062500 -121.5185699463 
34837.1210937500 -121.5234527588 
34957.7382812500 -121.5305633545 
35078.8125000000 -121.5382308960 
35200.3085937500 -121.5419845581 
35322.2226562500 -121.5414047241 
35444.5585937500 -121.5359954834 
35567.3203125000 -121.5234832764 
35690.5039062500 -121.5089950562 
35814.1171875000 -121.4957885742 
35938.1171875000 -121.4868774414 
36062.5898437500 -121.4930267334 
36187.4921875000 -121.5107345581 
36312.8242187500 -121.5380096436 
36438.5898437500 -121.5723114014 
36564.7968750000 -121.5997314453 
36691.4375000000 -121.6150512695 
36818.5156250000 -121.6174011230 
36945.9921875000 -121.6058654785 
37073.9531250000 -121.5914230347 
37202.3593750000 -121.5812072754 
37331.2070312500 -121.5758361816 
37460.5000000000 -121.5744934082 
37590.2460937500 -121.5656585693 
37720.4375000000 -121.5449142456 
37851.0781250000 -121.5127258301 
37982.1328125000 -121.4709167480 
38113.6835937500 -121.4293289185 
38245.6875000000 -121.3976287842 
38378.1484375000 -121.3763351440 
38511.0703125000 -121.3647079468 
38644.4531250000 -121.3596191406 
38778.2968750000 -121.3547058105 
38912.6015625000 -121.3477935791 
39047.3320312500 -121.3385086060 
39182.5703125000 -121.3266906738 
39318.2773437500 -121.3117141724 
39454.4531250000 -121.2936401367 
39591.1015625000 -121.2755279541 
39728.2265625000 -121.2615356445 
39865.8203125000 -121.2565078735 
40003.8945312500 -121.2669906616 
40142.4453125000 -121.2934494019 
40281.4335937500 -121.3193969727 
40420.9453125000 -121.3298568726 
40560.9414062500 -121.3128967285 
40701.4257812500 -121.2626190186 
40842.3906250000 -121.1861190796 
40983.8476562500 -121.1130828857 
41125.7929687500 -121.0599060059 
41268.2304687500 -121.0307006836 
41411.1171875000 -121.0214614868 
41554.5390625000 -121.0218658447 
41698.4648437500 -121.0184326172 
41842.8828125000 -121.0031509399 
41987.8046875000 -120.9812088013 
42133.2265625000 -120.9591751099 
42279.1523437500 -120.9425964355 
42425.5859375000 -120.9345932007 
42572.4765625000 -120.9353027344 
42719.9257812500 -120.9430313110 
42867.8828125000 -120.9551239014 
43016.3554687500 -120.9681243896 
43165.3398437500 -120.9791412354 
43314.8437500000 -120.9846420288 
43464.8593750000 -120.9802932739 
43615.3984375000 -120.9613876343 
43766.4101562500 -120.9242630005 
43917.9960937500 -120.8689270020 
44070.1015625000 -120.8022842407 
44222.7382812500 -120.7395782471 
44375.9023437500 -120.6916885376 
44529.5937500000 -120.6622467041 
44683.8203125000 -120.6490478516 
44838.5820312500 -120.6475067139 
44993.8281250000 -120.6535110474 
45149.6601562500 -120.6642684937 
45306.0351562500 -120.6776733398 
45462.9492187500 -120.6922454834 
45620.4101562500 -120.7082214355 
45778.4140625000 -120.7273254395 
45936.9648437500 -120.7504043579 
46096.0664062500 -120.7744903564 
46255.6679687500 -120.7933273315 
46415.8710937500 -120.7961196899 
46576.6289062500 -120.7686767578 
46737.9453125000 -120.7017517090 
46899.8203125000 -120.6019134521 
47062.2578125000 -120.4935913086 
47225.2539062500 -120.4078598022 
47388.8164062500 -120.3655014038 
47552.8945312500 -120.3662872314 
47717.5898437500 -120.3912429810 
47882.8593750000 -120.4157333374 
48048.6992187500 -120.4235839844 
48215.1132812500 -120.4118804932 
48382.1054687500 -120.3856582642 
48549.6718750000 -120.3512573242 
48717.8242187500 -120.3140869141 
48886.5000000000 -120.2781677246 
49055.8164062500 -120.2557830811 
49225.7187500000 -120.2248916626 
49396.2109375000 -120.2006378174 
49567.2929687500 -120.1926803589 
49738.9648437500 -120.2101058960 
49911.2343750000 -120.2514648438 
50084.1015625000 -120.3039474487 
50257.5664062500 -120.3516464233 
50431.5742187500 -120.3807754517 
50606.2421875000 -120.3524703979 
50781.5156250000 -120.2342681885 
50957.3945312500 -120.1227188110 
51133.8828125000 -120.0342636108 
51310.9804687500 -120.0001907349 
51488.6953125000 -120.0263519287 
51667.0234375000 -120.0955886841 
51845.9140625000 -120.1807861328 
52025.4804687500 -120.2571029663 
52205.6679687500 -120.3084487915 
52386.4804687500 -120.3280334473 
52567.9179687500 -120.3142013550 
52749.9843750000 -120.2671356201 
52932.6796875000 -120.1927413940 
53116.0117187500 -120.1083755493 
53299.9179687500 -120.0381851196 
53484.5195312500 -119.9964141846 
53669.7617187500 -120.0102767944 
53855.6445312500 -120.0364761353 
54042.1679687500 -120.0598220825 
54229.3398437500 -120.0689926147 
54417.1640625000 -120.0570678711 
54605.6328125000 -120.0284271240 
54794.6992187500 -119.9977722168 
54984.4765625000 -119.9770660400 
55174.9140625000 -119.9633407593 
55366.0078125000 -119.9211502075 
55557.7656250000 -119.8429946899 
55750.1875000000 -119.7813491821 
55943.2773437500 -119.7267990112 
56137.0351562500 -119.6827621460 
56331.3984375000 -119.6485214233 
56526.5000000000 -119.6246795654 
56722.2773437500 -119.6068725586 
56918.7343750000 -119.5816497803 
57115.8671875000 -119.5413055420 
57313.6875000000 -119.4918594360 
57512.1914062500 -119.4559936523 
57711.3789062500 -119.4445953369 
57911.1992187500 -119.4348373413 
58111.7695312500 -119.3754425049 
58313.0390625000 -119.2977905273 
58515.0039062500 -119.2146224976 
58717.6679687500 -119.1511154175 
58921.0312500000 -119.1432876587 
59125.1015625000 -119.2317886353 
59329.8789062500 -119.3238983154 
59535.3007812500 -119.4039459229 
59741.5000000000 -119.4550552368 
59948.4101562500 -119.4706268311 
60156.0390625000 -119.4266586304 
60364.3867187500 -119.3663558960 
60573.4570312500 -119.3066864014 
60783.2500000000 -119.2679061890 
60993.7695312500 -119.2781448364 
61204.9531250000 -119.2871551514 
61416.9335937500 -119.2802734375 
61629.6484375000 -119.2560272217 
61843.0976562500 -119.2372665405 
62057.2890625000 -119.2160873413 
62272.2226562500 -119.1737594604 
62487.8984375000 -119.0906600952 
62704.3203125000 -119.0441894531 
62921.4257812500 -119.0643692017 
63139.3515625000 -119.1601943970 
63358.0312500000 -119.2693786621 
63577.4687500000 -119.3074111938 
63797.6679687500 -119.2990722656 
64018.6289062500 -119.2051467896 
64240.3554687500 -119.0658111572 
64462.8476562500 -118.9676742554 
64686.1093750000 -118.8572387695 
64910.0781250000 -118.8132553101 
65134.8906250000 -118.8327407837 
65360.4804687500 -118.9012908936 
65586.8515625000 -118.9561843872 
65814.0156250000 -118.9503097534 
66041.9531250000 -118.8825073242 
66270.6875000000 -118.8303298950 
66500.2109375000 -118.8538055420 
66730.4609375000 -118.9571304321 
66961.5781250000 -119.0432434082 
67193.5000000000 -119.0292510986 
67426.2187500000 -118.9552536011 
67659.7500000000 -118.8936080933 
67894.0859375000 -118.8102645874 
68129.2343750000 -118.7438888550 
68365.1953125000 -118.7100296021 
68601.8984375000 -118.6579971313 
68839.5000000000 -118.6012649536 
69077.9218750000 -118.5833435059 
69317.1718750000 -118.6304397583 
69557.2421875000 -118.6935272217 
69798.1562500000 -118.7623596191 
70039.8984375000 -118.7456970215 
70282.4765625000 -118.6264495850 
70525.8203125000 -118.4948348999 
70770.0859375000 -118.4142379761 
71015.1875000000 -118.3930969238 
71261.1484375000 -118.4257965088 
71507.9609375000 -118.4437484741 
71755.6250000000 -118.4194488525 
72004.1484375000 -118.3581542969 
72253.5312500000 -118.3211135864 
72503.6953125000 -118.3410339355 
72754.8125000000 -118.3932952881 
73006.7890625000 -118.4399795532 
73259.6484375000 -118.4368972778 
73513.3828125000 -118.3507690430 
73767.9921875000 -118.2451400757 
74023.4843750000 -118.2067413330 
74279.8593750000 -118.2339096069 
74537.0390625000 -118.2833480835 
74795.1953125000 -118.3236465454 
75054.2500000000 -118.3554382324 
75314.1953125000 -118.3674468994 
75575.0390625000 -118.3168563843 
75836.7890625000 -118.2075119019 
76099.4453125000 -118.1720123291 
76363.0156250000 -118.1750488281 
76627.4140625000 -118.1465072632 
76892.8046875000 -118.0627059937 
77159.1250000000 -117.9633026123 
77426.3593750000 -117.8704681396 
77694.5234375000 -117.8007812500 
77963.6093750000 -117.8283920288 
78233.6328125000 -117.9112319946 
78504.5937500000 -117.9610671997 
78776.4062500000 -117.9317398071 
79049.2421875000 -117.8632659912 
79323.0234375000 -117.8057708740 
79597.7578125000 -117.7241821289 
79873.4453125000 -117.6425247192 
80150.0781250000 -117.5971221924 
80427.6796875000 -117.5973205566 
80706.2343750000 -117.6037445068 
80985.7578125000 -117.5765838623 
81266.1562500000 -117.5781631470 
81547.6171875000 -117.6477127075 
81830.0546875000 -117.7301254272 
82113.4687500000 -117.7686386108 
82397.8671875000 -117.7293853760 
82683.2500000000 -117.6537704468 
82969.6171875000 -117.5904159546 
83256.9765625000 -117.5969085693 
83545.2421875000 -117.6083068848 
83834.6015625000 -117.5415573120 
84124.9531250000 -117.4269332886 
84416.3203125000 -117.3731384277 
84708.6875000000 -117.3372421265 
85002.0781250000 -117.3154525757 
85296.4765625000 -117.3705368042 
85591.8984375000 -117.4667129517 
85888.2500000000 -117.4873886108 
86185.7187500000 -117.3940734863 
86484.2187500000 -117.3346176147 
86783.7500000000 -117.2919769287 
87084.3203125000 -117.2642822266 
87385.9375000000 -117.2889099121 
87688.5937500000 -117.3229064941 
87992.2968750000 -117.3507843018 
88296.9609375000 -117.3638992310 
88602.7734375000 -117.2948684692 
88909.6406250000 -117.1694641113 
89217.5781250000 -117.1283264160 
89526.5781250000 -117.1406250000 
89836.6484375000 -117.1311187744 
90147.7968750000 -117.1095809937 
90460.0156250000 -117.1288070679 
90773.2187500000 -117.1511459351 
91087.6093750000 -117.1306762695 
91403.0859375000 -117.0384674072 
91719.6562500000 -116.9433212280 
92037.3281250000 -116.8800735474 
92356.0937500000 -116.8676834106 
92675.9609375000 -116.9261550903 
92996.9453125000 -116.9797439575 
93318.9296875000 -116.8404312134 
93642.1328125000 -116.6739044189 
93966.4609375000 -116.7561950684 
94291.9062500000 -116.8642883301 
94618.4843750000 -116.8198089600 
94946.1953125000 -116.7368164063 
95275.0312500000 -116.6575546265 
95605.0156250000 -116.6352691650 
95936.0312500000 -116.7282028198 
96268.3046875000 -116.8726348877 
96601.7265625000 -116.9824752808 
96936.2968750000 -116.9333496094 
97272.0312500000 -116.7699584961 
97608.9296875000 -116.5817642212 
97946.9921875000 -116.4097595215 
98286.2265625000 -116.3984909058 
98626.5312500000 -116.4986419678 
98968.1171875000 -116.4759292603 
99310.8906250000 -116.3940200806 
99654.8515625000 -116.4135437012 
100000.0000000000 -116.4825210571 
100346.3437500000 -116.4683227539 
100693.8906250000 -116.4532318115 
101042.6406250000 -116.4308319092 
101392.5937500000 -116.4036026001 
101743.6562500000 -116.3716583252 
102096.0390625000 -116.3354568481 
102449.6406250000 -116.3013229370 
102804.4687500000 -116.2703094482 
103160.5312500000 -116.2477722168 
103517.8203125000 -116.2351150513 
103876.3515625000 -116.2298889160 
104236.1250000000 -116.2331390381 
104597.0234375000 -116.2458190918 
104959.2890625000 -116.2636489868 
105322.8125000000 -116.2862854004 
105687.5937500000 -116.3146057129 
106053.6406250000 -116.3448181152 
106420.9531250000 -116.3747863770 
106789.5312500000 -116.4026031494 
107159.3906250000 -116.4213409424 
107530.4218750000 -116.4317092896 
107902.8437500000 -116.4333267212 
108276.5625000000 -116.4237136841 
108651.5703125000 -116.4044418335 
109027.8828125000 -116.3790206909 
109405.4921875000 -116.3480453491 
109784.4140625000 -116.3107681274 
110164.6484375000 -116.2684326172 
110546.0781250000 -116.2224197388 
110928.9453125000 -116.1732025146 
111313.1484375000 -116.1214141846 
111698.6718750000 -116.0703964233 
112085.5390625000 -116.0228729248 
112473.7421875000 -115.9811477661 
112863.2890625000 -115.9503479004 
113254.1875000000 -115.9339523315 
113646.3125000000 -115.9273452759 
114039.9218750000 -115.9275665283 
114434.8906250000 -115.9305801392 
114831.2343750000 -115.9279098511 
115228.9453125000 -115.9202804565 
115628.0312500000 -115.9118194580 
116028.5078125000 -115.9076080322 
116430.3671875000 -115.9174804688 
116833.4921875000 -115.9471435547 
117238.1406250000 -115.9875946045 
117644.1875000000 -116.0307998657 
118051.6406250000 -116.0677108765 
118460.5078125000 -116.0859451294 
118870.7890625000 -116.0849761963 
119282.4921875000 -116.0760498047 
119695.6250000000 -116.0672912598 
120110.0546875000 -116.0658721924 
120526.0468750000 -116.0770950317 
120943.4843750000 -116.1000747681 
121362.3671875000 -116.1264266968 
121782.6953125000 -116.1523208618 
122204.4843750000 -116.1758422852 
122627.7343750000 -116.1972503662 
123052.4531250000 -116.2199935913 
123478.5000000000 -116.2497024536 
123906.1640625000 -116.2863159180 
124335.3125000000 -116.3253936768 
124765.9375000000 -116.3589477539 
125198.0625000000 -116.3773574829 
125631.6796875000 -116.3724594116 
126066.7968750000 -116.3421401978 
126503.4218750000 -116.3059692383 
126941.5625000000 -116.2785339355 
127381.0781250000 -116.2690887451 
127822.2578125000 -116.2794799805 
128264.9609375000 -116.3041458130 
128709.2031250000 -116.3325042725 
129154.9843750000 -116.3531112671 
129602.3046875000 -116.3628692627 
130051.1796875000 -116.3672409058 
130501.6015625000 -116.3725204468 
130953.4453125000 -116.3834457397 
131407.0000000000 -116.4020309448 
131862.1250000000 -116.4280166626 
132318.8125000000 -116.4603729248 
132777.0937500000 -116.4989929199 
133236.9687500000 -116.5455245972 
133698.4218750000 -116.6005630493 
134161.4843750000 -116.6608428955 
134626.0000000000 -116.7205963135 
135092.2656250000 -116.7736816406 
135560.1562500000 -116.8165130615 
136029.6562500000 -116.8496246338 
136500.7968750000 -116.8761672974 
136973.5625000000 -116.8985595703 
137447.9531250000 -116.9159469604 
137924.0000000000 -116.9246063232 
138401.5468750000 -116.9211807251 
138880.8906250000 -116.9053726196 
139361.9062500000 -116.8797149658 
139844.5781250000 -116.8473892212 
140328.9218750000 -116.8128051758 
140814.9375000000 -116.7822799683 
141302.6406250000 -116.7643737793 
141792.0468750000 -116.7665328979 
142282.9843750000 -116.7914505005 
142775.7656250000 -116.8364410400 
143270.2656250000 -116.8954925537 
143766.4687500000 -116.9610671997 
144264.4062500000 -117.0237960815 
144764.0625000000 -117.0726470947 
145265.4375000000 -117.0987777710 
145768.5625000000 -117.1016235352 
146273.2656250000 -117.0913543701 
146779.8750000000 -117.0837554932 
147288.2343750000 -117.0974655151 
147798.3593750000 -117.1289367676 
148310.2500000000 -117.1669998169 
148823.9218750000 -117.2027511597 
149339.3750000000 -117.2334899902 
149856.5937500000 -117.2618331909 
150375.4531250000 -117.2907638550 
150896.2656250000 -117.3204650879 
151418.8906250000 -117.3498840332 
151943.3281250000 -117.3796691895 
152469.5781250000 -117.4118881226 
152997.6406250000 -117.4467926025 
153527.5468750000 -117.4811248779 
154059.2812500000 -117.5102310181 
154592.6875000000 -117.5314254761 
155128.1093750000 -117.5444107056 
155665.3906250000 -117.5488052368 
156204.5312500000 -117.5429763794 
156745.5468750000 -117.5268478394 
157288.4218750000 -117.5054473877 
157833.1875000000 -117.4879455566 
158379.8281250000 -117.4821853638 
158928.3750000000 -117.4988937378 
159478.6406250000 -117.5309448242 
160030.9843750000 -117.5586624146 
160585.2500000000 -117.5939025879 
161141.4218750000 -117.6397018433 
161699.5312500000 -117.6952438354 
162259.5781250000 -117.7557678223 
162821.5468750000 -117.8165588379 
163385.4687500000 -117.8764190674 
163951.1718750000 -117.9363250732 
164519.0156250000 -118.0164566040 
165088.8125000000 -118.0572891235 
165660.5937500000 -118.0379867554 
166234.3437500000 -117.9851455688 
166810.0937500000 -117.9180908203 
167387.8281250000 -117.8622894287 
167967.5781250000 -117.8365402222 
168549.1406250000 -117.8451156616 
169132.9062500000 -117.8996810913 
169718.6875000000 -117.9612274170 
170306.5000000000 -117.9970016479 
170896.3437500000 -118.0320358276 
171488.2343750000 -118.0668640137 
172082.1718750000 -118.0942611694 
172678.1718750000 -118.0992813110 
173276.0468750000 -118.0725250244 
173876.1875000000 -118.0536346436 
174478.3906250000 -118.0507125854 
175082.6875000000 -118.0718383789 
175689.0781250000 -118.1535568237 
176297.5781250000 -118.2653732300 
176908.1718750000 -118.3318862915 
177520.8906250000 -118.3692016602 
178135.5312500000 -118.3671722412 
178752.4843750000 -118.2998886108 
179371.5937500000 -118.2177505493 
179992.8437500000 -118.1900024414 
180616.2343750000 -118.1940231323 
181241.7968750000 -118.2164382935 
181869.5156250000 -118.2221450806 
182499.4062500000 -118.1581649780 
183131.2812500000 -118.0678634644 
183765.5468750000 -117.9047470093 
184402.0156250000 -117.0199050903 
185040.6875000000 -115.0743637085 
185681.5625000000 -113.3068313599 
186324.6718750000 -111.7246627808 
186969.9843750000 -110.3339004517 
187617.5468750000 -110.1772384644 
188267.1562500000 -110.8995666504 
188919.2031250000 -112.9475402832 
189573.5156250000 -115.6479949951 
190230.0937500000 -117.0658264160 
190888.9531250000 -117.8811874390 
191550.0937500000 -118.2981262207 
192213.5156250000 -118.4111175537 
192879.2343750000 -118.4129791260 
193547.0468750000 -118.3721313477 
194217.3906250000 -118.3267517090 
194890.0468750000 -118.3123397827 
195565.0468750000 -118.3242721558 
196242.3750000000 -118.3555755615 
196922.0468750000 -118.3718719482 
197604.0781250000 -118.3759231567 
198288.4843750000 -118.3842773438 
198975.0156250000 -118.4159317017 
199664.1562500000 -118.4974670410 
200355.6875000000 -118.5614776611 
201049.6093750000 -118.5606842041 
201745.9375000000 -118.5044403076 
202444.6718750000 -118.4366683960 
203145.8281250000 -118.3803176880 
203849.4218750000 -118.3208541870 
204555.4375000000 -118.2791595459 
205263.6875000000 -118.2406539917 
205974.6093750000 -118.2476272583 
206688.0000000000 -118.3273010254 
207403.8437500000 -118.4645462036 
208122.1875000000 -118.5746612549 
208843.0000000000 -118.6982345581 
209566.3125000000 -118.7385330200 
210292.1406250000 -118.6897506714 
211020.2500000000 -118.6163787842 
211751.1093750000 -118.5511169434 
212484.5000000000 -118.4940567017 
213220.4218750000 -118.4532775879 
213958.9062500000 -118.3900604248 
214699.9375000000 -118.3482055664 
215443.5468750000 -118.3590774536 
216189.7343750000 -118.3978042603 
216938.2500000000 -118.4252471924 
217689.6093750000 -118.4327011108 
218443.5625000000 -118.4472427368 
219200.1406250000 -118.4818115234 
219959.3281250000 -118.5141067505 
220721.1406250000 -118.5214233398 
221485.5937500000 -118.5048294067 
222252.7031250000 -118.4912033081 
223022.2187500000 -118.5025100708 
223794.6562500000 -118.5354003906 
224569.7500000000 -118.5732192993 
225347.5468750000 -118.5914154053 
226128.0156250000 -118.5793304443 
226911.2031250000 -118.5641250610 
227697.0937500000 -118.5827713013 
228485.7187500000 -118.6455001831 
229276.8125000000 -118.7443008423 
230070.9062500000 -118.8357620239 
230867.7500000000 -118.8276672363 
231667.3437500000 -118.7659530640 
232469.7187500000 -118.7059783936 
233274.8593750000 -118.6662673950 
234082.7968750000 -118.6248931885 
234893.5312500000 -118.6061172485 
235706.8281250000 -118.5940475464 
236523.1875000000 -118.5589370728 
237342.3750000000 -118.4981994629 
238164.3906250000 -118.4867401123 
238989.2656250000 -118.5717849731 
239816.9843750000 -118.7011642456 
240647.5937500000 -118.8044738770 
241481.0625000000 -118.8394927979 
242317.1562500000 -118.8204193115 
243156.4062500000 -118.7841339111 
243998.5625000000 -118.7460632324 
244843.6406250000 -118.7168426514 
245691.6562500000 -118.7212219238 
246542.5937500000 -118.7447357178 
247396.4843750000 -118.7688827515 
248253.3281250000 -118.7675018311 
249112.8593750000 -118.7634811401 
249975.6562500000 -118.7928085327 
250841.4375000000 -118.8324813843 
251710.2187500000 -118.8265380859 
252582.0000000000 -118.7988739014 
253456.8125000000 -118.7929534912 
254334.6406250000 -118.8157348633 
255215.5156250000 -118.8433074951 
256099.4531250000 -118.8640060425 
256986.1562500000 -118.8497314453 
257876.2187500000 -118.8174667358 
258769.3593750000 -118.7822418213 
259665.5937500000 -118.7520675659 
260564.9375000000 -118.7492752075 
261467.3906250000 -118.7779693604 
262372.9687500000 -118.8491973877 
263281.6875000000 -118.9742889404 
264193.2500000000 -119.0607910156 
265108.2812500000 -119.0617141724 
266026.4687500000 -119.0296707153 
266947.8437500000 -118.9974136353 
267872.4062500000 -118.9671554565 
268800.1562500000 -118.9206390381 
269731.1562500000 -118.8622436523 
270665.3437500000 -118.8614196777 
271602.4687500000 -118.8932723999 
272543.1562500000 -118.9078826904 
273487.0937500000 -118.8719177246 
274434.3125000000 -118.8057403564 
275384.8125000000 -118.7877273560 
276338.5937500000 -118.8725280762 
277295.6875000000 -119.0333480835 
278256.0625000000 -119.1635208130 
279219.5000000000 -119.1848526001 
280186.5625000000 -119.1338729858 
281156.9687500000 -119.0666885376 
282130.7500000000 -119.0847854614 
283107.9062500000 -119.1364898682 
284088.4375000000 -119.1187591553 
285072.3437500000 -119.0632858276 
286059.6875000000 -119.0780410767 
287050.1250000000 -119.1659088135 
288044.3125000000 -119.2552337646 
289041.9375000000 -119.2887039185 
290043.0312500000 -119.2669830322 
291047.5625000000 -119.2554779053 
292055.5937500000 -119.2592315674 
293067.1250000000 -119.2344131470 
294082.1562500000 -119.2112045288 
295100.3750000000 -119.2481994629 
296122.4375000000 -119.3197097778 
297148.0312500000 -119.3612594604 
298177.1875000000 -119.3695831299 
299209.9062500000 -119.3715667725 
300246.2187500000 -119.2091140747 
301286.1250000000 -119.1822280884 
302329.5937500000 -119.1604309082 
303376.3750000000 -119.1486282349 
304427.0937500000 -119.1466674805 
305481.4687500000 -119.1521072388 
306539.5000000000 -119.1671752930 
307601.1875000000 -119.1949844360 
308666.5312500000 -119.2313919067 
309735.5937500000 -119.2768173218 
310808.3437500000 -119.3315277100 
311884.4687500000 -119.3845977783 
312964.6875000000 -119.4341125488 
314048.6250000000 -119.4709091187 
315136.3125000000 -119.4953384399 
316227.7812500000 -119.5123672485 
317323.0000000000 -119.5234375000 
318422.0312500000 -119.5323867798 
319524.8750000000 -119.5385208130 
320631.5312500000 -119.5401306152 
321741.6875000000 -119.5306320190 
322856.0312500000 -119.5072860718 
323974.2187500000 -119.4767379761 
325096.2812500000 -119.4418792725 
326222.2500000000 -119.4148330688 
327352.0937500000 -119.4052429199 
328485.8750000000 -119.4135742188 
329623.5625000000 -119.4414291382 
330764.8437500000 -119.4918365479 
331910.4062500000 -119.5478515625 
333059.9687500000 -119.6034317017 
334213.5312500000 -119.6532058716 
335371.0625000000 -119.6860656738 
336532.5937500000 -119.7063751221 
337698.1562500000 -119.7179794312 
338867.7500000000 -119.7239990234 
340041.0312500000 -119.7298278809 
341218.7500000000 -119.7381515503 
342400.5625000000 -119.7457122803 
343586.4375000000 -119.7489089966 
344776.4375000000 -119.7413482666 
345970.5625000000 -119.7134933472 
347168.8125000000 -119.6719436646 
348371.2187500000 -119.6222534180 
349577.4062500000 -119.5714645386 
350788.1250000000 -119.5329208374 
352003.0625000000 -119.5200271606 
353222.2187500000 -119.5336761475 
354445.5937500000 -119.5739059448 
355673.1875000000 -119.6381149292 
356905.0625000000 -119.7204284668 
358141.1875000000 -119.8027648926 
359381.1875000000 -119.8711776733 
360625.9062500000 -119.9168167114 
361874.9062500000 -119.9337615967 
363128.2500000000 -119.9194564819 
364385.9062500000 -119.8764114380 
365647.9375000000 -119.8211441040 
366914.3437500000 -119.7607345581 
368185.1562500000 -119.7005386353 
369459.9375000000 -119.6444015503 
370739.5312500000 -119.5955429077 
372023.5937500000 -119.5614013672 
373312.0625000000 -119.5472183228 
374605.0312500000 -119.5576934814 
375902.4375000000 -119.5934371948 
377204.3750000000 -119.6499404907 
378510.7812500000 -119.7171020508 
379821.3437500000 -119.7780227661 
381136.8125000000 -119.8164215088 
382456.8750000000 -119.8295898438 
383781.5000000000 -119.8229751587 
385110.7187500000 -119.8085327148 
386444.5312500000 -119.8009567261 
387782.9687500000 -119.8127212524 
389126.0312500000 -119.8488464355 
390473.3125000000 -119.9045715332 
391825.6875000000 -119.9640197754 
393182.7812500000 -120.0184249878 
394544.5312500000 -120.0650482178 
395911.0312500000 -120.1043624878 
397282.2500000000 -120.1368408203 
398658.2187500000 -120.1612243652 
400038.9375000000 -120.1754531860 
401424.4687500000 -120.1797027588 
402814.3437500000 -120.1788406372 
404209.4687500000 -120.1818771362 
405609.4375000000 -120.1944732666 
407014.2500000000 -120.2170486450 
408423.9062500000 -120.2465515137 
409838.4687500000 -120.2787399292 
411257.9375000000 -120.3099288940 
412682.3125000000 -120.3374023438 
414111.1562500000 -120.3590164185 
415545.4062500000 -120.3731689453 
416984.6250000000 -120.3792343140 
418428.8437500000 -120.3783187866 
419878.0625000000 -120.3730087280 
421332.2812500000 -120.3660583496 
422791.5312500000 -120.3590316772 
424255.8750000000 -120.3526000977 
425724.7812500000 -120.3488922119 
427199.2500000000 -120.3541717529 
428678.8437500000 -120.3759536743 
430163.5625000000 -120.4171905518 
431653.4062500000 -120.4711151123 
433148.4062500000 -120.5222930908 
434648.5937500000 -120.5547103882 
436154.0000000000 -120.5612564087 
437664.1250000000 -120.5471572876 
439179.9375000000 -120.5258636475 
440701.0312500000 -120.5125350952 
442227.3750000000 -120.5222015381 
443759.0000000000 -120.5649642944 
445295.9375000000 -120.6395950317 
446838.2187500000 -120.7363586426 
448385.8125000000 -120.8345947266 
449938.2812500000 -120.9097518921 
451496.6250000000 -120.9458770752 
453060.3437500000 -120.9452819824 
454629.5000000000 -120.9270935059 
456204.0937500000 -120.9157180786 
457784.1562500000 -120.9279937744 
459369.6562500000 -120.9668197632 
460960.6562500000 -121.0231170654 
462556.6562500000 -121.0831604004 
464158.7187500000 -121.1363372803 
465766.3125000000 -121.1791534424 
467379.4687500000 -121.2136001587 
468998.2187500000 -121.2420043945 
470622.5625000000 -121.2631912231 
472252.5625000000 -121.2723770142 
473888.1875000000 -121.2610092163 
475528.9375000000 -121.2510452271 
477175.9062500000 -121.2493667603 
478828.5937500000 -121.2595596313 
480487.0000000000 -121.2804183960 
482151.1250000000 -121.3080139160 
483821.0312500000 -121.3380737305 
485496.7500000000 -121.3677139282 
487178.2187500000 -121.3964996338 
488865.0000000000 -121.4264678955 
490558.1875000000 -121.4785156250 
492257.1875000000 -121.5314788818 
493962.1250000000 -121.5544815063 
495672.9375000000 -121.5578689575 
497389.6562500000 -121.5390701294 
499112.3437500000 -121.5035705566 
500841.0000000000 -121.4644012451 
502575.6562500000 -121.4383544922 
504315.7500000000 -121.4575119019 
506062.4062500000 -121.5401077271 
507815.1250000000 -121.6222763062 
509573.9375000000 -121.7078475952 
511338.8125000000 -121.7875213623 
513109.8125000000 -121.8581848145 
514886.9375000000 -121.9458465576 
516670.2500000000 -122.0122909546 
518459.1250000000 -122.0403594971 
520254.7812500000 -122.0595016479 
522056.6562500000 -122.0758590698 
523864.7812500000 -122.0946121216 
525679.1875000000 -122.1300582886 
527499.8125000000 -122.1691970825 
529326.8125000000 -122.1956710815 
531160.1250000000 -122.2219238281 
532999.1875000000 -122.2479629517 
534845.1875000000 -122.2883834839 
536697.6250000000 -122.3322219849 
538556.4375000000 -122.3617553711 
540421.6875000000 -122.3863754272 
542293.4375000000 -122.4016571045 
544171.6250000000 -122.3937606812 
546056.3125000000 -122.3816909790 
547947.0000000000 -122.3738861084 
549844.7500000000 -122.3741149902 
551749.1250000000 -122.3848648071 
553660.0625000000 -122.3930511475 
555577.6875000000 -122.3876037598 
557501.8750000000 -122.3678131104 
559432.7500000000 -122.3116760254 
561370.3125000000 -122.2586822510 
563314.0000000000 -122.2562103271 
565265.0000000000 -122.3300552368 
567222.7500000000 -122.4619140625 
569187.3125000000 -122.5627899170 
571158.6875000000 -122.6574783325 
573136.8750000000 -122.7654953003 
575121.8750000000 -122.8229064941 
577113.8125000000 -122.8276977539 
579112.0000000000 -122.8225326538 
581117.6875000000 -122.8386535645 
583130.3750000000 -122.8653869629 
585150.0000000000 -122.9048614502 
587176.6875000000 -122.9474182129 
589210.3125000000 -122.9996185303 
591251.0000000000 -123.1268844604 
593298.8125000000 -123.2598266602 
595353.0000000000 -123.3146820068 
597415.0000000000 -123.3357238770 
599484.1250000000 -123.3258056641 
601560.3750000000 -123.3142852783 
603643.8750000000 -123.2928619385 
605734.5625000000 -123.2665786743 
607832.5000000000 -123.2494812012 
609937.6875000000 -123.2583007813 
612049.5000000000 -123.2844161987 
614169.3125000000 -123.3332366943 
616296.4375000000 -123.3702316284 
618431.0000000000 -123.3854522705 
620572.8750000000 -123.4106826782 
622722.1875000000 -123.4411773682 
624879.0000000000 -123.4631271362 
627043.2500000000 -123.4750137329 
629214.2500000000 -123.4911422729 
631393.5000000000 -123.5249328613 
633580.3125000000 -123.5629501343 
635774.6875000000 -123.6342010498 
637976.6875000000 -123.6982650757 
640186.2500000000 -123.7360305786 
642403.5625000000 -123.7761688232 
644628.5000000000 -123.8616485596 
646861.1250000000 -123.9757385254 
649100.7500000000 -124.0576171875 
651348.8750000000 -124.0803375244 
653604.8125000000 -124.0658493042 
655868.5625000000 -124.0670318604 
658140.1250000000 -124.1066818237 
660419.5625000000 -124.1659011841 
662706.8750000000 -124.2212753296 
665002.1250000000 -124.2596054077 
667304.6250000000 -124.2708587646 
669615.8125000000 -124.2469482422 
671935.0000000000 -124.1739425659 
674262.1875000000 -124.0977859497 
676597.5000000000 -124.0754928589 
678940.8125000000 -124.0969848633 
681292.3125000000 -124.1194381714 
683651.9375000000 -124.1171646118 
686019.0000000000 -124.1132125854 
688395.0000000000 -124.1495590210 
690779.1875000000 -124.2639236450 
693171.6875000000 -124.4747619629 
695572.4375000000 -124.5957260132 
697981.5625000000 -124.6050872803 
700398.9375000000 -124.5438537598 
702824.7500000000 -124.4835739136 
705258.1875000000 -124.4799652100 
707700.8125000000 -124.5397872925 
710151.9375000000 -124.6097412109 
712611.5000000000 -124.6098556519 
715079.5625000000 -124.5890579224 
717556.2500000000 -124.6341781616 
720041.4375000000 -124.7304611206 
722535.3125000000 -124.8056030273 
725036.9375000000 -124.8155136108 
727548.0625000000 -124.7834548950 
730067.9375000000 -124.7848739624 
732596.5000000000 -124.8213806152 
735133.8125000000 -124.8718719482 
737679.8750000000 -124.9914093018 
740234.8125000000 -125.1125869751 
742798.5625000000 -125.1898956299 
745370.4375000000 -125.2198257446 
747952.0000000000 -125.2432250977 
750542.4375000000 -125.2565078735 
753141.9375000000 -125.2310028076 
755750.4375000000 -125.1613616943 
758367.9375000000 -125.1113357544 
760994.5000000000 -125.0826873779 
763630.1875000000 -125.0887145996 
766274.1250000000 -125.1416549683 
768928.0625000000 -125.1956253052 
771591.1875000000 -125.2541122437 
774263.5625000000 -125.3132324219 
776945.1875000000 -125.3311996460 
779636.1250000000 -125.3222122192 
782336.3750000000 -125.2926559448 
785045.9375000000 -125.2437973022 
787764.0625000000 -125.2330169678 
790492.4375000000 -125.2871856689 
793230.2500000000 -125.4048004150 
795977.5625000000 -125.5482177734 
798734.4375000000 -125.5963287354 
801500.8125000000 -125.6064224243 
804276.7500000000 -125.6131439209 
807062.3125000000 -125.5859069824 
809857.5625000000 -125.5165863037 
812661.5625000000 -125.4384536743 
815476.1875000000 -125.4684295654 
818300.5625000000 -125.5876235962 
821134.6875000000 -125.6999893188 
823978.6875000000 -125.7588653564 
826832.5000000000 -125.7849960327 
829696.1875000000 -125.7445907593 
832569.8125000000 -125.6276168823 
835452.4375000000 -125.5250320435 
838346.0000000000 -125.5066528320 
841249.5625000000 -125.5895614624 
844163.1875000000 -125.7054367065 
847086.9375000000 -125.7294082642 
850020.7500000000 -125.6737976074 
852964.7500000000 -125.6511611938 
855919.0000000000 -125.6957473755 
858882.4375000000 -125.8149490356 
861857.1875000000 -125.8769073486 
864842.1875000000 -125.8151397705 
867837.5000000000 -125.7378921509 
870843.2500000000 -125.7549057007 
873859.3750000000 -125.8220214844 
876885.9375000000 -125.8323669434 
879923.0000000000 -125.8185806274 
882969.5625000000 -125.8652343750 
886027.6875000000 -125.9352798462 
889096.4375000000 -125.9693679810 
892175.7500000000 -125.9899063110 
895265.7500000000 -126.0373306274 
898366.5000000000 -126.1299362183 
901477.9375000000 -126.2363967896 
904600.1875000000 -126.2551345825 
907732.1875000000 -126.1576843262 
910876.1250000000 -126.0356445313 
914030.8750000000 -125.9107742310 
917196.5625000000 -125.8702774048 
920373.2500000000 -125.9704208374 
923560.9375000000 -126.1224517822 
926759.6250000000 -126.2042160034 
929969.4375000000 -126.1669769287 
933189.3125000000 -126.0864639282 
936421.3750000000 -126.0901412964 
939664.6250000000 -126.1789703369 
942919.0625000000 -126.2246856689 
946184.8750000000 -126.2311935425 
949461.9375000000 -126.3142776489 
952750.3125000000 -126.4070053101 
956050.1250000000 -126.4040603638 
959360.3125000000 -126.3103561401 
962683.0000000000 -126.2385406494 
966017.2500000000 -126.2730255127 
969363.0000000000 -126.3381576538 
972720.3125000000 -126.3660049438 
976089.3125000000 -126.3502578735 
979469.9375000000 -126.2536087036 
982862.3125000000 -126.2398376465 
986265.3125000000 -126.3706054688 
989681.1875000000 -126.5077667236 
993108.9375000000 -126.5270919800 
996548.5000000000 -126.4500427246 
1000000.0000000000 -126.3884963989 
1003463.4375000000 -126.4019546509 
1006938.8750000000 -126.4154586792 
1010426.3750000000 -126.4317245483 
1013925.9375000000 -126.4504776001 
1017436.5000000000 -126.4780502319 
1020960.3750000000 -126.5120391846 
1024496.4375000000 -126.5531158447 
1028044.6875000000 -126.5958633423 
1031605.3125000000 -126.6386871338 
1035178.1875000000 -126.6664123535 
1038763.5000000000 -126.6864852905 
1042361.2500000000 -126.6906509399 
1045970.2500000000 -126.6850967407 
1049592.8750000000 -126.6737899780 
1053228.1250000000 -126.6608886719 
1056875.8750000000 -126.6497192383 
1060536.3750000000 -126.6436462402 
1064209.5000000000 -126.6440277100 
1067895.3750000000 -126.6487503052 
1071594.0000000000 -126.6652755737 
1075304.1250000000 -126.6845397949 
1079028.5000000000 -126.7086410522 
1082765.6250000000 -126.7262420654 
1086515.7500000000 -126.7397842407 
1090278.8750000000 -126.7289428711 
1094055.0000000000 -126.7097320557 
1097844.1250000000 -126.6781539917 
1101646.5000000000 -126.6448059082 
1105460.7500000000 -126.6125259399 
1109289.5000000000 -126.5867156982 
1113131.5000000000 -126.5621948242 
1116986.7500000000 -126.5385131836 
1120855.3750000000 -126.5119247437 
1124737.3750000000 -126.4891128540 
1128632.8750000000 -126.4711990356 
1132541.8750000000 -126.4786300659 
1136463.1250000000 -126.5013656616 
1140399.2500000000 -126.5498275757 
1144348.8750000000 -126.6149215698 
1148312.3750000000 -126.6841659546 
1152289.5000000000 -126.7490310669 
1156280.3750000000 -126.7980651855 
1160285.1250000000 -126.8366851807 
1164303.6250000000 -126.8589706421 
1168334.8750000000 -126.8785781860 
1172381.3750000000 -126.8971786499 
1176441.8750000000 -126.9193344116 
1180516.3750000000 -126.9425201416 
1184605.1250000000 -126.9663009644 
1188707.8750000000 -126.9898910522 
1192824.8750000000 -127.0174179077 
1196956.2500000000 -127.0492401123 
1201100.5000000000 -127.0919799805 
1205260.5000000000 -127.1396331787 
1209434.8750000000 -127.1867446899 
1213623.6250000000 -127.2243499756 
1217827.0000000000 -127.2399368286 
1222044.8750000000 -127.2406845093 
1226277.3750000000 -127.2238693237 
1230524.5000000000 -127.2006378174 
1234785.0000000000 -127.1793823242 
1239061.6250000000 -127.1618347168 
1243353.1250000000 -127.1485519409 
1247659.3750000000 -127.1323547363 
1251980.6250000000 -127.1132659912 
1256316.7500000000 -127.0901184082 
1260668.0000000000 -127.0709228516 
1265034.2500000000 -127.0567550659 
1269415.6250000000 -127.0491714478 
1273810.7500000000 -127.0437622070 
1278222.6250000000 -127.0327301025 
1282649.6250000000 -127.0156478882 
1287092.0000000000 -126.9906845093 
1291549.8750000000 -126.9686965942 
1296023.0000000000 -126.9556503296 
1300511.7500000000 -126.9543533325 
1305016.0000000000 -126.9716644287 
1309534.5000000000 -126.9972610474 
1314070.0000000000 -127.0252456665 
1318621.1250000000 -127.0523300171 
1323188.1250000000 -127.0751342773 
1327771.0000000000 -127.0996322632 
1332369.6250000000 -127.1283187866 
1336984.2500000000 -127.1627197266 
1341614.8750000000 -127.2001266479 
1346260.0000000000 -127.2269668579 
1350922.6250000000 -127.2386856079 
1355601.5000000000 -127.2327575684 
1360296.6250000000 -127.2085876465 
1365007.8750000000 -127.1803054810 
1369735.6250000000 -127.1540298462 
1374479.6250000000 -127.1314086914 
1379240.0000000000 -127.1124572754 
1384015.5000000000 -127.0958480835 
1388808.8750000000 -127.0821609497 
1393619.0000000000 -127.0723190308 
1398445.7500000000 -127.0662994385 
1403289.1250000000 -127.0617904663 
1408149.3750000000 -127.0507354736 
1413026.5000000000 -127.0324096680 
1417920.3750000000 -127.0114669800 
1422829.7500000000 -126.9958877563 
1427757.6250000000 -127.0020141602 
1432702.6250000000 -127.0414581299 
1437664.7500000000 -127.0988540649 
1442644.0000000000 -127.1580657959 
1447640.6250000000 -127.2027206421 
1452654.3750000000 -127.2191390991 
1457685.6250000000 -127.2022628784 
1462732.6250000000 -127.1758270264 
1467798.7500000000 -127.1511611938 
1472882.3750000000 -127.1353073120 
1477983.6250000000 -127.1312713623 
1483102.6250000000 -127.1384353638 
1488239.2500000000 -127.1537857056 
1493393.6250000000 -127.1691589355 
1498566.0000000000 -127.1793746948 
1503754.5000000000 -127.1824035645 
1508962.7500000000 -127.1801147461 
1514189.0000000000 -127.1781005859 
1519433.2500000000 -127.1838073730 
1524695.7500000000 -127.1989974976 
1529976.5000000000 -127.2170104980 
1535275.5000000000 -127.2297363281 
1540592.8750000000 -127.2296981812 
1545926.8750000000 -127.2139663696 
1551281.1250000000 -127.1873626709 
1556654.0000000000 -127.1636123657 
1562045.3750000000 -127.1628646851 
1567455.3750000000 -127.1898040771 
1572884.2500000000 -127.2277145386 
1578331.8750000000 -127.2511215210 
1583798.3750000000 -127.2388000488 
1589283.7500000000 -127.1881332397 
1594786.3750000000 -127.1199340820 
1600309.8750000000 -127.0686187744 
1605852.5000000000 -127.0602340698 
1611414.2500000000 -127.0930862427 
1616995.3750000000 -127.1401290894 
1622595.7500000000 -127.1794586182 
1628215.5000000000 -127.2149581909 
1633854.7500000000 -127.2535781860 
1639511.7500000000 -127.2901916504 
1645190.1250000000 -127.3133163452 
1650888.1250000000 -127.3206100464 
1656605.8750000000 -127.3239364624 
1662343.5000000000 -127.3371658325 
1668101.0000000000 -127.3598785400 
1673878.3750000000 -127.3757247925 
1679675.7500000000 -127.3681335449 
1685491.3750000000 -127.3366241455 
1691329.0000000000 -127.2972106934 
1697186.8750000000 -127.2711257935 
1703065.0000000000 -127.2759552002 
1708963.5000000000 -127.3222427368 
1714882.3750000000 -127.4090728760 
1720821.7500000000 -127.5165557861 
1726781.7500000000 -127.6123352051 
1732760.5000000000 -127.6601638794 
1738761.8750000000 -127.6386413574 
1744784.0000000000 -127.5601348877 
1750826.8750000000 -127.4690933228 
1756890.8750000000 -127.4136352539 
1762975.7500000000 -127.4148101807 
1769081.7500000000 -127.4653778076 
1775208.8750000000 -127.5156555176 
1781355.2500000000 -127.5422210693 
1787524.8750000000 -127.5486450195 
1793715.8750000000 -127.5565872192 
1799928.3750000000 -127.5806350708 
1806162.3750000000 -127.6146621704 
1812417.8750000000 -127.6382598877 
1818695.1250000000 -127.6314849854 
1824994.1250000000 -127.5872268677 
1831312.8750000000 -127.5185699463 
1837655.5000000000 -127.4552307129 
1844020.1250000000 -127.4254226685 
1850406.8750000000 -127.4357833862 
1856815.6250000000 -127.4667510986 
1863246.6250000000 -127.4855651855 
1869699.8750000000 -127.4656066895 
1876175.5000000000 -127.4032287598 
1882671.5000000000 -127.3254699707 
1889192.0000000000 -127.2872695923 
1895735.2500000000 -127.3822326660 
1902301.0000000000 -127.5048217773 
1908889.5000000000 -127.6215515137 
1915500.8750000000 -127.7007522583 
1922135.1250000000 -127.7343063354 
1928792.3750000000 -127.7338256836 
1935470.5000000000 -127.7147598267 
1942173.8750000000 -127.6828613281 
1948900.5000000000 -127.6348953247 
1955650.5000000000 -127.5688858032 
1962423.7500000000 -127.4507141113 
1969220.5000000000 -127.3408584595 
1976040.8750000000 -127.2865447998 
1982884.7500000000 -127.2513275146 
1989750.2500000000 -127.2351379395 
1996641.6250000000 -127.2372512817 
2003556.8750000000 -127.2593383789 
2010496.1250000000 -127.3023147583 
2017459.3750000000 -127.3801498413 
2024446.7500000000 -127.4253387451 
2031458.3750000000 -127.4312591553 
2038494.2500000000 -127.4457778931 
2045554.5000000000 -127.4811019897 
2052636.8750000000 -127.5203018188 
2059746.1250000000 -127.5270919800 
2066879.8750000000 -127.4837799072 
2074038.5000000000 -127.4450683594 
2081221.7500000000 -127.4069519043 
2088430.0000000000 -127.3760528564 
2095663.2500000000 -127.3650512695 
2102921.5000000000 -127.3877792358 
2110202.5000000000 -127.4135742188 
2117511.0000000000 -127.4277648926 
2124845.0000000000 -127.4572677612 
2132204.2500000000 -127.5032424927 
2139589.0000000000 -127.5507354736 
2146999.5000000000 -127.5505676270 
2154435.5000000000 -127.5499343872 
2161897.2500000000 -127.5777740479 
2169382.5000000000 -127.6576309204 
2176896.0000000000 -127.7079849243 
2184435.7500000000 -127.6907806396 
2192001.2500000000 -127.6505203247 
2199593.2500000000 -127.6333312988 
2207211.5000000000 -127.7176284790 
2214856.0000000000 -127.8310089111 
2222527.0000000000 -127.9522628784 
2230222.2500000000 -128.0980987549 
2237946.5000000000 -128.2071685791 
2245697.5000000000 -128.2682189941 
2253475.5000000000 -128.3213195801 
2261280.2500000000 -128.3635253906 
2269112.0000000000 -128.3684234619 
2276971.0000000000 -128.3697357178 
2284857.2500000000 -128.3887023926 
2292768.2500000000 -128.4698333740 
2300709.0000000000 -128.6097259521 
2308677.5000000000 -128.7385253906 
2316673.5000000000 -128.9638061523 
2324697.2500000000 -129.1879425049 
2332748.7500000000 -129.2976531982 
2340828.0000000000 -129.3688659668 
2348935.2500000000 -129.4054107666 
2357068.2500000000 -129.4649353027 
2365231.7500000000 -129.6250762939 
2373423.7500000000 -129.8050079346 
2381644.0000000000 -129.9174652100 
2389892.7500000000 -130.1004486084 
2398170.0000000000 -130.3125762939 
2406475.7500000000 -130.4668426514 
2414810.5000000000 -130.7186279297 
2423171.5000000000 -131.0007781982 
2431564.0000000000 -131.2888793945 
2439985.7500000000 -131.5407409668 
2448436.5000000000 -131.6754760742 
2456916.5000000000 -131.8801269531 
2465426.0000000000 -132.1422424316 
2473964.7500000000 -132.4698791504 
2482533.2500000000 -132.8022460938 
2491128.7500000000 -133.0101928711 
2499756.5000000000 -133.3335876465 
2508414.2500000000 -133.7001037598 
2517102.2500000000 -134.0870819092 
2525820.0000000000 -134.4558715820 
2534568.0000000000 -134.6927795410 
2543346.5000000000 -135.0856170654 
2552155.2500000000 -135.5301666260 
2560994.5000000000 -135.9782257080 
2569861.5000000000 -136.4003753662 
2578762.2500000000 -136.7942810059 
2587693.5000000000 -137.2151947021 
2596656.0000000000 -137.6541595459 
2605649.2500000000 -138.0685882568 
2614673.7500000000 -138.4592285156 
2623729.7500000000 -138.8990173340 
2632816.7500000000 -139.3787841797 
2641932.5000000000 -139.8646850586 
2651082.7500000000 -140.3680572510 
2660264.7500000000 -140.8961486816 
2669478.5000000000 -141.3575134277 
2678724.0000000000 -141.7483520508 
2688001.7500000000 -142.1182250977 
2697311.5000000000 -142.5137939453 
2706653.5000000000 -142.8711547852 
2716024.7500000000 -143.1470031738 
2725431.7500000000 -143.3277587891 
2734871.0000000000 -143.5054931641 
2744343.2500000000 -143.7389678955 
2753848.0000000000 -143.9783020020 
2763386.0000000000 -144.1178131104 
2772956.7500000000 -144.1597900391 
2782560.7500000000 -144.2005310059 
2792195.0000000000 -144.3474578857 
2801865.5000000000 -144.5374145508 
2811569.7500000000 -144.6819610596 
2821307.5000000000 -144.7479705811 
2831079.0000000000 -144.7347106934 
2840884.2500000000 -144.7178802490 
2850723.5000000000 -144.7079925537 
2860597.0000000000 -144.7210540771 
2870501.2500000000 -144.7842864990 
2880443.2500000000 -144.8016052246 
2890419.5000000000 -144.7248229980 
2900430.2500000000 -144.6285247803 
2910475.7500000000 -144.6494140625 
2920556.0000000000 -144.7231140137 
2930671.2500000000 -144.7756347656 
2940821.5000000000 -144.7850952148 
2951003.7500000000 -144.7794647217 
2961224.2500000000 -144.7920227051 
2971480.5000000000 -144.8093109131 
2981772.0000000000 -144.8088378906 
2992099.2500000000 -144.7575378418 
3002462.2500000000 -144.5762939453 
3012861.0000000000 -144.5862884521 
3023296.0000000000 -144.6092071533 
3033763.7500000000 -144.6417236328 
3044271.0000000000 -144.6793670654 
3054814.7500000000 -144.7173461914 
3065395.0000000000 -144.7514953613 
3076011.7500000000 -144.7791442871 
3086665.5000000000 -144.7997436523 
3097356.0000000000 -144.8172454834 
3108083.5000000000 -144.8351440430 
3118844.7500000000 -144.8563842773 
3129646.7500000000 -144.8824615479 
3140486.2500000000 -144.9124450684 
3151363.0000000000 -144.9428253174 
3162277.7500000000 -144.9679412842 
3173230.0000000000 -144.9805603027 
3184220.5000000000 -144.9762115479 
3195248.7500000000 -144.9564971924 
3206315.5000000000 -144.9253692627 
3217416.7500000000 -144.8886108398 
3228560.2500000000 -144.8523101807 
3239742.2500000000 -144.8218688965 
3250962.7500000000 -144.8012695313 
3262222.5000000000 -144.7927551270 
3273521.0000000000 -144.7967376709 
3284858.7500000000 -144.8118438721 
3296235.5000000000 -144.8352355957 
3307648.2500000000 -144.8635559082 
3319104.2500000000 -144.8937072754 
3330599.7500000000 -144.9244537354 
3342135.2500000000 -144.9564514160 
3353710.5000000000 -144.9913940430 
3365326.0000000000 -145.0309295654 
3376981.5000000000 -145.0751342773 
3388677.5000000000 -145.1213378906 
3400410.5000000000 -145.1640472412 
3412187.5000000000 -145.1962280273 
3424005.5000000000 -145.2115631104 
3435864.5000000000 -145.2066497803 
3447764.2500000000 -145.1819458008 
3459705.5000000000 -145.1410369873 
3471688.0000000000 -145.0893249512 
3483712.0000000000 -145.0330047607 
3495774.0000000000 -144.9789886475 
3507881.5000000000 -144.9346008301 
3520030.7500000000 -144.9066772461 
3532222.2500000000 -144.8970031738 
3544456.0000000000 -144.9034576416 
3556732.0000000000 -144.9275665283 
3569050.5000000000 -144.9613189697 
3581411.7500000000 -144.9955291748 
3593812.0000000000 -145.0228424072 
3606259.0000000000 -145.0392608643 
3618749.0000000000 -145.0436553955 
3631282.5000000000 -145.0362396240 
3643859.2500000000 -145.0024871826 
3656479.5000000000 -144.9495086670 
3669143.5000000000 -144.9080505371 
3681851.5000000000 -144.8711395264 
3694599.2500000000 -144.8469696045 
3707395.5000000000 -144.8408660889 
3720235.7500000000 -144.8525848389 
3733120.7500000000 -144.8759307861 
3746050.2500000000 -144.9012145996 
3759024.5000000000 -144.9193572998 
3772043.7500000000 -144.9256896973 
3785108.0000000000 -144.9211883545 
3798213.2500000000 -144.9105682373 
3811368.2500000000 -144.8989105225 
3824568.7500000000 -144.8892822266 
3837815.0000000000 -144.8824462891 
3851107.0000000000 -144.8782653809 
3864445.2500000000 -144.8836212158 
3877829.5000000000 -144.8966674805 
3891260.2500000000 -144.9170684814 
3904733.2500000000 -144.9419403076 
3918257.0000000000 -144.9666442871 
3931827.7500000000 -144.9866027832 
3945445.5000000000 -144.9989013672 
3959110.2500000000 -145.0027923584 
3972822.5000000000 -144.9949340820 
3986582.2500000000 -144.9795227051 
4000389.5000000000 -144.9703826904 
4014244.7500000000 -144.9681549072 
4028143.5000000000 -144.9774475098 
4042094.7500000000 -145.0002593994 
4056094.2500000000 -145.0341339111 
4070142.5000000000 -145.0883941650 
4084239.2500000000 -145.1246795654 
4098384.7500000000 -145.1289520264 
4112579.2500000000 -145.1203460693 
4126823.0000000000 -145.1052703857 
4141111.5000000000 -145.0904235840 
4155454.0000000000 -145.0768890381 
4169846.2500000000 -145.0685119629 
4184288.5000000000 -145.0586700439 
4198780.5000000000 -145.0404510498 
4213323.0000000000 -145.0141906738 
4227915.5000000000 -144.9852600098 
4242558.5000000000 -144.9575195313 
4257248.0000000000 -144.9618682861 
4271992.5000000000 -144.9878692627 
4286788.5000000000 -145.0247802734 
4301635.5000000000 -145.0635375977 
4316534.0000000000 -145.1027069092 
4331484.0000000000 -145.1079406738 
4346486.0000000000 -145.0869445801 
4361540.0000000000 -145.0529022217 
4376641.0000000000 -144.9971771240 
4391799.5000000000 -144.9591979980 
4407010.0000000000 -144.9550323486 
4422273.5000000000 -144.9667968750 
4437590.0000000000 -145.0027618408 
4452959.5000000000 -145.0419311523 
4468382.0000000000 -145.0642852783 
4483858.0000000000 -145.0828399658 
4499383.0000000000 -145.1011962891 
4514966.0000000000 -145.1042327881 
4530603.5000000000 -145.0914001465 
4546295.0000000000 -145.0486145020 
4562041.0000000000 -144.9920501709 
4577841.5000000000 -144.9575347900 
4593696.5000000000 -144.9367980957 
4609606.5000000000 -144.9472351074 
4625566.5000000000 -144.9945678711 
4641587.0000000000 -145.0346832275 
4657663.0000000000 -145.0709533691 
4673794.5000000000 -145.0685882568 
4689982.0000000000 -145.0469818115 
4706225.5000000000 -145.0156555176 
4722525.5000000000 -145.0090789795 
4738881.5000000000 -145.0261230469 
4755289.5000000000 -145.0653381348 
4771759.0000000000 -145.0905151367 
4788286.0000000000 -145.0836334229 
4804870.0000000000 -145.0375061035 
4821511.5000000000 -144.9745483398 
4838210.5000000000 -144.9256439209 
4854967.5000000000 -144.9092254639 
4871782.5000000000 -144.9248199463 
4888650.0000000000 -144.9827270508 
4905581.5000000000 -145.0580139160 
4922572.0000000000 -145.1014404297 
4939621.0000000000 -145.1219635010 
4956729.5000000000 -145.0862426758 
4973896.5000000000 -145.0083770752 
4991123.5000000000 -144.9424285889 
5008410.0000000000 -144.9263916016 
5025756.5000000000 -144.9447326660 
5043157.5000000000 -144.9788208008 
5060624.0000000000 -144.9904937744 
5078151.5000000000 -144.9775238037 
5095739.5000000000 -144.9673004150 
5113388.0000000000 -144.9902801514 
5131098.0000000000 -145.0673828125 
5148869.5000000000 -145.1758422852 
5166702.5000000000 -145.2524108887 
5184591.5000000000 -145.3367462158 
5202548.0000000000 -145.3679962158 
5220566.5000000000 -145.3351440430 
5238648.0000000000 -145.2796478271 
5256791.5000000000 -145.2338256836 
5274998.5000000000 -145.2072753906 
5293268.0000000000 -145.1942138672 
5311601.0000000000 -145.1807098389 
5329991.5000000000 -145.1663055420 
5348452.0000000000 -145.1602935791 
5366976.0000000000 -145.1726226807 
5385564.5000000000 -145.1936492920 
5404217.0000000000 -145.2045593262 
5422934.0000000000 -145.1803283691 
5441716.5000000000 -145.1358032227 
5460563.5000000000 -145.0924530029 
5479470.0000000000 -145.0746612549 
5498447.5000000000 -145.1000671387 
5517491.5000000000 -145.1461029053 
5536601.0000000000 -145.1817932129 
5555776.5000000000 -145.1880187988 
5575019.0000000000 -145.1582183838 
5594327.5000000000 -145.1033782959 
5613703.5000000000 -145.0776977539 
5633140.0000000000 -145.0889434814 
5652650.0000000000 -145.1296234131 
5672228.0000000000 -145.1848602295 
5691873.5000000000 -145.2315979004 
5711587.0000000000 -145.2283020020 
5731368.5000000000 -145.1887359619 
5751219.0000000000 -145.1319427490 
5771138.0000000000 -145.0727996826 
5791120.0000000000 -145.0174713135 
5811177.0000000000 -144.9974975586 
5831304.0000000000 -144.9845581055 
5851500.0000000000 -144.9590606689 
5871766.5000000000 -144.9416961670 
5892103.0000000000 -144.9496459961 
5912510.5000000000 -145.0062561035 
5932988.0000000000 -145.0682525635 
5953530.0000000000 -145.1190185547 
5974150.0000000000 -145.1486663818 
5994841.0000000000 -145.1451416016 
6015604.0000000000 -145.1266784668 
6036438.5000000000 -145.0953063965 
6057345.5000000000 -145.0773468018 
6078325.0000000000 -145.0823669434 
6099377.0000000000 -145.0950927734 
6120495.0000000000 -145.0951385498 
6141693.0000000000 -145.0839691162 
6162964.5000000000 -145.0886535645 
6184310.0000000000 -145.1381988525 
6205729.0000000000 -145.2066802979 
6227222.0000000000 -145.2383270264 
6248790.0000000000 -145.2354583740 
6270432.0000000000 -145.2278442383 
6292142.5000000000 -145.2271423340 
6313935.0000000000 -145.2176055908 
6335803.0000000000 -145.1885681152 
6357747.0000000000 -145.1495208740 
6379767.0000000000 -145.1392364502 
6401863.0000000000 -145.2134399414 
6424035.5000000000 -145.3166198730 
6446284.5000000000 -145.3590393066 
6468611.0000000000 -145.3467712402 
6491007.5000000000 -145.2849884033 
6513489.0000000000 -145.2153167725 
6536048.0000000000 -145.1713562012 
6558685.5000000000 -145.1638031006 
6581401.0000000000 -145.1975097656 
6604195.5000000000 -145.2528228760 
6627069.0000000000 -145.3399353027 
6650021.5000000000 -145.4841156006 
6673046.0000000000 -145.6027679443 
6696158.0000000000 -145.6075439453 
6719350.0000000000 -145.4848175049 
6742622.0000000000 -145.3244934082 
6765974.5000000000 -145.2269134521 
6789408.5000000000 -145.2411956787 
6812923.0000000000 -145.3393859863 
6836519.5000000000 -145.4037322998 
6860190.0000000000 -145.3728637695 
6883950.0000000000 -145.2872161865 
6907792.0000000000 -145.2008819580 
6931717.0000000000 -145.2029418945 
6955724.5000000000 -145.2519683838 
6979815.5000000000 -145.2791595459 
7003989.5000000000 -145.2545776367 
7028247.5000000000 -145.1903228760 
7052582.0000000000 -145.1294708252 
7077008.0000000000 -145.1211700439 
7101519.0000000000 -145.1730499268 
7126115.0000000000 -145.2334899902 
7150796.0000000000 -145.2549285889 
7175562.5000000000 -145.2522735596 
7200414.5000000000 -145.2555999756 
7225353.0000000000 -145.2587432861 
7250369.5000000000 -145.2552642822 
7275481.0000000000 -145.2757110596 
7300679.0000000000 -145.3427429199 
7325965.0000000000 -145.4216613770 
7351338.0000000000 -145.4847412109 
7376799.0000000000 -145.4856719971 
7402348.0000000000 -145.4207458496 
7427986.0000000000 -145.3344726563 
7453704.0000000000 -145.2580413818 
7479519.5000000000 -145.1982879639 
7505424.5000000000 -145.1681976318 
7531419.5000000000 -145.1680145264 
7557504.0000000000 -145.1504058838 
7583679.0000000000 -145.1077423096 
7609945.0000000000 -145.0873260498 
7636301.5000000000 -145.1282653809 
7662741.0000000000 -145.2069549561 
7689280.5000000000 -145.2624511719 
7715912.0000000000 -145.2633056641 
7742636.0000000000 -145.2374114990 
7769452.0000000000 -145.2350921631 
7796361.5000000000 -145.2639923096 
7823363.5000000000 -145.3070220947 
7850459.5000000000 -145.3370971680 
7877640.5000000000 -145.3353271484 
7904924.5000000000 -145.3153839111 
7932302.5000000000 -145.2855377197 
7959776.0000000000 -145.2584075928 
7987344.0000000000 -145.2626190186 
8015008.0000000000 -145.2931823730 
8042767.5000000000 -145.3456420898 
8070623.5000000000 -145.3812103271 
8098575.5000000000 -145.4080963135 
8126615.5000000000 -145.4649353027 
8154762.0000000000 -145.5254516602 
8183005.5000000000 -145.4745025635 
8211347.0000000000 -145.3667602539 
8239786.5000000000 -145.2911224365 
8268325.0000000000 -145.3013458252 
8296961.5000000000 -145.3204040527 
8325698.0000000000 -145.2970886230 
8354524.5000000000 -145.2112579346 
8383460.0000000000 -145.1101989746 
8412496.0000000000 -145.0274200439 
8441632.0000000000 -145.0309143066 
8470869.0000000000 -145.0728302002 
8500208.0000000000 -145.1102752686 
8529648.0000000000 -145.1581573486 
8559190.0000000000 -145.2214813232 
8588825.0000000000 -145.2564239502 
8618572.0000000000 -145.3176879883 
8648422.0000000000 -145.4267272949 
8678375.0000000000 -145.4830322266 
8708432.0000000000 -145.4347076416 
8738593.0000000000 -145.3531036377 
8768859.0000000000 -145.3294830322 
8799230.0000000000 -145.3803863525 
8829696.0000000000 -145.4490509033 
8860277.0000000000 -145.4867095947 
8890964.0000000000 -145.5025787354 
8921758.0000000000 -145.4822998047 
8952658.0000000000 -145.4305725098 
8983665.0000000000 -145.4113616943 
9014779.0000000000 -145.4025726318 
9046002.0000000000 -145.3663635254 
9077322.0000000000 -145.3786926270 
9108761.0000000000 -145.4551086426 
9140309.0000000000 -145.5107574463 
9171966.0000000000 -145.5374755859 
9203732.0000000000 -145.5524291992 
9235609.0000000000 -145.4781494141 
9267596.0000000000 -145.3215026855 
9299694.0000000000 -145.2656860352 
9331893.0000000000 -145.3644866943 
9364214.0000000000 -145.4382476807 
9396646.0000000000 -145.4272613525 
9429191.0000000000 -145.4194641113 
9461849.0000000000 -145.4409484863 
9494619.0000000000 -145.4501037598 
9527503.0000000000 -145.4429473877 
9560501.0000000000 -145.4436950684 
9593603.0000000000 -145.4503021240 
9626830.0000000000 -145.4621124268 
9660172.0000000000 -145.4979400635 
9693630.0000000000 -145.5377502441 
9727203.0000000000 -145.5021057129 
9760893.0000000000 -145.4338989258 
9794699.0000000000 -145.3713684082 
9828623.0000000000 -145.2781982422 
9862653.0000000000 -145.1928405762 
9896812.0000000000 -145.1834259033 
9931089.0000000000 -145.1321868896 
9965485.0000000000 -144.9486999512 
10000000.0000000000 -144.8210906982 
%Trace 3 
%Trace Mode VIEW 
%Trace Result PN 
%Smoothing OFF 
%Smoothing Value 1.0000000000 %
%Spurious Removal OFF 
%Spurious Removal Threshold 6.0000000000 dB
%Trace Offset OFF 
%Trace Offset 0.0000000000 dB
%Trace Label OFF 
%Trace Label Trace 3 
%x-Unit Hz 
%y-Unit dBc/Hz 
%Values 4663 
1.0000000000 -84.5932312012 
1.0034632683 -84.6858367920 
1.0069385767 -84.8230285645 
1.0104259253 -84.9602203369 
1.0139254332 -85.0974121094 
1.0174369812 -85.2380294800 
1.0209606886 -85.4405746460 
1.0244965553 -85.6431198120 
1.0280447006 -85.8456649780 
1.0316051245 -86.0482101440 
1.0351779461 -86.2383651733 
1.0387630463 -86.4190902710 
1.0423606634 -86.5998153687 
1.0459706783 -86.7805328369 
1.0495932102 -86.9470672607 
1.0532282591 -87.0344696045 
1.0568759441 -87.1218795776 
1.0605362654 -87.2092819214 
1.0642092228 -87.2966918945 
1.0678949356 -87.2844161987 
1.0715934038 -87.2476119995 
1.0753046274 -87.2108001709 
1.0790288448 -87.1739883423 
1.0827658176 -87.0664215088 
1.0865157843 -86.8928451538 
1.0902787447 -86.7192611694 
1.0940546989 -86.5456848145 
1.0978437662 -86.3565750122 
1.1016459465 -86.1302795410 
1.1054613590 -85.9039840698 
1.1092898846 -85.6776962280 
1.1131316423 -85.4607238770 
1.1169868708 -85.3045501709 
1.1208553314 -85.1483764648 
1.1247371435 -84.9922103882 
1.1286325455 -84.8403015137 
1.1325412989 -84.8251647949 
1.1364636421 -84.8100204468 
1.1403995752 -84.7948837280 
1.1443492174 -84.7797470093 
1.1483124495 -84.9354553223 
1.1522893906 -85.0937881470 
1.1562801600 -85.2521286011 
1.1602846384 -85.4104614258 
1.1643031836 -85.7591247559 
1.1683354378 -86.1086730957 
1.1723817587 -86.4582290649 
1.1764421463 -86.8195343018 
1.1805164814 -87.3647537231 
1.1846050024 -87.9099884033 
1.1887077093 -88.4552307129 
1.1928246021 -89.0233459473 
1.1969556808 -89.6975555420 
1.2011011839 -90.3717803955 
1.2052608728 -91.0459823608 
1.2094351053 -91.5984878540 
1.2136237621 -91.9213409424 
1.2178269625 -92.2441940308 
1.2220447063 -92.5670471191 
1.2262769938 -92.4676284790 
1.2305239439 -92.0437088013 
1.2347856760 -91.6197891235 
1.2390621901 -91.1958694458 
1.2433534861 -90.7365493774 
1.2476595640 -90.2701492310 
1.2519805431 -89.8037567139 
1.2563166618 -89.3630523682 
1.2606676817 -89.0696716309 
1.2650337219 -88.7762908936 
1.2694149017 -88.4829101563 
1.2738113403 -88.2690734863 
1.2782229185 -88.1315536499 
1.2826498747 -87.9940338135 
1.2870920897 -87.8565139771 
1.2915496826 -87.8202438354 
1.2960226536 -87.7931060791 
1.3005112410 -87.7659759521 
1.3050153255 -87.7644653320 
1.3095350266 -87.8069152832 
1.3140703440 -87.8493728638 
1.3186213970 -87.8918304443 
1.3231881857 -87.9788360596 
1.3277708292 -88.0729522705 
1.3323693275 -88.1670761108 
1.3369836807 -88.2862396240 
1.3416141272 -88.4432525635 
1.3462605476 -88.6002578735 
1.3509230614 -88.7572631836 
1.3556017876 -89.0004196167 
1.3602966070 -89.2457504272 
1.3650077581 -89.4910888672 
1.3697352409 -89.7911605835 
1.3744791746 -90.1289215088 
1.3792393208 -90.4666671753 
1.3840161562 -90.8078842163 
1.3888094425 -91.1595840454 
1.3936192989 -91.5112838745 
1.3984458447 -91.8629837036 
1.4032890797 -92.0388793945 
1.4081491232 -92.2041091919 
1.4130259752 -92.3693389893 
1.4179197550 -92.3083038330 
1.4228304625 -92.1380996704 
1.4277582169 -91.9678878784 
1.4327028990 -91.6979141235 
1.4376648664 -91.3023529053 
1.4426438808 -90.9068069458 
1.4476402998 -90.4969635010 
1.4526538849 -90.0435562134 
1.4576849937 -89.5901336670 
1.4627333879 -89.1365661621 
1.4677993059 -88.6814041138 
1.4728827477 -88.2262344360 
1.4779838324 -87.7710647583 
1.4831025600 -87.3323364258 
1.4882389307 -86.8943099976 
1.4933931828 -86.4562759399 
1.4985653162 -86.0722427368 
1.5037553310 -85.6966400146 
1.5089633465 -85.3210372925 
1.5141893625 -85.0423736572 
1.5194333792 -84.7873001099 
1.5246957541 -84.5322113037 
1.5299762487 -84.4039382935 
1.5352749825 -84.3123397827 
1.5405921936 -84.2207412720 
1.5459277630 -84.2714004517 
1.5512818098 -84.3625793457 
1.5566543341 -84.4537658691 
1.5620455742 -84.6895675659 
1.5674554110 -84.9589080811 
1.5728839636 -85.2282485962 
1.5783313513 -85.6242370605 
1.5837976933 -86.0382995605 
1.5892828703 -86.4523544312 
1.5947870016 -86.9352188110 
1.6003103256 -87.4203414917 
1.6058527231 -87.9012680054 
1.6114143133 -88.3397979736 
1.6169950962 -88.7783203125 
1.6225953102 -89.1761322021 
1.6282148361 -89.4453964233 
1.6338539124 -89.7146682739 
1.6395124197 -89.8948898315 
1.6451905966 -89.9514846802 
1.6508884430 -90.0080795288 
1.6566059589 -89.9662704468 
1.6623432636 -89.8651885986 
1.6681005955 -89.7641067505 
1.6738777161 -89.5888061523 
1.6796748638 -89.4010467529 
1.6854921579 -89.2072143555 
1.6913294792 -88.9664459229 
1.6971870661 -88.7256851196 
1.7030650377 -88.4724349976 
1.7089632750 -88.2003631592 
1.7148818970 -87.9282989502 
1.7208211422 -87.6707687378 
1.7267808914 -87.4192352295 
1.7327612638 -87.1716308594 
1.7387623787 -87.0131149292 
1.7447843552 -86.8545913696 
1.7508270741 -86.7543563843 
1.7568907738 -86.7412643433 
1.7629753351 -86.7281723022 
1.7690811157 -86.8313674927 
1.7752079964 -86.9667510986 
1.7813560963 -87.1171798706 
1.7875255346 -87.3321304321 
1.7937163115 -87.5470809937 
1.7999285460 -87.7246551514 
1.8061622381 -87.8791275024 
1.8124175072 -88.0218582153 
1.8186944723 -88.0078735352 
1.8249932528 -87.9938888550 
1.8313137293 -87.9182891846 
1.8376561403 -87.7909469604 
1.8440206051 -87.6647720337 
1.8504070044 -87.5673065186 
1.8568155766 -87.4698410034 
1.8632462025 -87.4394989014 
1.8696992397 -87.4626617432 
1.8761746883 -87.4979171753 
1.8826724291 -87.6486358643 
1.8891928196 -87.7993469238 
1.8957357407 -87.9921188354 
1.9023011923 -88.2071304321 
1.9088895321 -88.4115905762 
1.9155006409 -88.5813903809 
1.9221346378 -88.7511901855 
1.9287915230 -88.8099822998 
1.9354715347 -88.8465652466 
1.9421746731 -88.8308029175 
1.9489010572 -88.7517395020 
1.9556506872 -88.6712341309 
1.9624238014 -88.5763931274 
1.9692202806 -88.4815597534 
1.9760403633 -88.4424819946 
1.9828839302 -88.4220504761 
1.9897513390 -88.4513931274 
1.9966424704 -88.5477447510 
2.0035574436 -88.6576080322 
2.0104963779 -88.8651962280 
2.0174593925 -89.0727767944 
2.0244464874 -89.3220291138 
2.0314579010 -89.5795059204 
2.0384933949 -89.7950363159 
2.0455532074 -89.9784698486 
2.0526378155 -90.0981140137 
2.0597467422 -90.0793609619 
2.0668802261 -90.0430679321 
2.0740385056 -89.8103790283 
2.0812215805 -89.5776901245 
2.0884294510 -89.2600173950 
2.0956623554 -88.9291458130 
2.1029202938 -88.6083297729 
2.1102032661 -88.2925643921 
2.1175117493 -88.0017547607 
2.1248455048 -87.7376785278 
2.1322045326 -87.4859542847 
2.1395888329 -87.2608871460 
2.1469991207 -87.0406646729 
2.1544346809 -86.8448562622 
2.1618962288 -86.6506652832 
2.1693835258 -86.5068664551 
2.1768968105 -86.3630752563 
2.1844360828 -86.3133010864 
2.1920015812 -86.2725448608 
2.1995930672 -86.3604812622 
2.2072110176 -86.4788284302 
2.2148551941 -86.7376251221 
2.2225260735 -87.0509185791 
2.2302234173 -87.4813766479 
2.2379472256 -87.9757385254 
2.2456979752 -88.5116958618 
2.2534756660 -89.0767669678 
2.2612800598 -89.5523605347 
2.2691116333 -89.9530334473 
2.2769701481 -90.1546630859 
2.2848560810 -90.1684722900 
2.2927691936 -89.9988708496 
2.3007099628 -89.6449890137 
2.3086779118 -89.1926345825 
2.3166735172 -88.6406784058 
2.3246970177 -88.0163040161 
2.3327481747 -87.3221511841 
2.3408272266 -86.4680404663 
2.3489341736 -85.4748458862 
2.3570692539 -84.2327804565 
2.3652327061 -82.8059997559 
2.3734242916 -81.2473449707 
2.3816442490 -79.6099472046 
2.3898925781 -78.0642318726 
2.3981695175 -76.5593948364 
2.4064753056 -75.3037185669 
2.4148097038 -74.1226882935 
2.4231729507 -73.2803649902 
2.4315650463 -72.4929504395 
2.4399862289 -72.1063537598 
2.4484367371 -71.7686538696 
2.4569165707 -71.8230743408 
2.4654254913 -71.9680404663 
2.4739642143 -72.4591064453 
2.4825322628 -73.1066131592 
2.4911301136 -74.0481719971 
2.4997575283 -75.2190780640 
2.5084149837 -76.6201400757 
2.5171024799 -78.2999496460 
2.5258200169 -80.1216735840 
2.5345678329 -82.0886688232 
2.5433456898 -84.0713500977 
2.5521540642 -85.5567245483 
2.5609929562 -86.8357925415 
2.5698626041 -87.3928756714 
2.5787627697 -87.7853851318 
2.5876939297 -87.9608993530 
2.5966558456 -88.1640243530 
2.6056489944 -88.3819351196 
2.6146731377 -88.6685409546 
2.6237285137 -88.9629516602 
2.6328153610 -89.2477188110 
2.6419336796 -89.5032501221 
2.6510834694 -89.7103118896 
2.6602649689 -89.8714675903 
2.6694786549 -90.0067062378 
2.6787238121 -90.1201324463 
2.6880011559 -90.2358245850 
2.6973104477 -90.3693847656 
2.7066521645 -90.5329895020 
2.7160260677 -90.7279434204 
2.7254326344 -90.9991226196 
2.7348716259 -91.3004455566 
2.7443432808 -91.6877670288 
2.7538478374 -92.0749282837 
2.7633852959 -92.4618835449 
2.7729558945 -92.6841583252 
2.7825593948 -92.8149185181 
2.7921962738 -92.6026077271 
2.8018665314 -92.2487258911 
2.8115704060 -91.7265243530 
2.8213076591 -91.1289138794 
2.8310787678 -90.5337524414 
2.8408837318 -90.0214080811 
2.8507225513 -89.6307373047 
2.8605954647 -89.3325347900 
2.8705027103 -89.2798843384 
2.8804440498 -89.3251724243 
2.8904199600 -89.5287170410 
2.9004304409 -89.8629760742 
2.9104754925 -90.2416305542 
2.9205553532 -90.6356658936 
2.9306702614 -90.9271087646 
2.9408199787 -91.1430130005 
2.9510049820 -91.1463775635 
2.9612252712 -91.1268692017 
2.9714810848 -91.0818252563 
2.9817721844 -91.1757965088 
2.9920992851 -91.3712463379 
3.0024619102 -91.7135314941 
3.0128602982 -92.2205429077 
3.0232946873 -92.7716827393 
3.0337653160 -93.3524627686 
3.0442721844 -93.7976989746 
3.0548155308 -94.1012496948 
3.0653953552 -94.1403961182 
3.0760118961 -93.8413467407 
3.0866649151 -93.3788375854 
3.0973551273 -92.7419891357 
3.1080822945 -92.0885848999 
3.1188464165 -91.4630355835 
3.1296479702 -90.9034652710 
3.1404869556 -90.4641723633 
3.1513633728 -90.1101150513 
3.1622776985 -89.8574752808 
3.1732296944 -89.7863388062 
3.1842195988 -89.8310317993 
3.1952474117 -89.9932937622 
3.2063136101 -90.3352508545 
3.2174181938 -90.7272033691 
3.2285611629 -91.1345062256 
3.2397425175 -91.4604263306 
3.2509627342 -91.5890655518 
3.2622220516 -91.5573654175 
3.2735199928 -91.3391265869 
3.2848572731 -90.9480972290 
3.2962338924 -90.5039901733 
3.3076496124 -90.0254974365 
3.3191051483 -89.5552215576 
3.3306002617 -89.1509246826 
3.3421351910 -88.8273162842 
3.3537099361 -88.6037445068 
3.3653249741 -88.5843734741 
3.3769800663 -88.6976699829 
3.3886756897 -88.9332199097 
3.4004118443 -89.2901992798 
3.4121885300 -89.7205657959 
3.4240059853 -90.1490859985 
3.4358644485 -90.5523757935 
3.4477639198 -90.8912200928 
3.4597046375 -91.1321487427 
3.4716866016 -91.2935256958 
3.4837102890 -91.3737411499 
3.4957754612 -91.3623580933 
3.5078823566 -91.2713088989 
3.5200312138 -91.1549606323 
3.5322222710 -91.0256118774 
3.5444555283 -90.8933563232 
3.5567314625 -90.7061614990 
3.5690495968 -90.4209594727 
3.5814104080 -90.0379791260 
3.5938138962 -89.5761718750 
3.6062602997 -89.1195297241 
3.6187500954 -88.8296966553 
3.6312828064 -88.7610931396 
3.6438591480 -88.9502334595 
3.6564791203 -89.4153137207 
3.6691424847 -90.1773986816 
3.6818499565 -91.0166397095 
3.6946012974 -91.7374801636 
3.7073969841 -92.2113723755 
3.7202367783 -92.3617630005 
3.7331211567 -92.2548141479 
3.7460501194 -92.1516265869 
3.7590239048 -92.1439437866 
3.7720425129 -92.2565536499 
3.7851064205 -92.4721679688 
3.7982153893 -92.7294921875 
3.8113698959 -92.8915939331 
3.8245697021 -92.8891143799 
3.8378155231 -92.7120819092 
3.8511071205 -92.3861083984 
3.8644447327 -91.9603271484 
3.8778283596 -91.4855651855 
3.8912587166 -90.9700088501 
3.9047353268 -90.3844451904 
3.9182586670 -89.7051773071 
3.9318287373 -88.9479141235 
3.9454460144 -88.1737518311 
3.9591102600 -87.4855422974 
3.9728219509 -87.0276260376 
3.9865810871 -86.9430847168 
4.0003876686 -87.2717056274 
4.0142426491 -88.0635147095 
4.0281448364 -89.3536987305 
4.0420956612 -91.1520004272 
4.0560946465 -93.3972778320 
4.0701422691 -95.8406066895 
4.0842385292 -97.5979614258 
4.0983834267 -97.3692321777 
4.1125774384 -96.0090179443 
4.1268205643 -94.2934646606 
4.1411132813 -92.6491394043 
4.1554551125 -91.2894439697 
4.1698470116 -90.3253631592 
4.1842885017 -89.8094024658 
4.1987800598 -89.7451019287 
4.2133216858 -90.0835494995 
4.2279138565 -90.7098159790 
4.2425560951 -91.4076690674 
4.2572493553 -91.9093170166 
4.2719936371 -92.0516815186 
4.2867889404 -91.8027954102 
4.3016357422 -91.2548675537 
4.3165335655 -90.5909500122 
4.3314828873 -90.0178527832 
4.3464841843 -89.6990356445 
4.3615374565 -89.7204208374 
4.3766427040 -90.0836639404 
4.3918004036 -90.6967086792 
4.4070110321 -91.3564758301 
4.4222736359 -91.7889404297 
4.4375896454 -91.8277664185 
4.4529581070 -91.5831985474 
4.4683809280 -91.3215484619 
4.4838562012 -91.2723922729 
4.4993853569 -91.5731582642 
4.5149679184 -92.2651824951 
4.5306048393 -93.2838439941 
4.5462956429 -94.4560317993 
4.5620408058 -95.5545806885 
4.5778408051 -96.3680191040 
4.5936951637 -96.7878799438 
4.6096048355 -96.9128646851 
4.6255693436 -96.7946624756 
4.6415891647 -96.3887634277 
4.6576642990 -95.8363342285 
4.6737952232 -95.2898635864 
4.6899819374 -94.7290344238 
4.7062249184 -94.0842819214 
4.7225241661 -93.3694229126 
4.7388796806 -92.6777267456 
4.7552919388 -92.1178894043 
4.7717609406 -91.7526550293 
4.7882871628 -91.4968795776 
4.8048706055 -90.8887939453 
4.8215112686 -89.1321334839 
4.8382096291 -86.2602462769 
4.8549661636 -83.2280502319 
4.8717803955 -79.6920242310 
4.8886528015 -77.8457794189 
4.9055838585 -77.6010437012 
4.9225735664 -78.1482009888 
4.9396219254 -79.4895782471 
4.9567294121 -81.6145019531 
4.9738960266 -84.4533920288 
4.9911222458 -87.7646713257 
5.0084080696 -91.0040435791 
5.0257534981 -93.5833435059 
5.0431594849 -95.4178771973 
5.0606255531 -96.4625396729 
5.0781521797 -96.0591354370 
5.0957393646 -95.0162811279 
5.1133875847 -94.5498199463 
5.1310968399 -94.3060913086 
5.1488671303 -94.1983184814 
5.1666994095 -94.1740798950 
5.1845936775 -94.2909622192 
5.2025494576 -94.7038879395 
5.2205672264 -96.1526489258 
5.2386479378 -97.9163589478 
5.2567911148 -97.9900665283 
5.2749967575 -97.5396728516 
5.2932658195 -97.0050277710 
5.3115983009 -96.3404083252 
5.3299937248 -95.6655273438 
5.3484535217 -95.1622390747 
5.3669767380 -95.1180725098 
5.3855643272 -94.9762191772 
5.4042162895 -94.4195938110 
5.4229326248 -93.6109313965 
5.4417138100 -93.0154342651 
5.4605603218 -92.9207916260 
5.4794721603 -92.9889984131 
5.4984493256 -92.5525360107 
5.5174922943 -91.7562866211 
5.5366010666 -90.8851318359 
5.5557761192 -90.0906524658 
5.5750174522 -90.1439285278 
5.5943255424 -90.7504501343 
5.6137003899 -91.6537933350 
5.6331429482 -92.7350692749 
5.6526522636 -92.3203201294 
5.6722292900 -90.9741897583 
5.6918740273 -89.5068969727 
5.7115869522 -88.3678817749 
5.7313680649 -87.7537536621 
5.7512173653 -88.4024505615 
5.7711358070 -89.7373657227 
5.7911229134 -91.7066802979 
5.8111796379 -94.1884689331 
5.8313055038 -93.2162857056 
5.8515009880 -91.8701400757 
5.8717665672 -91.3438262939 
5.8921022415 -92.0905990601 
5.9125084877 -92.6863098145 
5.9329853058 -92.3343200684 
5.9535331726 -89.9903259277 
5.9741520882 -88.0364685059 
5.9948425293 -87.5001296997 
6.0156044960 -88.2533416748 
6.0364384651 -91.0411682129 
6.0573449135 -94.5020294189 
6.0783233643 -95.1316757202 
6.0993742943 -93.6290206909 
6.1204986572 -93.1241455078 
6.1416954994 -93.3151550293 
6.1629662514 -94.5341796875 
6.1843104362 -94.7258529663 
6.2057290077 -92.9062805176 
6.2272214890 -91.7048645020 
6.2487878799 -91.6173019409 
6.2704296112 -92.7483520508 
6.2921462059 -95.1391677856 
6.3139376640 -93.9377059937 
6.3358049393 -91.7181167603 
6.3577480316 -91.7957229614 
6.3797669411 -94.5093536377 
6.4018621445 -92.5201950073 
6.4240336418 -90.4264526367 
6.4462819099 -89.4321899414 
6.4686074257 -90.1080474854 
6.4910101891 -92.9040451050 
6.5134906769 -100.2888259888 
6.5360488892 -102.0083084106 
6.5586853027 -100.1229171753 
6.5814003944 -98.7610702515 
6.6041936874 -94.5672073364 
6.6270661354 -93.2296371460 
6.6500177383 -93.6505508423 
6.6730489731 -94.9736251831 
6.6961598396 -94.9388885498 
6.7193508148 -92.0154571533 
6.7426218987 -90.4482803345 
6.7659740448 -89.9242858887 
6.7894062996 -91.6149368286 
6.8129205704 -95.7502670288 
6.8365159035 -91.3724975586 
6.8601927757 -89.1592636108 
6.8839516640 -88.5629577637 
6.9077930450 -89.0151062012 
6.9317169189 -89.9020080566 
6.9557237625 -90.8720855713 
6.9798135757 -91.5675125122 
7.0039868355 -91.4948654175 
7.0282440186 -90.7961654663 
7.0525846481 -89.8115234375 
7.0770101547 -89.1736450195 
7.1015210152 -89.0980453491 
7.1261157990 -89.1219482422 
7.1507959366 -89.6899261475 
7.1755614281 -91.1350479126 
7.2004127502 -93.2236099243 
7.2253499031 -95.3166656494 
7.2503733635 -95.3963165283 
7.2754840851 -89.3520202637 
7.3006811142 -81.7875289917 
7.3259658813 -78.1567840576 
7.3513379097 -76.3409576416 
7.3767981529 -76.1777954102 
7.4023461342 -77.9212875366 
7.4279828072 -82.7455291748 
7.4537081718 -88.1989212036 
7.4795227051 -91.9985656738 
7.5054268837 -92.7393646240 
7.5314202309 -91.5896530151 
7.5575041771 -90.6810073853 
7.5836782455 -90.1775741577 
7.6099429131 -90.0327758789 
7.6362986565 -90.2929077148 
7.6627454758 -90.7186813354 
7.6892838478 -91.1781692505 
7.7159142494 -91.9362487793 
7.7426371574 -92.6241836548 
7.7694520950 -92.8121643066 
7.7963600159 -92.0176239014 
7.8233613968 -91.5507507324 
7.8504562378 -92.2416000366 
7.8776450157 -94.0669479370 
7.9049277306 -96.4763488770 
7.9323048592 -95.5248794556 
7.9597768784 -92.4527969360 
7.9873442650 -88.9843902588 
8.0150070190 -87.4373397827 
8.0427656174 -87.6631469727 
8.0706205368 -89.0606765747 
8.0985708237 -91.4756469727 
8.1266193390 -91.6281738281 
8.1547641754 -90.3398666382 
8.1830062866 -89.5526046753 
8.2113466263 -89.7686538696 
8.2397851944 -90.2714767456 
8.2683229446 -89.7140960693 
8.2969579697 -89.4957580566 
8.3256931305 -90.1120758057 
8.3545274734 -91.0245971680 
8.3834619522 -90.9197311401 
8.4124965668 -91.0106353760 
8.4416322708 -91.4369583130 
8.4708681107 -91.2210693359 
8.5002050400 -90.6624755859 
8.5296440125 -90.3815383911 
8.5591850281 -90.7653961182 
8.5888280869 -91.3352355957 
8.6185741425 -92.2798843384 
8.6484231949 -93.8995132446 
8.6783752441 -94.7617568970 
8.7084312439 -94.0199127197 
8.7385911942 -92.4063644409 
8.7688560486 -92.0684280396 
8.7992248535 -92.8616256714 
8.8296995163 -92.4155197144 
8.8602790833 -90.8719329834 
8.8909654617 -90.2424011230 
8.9217586517 -90.4793243408 
8.9526576996 -91.2662887573 
8.9836635590 -92.4018402100 
9.0147771835 -93.8828048706 
9.0459976196 -95.7991409302 
9.0773267746 -95.8517456055 
9.1087646484 -94.0627822876 
9.1403112411 -92.8194427490 
9.1719665527 -91.4855728149 
9.2037324905 -90.3326187134 
9.2356081009 -90.5361938477 
9.2675933838 -92.1798019409 
9.2996902466 -93.8276596069 
9.3318977356 -94.1189270020 
9.3642177582 -93.1136703491 
9.3966484070 -92.0108795166 
9.4291925430 -90.9961471558 
9.4618482590 -90.5939483643 
9.4946174622 -91.0498123169 
9.5275011063 -91.5048522949 
9.5604972839 -91.7310638428 
9.5936088562 -92.4975433350 
9.6268339157 -93.0493469238 
9.6601753235 -91.9772338867 
9.6936311722 -90.7233047485 
9.7272033691 -87.7308883667 
9.7608919144 -81.0363082886 
9.7946968079 -77.4650344849 
9.8286190033 -76.9540176392 
9.8626585007 -79.4990234375 
9.8968162537 -84.8426513672 
9.9310922623 -90.2301635742 
9.9654865265 -91.0514373779 
10.0000000000 -86.0583343506 
10.0346345901 -87.6998367310 
10.0693864822 -89.4552001953 
10.1042613983 -91.2617492676 
10.1392536163 -92.7367095947 
10.1743707657 -94.1198883057 
10.2096061707 -94.7690658569 
10.2449674606 -95.2627182007 
10.2804470062 -95.2904357910 
10.3160533905 -95.1872558594 
10.3517789841 -94.9300308228 
10.3876323700 -94.6244277954 
10.4236068726 -94.2960433960 
10.4597082138 -93.9838333130 
10.4959316254 -93.6848449707 
10.5322837830 -93.4505386353 
10.5687589645 -93.2723312378 
10.6053638458 -93.1767196655 
10.6420917511 -93.1878967285 
10.6789503098 -93.2523498535 
10.7159337997 -93.4005661011 
10.7530479431 -93.5425415039 
10.7902870178 -93.6443481445 
10.8276586533 -93.6813354492 
10.8651571274 -93.6578598022 
10.9027881622 -93.5980758667 
10.9405460358 -93.5397491455 
10.9784383774 -93.5418014526 
11.0164585114 -93.5801620483 
11.0546140671 -93.6615753174 
11.0928983688 -93.7357559204 
11.1313180923 -93.7978134155 
11.1698675156 -93.7931747437 
11.2085533142 -93.7695693970 
11.2473707199 -93.7258224487 
11.2863254547 -93.7172698975 
11.3254127502 -93.7308807373 
11.3646373749 -93.8015060425 
11.4039955139 -93.9000930786 
11.4434919357 -94.0176162720 
11.4831228256 -94.1429443359 
11.5228948593 -94.2594604492 
11.5628004074 -94.3615264893 
11.6028470993 -94.4085693359 
11.6430301666 -94.4129562378 
11.6833553314 -94.3083038330 
11.7238168716 -94.0947799683 
11.7644214630 -93.8087921143 
11.8051643372 -93.3998107910 
11.8460512161 -92.9585800171 
11.8870754242 -92.4852752686 
11.9282464981 -91.8494873047 
11.9695558548 -91.0021438599 
12.0110120773 -89.8590698242 
12.0526084900 -88.3127593994 
12.0943517685 -86.7356796265 
12.1362361908 -85.2118682861 
12.1782703400 -84.1002502441 
12.2204456329 -83.2844696045 
12.2627706528 -82.9199218750 
12.3052387238 -83.1339721680 
12.3478574753 -83.7058334351 
12.3906202316 -84.7582931519 
12.4335346222 -86.3320999146 
12.4765939713 -88.1223373413 
12.5198059082 -90.1176910400 
12.5631647110 -91.7906723022 
12.6066761017 -93.0691375732 
12.6503391266 -93.8569030762 
12.6941490173 -94.1547393799 
12.7381153107 -94.3680648804 
12.7822294235 -94.5179595947 
12.8264999390 -94.6431121826 
12.8709201813 -94.7417449951 
12.9154977798 -94.8170013428 
12.9602270126 -94.8611450195 
13.0051136017 -94.9236602783 
13.0501527786 -95.0222778320 
13.0953512192 -95.1741104126 
13.1407032013 -95.3963088989 
13.1862154007 -95.6230010986 
13.2318820953 -95.8410949707 
13.2777099609 -96.0097503662 
13.3236923218 -96.1141815186 
13.3698387146 -96.1595153809 
13.4161405563 -96.1398010254 
13.4626073837 -95.9874649048 
13.5092306137 -95.7492980957 
13.5560188293 -95.4500122070 
13.6029663086 -95.1121368408 
13.6500797272 -94.8201370239 
13.6973524094 -94.5981826782 
13.7447919846 -94.4469375610 
13.7923927307 -94.3692169189 
13.8401622772 -94.3136444092 
13.8880929947 -94.2568664551 
13.9361934662 -94.2187652588 
13.9844570160 -94.2403564453 
14.0328922272 -94.4490585327 
14.0814905167 -94.7940673828 
14.1302604675 -95.2141571045 
14.1791963577 -95.6310806274 
14.2283058167 -95.7679367065 
14.2775802612 -95.4420928955 
14.3270301819 -94.2486495972 
14.3766469955 -91.9066314697 
14.4264402390 -88.1420288086 
14.4764013290 -84.3534469604 
14.5265398026 -81.0605621338 
14.5768480301 -78.4166641235 
14.6273345947 -76.4814834595 
14.6779909134 -75.4172286987 
14.7288274765 -75.1319351196 
14.7798366547 -75.5528869629 
14.8310260773 -76.6937484741 
14.8823881149 -78.5713806152 
14.9339323044 -81.3385391235 
14.9856519699 -84.8795394897 
15.0375537872 -88.7005996704 
15.0896310806 -92.0762634277 
15.1418933868 -94.3882751465 
15.1943330765 -95.4496383667 
15.2469577789 -96.0048828125 
15.2997608185 -96.4076919556 
15.3527507782 -96.6227493286 
15.4059200287 -96.6086425781 
15.4592771530 -96.3648757935 
15.5128154755 -95.9888839722 
15.5665435791 -95.7085342407 
15.6204538345 -95.5837631226 
15.6745538712 -95.5180130005 
15.7288379669 -95.3530807495 
15.7833137512 -94.9591598511 
15.8379745483 -94.3184890747 
15.8928289413 -93.6016769409 
15.9478731155 -93.1211624146 
16.0031032562 -93.0081253052 
16.0585289001 -93.2753829956 
16.1141433716 -93.8145599365 
16.1699523926 -94.4085311890 
16.2259521484 -94.8174743652 
16.2821502686 -94.9245681763 
16.3385391235 -94.8763122559 
16.3951263428 -94.9678344727 
16.4519062042 -95.3166580200 
16.5088863373 -95.9151077271 
16.5660591125 -96.6773910522 
16.6234340668 -97.4326782227 
16.6810054779 -97.8837203979 
16.7387790680 -97.5048217773 
16.7967472076 -95.5551910400 
16.8549232483 -91.6038742065 
16.9132938385 -86.8464202881 
16.9718723297 -82.7175216675 
17.0306491852 -79.6030502319 
17.0896339417 -77.5154342651 
17.1488189697 -76.4453048706 
17.2082138062 -76.3857192993 
17.2678089142 -77.3470840454 
17.3276138306 -79.3596038818 
17.3876228333 -82.4606933594 
17.4478435516 -86.6110992432 
17.5082683563 -91.2826843262 
17.5689086914 -94.9675064087 
17.6297531128 -96.3900299072 
17.6908130646 -96.4304046631 
17.7520790100 -96.1689376831 
17.8135623932 -95.6217269897 
17.8752536774 -94.8028106689 
17.9371643066 -94.0198898315 
17.9992828369 -93.5900650024 
18.0616226196 -93.6490554810 
18.1241741180 -94.1731109619 
18.1869468689 -95.0419464111 
18.2499313354 -96.0835342407 
18.3131389618 -97.1040878296 
18.3765602112 -97.9208602905 
18.4402065277 -98.3894195557 
18.5040683746 -98.4144439697 
18.5681571960 -97.9430923462 
18.6324615479 -97.1846618652 
18.6969947815 -96.4989013672 
18.7617454529 -96.1321640015 
18.8267250061 -96.1095886230 
18.8919258118 -96.2704010010 
18.9573574066 -96.4141540527 
19.0230102539 -96.5085372925 
19.0888957977 -96.6800155640 
19.1550025940 -96.9243469238 
19.2213459015 -96.7200088501 
19.2879123688 -94.3680725098 
19.3547153473 -89.3423538208 
19.4217453003 -81.6144332886 
19.4890098572 -77.1683807373 
19.5565052032 -75.5388565063 
19.6242370605 -75.0979995728 
19.6921997070 -75.8315582275 
19.7604026794 -77.7498092651 
19.8288364410 -80.8551940918 
19.8975124359 -84.9814987183 
19.9664268494 -89.2349624634 
20.0355739594 -91.9515228271 
20.1049671173 -93.3500900269 
20.1745929718 -94.5565414429 
20.2444667816 -95.5473098755 
20.3145771027 -95.9476165771 
20.3849372864 -95.7233276367 
20.4555339813 -95.5894546509 
20.5263805389 -95.5802230835 
20.5974674225 -95.7190093994 
20.6688041687 -96.0322952271 
20.7403850555 -96.5285263062 
20.8122177124 -97.1822280884 
20.8842945099 -98.2078018188 
20.9566268921 -98.7067184448 
21.0292034149 -98.3633575439 
21.1020374298 -97.7488555908 
21.1751174927 -97.1492614746 
21.2484550476 -96.6645736694 
21.3220424652 -96.3056335449 
21.3958911896 -96.1872406006 
21.4699878693 -96.7058944702 
21.5443496704 -97.4053115845 
21.6189613342 -97.8881301880 
21.6938362122 -97.1459426880 
21.7689666748 -93.8988800049 
21.8443622589 -86.0563888550 
21.9200134277 -80.7757720947 
21.9959316254 -78.4267730713 
22.0721073151 -77.2679977417 
22.1485538483 -77.2779464722 
22.2252578735 -79.4811630249 
22.3022346497 -84.3782424927 
22.3794708252 -88.8570480347 
22.4569816589 -92.9193267822 
22.5347537994 -94.6967010498 
22.6128025055 -94.6894149780 
22.6911144257 -94.5930557251 
22.7697048187 -94.6705856323 
22.8485603333 -95.0359039307 
22.9276943207 -95.8108062744 
23.0070972443 -96.1189575195 
23.0867805481 -95.8574905396 
23.1667346954 -95.1636734009 
23.2469711304 -94.5308761597 
23.3274803162 -94.2349243164 
23.4082736969 -93.8673553467 
23.4893398285 -92.9609222412 
23.5706958771 -92.3082885742 
23.6523246765 -92.3632049561 
23.7342433929 -92.5722503662 
23.8164386749 -91.2167587280 
23.8989257813 -87.9947586060 
23.9816932678 -85.7504806519 
24.0647525787 -83.5598068237 
24.1480922699 -82.1961288452 
24.2317276001 -80.5614013672 
24.3156471252 -75.6864547729 
24.3998641968 -71.6620483398 
24.4843635559 -69.9598236084 
24.5691642761 -69.5868377686 
24.6542530060 -71.4969329834 
24.7396411896 -74.3379287720 
24.8253192902 -80.2605972290 
24.9113006592 -89.1822357178 
24.9975719452 -93.3045959473 
25.0841503143 -95.5084304810 
25.1710281372 -96.1571578979 
25.2581996918 -96.1099319458 
25.3456802368 -95.5087966919 
25.4334583282 -94.9094085693 
25.5215454102 -95.1232299805 
25.6099300385 -96.1014556885 
25.6986293793 -96.8566436768 
25.7876281738 -96.6220703125 
25.8769435883 -94.9409484863 
25.9665584564 -93.6571578979 
26.0564937592 -93.7824707031 
26.1467323303 -94.7934341431 
26.2372894287 -96.9426956177 
26.3281536102 -98.8364562988 
26.4193401337 -99.3077850342 
26.5108356476 -99.1171112061 
26.6026535034 -96.7724914551 
26.6947841644 -90.4301757813 
26.7872409821 -82.9506683350 
26.8800086975 -78.7395553589 
26.9731063843 -77.2888031006 
27.0665187836 -77.4526824951 
27.1602630615 -80.0289535522 
27.2543239594 -85.0252532959 
27.3487186432 -92.7155151367 
27.4434318542 -96.6133117676 
27.5384807587 -97.8294830322 
27.6338520050 -98.5803222656 
27.7295608521 -99.0922775269 
27.8255920410 -98.2448196411 
27.9219646454 -96.6713638306 
28.0186634064 -95.7780609131 
28.1157054901 -95.8900756836 
28.2130756378 -96.5862808228 
28.3107891083 -97.1108551025 
28.4088344574 -97.1772537231 
28.5072269440 -96.9525985718 
28.6059532166 -96.5700683594 
28.7050285339 -96.5033721924 
28.8044395447 -96.9241714478 
28.9042015076 -97.4948348999 
29.0043029785 -97.3833694458 
29.1047573090 -89.5296478271 
29.2055530548 -77.8292083740 
29.3067054749 -72.5226821899 
29.4081993103 -69.7905731201 
29.5100536346 -69.5210800171 
29.6122512817 -72.0259475708 
29.7148113251 -79.3579254150 
29.8177204132 -89.0168380737 
29.9209918976 -94.0310363770 
30.0246143341 -79.4588317871 
30.1286029816 -81.6466064453 
30.2329425812 -84.2889175415 
30.3376541138 -87.2707595825 
30.4427185059 -90.3597335815 
30.5481548309 -92.7988204956 
30.6539497375 -93.3509445190 
30.7601184845 -90.3939285278 
30.8666458130 -86.4772567749 
30.9735507965 -82.6719818115 
31.0808181763 -79.2472839355 
31.1884651184 -76.2724075317 
31.2964763641 -73.7478179932 
31.4048690796 -71.6698455811 
31.5136299133 -70.0755004883 
31.6227760315 -68.8767089844 
31.7322998047 -68.0667266846 
31.8421955109 -67.6419830322 
31.9524784088 -67.6024246216 
32.0631370544 -67.9516448975 
32.1741867065 -68.6971969604 
32.2856101990 -69.9049758911 
32.3974304199 -71.5587158203 
32.5096282959 -73.6684341431 
32.6222229004 -76.2668914795 
32.7351989746 -79.3904266357 
32.8485755920 -83.0565032959 
32.9623374939 -87.0511627197 
33.0764999390 -90.2597579956 
33.1910514832 -89.4997634888 
33.3060073853 -85.1538009644 
33.4213523865 -80.8832168579 
33.5371055603 -77.1366348267 
33.6532516479 -73.9578170776 
33.7698059082 -71.3211746216 
33.8867568970 -69.1974945068 
34.0041236877 -67.5623779297 
34.1218833923 -66.3987197876 
34.2400627136 -65.6955566406 
34.3586425781 -65.4483337402 
34.4776420593 -65.6582107544 
34.5970458984 -66.3322067261 
34.7168693542 -67.4835662842 
34.8371009827 -69.1497497559 
34.9577598572 -71.3566665649 
35.0788230896 -74.1267242432 
35.2003173828 -77.5025634766 
35.3222236633 -81.5090866089 
35.4445610046 -85.9230880737 
35.5673103333 -88.4585266113 
35.6904945374 -86.2891693115 
35.8140983582 -81.8057861328 
35.9381370544 -77.4315032959 
36.0625991821 -73.7224960327 
36.1875000000 -70.6715621948 
36.3128242493 -68.2328720093 
36.4385910034 -66.3690261841 
36.5647850037 -65.0545501709 
36.6914253235 -64.2733993530 
36.8184928894 -64.0100708008 
36.9460144043 -64.5167922974 
37.0739631653 -65.5567169189 
37.2023696899 -67.1451721191 
37.3312072754 -69.3063507080 
37.4605026245 -72.0738754272 
37.5902328491 -75.4891128540 
37.7204246521 -79.5875244141 
37.8510589600 -84.2918395996 
37.9821548462 -88.3616180420 
38.1136932373 -87.1862945557 
38.2456970215 -82.5874023438 
38.3781509399 -78.1878051758 
38.5110702515 -74.4778213501 
38.6444396973 -71.4464950562 
38.7782859802 -69.0460891724 
38.9125823975 -67.2357330322 
39.0473518372 -65.9853897095 
39.1825790405 -65.2749557495 
39.3182868958 -65.0931549072 
39.4544525146 -65.4367752075 
39.5911026001 -66.3104553223 
39.7282142639 -67.7268753052 
39.8658103943 -70.8070144653 
40.0038833618 -75.4936981201 
40.1424255371 -79.3831939697 
40.2814559937 -83.9601135254 
40.4209594727 -88.8897628784 
40.5609550476 -91.4746932983 
40.7014236450 -88.5449523926 
40.8423919678 -84.1983261108 
40.9838371277 -80.3229064941 
41.1257820129 -77.1033782959 
41.2682075500 -73.4134750366 
41.4111366272 -71.1131439209 
41.5545539856 -70.2376632690 
41.6984748840 -69.8928985596 
41.8428840637 -70.0733337402 
41.9878044128 -70.7812423706 
42.1332168579 -72.0268020630 
42.2791442871 -74.8598098755 
42.4255638123 -79.2212066650 
42.5725021362 -82.8866500854 
42.7199363708 -87.2056350708 
42.8678970337 -91.8036193848 
43.0163574219 -94.0823287964 
43.1653404236 -88.3143157959 
43.3148307800 -82.5624160767 
43.4648475647 -79.1462936401 
43.6153755188 -76.3736038208 
43.7664337158 -74.2083969116 
43.9180068970 -72.6175918579 
44.0701141357 -71.3153533936 
44.2227363586 -71.0873794556 
44.3759002686 -71.6312561035 
44.5295829773 -72.7079696655 
44.6838073730 -75.2923660278 
44.8385581970 -79.3176422119 
44.9938507080 -82.7270202637 
45.1496734619 -86.7300415039 
45.3060493469 -91.0801086426 
45.4629516602 -94.0754470825 
45.6204109192 -89.8206481934 
45.7784004211 -85.6943664551 
45.9369544983 -82.1075210571 
46.0960426331 -77.8249969482 
46.2556915283 -75.0483627319 
46.4158859253 -73.8418655396 
46.5766448975 -73.1722183228 
46.7379455566 -73.2159576416 
46.8998222351 -74.3219070435 
47.0622444153 -75.7748260498 
47.2252426147 -78.8980178833 
47.3887901306 -83.5969619751 
47.5529212952 -87.3690719604 
47.7176055908 -91.3201751709 
47.8828735352 -92.9970703125 
48.0486984253 -89.3702468872 
48.2151145935 -86.2557449341 
48.3820915222 -82.1443557739 
48.5496597290 -79.2235260010 
48.7177963257 -77.7750320435 
48.8865280151 -76.5021820068 
49.0558319092 -76.1529541016 
49.2257347107 -76.5135269165 
49.3962097168 -77.8549652100 
49.5672912598 -79.9449157715 
49.7389526367 -81.4949798584 
49.9112205505 -83.3979644775 
50.0840721130 -84.8828582764 
50.2575378418 -85.8244323730 
50.4316024780 -87.2881317139 
50.6062545776 -87.2124710083 
50.7815284729 -83.3124542236 
50.9573936462 -79.5296401978 
51.1338806152 -77.4465560913 
51.3109664917 -75.3823089600 
51.4886817932 -74.4452056885 
51.6669960022 -74.7829818726 
51.8459396362 -76.1969146729 
52.0254936218 -77.8567886353 
52.2056808472 -81.2643890381 
52.3864784241 -86.2853546143 
52.5679168701 -91.6852416992 
52.7499694824 -96.9541473389 
52.9326667786 -97.8312683105 
53.1159820557 -95.7272720337 
53.2999458313 -92.2537231445 
53.4845352173 -88.6164398193 
53.6697731018 -86.0676879883 
53.8556442261 -84.6287612915 
54.0421676636 -84.2313461304 
54.2293281555 -85.0731124878 
54.4171485901 -86.9803543091 
54.6056022644 -89.9089355469 
54.7947273254 -93.8205413818 
54.9844932556 -97.0015563965 
55.1749267578 -97.8769760132 
55.3660087585 -92.7352371216 
55.5577659607 -86.8846893311 
55.7501716614 -81.3365173340 
55.9432601929 -77.5752716064 
56.1370010376 -74.9619064331 
56.3314323425 -73.5513763428 
56.5265159607 -73.4134902954 
56.7222938538 -74.3321380615 
56.9187316895 -76.4986877441 
57.1158676147 -80.0077209473 
57.3136711121 -84.5452041626 
57.5121726990 -92.3684997559 
57.7113494873 -94.1003341675 
57.9112281799 -86.9349899292 
58.1117858887 -81.2153167725 
58.3130531311 -76.3435440063 
58.5150032043 -73.1283569336 
58.7176666260 -71.1147308350 
58.9210166931 -70.2819747925 
59.1250877380 -70.9557418823 
59.3298454285 -72.8898391724 
59.5353317261 -77.3478622437 
59.7415161133 -82.6426315308 
59.9484252930 -88.7224121094 
60.1560401917 -94.5015487671 
60.3643875122 -88.2993392944 
60.5734405518 -80.1967315674 
60.7832336426 -75.9047393799 
60.9937362671 -72.7267913818 
61.2049865723 -70.5377426147 
61.4169502258 -70.1893997192 
61.6296615601 -71.1198959351 
61.8430976868 -74.1136322021 
62.0572891235 -78.0067596436 
62.2722053528 -82.9142303467 
62.4878807068 -91.6785583496 
62.7042884827 -96.9085693359 
62.9214630127 -93.2888259888 
63.1393852234 -86.8646926880 
63.3580513000 -82.2592926025 
63.5774879456 -80.1633071899 
63.7976684570 -79.3022537231 
64.0186309814 -79.8789978027 
64.2403335571 -82.5075836182 
64.4628295898 -86.0080947876 
64.6860733032 -90.3524093628 
64.9101104736 -96.6309356689 
65.1349105835 -95.9634323120 
65.3604965210 -91.0135574341 
65.5868530273 -85.4801788330 
65.8140106201 -80.4645004272 
66.0419387817 -77.6362686157 
66.2706680298 -76.8852157593 
66.5001754761 -77.6170120239 
66.7304992676 -79.5982513428 
66.9616012573 -84.0810241699 
67.1935195923 -90.7373657227 
67.4262161255 -96.8901977539 
67.6597442627 -91.9428634644 
67.8940658569 -86.3998794556 
68.1292114258 -81.3785858154 
68.3651580811 -77.1112289429 
68.6019363403 -75.0070343018 
68.8395156860 -74.9606399536 
69.0779418945 -76.9696960449 
69.3171691895 -81.1415710449 
69.5572433472 -86.1098937988 
69.7981338501 -91.7511901855 
70.0398788452 -97.1182708740 
70.2824401855 -90.5369338989 
70.5258560181 -83.6955261230 
70.7701034546 -79.0960540771 
71.0152130127 -76.6747665405 
71.2611465454 -76.3169555664 
71.5079574585 -77.9996109009 
71.7555999756 -81.7750396729 
72.0041275024 -87.4750137329 
72.2534866333 -91.7717208862 
72.5037384033 -89.1300277710 
72.7548294067 -84.1187210083 
73.0068130493 -79.3852996826 
73.2596511841 -76.0755004883 
73.5133819580 -74.5840377808 
73.7679672241 -75.0199737549 
74.0234603882 -77.4636917114 
74.2798156738 -82.0371093750 
74.5370788574 -88.7605895996 
74.7952194214 -95.4919128418 
75.0542678833 -91.5483932495 
75.3141937256 -84.0481948853 
75.5750427246 -78.7133483887 
75.8367691040 -75.6275939941 
76.0994262695 -74.6387481689 
76.3629760742 -75.6926422119 
76.6274566650 -78.8416519165 
76.8928298950 -84.2315292358 
77.1591415405 -91.8296356201 
77.4263610840 -97.7618255615 
77.6945190430 -91.0871658325 
77.9635925293 -84.4393081665 
78.2336120605 -81.0675277710 
78.5045547485 -79.7715682983 
78.7764511108 -80.5022354126 
79.0492630005 -83.2830352783 
79.3230514526 -88.1517181396 
79.5977783203 -95.4711837769 
79.8734436035 -97.0490798950 
80.1500778198 -90.8884811401 
80.4276504517 -85.1270828247 
80.7062149048 -81.4211730957 
80.9857101440 -79.8085784912 
81.2662048340 -80.7165756226 
81.5476379395 -84.7265243530 
81.8300781250 -90.3135299683 
82.1134719849 -96.7022628784 
82.3978652954 -93.5729293823 
82.6832275391 -84.9432754517 
82.9695968628 -79.7146987915 
83.2569351196 -76.7195587158 
83.5452880859 -76.0082092285 
83.8346252441 -78.2934646606 
84.1249771118 -82.6137924194 
84.4163208008 -90.3906478882 
84.7086944580 -97.3558502197 
85.0020523071 -92.1110458374 
85.2964553833 -85.7019500732 
85.5918502808 -80.5801315308 
85.8882904053 -78.7218933105 
86.1857376099 -79.5410156250 
86.4842376709 -83.3602294922 
86.7837524414 -90.8055953979 
87.0843200684 -98.4865951538 
87.3859100342 -98.4637145996 
87.6885681152 -93.6764907837 
87.9922485352 -88.6354217529 
88.2970046997 -86.5044097900 
88.6027908325 -87.5008544922 
88.9096679688 -91.4575195313 
89.2175750732 -96.4520645142 
89.5265808105 -100.6393737793 
89.8366241455 -100.2737655640 
90.1477661133 -96.2757339478 
90.4599685669 -92.2525024414 
90.7732696533 -90.5512619019 
91.0876312256 -91.5296325684 
91.4031143188 -95.0584411621 
91.7196578979 -99.3680953979 
92.0373229980 -100.1378784180 
92.3560638428 -94.8406372070 
92.6759338379 -87.3584213257 
92.9968872070 -83.2031784058 
93.3189773560 -82.2139205933 
93.6421585083 -84.1804580688 
93.9664840698 -89.2260513306 
94.2919082642 -97.1972579956 
94.6184844971 -97.0896606445 
94.9461669922 -88.8759765625 
95.2750091553 -81.9540023804 
95.6049652100 -78.3954162598 
95.9360885620 -78.7114028931 
96.2683258057 -82.2419738770 
96.6017532349 -90.5315093994 
96.9363021851 -98.6872024536 
97.2720336914 -94.8300247192 
97.6089019775 -88.3730621338 
97.9469680786 -84.1289291382 
98.2861785889 -83.1247787476 
98.6265869141 -85.5143890381 
98.9681472778 -90.0120849609 
99.3109207153 -91.0434265137 
99.6548461914 -86.7288742065 
100.0000000000 -85.1792678833 
100.3463439941 -85.0230178833 
100.6938934326 -84.8737487793 
101.0425872803 -84.6526336670 
101.3925399780 -84.3600463867 
101.7437057495 -83.9965209961 
102.0960922241 -83.5766220093 
102.4496383667 -83.2184829712 
102.8044738770 -82.9367675781 
103.1605300903 -82.8302536011 
103.5178222656 -82.8835983276 
103.8762969971 -83.0313796997 
104.2360610962 -83.2624588013 
104.5970840454 -83.5088806152 
104.9593505859 -83.7569885254 
105.3228149414 -84.0141830444 
105.6875915527 -84.3501281738 
106.0536346436 -84.8126754761 
106.4209518433 -85.3855743408 
106.7894744873 -86.0814285278 
107.1593322754 -86.8485260010 
107.5304794312 -87.5772171021 
107.9029006958 -88.2401580811 
108.2765579224 -88.7705993652 
108.6515731812 -89.1613082886 
109.0278854370 -89.4583129883 
109.4054946899 -89.6741485596 
109.7843551636 -89.8264389038 
110.1645889282 -90.0251770020 
110.5461349487 -90.3326110840 
110.9290084839 -90.7938995361 
111.3131484985 -91.5230102539 
111.6986770630 -92.4773330688 
112.0855407715 -93.5034942627 
112.4737396240 -94.4590988159 
112.8632278442 -94.9941864014 
113.2541198730 -94.7421035767 
113.6463699341 -94.0391464233 
114.0399856567 -93.0644912720 
114.4348907471 -92.0375976563 
114.8312301636 -91.1331405640 
115.2289428711 -90.2852783203 
115.6280364990 -89.4498519897 
116.0284423828 -88.5973510742 
116.4303054810 -87.7296981812 
116.8335571289 -86.9695587158 
117.2382049561 -86.3948135376 
117.6441879272 -86.0524673462 
118.0516433716 -85.9697570801 
118.4605102539 -86.1733093262 
118.8707885742 -86.5641403198 
119.2824249268 -87.0213851929 
119.6955566406 -87.4990158081 
120.1101150513 -87.9847717285 
120.5261154175 -88.5251083374 
120.9434814453 -89.2526550293 
121.3623657227 -90.1719665527 
121.7826995850 -91.2225112915 
122.2044906616 -92.2600479126 
122.6276702881 -93.0644683838 
123.0523834229 -93.2798843384 
123.4785690308 -92.8506851196 
123.9062347412 -92.1568527222 
124.3353118896 -91.4478683472 
124.7659378052 -90.9032669067 
125.1980590820 -90.6185531616 
125.6316757202 -90.6112976074 
126.0667953491 -90.8475646973 
126.5033569336 -91.1627197266 
126.9414901733 -91.4917602539 
127.3811492920 -91.8371429443 
127.8223266602 -92.2496185303 
128.2649688721 -92.7911300659 
128.7091979980 -93.4815368652 
129.1549835205 -94.2258605957 
129.6023101807 -94.7303543091 
130.0511016846 -94.7352981567 
130.5015258789 -94.1954040527 
130.9535217285 -93.2875366211 
131.4070739746 -92.2845001221 
131.8621215820 -91.4227447510 
132.3188171387 -90.8281860352 
132.7770996094 -90.5167846680 
133.2369689941 -90.4186630249 
133.6983489990 -90.3952255249 
134.1614074707 -90.3859405518 
134.6260681152 -90.4545745850 
135.0923461914 -90.7263870239 
135.5601501465 -91.3171844482 
136.0296630859 -92.2738265991 
136.5007934570 -93.4963607788 
136.9735565186 -94.6178283691 
137.4478759766 -95.0212097168 
137.9239349365 -94.2922973633 
138.4016265869 -92.8405990601 
138.8809661865 -91.3597488403 
139.3618927002 -90.1538772583 
139.8445739746 -89.2190017700 
140.3289184570 -88.3901748657 
140.8149414063 -87.5632171631 
141.3025665283 -86.7814254761 
141.7919616699 -86.1970748901 
142.2830505371 -85.9624786377 
142.7758483887 -86.1572494507 
143.2702636719 -86.7590560913 
143.7664794922 -87.6301803589 
144.2644042969 -88.5408935547 
144.7640533447 -89.2849807739 
145.2653656006 -89.8138885498 
145.7684783936 -90.2214355469 
146.2733459473 -90.6045074463 
146.7799530029 -90.9568862915 
147.2882385254 -91.1754226685 
147.7983703613 -90.8187255859 
148.3102569580 -90.0985717773 
148.8239288330 -89.3472137451 
149.3392791748 -88.8796844482 
149.8565216064 -88.8498001099 
150.3755340576 -89.2592773438 
150.8963623047 -89.9893188477 
151.4188995361 -90.8454742432 
151.9433288574 -91.6571273804 
152.4695739746 -92.3683395386 
152.9976501465 -92.9878311157 
153.5274658203 -93.4684753418 
154.0592041016 -93.6916961670 
154.5927734375 -93.5492324829 
155.1282043457 -93.0178985596 
155.6653900146 -92.2156143188 
156.2045288086 -91.3917007446 
156.7455444336 -90.8064804077 
157.2884216309 -90.6229248047 
157.8330993652 -90.8773269653 
158.3797454834 -91.4833602905 
158.9282836914 -92.6021575928 
159.4787292480 -93.5583267212 
160.0310668945 -93.9858627319 
160.5852508545 -94.2623443604 
161.1414337158 -94.3451156616 
161.6995391846 -94.1971206665 
162.2595672607 -93.7973327637 
162.8214569092 -93.1527862549 
163.3853912354 -92.3729553223 
163.9512634277 -91.6624984741 
164.5191040039 -91.1002960205 
165.0888214111 -91.0140991211 
165.6605987549 -91.0664749146 
166.2343444824 -91.1220626831 
166.8100891113 -91.2979049683 
167.3877410889 -91.7650985718 
167.9674835205 -92.6096725464 
168.5492248535 -93.7450408936 
169.1329956055 -95.2165985107 
169.7186889648 -95.8463363647 
170.3064880371 -95.9241561890 
170.8963470459 -96.1512298584 
171.4882354736 -96.6821670532 
172.0820770264 -97.5285491943 
172.6780853271 -99.0869674683 
173.2761383057 -100.4415664673 
173.8762817383 -100.7940979004 
174.4783935547 -100.7360229492 
175.0826873779 -100.4058761597 
175.6890869141 -99.7531356812 
176.2975769043 -99.3278884888 
176.9080810547 -99.3381347656 
177.5207824707 -99.5490188599 
178.1356201172 -99.8338546753 
178.7525939941 -100.0522460938 
179.3715972900 -99.8974533081 
179.9928436279 -99.5631484985 
180.6162414551 -99.1149368286 
181.2417907715 -98.5984268188 
181.8694152832 -97.6114578247 
182.4993133545 -96.3714370728 
183.1313934326 -95.5002212524 
183.7656555176 -94.8414688110 
184.4020233154 -94.5075836182 
185.0406799316 -94.6824111938 
185.6815643311 -94.9018478394 
186.3246612549 -95.1076431274 
186.9698944092 -95.5842514038 
187.6174468994 -96.3571777344 
188.2672576904 -96.8722457886 
188.9193115234 -96.9512481689 
189.5735168457 -96.0901184082 
190.2301025391 -95.1562805176 
190.8889465332 -94.3094177246 
191.5500793457 -93.5749282837 
192.2134094238 -93.2907562256 
192.8791351318 -93.1660079956 
193.5471496582 -92.9605178833 
194.2174987793 -93.0025482178 
194.8900604248 -93.3040847778 
195.5650482178 -93.9802017212 
196.2423706055 -94.7003402710 
196.9220581055 -95.1540908813 
197.6039733887 -95.6146774292 
198.2883758545 -95.6220397949 
198.9751281738 -95.3939285278 
199.6642761230 -95.1354522705 
200.3558044434 -95.1353683472 
201.0496063232 -95.2779693604 
201.7459411621 -95.3810958862 
202.4446716309 -95.0507736206 
203.1458282471 -94.4226989746 
203.8493041992 -94.1191940308 
204.5553283691 -94.2155914307 
205.2637939453 -94.5246963501 
205.9747161865 -94.8796234131 
206.6879882813 -95.6120910645 
207.4038391113 -96.8579254150 
208.1221771240 -97.8248748779 
208.8430023193 -98.8999404907 
209.5662078857 -99.3880920410 
210.2920227051 -99.2606582642 
211.0203704834 -98.9259262085 
211.7512207031 -98.4743041992 
212.4844970703 -97.9482574463 
213.2204284668 -97.6979141235 
213.9589080811 -97.9075546265 
214.6999511719 -98.8470382690 
215.4434356689 -100.2364578247 
216.1896057129 -101.3122787476 
216.9383697510 -101.2164001465 
217.6897277832 -100.2655563354 
218.4435577393 -98.8192214966 
219.2001342773 -97.5197143555 
219.9593200684 -96.6476440430 
220.7211456299 -96.3141937256 
221.4854736328 -96.5575103760 
222.2525787354 -96.9369659424 
223.0223388672 -97.2220840454 
223.7947692871 -97.7068786621 
224.5697479248 -98.7130203247 
225.3475341797 -99.8884963989 
226.1280212402 -100.3345031738 
226.9112091064 -99.9353332520 
227.6969757080 -99.1827850342 
228.4855957031 -98.8434524536 
229.2769470215 -99.2897491455 
230.0710296631 -100.3694076538 
230.8677520752 -100.7194519043 
231.6673431396 -100.1057586670 
232.4697113037 -99.2081832886 
233.2748718262 -98.6660842896 
234.0826721191 -98.6081390381 
234.8934020996 -98.7259597778 
235.7069549561 -98.9074859619 
236.5233154297 -99.2622222900 
237.3423614502 -99.5971603394 
238.1643981934 -99.3428649902 
238.9892578125 -98.5071182251 
239.8169860840 -97.5402374268 
240.6474609375 -97.0363616943 
241.4809265137 -97.1854934692 
242.3172912598 -97.4543533325 
243.1565399170 -97.3649444580 
243.9985656738 -97.3525238037 
244.8436431885 -97.6604766846 
245.6916503906 -97.8309555054 
246.5425872803 -97.4544372559 
247.3963470459 -96.6449584961 
248.2531890869 -96.5438537598 
249.1130065918 -97.3087158203 
249.9757995605 -99.0464630127 
250.8414306641 -100.7447891235 
251.7102203369 -101.6369094849 
252.5820007324 -101.9266738892 
253.4568023682 -101.4331359863 
254.3346405029 -100.6423568726 
255.2153778076 -100.0729598999 
256.0993041992 -100.1171112061 
256.9862976074 -100.6357803345 
257.8763427734 -100.9424209595 
258.7693481445 -101.2208023071 
259.6655883789 -101.6917190552 
260.5649414063 -102.3186950684 
261.4673767090 -102.8448104858 
262.3728332520 -103.1017227173 
263.2815246582 -102.6428146362 
264.1933898926 -101.5890884399 
265.1084289551 -101.0129547119 
266.0264587402 -100.9989089966 
266.9478454590 -100.9731826782 
267.8724060059 -100.9131164551 
268.8001708984 -101.4408645630 
269.7309875488 -102.4427871704 
270.6651916504 -103.1163482666 
271.6026306152 -103.2280502319 
272.5433044434 -103.0540008545 
273.4870910645 -102.4712600708 
274.4343261719 -101.8057098389 
275.3847961426 -101.7615585327 
276.3385925293 -102.2921066284 
277.2955322266 -102.7200851440 
278.2559204102 -102.6786804199 
279.2196350098 -102.3890075684 
280.1867065430 -102.1337966919 
281.1569824219 -102.0501022339 
282.1307373047 -101.7254638672 
283.1079101563 -100.1864852905 
284.0884399414 -98.3641357422 
285.0722045898 -97.9420471191 
286.0595397949 -99.1343383789 
287.0502929688 -100.7263259888 
288.0444641113 -101.2913131714 
289.0419311523 -101.1005020142 
290.0430297852 -100.9414749146 
291.0475769043 -100.4903030396 
292.0556030273 -99.5248489380 
293.0669555664 -98.7478179932 
294.0820007324 -98.5851974487 
295.1005249023 -99.4717788696 
296.1225891113 -101.3453063965 
297.1480407715 -102.7413482666 
298.1771850586 -102.4620208740 
299.2099304199 -101.7315063477 
300.2462158203 -101.7200012207 
301.2859497070 -101.8837432861 
302.3294372559 -102.0231094360 
303.3765258789 -102.1400833130 
304.4272766113 -102.2646942139 
305.4814758301 -102.3946151733 
306.5394897461 -102.5355682373 
307.6011657715 -102.6451034546 
308.6665344238 -102.7271575928 
309.7354125977 -102.6816864014 
310.8081665039 -102.5443496704 
311.8846435547 -102.3182907104 
312.9648437500 -101.9950332642 
314.0486145020 -101.6767959595 
315.1362915039 -101.3794326782 
316.2277526855 -101.1911392212 
317.3229980469 -101.0702972412 
318.4220275879 -101.0698242188 
319.5247192383 -101.1527786255 
320.6313781738 -101.2753753662 
321.7418518066 -101.4253311157 
322.8562011719 -101.5466308594 
323.9742126465 -101.6421661377 
325.0962829590 -101.6698608398 
326.2222290039 -101.6554718018 
327.3520812988 -101.6120834351 
328.4856872559 -101.5431442261 
329.6233825684 -101.4886245728 
330.7650146484 -101.4524078369 
331.9106140137 -101.4764938354 
333.0599670410 -101.5551376343 
334.2135314941 -101.6697540283 
335.3710632324 -101.8177795410 
336.5325927734 -101.9393234253 
337.6979675293 -102.0284805298 
338.8675842285 -102.0560913086 
340.0412292480 -102.0398483276 
341.2189331055 -102.0172729492 
342.4005432129 -102.0007858276 
343.5864257813 -102.0146255493 
344.7764282227 -102.0309982300 
345.9705505371 -102.0452651978 
347.1686096191 -102.0326538086 
348.3710327148 -102.0152587891 
349.5775756836 -102.0084762573 
350.7883300781 -102.0374526978 
352.0030822754 -102.1350097656 
353.2222290039 -102.2698440552 
354.4455871582 -102.4342727661 
355.6731872559 -102.5961608887 
356.9048461914 -102.7164459229 
358.1409912109 -102.7923507690 
359.3813781738 -102.8135147095 
360.6260986328 -102.7741928101 
361.8749084473 -102.7222671509 
363.1282348633 -102.6710128784 
364.3859252930 -102.6427078247 
365.6479492188 -102.6636352539 
366.9141540527 -102.7167739868 
368.1849365234 -102.7960968018 
369.4601440430 -102.8927612305 
370.7397460938 -102.9905700684 
372.0235900879 -103.0885848999 
373.3120727539 -103.1901855469 
374.6050109863 -103.3024749756 
375.9024353027 -103.4395370483 
377.2041625977 -103.5916824341 
378.5105895996 -103.7494583130 
379.8215332031 -103.9007186890 
381.1370239258 -104.0004806519 
382.4568786621 -104.0199737549 
383.7814941406 -103.9462127686 
385.1107177734 -103.7745590210 
386.4445190430 -103.5090026855 
387.7827453613 -103.2276611328 
389.1258239746 -103.0078659058 
390.4735412598 -102.8823776245 
391.8259277344 -102.8680801392 
393.1827697754 -102.9605102539 
394.5445556641 -103.0736312866 
395.9110412598 -103.1447372437 
397.2822570801 -103.1594085693 
398.6582031250 -103.1249313354 
400.0387268066 -103.0782241821 
401.4242553711 -103.0715713501 
402.8145751953 -103.1015167236 
404.2096862793 -103.1508483887 
405.6094360352 -103.1983566284 
407.0142517090 -103.2227172852 
408.4239196777 -103.2038650513 
409.8384704590 -103.1458435059 
411.2576904297 -103.0669403076 
412.6820678711 -102.9875717163 
414.1113891602 -102.9302749634 
415.5456237793 -102.9154434204 
416.9846191406 -102.9583892822 
418.4288330078 -103.0526733398 
419.8780517578 -103.1720962524 
421.3322753906 -103.3015136719 
422.7913208008 -103.4325103760 
424.2556152344 -103.5634231567 
425.7250061035 -103.6965332031 
427.1994934082 -103.8315353394 
428.6788330078 -103.9568862915 
430.1635437012 -104.0640640259 
431.6534118652 -104.1550445557 
433.1484069824 -104.2401733398 
434.6483764648 -104.3320083618 
436.1537475586 -104.4381179810 
437.6643676758 -104.5537948608 
439.1801757813 -104.6561203003 
440.7010192871 -104.6879959106 
442.2273559570 -104.5825271606 
443.7590026855 -104.3273315430 
445.2959289551 -103.9802780151 
446.8379516602 -103.6510238647 
448.3855590820 -103.4533233643 
449.9385375977 -103.4626159668 
451.4968566895 -103.6905822754 
453.0603637695 -104.0804443359 
454.6295166016 -104.5240020752 
456.2041015625 -104.9037475586 
457.7841491699 -105.1509017944 
459.3694152832 -105.2643127441 
460.9604187012 -105.2960128784 
462.5569152832 -105.2867584229 
464.1589660645 -105.2661437988 
465.7662963867 -105.2547225952 
467.3794555664 -105.2618255615 
468.9981994629 -105.2843246460 
470.6225585938 -105.3094329834 
472.2522888184 -105.3213119507 
473.8879089355 -105.3080902100 
475.5292053223 -105.2650070190 
477.1761779785 -105.1940155029 
478.8285827637 -105.1032562256 
480.4869995117 -105.0068511963 
482.1511230469 -104.9217987061 
483.8210449219 -104.8616943359 
485.4964599609 -104.8329238892 
487.1779479980 -104.8346328735 
488.8652954102 -104.8563079834 
490.5584411621 -104.8734359741 
492.2572021484 -104.8587493896 
493.9620971680 -104.7370452881 
495.6729125977 -104.4761276245 
497.3896789551 -104.1389999390 
499.1120910645 -103.8679733276 
500.8407287598 -103.7952575684 
502.5753784180 -103.9669723511 
504.3160095215 -104.3197631836 
506.0626831055 -104.8440856934 
507.8151245117 -105.0856246948 
509.5739440918 -105.0548782349 
511.3388061523 -104.9830703735 
513.1098022461 -104.9500350952 
514.8866577148 -104.9928970337 
516.6699829102 -105.0997695923 
518.4594116211 -105.2258453369 
520.2550659180 -105.3240890503 
522.0566406250 -105.3703155518 
523.8648071289 -105.3678131104 
525.6791992188 -105.3370361328 
527.4998168945 -105.3028793335 
529.3265380859 -105.2834548950 
531.1597900391 -105.2818374634 
532.9994506836 -105.2865219116 
534.8454589844 -105.2799911499 
536.6975708008 -105.2781906128 
538.5563964844 -105.3009414673 
540.4216918945 -105.3205795288 
542.2933959961 -105.2851028442 
544.1713256836 -105.1623611450 
546.0560302734 -104.9869995117 
547.9472656250 -104.8449859619 
549.8450927734 -104.8100280762 
551.7491455078 -104.8930816650 
553.6600952148 -105.0855407715 
555.5776367188 -105.1440124512 
557.5018920898 -105.0734710693 
559.4324340820 -105.0013885498 
561.3700561523 -104.9903640747 
563.3143310547 -105.0507888794 
565.2653198242 -105.1491317749 
567.2227783203 -105.2814331055 
569.1873168945 -105.3752975464 
571.1586914063 -105.4205169678 
573.1368408203 -105.4535446167 
575.1215820313 -105.4724044800 
577.1134643555 -105.4780883789 
579.1123046875 -105.4532394409 
581.1180419922 -105.3795623779 
583.1303710938 -105.3077087402 
585.1500244141 -105.2478942871 
587.1766357422 -105.2196197510 
589.2103271484 -105.2298736572 
591.2507324219 -105.2487335205 
593.2984619141 -105.2354660034 
595.3533325195 -105.1820449829 
597.4152832031 -105.0917816162 
599.4841308594 -104.9867095947 
601.5603637695 -105.0248718262 
603.6438598633 -105.1453857422 
605.7345581055 -105.2748489380 
607.8321533203 -105.3721771240 
609.9373779297 -105.3732757568 
612.0498657227 -105.3647460938 
614.1696777344 -105.3864822388 
616.2964477539 -105.4690399170 
618.4309692383 -105.5320663452 
620.5728759766 -105.5209121704 
622.7222290039 -105.4755096436 
624.8786621094 -105.4124374390 
627.0429077148 -105.4013748169 
629.2145996094 -105.4149017334 
631.3938598633 -105.4051589966 
633.5806884766 -105.3600616455 
635.7747192383 -105.3253173828 
637.9766845703 -105.2973632813 
640.1862792969 -105.2803802490 
642.4035644531 -105.2929992676 
644.6281127930 -105.2980270386 
646.8607788086 -105.2357254028 
649.1011352539 -105.1312408447 
651.3492431641 -105.0922622681 
653.6047973633 -105.1214599609 
655.8685302734 -105.2014694214 
658.1401367188 -105.2675018311 
660.4195556641 -105.3668746948 
662.7065429688 -105.4453506470 
665.0017700195 -105.4827651978 
667.3049926758 -105.5422439575 
669.6161499023 -105.6012344360 
671.9349975586 -105.6370620728 
674.2622070313 -105.6675186157 
676.5974731445 -105.6909790039 
678.9408569336 -105.7099914551 
681.2919311523 -105.7136611938 
683.6515502930 -105.7273330688 
686.0193481445 -105.7708587646 
688.3953857422 -105.7914962769 
690.7792358398 -105.7290954590 
693.1716918945 -105.5938568115 
695.5724487305 -105.4562149048 
697.9815673828 -105.2425994873 
700.3985595703 -105.1467971802 
702.8244018555 -105.2569732666 
705.2586059570 -105.3824996948 
707.7012329102 -105.3472442627 
710.1519165039 -105.2354278564 
712.6115112305 -105.1734008789 
715.0795898438 -105.2005004883 
717.5562133789 -105.2676391602 
720.0410766602 -105.3627853394 
722.5349121094 -105.3793869019 
725.0373535156 -105.2926483154 
727.5484619141 -105.1836929321 
730.0679321289 -105.1162261963 
732.5964965820 -105.1382446289 
735.1337890625 -105.2996444702 
737.6798706055 -105.5058288574 
740.2344360352 -105.6175155640 
742.7981567383 -105.5703659058 
745.3708496094 -105.2912902832 
747.9523925781 -104.9328994751 
750.5424804688 -104.7602920532 
753.1419067383 -104.8434677124 
755.7504272461 -105.0631027222 
758.3679199219 -105.2885589600 
760.9940795898 -105.4367523193 
763.6297607422 -105.5911712646 
766.2745361328 -105.7108840942 
768.9284667969 -105.7367782593 
771.5912475586 -105.6878204346 
774.2636108398 -105.6205139160 
776.9451904297 -105.5587005615 
779.6361083984 -105.4832077026 
782.3359375000 -105.4126434326 
785.0455322266 -105.4442520142 
787.7644653320 -105.6007385254 
790.4928588867 -105.7270660400 
793.2302856445 -105.6513290405 
795.9776000977 -105.4719314575 
798.7344360352 -105.3047332764 
801.5007934570 -105.2494888306 
804.2767333984 -105.3405456543 
807.0618896484 -105.4464263916 
809.8571166992 -105.4812316895 
812.6620483398 -105.4387664795 
815.4766235352 -105.4449844360 
818.3005371094 -105.5408706665 
821.1347045898 -105.6877593994 
823.9786376953 -105.7757797241 
826.8324584961 -105.8010482788 
829.6957397461 -105.5814743042 
832.5693359375 -105.1157531738 
835.4528808594 -104.3386688232 
838.3464355469 -103.5005493164 
841.2495727539 -103.6086807251 
844.1632080078 -104.1354064941 
847.0869140625 -104.3977355957 
850.0207519531 -104.4421539307 
852.9642944336 -104.6834487915 
855.9185180664 -105.0877380371 
858.8829345703 -105.3831100464 
861.8576049805 -105.3569030762 
864.8421630859 -105.3021545410 
867.8375244141 -105.3442840576 
870.8432006836 -105.5040435791 
873.8593750000 -105.5655975342 
876.8854370117 -105.4814300537 
879.9224853516 -105.4100494385 
882.9700317383 -105.3757171631 
886.0281982422 -105.4162216187 
889.0964355469 -105.5414733887 
892.1757812500 -105.5411376953 
895.2657470703 -105.3541412354 
898.3664550781 -105.1144866943 
901.4774169922 -105.0436935425 
904.5996704102 -105.2902450562 
907.7327270508 -105.6127853394 
910.8765869141 -105.8409271240 
914.0308837891 -105.8284606934 
917.1965942383 -105.6828842163 
920.3732299805 -105.4939956665 
923.5609130859 -105.2958221436 
926.7590942383 -105.2232818604 
929.9689331055 -105.2655181885 
933.1898193359 -105.3370361328 
936.4218750000 -105.3084793091 
939.6646118164 -105.1840972900 
942.9190673828 -105.0084457397 
946.1848754883 -104.6956863403 
949.4619140625 -104.4607391357 
952.7498168945 -104.4686584473 
956.0496215820 -104.6928710938 
959.3608398438 -104.6740036011 
962.6835327148 -104.6035614014 
966.0172119141 -104.9102706909 
969.3629760742 -105.3352355957 
972.7203369141 -105.4957427979 
976.0892944336 -105.4842453003 
979.4694213867 -105.5635452271 
982.8617553711 -105.7267074585 
986.2658691406 -105.8273468018 
989.6817626953 -105.7045288086 
993.1088867188 -104.3961105347 
996.5485229492 -101.6546630859 
1000.0000000000 -101.8338851929 
1003.4634399414 -101.9331817627 
1006.9389038086 -102.2013931274 
1010.4258422852 -102.6979064941 
1013.9254150391 -103.2612915039 
1017.4370727539 -103.8782119751 
1020.9609375000 -104.4389877319 
1024.4964599609 -104.8805160522 
1028.0446777344 -105.2098236084 
1031.6053466797 -105.3684616089 
1035.1782226563 -105.4348754883 
1038.7629394531 -105.4569091797 
1042.3605957031 -105.4519119263 
1045.9708251953 -105.4496917725 
1049.5935058594 -105.4549865723 
1053.2281494141 -105.4685821533 
1056.8759765625 -105.4921493530 
1060.5363769531 -105.5181655884 
1064.2094726563 -105.5439147949 
1067.8947753906 -105.5669479370 
1071.5933837891 -105.5817947388 
1075.3048095703 -105.5913314819 
1079.0290527344 -105.5967178345 
1082.7656250000 -105.6002197266 
1086.5157470703 -105.6094131470 
1090.2788085938 -105.6259689331 
1094.0549316406 -105.6507110596 
1097.8435058594 -105.6849365234 
1101.6458740234 -105.7194747925 
1105.4614257813 -105.7479171753 
1109.2901611328 -105.7660598755 
1113.1314697266 -105.7639389038 
1116.9866943359 -105.7431030273 
1120.8553466797 -105.7107391357 
1124.7374267578 -105.6708602905 
1128.6323242188 -105.6301727295 
1132.5412597656 -105.5988845825 
1136.4637451172 -105.5789718628 
1140.3997802734 -105.5714569092 
1144.3488769531 -105.5767822266 
1148.3123779297 -105.5939254761 
1152.2894287109 -105.6138000488 
1156.2803955078 -105.6337890625 
1160.2844238281 -105.6521530151 
1164.3029785156 -105.6688385010 
1168.3355712891 -105.6871566772 
1172.3819580078 -105.7062377930 
1176.4418945313 -105.7217102051 
1180.5163574219 -105.7272109985 
1184.6051025391 -105.7089538574 
1188.7078857422 -105.6607894897 
1192.8243408203 -105.5942993164 
1196.9555664063 -105.5199356079 
1201.1011962891 -105.4484634399 
1205.2611083984 -105.3895416260 
1209.4348144531 -105.3426055908 
1213.6236572266 -105.2957534790 
1217.8270263672 -105.2456207275 
1222.0449218750 -105.1950836182 
1226.2767333984 -105.1533889771 
1230.5238037109 -105.1398391724 
1234.7857666016 -105.1699066162 
1239.0623779297 -105.2343215942 
1243.3531494141 -105.3199386597 
1247.6594238281 -105.4104919434 
1251.9805908203 -105.4901580811 
1256.3167724609 -105.5478057861 
1260.6679687500 -105.5754089355 
1265.0335693359 -105.5812683105 
1269.4149169922 -105.5700149536 
1273.8115234375 -105.5481796265 
1278.2232666016 -105.5246124268 
1282.6496582031 -105.5097885132 
1287.0920410156 -105.5138473511 
1291.5498046875 -105.5449523926 
1296.0230712891 -105.5978164673 
1300.5111083984 -105.6589736938 
1305.0152587891 -105.7153854370 
1309.5351562500 -105.7567596436 
1314.0706787109 -105.7783889771 
1318.6212158203 -105.7819671631 
1323.1881103516 -105.7742691040 
1327.7709960938 -105.7643661499 
1332.3696289063 -105.7617645264 
1336.9835205078 -105.7739181519 
1341.6141357422 -105.8026275635 
1346.2607421875 -105.8451309204 
1350.9234619141 -105.8932647705 
1355.6015625000 -105.9357681274 
1360.2966308594 -105.9625244141 
1365.0079345703 -105.9684753418 
1369.7355957031 -105.9550094604 
1374.4788818359 -105.9282150269 
1379.2392578125 -105.8958206177 
1384.0162353516 -105.8649063110 
1388.8096923828 -105.8407363892 
1393.6190185547 -105.8253555298 
1398.4456787109 -105.8163452148 
1403.2891845703 -105.8086166382 
1408.1494140625 -105.8014907837 
1413.0257568359 -105.8006820679 
1417.9196777344 -105.8140869141 
1422.8305664063 -105.8438873291 
1427.7584228516 -105.8821258545 
1432.7026367188 -105.9138412476 
1437.6647949219 -105.9254455566 
1442.6440429688 -105.9118041992 
1447.6405029297 -105.8776168823 
1452.6535644531 -105.8338165283 
1457.6848144531 -105.7925186157 
1462.7333984375 -105.7633361816 
1467.7995605469 -105.7516708374 
1472.8823242188 -105.7657318115 
1477.9836425781 -105.7990798950 
1483.1025390625 -105.8467483521 
1488.2392578125 -105.9018783569 
1493.3928222656 -105.9544067383 
1498.5651855469 -105.9954681396 
1503.7553710938 -106.0226593018 
1508.9635009766 -106.0395736694 
1514.1889648438 -106.0483703613 
1519.4332275391 -106.0431594849 
1524.6958007813 -106.0131835938 
1529.9764404297 -105.9554443359 
1535.2746582031 -105.8850250244 
1540.5920410156 -105.8309631348 
1545.9277343750 -105.8193206787 
1551.2819824219 -105.8565368652 
1556.6539306641 -105.9252700806 
1562.0452880859 -105.9955062866 
1567.4554443359 -106.0431976318 
1572.8842773438 -106.0617752075 
1578.3309326172 -106.0584030151 
1583.7974853516 -106.0427780151 
1589.2828369141 -106.0111923218 
1594.7872314453 -105.9878845215 
1600.3107910156 -105.9884490967 
1605.8524169922 -106.0016555786 
1611.4143066406 -106.0207824707 
1616.9953613281 -106.0397491455 
1622.5957031250 -106.0584869385 
1628.2145996094 -106.0810623169 
1633.8538818359 -106.1085052490 
1639.5125732422 -106.1345291138 
1645.1910400391 -106.1472167969 
1650.8881835938 -106.1261520386 
1656.6059570313 -106.0988616943 
1662.3435058594 -106.0727996826 
1668.1009521484 -106.0567016602 
1673.8774414063 -106.0595779419 
1679.6748046875 -106.0892333984 
1685.4923095703 -106.1473312378 
1691.3299560547 -106.2644271851 
1697.1867675781 -106.3635940552 
1703.0649414063 -106.3876419067 
1708.9635009766 -106.3716888428 
1714.8823242188 -106.3241577148 
1720.8208007813 -106.2639694214 
1726.7807617188 -106.1984405518 
1732.7614746094 -106.1754837036 
1738.7628173828 -106.1699981689 
1744.7839355469 -106.1497497559 
1750.8269042969 -106.1116409302 
1756.8908691406 -106.0616760254 
1762.9757080078 -106.0612030029 
1769.0808105469 -106.0884857178 
1775.2078857422 -106.1103210449 
1781.3562011719 -106.1097946167 
1787.5258789063 -106.0718231201 
1793.7159423828 -106.0306243896 
1799.9283447266 -106.0172500610 
1806.1623535156 -106.0176467896 
1812.4178466797 -106.0312423706 
1818.6940917969 -106.0688018799 
1824.9930419922 -106.0997238159 
1831.3138427734 -106.0969161987 
1837.6564941406 -106.0720901489 
1844.0201416016 -106.0173339844 
1850.4068603516 -105.9869308472 
1856.8156738281 -106.0053100586 
1863.2467041016 -106.0525512695 
1869.6988525391 -106.1266708374 
1876.1745605469 -106.1419830322 
1882.6726074219 -106.1067657471 
1889.1931152344 -106.0533447266 
1895.7352294922 -106.0367355347 
1902.3010253906 -106.0301971436 
1908.8895263672 -105.9954376221 
1915.5008544922 -105.8765640259 
1922.1340332031 -105.7445831299 
1928.7912597656 -105.6884689331 
1935.4715576172 -105.6702651978 
1942.1749267578 -105.6955337524 
1948.9005126953 -105.7297821045 
1955.6505126953 -105.8158264160 
1962.4238281250 -105.9434280396 
1969.2205810547 -106.0345382690 
1976.0397949219 -106.0874786377 
1982.8836669922 -106.0061111450 
1989.7513427734 -105.8917770386 
1996.6427001953 -105.7771148682 
2003.5579833984 -105.8040847778 
2010.4960937500 -105.9044876099 
2017.4593505859 -106.0482635498 
2024.4467773438 -106.0935745239 
2031.4583740234 -106.0324249268 
2038.4930419922 -105.9775314331 
2045.5533447266 -105.9830856323 
2052.6379394531 -106.0504684448 
2059.7473144531 -106.1331939697 
2066.8798828125 -106.1823501587 
2074.0385742188 -106.2031250000 
2081.2219238281 -106.2110290527 
2088.4299316406 -106.2336730957 
2095.6621093750 -106.2777481079 
2102.9201660156 -106.3516693115 
2110.2036132813 -106.4348220825 
2117.5122070313 -106.4985656738 
2124.8449707031 -106.5243453979 
2132.2043457031 -106.5035018921 
2139.5891113281 -106.4095840454 
2146.9995117188 -106.2833328247 
2154.4343261719 -106.1869506836 
2161.8959960938 -106.1548233032 
2169.3837890625 -106.2140579224 
2176.8972167969 -106.3320617676 
2184.4355468750 -106.4641571045 
2192.0014648438 -106.5513534546 
2199.5932617188 -106.5552520752 
2207.2114257813 -106.5125427246 
2214.8547363281 -106.4583587646 
2222.5258789063 -106.4223098755 
2230.2233886719 -106.4137115479 
2237.9477539063 -106.4197616577 
2245.6975097656 -106.4363555908 
2253.4753417969 -106.4557189941 
2261.2802734375 -106.4803543091 
2269.1120605469 -106.5226287842 
2276.9697265625 -106.5907974243 
2284.8559570313 -106.6590805054 
2292.7695312500 -106.6957321167 
2300.7104492188 -106.6953887939 
2308.6774902344 -106.6810760498 
2316.6735839844 -106.6855697632 
2324.6972656250 -106.7105331421 
2332.7485351563 -106.7381973267 
2340.8266601563 -106.7354660034 
2348.9340820313 -106.7014923096 
2357.0695800781 -106.6662673950 
2365.2331542969 -106.6491546631 
2373.4235839844 -106.6627578735 
2381.6440429688 -106.7208328247 
2389.8925781250 -106.7685317993 
2398.1699218750 -106.7770004272 
2406.4746093750 -106.7456588745 
2414.8093261719 -106.6136627197 
2423.1728515625 -106.0945663452 
2431.5654296875 -105.5017471313 
2439.9855957031 -105.1257095337 
2448.4365234375 -105.3161849976 
2456.9165039063 -105.8232345581 
2465.4260253906 -106.2245559692 
2473.9633789063 -106.4114990234 
2482.5319824219 -106.4370269775 
2491.1301269531 -106.4730682373 
2499.7580566406 -106.5446395874 
2508.4143066406 -106.6363983154 
2517.1020507813 -106.7029495239 
2525.8200683594 -106.7298507690 
2534.5681152344 -106.7064056396 
2543.3464355469 -106.6689529419 
2552.1538085938 -106.6339111328 
2560.9931640625 -106.6203155518 
2569.8630371094 -106.6623840332 
2578.7636718750 -106.6996459961 
2587.6936035156 -106.7101593018 
2596.6560058594 -106.6894607544 
2605.6494140625 -106.6390609741 
2614.6738281250 -106.6006927490 
2623.7282714844 -106.6030197144 
2632.8154296875 -106.6845397949 
2641.9340820313 -106.8000793457 
2651.0842285156 -106.8497314453 
2660.2646484375 -106.8200988770 
2669.4785156250 -106.7567214966 
2678.7241210938 -106.6962127686 
2688.0017089844 -106.6799240112 
2697.3100585938 -106.7031631470 
2706.6518554688 -106.7463989258 
2716.0263671875 -106.7586059570 
2725.4331054688 -106.7299728394 
2734.8710937500 -106.6323852539 
2744.3432617188 -106.5058593750 
2753.8481445313 -106.4370422363 
2763.3859863281 -106.4535293579 
2772.9553222656 -106.5408325195 
2782.5593261719 -106.6485748291 
2792.1965332031 -106.7041473389 
2801.8671875000 -106.7255783081 
2811.5698242188 -106.7382736206 
2821.3073730469 -106.7391586304 
2831.0788574219 -106.6745758057 
2840.8842773438 -106.5822677612 
2850.7219238281 -106.5881652832 
2860.5952148438 -106.6961441040 
2870.5029296875 -106.7516021729 
2880.4448242188 -106.6677093506 
2890.4194335938 -106.5525665283 
2900.4301757813 -106.4945983887 
2910.4758300781 -106.4889297485 
2920.5561523438 -106.4851379395 
2930.6696777344 -106.4261932373 
2940.8198242188 -106.3700103760 
2951.0053710938 -106.4106063843 
2961.2260742188 -106.5059814453 
2971.4804687500 -106.5730056763 
2981.7719726563 -106.5890960693 
2992.0991210938 -106.5416107178 
3002.4621582031 -106.5635375977 
3012.8593750000 -106.5834655762 
3023.2944335938 -106.6037673950 
3033.7653808594 -106.6244125366 
3044.2727050781 -106.6415100098 
3054.8146972656 -106.6554946899 
3065.3950195313 -106.6628112793 
3076.0117187500 -106.6638946533 
3086.6655273438 -106.6621322632 
3097.3542480469 -106.6603546143 
3108.0817871094 -106.6655502319 
3118.8464355469 -106.6774902344 
3129.6484375000 -106.7105331421 
3140.4860839844 -106.7516860962 
3151.3630371094 -106.8043212891 
3162.2775878906 -106.8568496704 
3173.2299804688 -106.9041748047 
3184.2204589844 -106.9363861084 
3195.2470703125 -106.9493865967 
3206.3137207031 -106.9516448975 
3217.4184570313 -106.9400787354 
3228.5620117188 -106.9271621704 
3239.7421875000 -106.9140396118 
3250.9628906250 -106.9042205811 
3262.2224121094 -106.8945617676 
3273.5209960938 -106.8846969604 
3284.8569335938 -106.8726272583 
3296.2338867188 -106.8625106812 
3307.6501464844 -106.8553695679 
3319.1059570313 -106.8595352173 
3330.5998535156 -106.8746871948 
3342.1352539063 -106.8970031738 
3353.7104492188 -106.9257431030 
3365.3259277344 -106.9485321045 
3376.9797363281 -106.9637985229 
3388.6757812500 -106.9645462036 
3400.4123535156 -106.9507827759 
3412.1894531250 -106.9322357178 
3424.0056152344 -106.9111938477 
3435.8645019531 -106.9005813599 
3447.7644042969 -106.8986587524 
3459.7055664063 -106.9049377441 
3471.6860351563 -106.9162216187 
3483.7102050781 -106.9201889038 
3495.7758789063 -106.9161148071 
3507.8833007813 -106.8996734619 
3520.0307617188 -106.8791351318 
3532.2221679688 -106.8644256592 
3544.4558105469 -106.8587112427 
3556.7319335938 -106.8716049194 
3569.0485839844 -106.8906097412 
3581.4099121094 -106.9084320068 
3593.8139648438 -106.9185714722 
3606.2609863281 -106.9040603638 
3618.7490234375 -106.8729858398 
3631.2824707031 -106.8283462524 
3643.8591308594 -106.7739334106 
3656.4794921875 -106.7259902954 
3669.1416015625 -106.6926803589 
3681.8493652344 -106.6773300171 
3694.6013183594 -106.6863708496 
3707.3974609375 -106.7149887085 
3720.2358398438 -106.7474060059 
3733.1206054688 -106.7770462036 
3746.0500488281 -106.7950363159 
3759.0244140625 -106.7942733765 
3772.0415039063 -106.7857818604 
3785.1059570313 -106.7742080688 
3798.2153320313 -106.7642669678 
3811.3703613281 -106.7588958740 
3824.5688476563 -106.7517700195 
3837.8149414063 -106.7408752441 
3851.1071777344 -106.7263565063 
3864.4453125000 -106.7120208740 
3877.8273925781 -106.7097015381 
3891.2580566406 -106.7208480835 
3904.7353515625 -106.7437362671 
3918.2590332031 -106.7749023438 
3931.8276367188 -106.8080291748 
3945.4453125000 -106.8370513916 
3959.1103515625 -106.8607559204 
3972.8225097656 -106.8770828247 
3986.5822753906 -106.8834075928 
4000.3872070313 -106.8749389648 
4014.2424316406 -106.8487777710 
4028.1455078125 -106.8145980835 
4042.0969238281 -106.7807235718 
4056.0942382813 -106.7558441162 
4070.1423339844 -106.7480850220 
4084.2392578125 -106.7673645020 
4098.3847656250 -106.8106079102 
4112.5771484375 -106.8642272949 
4126.8208007813 -106.9132003784 
4141.1137695313 -106.9437103271 
4155.4565429688 -106.9476776123 
4169.8461914063 -106.9295654297 
4184.2885742188 -106.9147491455 
4198.7802734375 -106.9216308594 
4213.3227539063 -106.9544219971 
4227.9130859375 -107.0083694458 
4242.5561523438 -107.0727462769 
4257.2500000000 -107.1346817017 
4271.9951171875 -107.1823348999 
4286.7885742188 -107.2052917480 
4301.6357421875 -107.2036361694 
4316.5341796875 -107.1795349121 
4331.4843750000 -107.1397399902 
4346.4838867188 -107.0943450928 
4361.5375976563 -107.0543899536 
4376.6435546875 -107.0289688110 
4391.8017578125 -107.0231628418 
4407.0102539063 -107.0392150879 
4422.2739257813 -107.0723724365 
4437.5898437500 -107.1134948730 
4452.9594726563 -107.1503067017 
4468.3793945313 -107.1697311401 
4483.8554687500 -107.1633911133 
4499.3852539063 -107.1315307617 
4514.9687500000 -107.0825653076 
4530.6035156250 -107.0281906128 
4546.2949218750 -106.9781341553 
4562.0410156250 -106.9393005371 
4577.8413085938 -106.9189147949 
4593.6938476563 -106.9268722534 
4609.6040039063 -106.9626617432 
4625.5693359375 -107.0124664307 
4641.5898437500 -107.0539169312 
4657.6630859375 -107.0685501099 
4673.7944335938 -107.0522842407 
4689.9819335938 -107.0151519775 
4706.2255859375 -106.9732971191 
4722.5229492188 -106.9408111572 
4738.8789062500 -106.9257431030 
4755.2919921875 -106.9291534424 
4771.7617187500 -106.9454498291 
4788.2861328125 -106.9644546509 
4804.8701171875 -106.9754333496 
4821.5112304688 -106.9716873169 
4838.2104492188 -106.9533309937 
4854.9648437500 -106.9271469116 
4871.7797851563 -106.9041137695 
4888.6528320313 -106.8963775635 
4905.5844726563 -106.9011459351 
4922.5717773438 -106.9370422363 
4939.6210937500 -106.9941482544 
4956.7294921875 -107.0498046875 
4973.8964843750 -107.0755691528 
4991.1206054688 -107.0542221069 
5008.4072265625 -106.9900894165 
5025.7539062500 -106.9053497314 
5043.1601562500 -106.8281784058 
5060.6269531250 -106.7773132324 
5078.1513671875 -106.8012466431 
5095.7392578125 -106.8499832153 
5113.3881835938 -106.9010848999 
5131.0981445313 -106.9359588623 
5148.8666992188 -106.9424819946 
5166.6997070313 -106.9231491089 
5184.5942382813 -106.8963088989 
5202.5507812500 -106.8835830688 
5220.5668945313 -106.8921585083 
5238.6479492188 -106.9091033936 
5256.7915039063 -106.9130096436 
5274.9985351563 -106.8912887573 
5293.2651367188 -106.8492431641 
5311.5981445313 -106.8077926636 
5329.9946289063 -106.7926025391 
5348.4545898438 -106.8453369141 
5366.9760742188 -106.9297866821 
5385.5644531250 -106.9632492065 
5404.2167968750 -106.9741973877 
5422.9340820313 -106.9851989746 
5441.7133789063 -107.0189437866 
5460.5605468750 -107.0793075562 
5479.4726562500 -107.1466445923 
5498.4506835938 -107.1870269775 
5517.4912109375 -107.1712417603 
5536.6010742188 -107.0360107422 
5555.7768554688 -106.8638000488 
5575.0190429688 -106.7801742554 
5594.3247070313 -106.7398757935 
5613.7001953125 -106.7371063232 
5633.1430664063 -106.7575683594 
5652.6533203125 -106.7863616943 
5672.2275390625 -106.8188018799 
5691.8730468750 -106.8335342407 
5711.5869140625 -106.8434906006 
5731.3686523438 -106.8642196655 
5751.2158203125 -106.8940734863 
5771.1347656250 -106.9255676270 
5791.1230468750 -106.9738616943 
5811.1801757813 -107.0331954956 
5831.3037109375 -107.0703506470 
5851.5000000000 -107.0837631226 
5871.7666015625 -107.0636825562 
5892.1030273438 -106.9953079224 
5912.5068359375 -106.9323272705 
5932.9848632813 -106.9071884155 
5953.5332031250 -106.8966751099 
5974.1533203125 -106.9035644531 
5994.8408203125 -106.9470825195 
6015.6040039063 -107.0046463013 
6036.4384765625 -107.0393981934 
6057.3457031250 -107.0682601929 
6078.3217773438 -107.0856323242 
6099.3735351563 -107.0530090332 
6120.4985351563 -107.0009994507 
6141.6967773438 -106.9525680542 
6162.9648437500 -106.9329223633 
6184.3095703125 -106.9522323608 
6205.7290039063 -106.9592590332 
6227.2221679688 -106.9542236328 
6248.7866210938 -106.9626617432 
6270.4287109375 -107.0157241821 
6292.1459960938 -107.0710830688 
6313.9384765625 -107.1431427002 
6335.8066406250 -107.1836395264 
6357.7470703125 -107.1814727783 
6379.7666015625 -107.1555862427 
6401.8627929688 -107.0905303955 
6424.0351562500 -107.0370178223 
6446.2812500000 -107.0268554688 
6468.6074218750 -107.0362701416 
6491.0112304688 -107.0400543213 
6513.4926757813 -107.0333480835 
6536.0483398438 -107.0313339233 
6558.6855468750 -107.0442504883 
6581.4013671875 -107.0538711548 
6604.1958007813 -107.0631484985 
6627.0654296875 -107.0781631470 
6650.0175781250 -107.0899581909 
6673.0498046875 -107.0859146118 
6696.1616210938 -107.0628204346 
6719.3496093750 -107.0425033569 
6742.6220703125 -107.0210494995 
6765.9746093750 -107.0063552856 
6789.4082031250 -107.0169677734 
6812.9194335938 -107.0565261841 
6836.5156250000 -107.0680770874 
6860.1938476563 -107.0376663208 
6883.9536132813 -107.0020523071 
6907.7919921875 -106.9948120117 
6931.7167968750 -106.9960250854 
6955.7246093750 -107.0020828247 
6979.8154296875 -107.0100860596 
7003.9858398438 -106.9784164429 
7028.2436523438 -106.8996810913 
7052.5859375000 -106.8558807373 
7077.0122070313 -106.8979415894 
7101.5190429688 -106.9654083252 
7126.1147460938 -106.9888687134 
7150.7958984375 -106.9659500122 
7175.5625000000 -106.9382247925 
7200.4106445313 -106.8931808472 
7225.3491210938 -106.8473281860 
7250.3735351563 -106.8486709595 
7275.4848632813 -106.9213256836 
7300.6791992188 -107.0444946289 
7325.9648437500 -107.1592407227 
7351.3378906250 -107.2193679810 
7376.7988281250 -107.2054519653 
7402.3442382813 -107.1210784912 
7427.9819335938 -107.0567092896 
7453.7080078125 -107.0803604126 
7479.5239257813 -107.1491928101 
7505.4248046875 -107.1872711182 
7531.4194335938 -107.1672668457 
7557.5039062500 -107.1181182861 
7583.6791992188 -107.0449142456 
7609.9409179688 -106.9612808228 
7636.2973632813 -106.9034423828 
7662.7451171875 -106.9306335449 
7689.2851562500 -107.0368118286 
7715.9121093750 -107.1161575317 
7742.6357421875 -107.0888748169 
7769.4521484375 -107.0230865479 
7796.3613281250 -107.0739593506 
7823.3593750000 -107.2036590576 
7850.4550781250 -107.2760467529 
7877.6450195313 -107.2150573730 
7904.9287109375 -107.1118164063 
7932.3027343750 -107.1304931641 
7959.7758789063 -107.2325363159 
7987.3442382813 -107.3113555908 
8015.0078125000 -107.2987518311 
8042.7675781250 -107.2303085327 
8070.6191406250 -107.2119979858 
8098.5712890625 -107.2678146362 
8126.6201171875 -107.3977584839 
8154.7666015625 -107.4515609741 
8183.0053710938 -107.3955917358 
8211.3466796875 -107.2644577026 
8239.7871093750 -107.1921234131 
8268.3251953125 -107.1410903931 
8296.9570312500 -107.0735855103 
8325.6933593750 -107.0420837402 
8354.5292968750 -107.0394973755 
8383.4648437500 -107.0347290039 
8412.4960937500 -107.0137023926 
8441.6318359375 -107.0127182007 
8470.8691406250 -107.0420074463 
8500.2080078125 -107.0827407837 
8529.6425781250 -107.0905761719 
8559.1845703125 -107.0897445679 
8588.8291015625 -107.1282501221 
8618.5761718750 -107.1938323975 
8648.4218750000 -107.2013015747 
8678.3750000000 -107.1577224731 
8708.4326171875 -107.0971145630 
8738.5937500000 -107.0789947510 
8768.8544921875 -107.0701599121 
8799.2246093750 -107.0477752686 
8829.7001953125 -107.0609664917 
8860.2822265625 -107.1460342407 
8890.9638671875 -107.1715240479 
8921.7578125000 -107.0834426880 
8952.6582031250 -107.0203781128 
8983.6650390625 -107.0098342896 
9014.7744140625 -107.0478973389 
9045.9970703125 -107.1406326294 
9077.3271484375 -107.2367477417 
9108.7656250000 -107.2560195923 
9140.3085937500 -107.2302474976 
9171.9658203125 -107.1921386719 
9203.7324218750 -107.1153182983 
9235.6093750000 -106.9733963013 
9267.5908203125 -106.8401031494 
9299.6894531250 -106.8290786743 
9331.8984375000 -106.9766464233 
9364.2187500000 -107.0397567749 
9396.6464843750 -106.9379196167 
9429.1914062500 -106.8950500488 
9461.8486328125 -106.9623260498 
9494.6191406250 -107.0213470459 
9527.4980468750 -107.0524597168 
9560.4960937500 -107.0820999146 
9593.6083984375 -107.1265487671 
9626.8359375000 -107.1736145020 
9660.1718750000 -107.2173538208 
9693.6298828125 -107.2108764648 
9727.2031250000 -107.1390991211 
9760.8935546875 -107.0882415771 
9794.6943359375 -107.1176300049 
9828.6171875000 -107.1902313232 
9862.6582031250 -107.2349624634 
9896.8173828125 -107.2240905762 
9931.0888671875 -107.1743927002 
9965.4853515625 -107.1020812988 
10000.0000000000 -107.0784759521 
10034.6347656250 -107.0701828003 
10069.3886718750 -107.0711746216 
10104.2636718750 -107.0844116211 
10139.2597656250 -107.1019134521 
10174.3652343750 -107.1232757568 
10209.6035156250 -107.1472320557 
10244.9638671875 -107.1702728271 
10280.4472656250 -107.1915359497 
10316.0527343750 -107.2070770264 
10351.7822265625 -107.2123184204 
10387.6347656250 -107.2080307007 
10423.6123046875 -107.1912231445 
10459.7021484375 -107.1594696045 
10495.9287109375 -107.1228408813 
10532.2812500000 -107.0833969116 
10568.7597656250 -107.0487823486 
10605.3642578125 -107.0237579346 
10642.0947265625 -107.0074234009 
10678.9531250000 -107.0011367798 
10715.9394531250 -107.0048370361 
10753.0419921875 -107.0115661621 
10790.2841796875 -107.0197219849 
10827.6562500000 -107.0261993408 
10865.1572265625 -107.0264892578 
10902.7880859375 -107.0203628540 
10940.5498046875 -107.0071945190 
10978.4414062500 -106.9846572876 
11016.4648437500 -106.9571762085 
11054.6074218750 -106.9292831421 
11092.8945312500 -106.9036712646 
11131.3144531250 -106.8866271973 
11169.8671875000 -106.8794021606 
11208.5537109375 -106.8779678345 
11247.3740234375 -106.8796234131 
11286.3291015625 -106.8789062500 
11325.4189453125 -106.8696441650 
11364.6308593750 -106.8547058105 
11403.9921875000 -106.8374557495 
11443.4892578125 -106.8229293823 
11483.1230468750 -106.8266677856 
11522.8945312500 -106.8505935669 
11562.8037109375 -106.8942947388 
11602.8505859375 -106.9550399780 
11643.0371093750 -107.0254364014 
11683.3486328125 -107.0849304199 
11723.8134765625 -107.1225204468 
11764.4189453125 -107.1337127686 
11805.1640625000 -107.1178741455 
11846.0507812500 -107.0796661377 
11887.0791015625 -107.0376815796 
11928.2490234375 -107.0031967163 
11969.5625000000 -106.9804229736 
12011.0048828125 -106.9705200195 
12052.6044921875 -106.9714584351 
12094.3486328125 -106.9780883789 
12136.2363281250 -106.9860076904 
12178.2695312500 -106.9940490723 
12220.4492187500 -107.0008621216 
12262.7734375000 -107.0045013428 
12305.2451171875 -107.0005187988 
12347.8505859375 -106.9847259521 
12390.6162109375 -106.9611129761 
12433.5312500000 -106.9373397827 
12476.5937500000 -106.9235000610 
12519.8056640625 -106.9296188354 
12563.1679687500 -106.9622650146 
12606.6796875000 -107.0206146240 
12650.3427734375 -107.0824432373 
12694.1562500000 -107.1307220459 
12738.1074218750 -107.1542282104 
12782.2255859375 -107.1505355835 
12826.4960937500 -107.1263732910 
12870.9199218750 -107.0948028564 
12915.4980468750 -107.0689849854 
12960.2304687500 -107.0516738892 
13005.1171875000 -107.0375061035 
13050.1601562500 -107.0238494873 
13095.3447265625 -107.0137100220 
13140.6992187500 -107.0144424438 
13186.2119140625 -107.0329513550 
13231.8818359375 -107.0694427490 
13277.7099609375 -107.1131439209 
13323.6962890625 -107.1415557861 
13369.8427734375 -107.1321487427 
13416.1484375000 -107.0827255249 
13462.5996093750 -107.0068588257 
13509.2265625000 -106.9280700684 
13556.0156250000 -106.8697052002 
13602.9658203125 -106.8456420898 
13650.0791015625 -106.8554153442 
13697.3554687500 -106.8853454590 
13744.7958984375 -106.9149856567 
13792.4003906250 -106.9264907837 
13840.1542968750 -106.9125823975 
13888.0888671875 -106.8792419434 
13936.1904296875 -106.8423309326 
13984.4570312500 -106.8218841553 
14032.8916015625 -106.8294830322 
14081.4941406250 -106.8647384644 
14130.2646484375 -106.9152221680 
14179.2041015625 -106.9624557495 
14228.2978515625 -106.9918518066 
14277.5771484375 -106.9997406006 
14327.0263671875 -106.9923400879 
14376.6474609375 -106.9790267944 
14426.4404296875 -106.9662857056 
14476.4052734375 -106.9567947388 
14526.5439453125 -106.9529342651 
14576.8564453125 -106.9604187012 
14627.3261718750 -106.9878158569 
14677.9873046875 -107.0411758423 
14728.8242187500 -107.1517028809 
14779.8369140625 -107.2317123413 
14831.0253906250 -107.2851562500 
14882.3925781250 -107.3005218506 
14933.9365234375 -107.2830886841 
14985.6601562500 -107.2476043701 
15037.5458984375 -107.2074584961 
15089.6269531250 -107.1700820923 
15141.8896484375 -107.1390533447 
15194.3330078125 -107.1165771484 
15246.9580078125 -107.1032485962 
15299.7646484375 -107.0976028442 
15352.7548828125 -107.0981903076 
15405.9287109375 -107.1060943604 
15459.2695312500 -107.1245117188 
15512.8115234375 -107.1555786133 
15566.5390625000 -107.1977081299 
15620.4531250000 -107.2445907593 
15674.5546875000 -107.2850418091 
15728.8427734375 -107.3044509888 
15783.3183593750 -107.2905654907 
15837.9833984375 -107.2421951294 
15892.8369140625 -107.1399002075 
15947.8642578125 -107.0644226074 
16003.0986328125 -107.0576019287 
16058.5244140625 -107.0864944458 
16114.1425781250 -107.1411590576 
16169.9531250000 -107.2036437988 
16225.9570312500 -107.2517318726 
16282.1552734375 -107.2666625977 
16338.5478515625 -107.2421035767 
16395.1171875000 -107.1870346069 
16451.9003906250 -107.0877609253 
16508.8808593750 -107.0072708130 
16566.0585937500 -106.9741287231 
16623.4355468750 -106.9527206421 
16681.0097656250 -106.9357833862 
16738.7832031250 -106.9171676636 
16796.7578125000 -106.8965682983 
16854.9140625000 -106.8806991577 
16913.2890625000 -106.8855895996 
16971.8691406250 -106.9198074341 
17030.6503906250 -106.9493255615 
17089.6347656250 -106.9720153809 
17148.8242187500 -106.9812698364 
17208.2167968750 -106.9735717773 
17267.8183593750 -106.9322433472 
17327.6054687500 -106.8817520142 
17387.6191406250 -106.8600463867 
17447.8398437500 -106.8543167114 
17508.2695312500 -106.8604202271 
17568.9082031250 -106.8731842041 
17629.7578125000 -106.8843841553 
17690.8164062500 -106.9027328491 
17752.0878906250 -106.9393615723 
17813.5527343750 -106.9909820557 
17875.2500000000 -107.0616455078 
17937.1582031250 -107.0979003906 
17999.2832031250 -107.1049041748 
18061.6230468750 -107.1137619019 
18124.1796875000 -107.1282730103 
18186.9511718750 -107.1364898682 
18249.9414062500 -107.1023254395 
18313.1289062500 -107.0529479980 
18376.5546875000 -107.0023574829 
18440.2011718750 -106.9643707275 
18504.0683593750 -106.9788742065 
18568.1562500000 -107.0149765015 
18632.4667968750 -107.0571517944 
18697.0000000000 -107.1066207886 
18761.7558593750 -107.1242980957 
18826.7148437500 -107.1091308594 
18891.9199218750 -107.0591964722 
18957.3515625000 -107.0155334473 
19023.0097656250 -107.0145111084 
19088.8945312500 -107.0428771973 
19155.0078125000 -107.1260757446 
19221.3515625000 -107.2143173218 
19287.9238281250 -107.2554092407 
19354.7050781250 -107.2812347412 
19421.7382812500 -107.2779846191 
19489.0058593750 -107.2582321167 
19556.5039062500 -107.1989517212 
19624.2382812500 -107.1175918579 
19692.2050781250 -107.0656433105 
19760.4082031250 -107.0328903198 
19828.8476562500 -107.0598602295 
19897.5019531250 -107.1034851074 
19966.4160156250 -107.1494140625 
20035.5683593750 -107.1438903809 
20104.9609375000 -107.1114501953 
20174.5937500000 -107.0635223389 
20244.4667968750 -107.0457916260 
20314.5839843750 -107.0743789673 
20384.9414062500 -107.1215591431 
20455.5449218750 -107.1462173462 
20526.3691406250 -107.1475753784 
20597.4609375000 -107.1150741577 
20668.7988281250 -107.0636444092 
20740.3847656250 -107.0193252563 
20812.2187500000 -107.0082931519 
20884.3007812500 -107.0279769897 
20956.6328125000 -107.0604476929 
21029.2148437500 -107.0651092529 
21102.0253906250 -107.0408782959 
21175.1113281250 -106.9980697632 
21248.4492187500 -106.9581909180 
21322.0429687500 -106.9476089478 
21395.8906250000 -106.9702987671 
21469.9941406250 -107.0183944702 
21544.3554687500 -107.0615997314 
21618.9726562500 -107.0852966309 
21693.8242187500 -107.0926895142 
21768.9609375000 -107.0954895020 
21844.3574218750 -107.0847091675 
21920.0136718750 -107.0555801392 
21995.9316406250 -107.0201568604 
22072.1152343750 -107.0049896240 
22148.5605468750 -107.0372314453 
22225.2714843750 -107.1073303223 
22302.2226562500 -107.1836318970 
22379.4648437500 -107.2129898071 
22456.9746093750 -107.1534042358 
22534.7539062500 -107.0481491089 
22612.8027343750 -106.9480895996 
22691.1210937500 -106.8926010132 
22769.7109375000 -106.9108352661 
22848.5722656250 -106.9780273438 
22927.6816406250 -107.0660858154 
23007.0898437500 -107.1377410889 
23086.7753906250 -107.1269760132 
23166.7343750000 -107.0682907104 
23246.9707031250 -107.0122299194 
23327.4863281250 -106.9920501709 
23408.2792968750 -106.9929656982 
23489.3535156250 -106.9946746826 
23570.6816406250 -107.0092697144 
23652.3183593750 -107.0468292236 
23734.2363281250 -107.0970001221 
23816.4394531250 -107.1349716187 
23898.9257812500 -107.1418685913 
23981.6992187500 -107.1515121460 
24064.7578125000 -107.1561126709 
24148.1054687500 -107.1284713745 
24231.7148437500 -107.0684051514 
24315.6406250000 -107.0325012207 
24399.8574218750 -107.0004730225 
24484.3652343750 -106.9708404541 
24569.1640625000 -106.9968948364 
24654.2597656250 -107.0695190430 
24739.6484375000 -107.1003952026 
24825.3320312500 -107.0244979858 
24911.2871093750 -106.9322052002 
24997.5664062500 -106.9179611206 
25084.1445312500 -106.9719009399 
25171.0214843750 -106.9702072144 
25258.1992187500 -106.9443817139 
25345.6816406250 -106.9908752441 
25433.4648437500 -107.1039276123 
25521.5527343750 -107.2265167236 
25609.9453125000 -107.2840270996 
25698.6152343750 -107.1957931519 
25787.6210937500 -107.1140747070 
25876.9355468750 -107.0912475586 
25966.5585937500 -107.0936584473 
26056.4941406250 -107.0273971558 
26146.7382812500 -106.9508590698 
26237.2968750000 -106.9033660889 
26328.1679687500 -106.8713302612 
26419.3261718750 -106.8464965820 
26510.8281250000 -106.8496856689 
26602.6464843750 -106.8642883301 
26694.7832031250 -106.8568725586 
26787.2402343750 -106.8380126953 
26880.0156250000 -106.9009857178 
26973.1132812500 -107.0505218506 
27066.5351562500 -107.1623764038 
27160.2480468750 -107.1964797974 
27254.3164062500 -107.2194900513 
27348.7109375000 -107.2363128662 
27443.4316406250 -107.2074508667 
27538.4804687500 -107.1732788086 
27633.8593750000 -107.1534500122 
27729.5683593750 -107.1299743652 
27825.6074218750 -107.0991058350 
27921.9492187500 -107.0586929321 
28018.6562500000 -107.0154800415 
28115.6972656250 -107.0161437988 
28213.0742187500 -107.0599060059 
28310.7890625000 -107.0555801392 
28408.8417968750 -107.0626831055 
28507.2343750000 -107.1251068115 
28605.9687500000 -107.1153411865 
28705.0136718750 -107.0055770874 
28804.4316406250 -106.9196853638 
28904.1933593750 -106.9152069092 
29004.3027343750 -106.9737930298 
29104.7578125000 -107.0606842041 
29205.5605468750 -107.1086502075 
29306.7128906250 -107.0735549927 
29408.2148437500 -106.9949569702 
29510.0371093750 -106.9365081787 
29612.2441406250 -106.9247589111 
29714.8046875000 -106.9792480469 
29817.7207031250 -107.1069259644 
29920.9921875000 -107.2523269653 
30024.6230468750 -107.0830307007 
30128.6113281250 -107.0971450806 
30232.9609375000 -107.1027755737 
30337.6367187500 -107.1006393433 
30442.7109375000 -107.0840072632 
30548.1464843750 -107.0642700195 
30653.9492187500 -107.0408325195 
30760.1171875000 -107.0231552124 
30866.6542968750 -107.0095214844 
30973.5585937500 -107.0095520020 
31080.8339843750 -107.0156250000 
31188.4472656250 -107.0275192261 
31296.4667968750 -107.0427703857 
31404.8613281250 -107.0572814941 
31513.6308593750 -107.0700988770 
31622.7773437500 -107.0797119141 
31732.3007812500 -107.0880355835 
31842.2031250000 -107.0948486328 
31952.4882812500 -107.1017837524 
32063.1542968750 -107.1087493896 
32174.1679687500 -107.1156463623 
32285.6015625000 -107.1196441650 
32397.4218750000 -107.1206741333 
32509.6289062500 -107.1125259399 
32622.2246093750 -107.0971069336 
32735.2089843750 -107.0768203735 
32848.5859375000 -107.0531387329 
32962.3554687500 -107.0337905884 
33076.4843750000 -107.0185699463 
33191.0429687500 -107.0128555298 
33305.9960937500 -107.0112228394 
33421.3515625000 -107.0114135742 
33537.1054687500 -107.0102767944 
33653.2578125000 -107.0033721924 
33769.8164062500 -106.9905548096 
33886.7773437500 -106.9675521851 
34004.1054687500 -106.9299240112 
34121.8750000000 -106.8842773438 
34240.0546875000 -106.8307266235 
34358.6445312500 -106.7825546265 
34477.6445312500 -106.7484588623 
34597.0546875000 -106.7306518555 
34716.8789062500 -106.7445755005 
34837.1210937500 -106.7734909058 
34957.7382812500 -106.8093414307 
35078.8125000000 -106.8442916870 
35200.3085937500 -106.8634948730 
35322.2226562500 -106.8715209961 
35444.5585937500 -106.8692169189 
35567.3203125000 -106.8610687256 
35690.5039062500 -106.8585662842 
35814.1171875000 -106.8643188477 
35938.1171875000 -106.8820495605 
36062.5898437500 -106.9189834595 
36187.4921875000 -106.9644775391 
36312.8242187500 -107.0148391724 
36438.5898437500 -107.0642318726 
36564.7968750000 -107.0984649658 
36691.4375000000 -107.1161727905 
36818.5156250000 -107.1161804199 
36945.9921875000 -107.0953674316 
37073.9531250000 -107.0580368042 
37202.3593750000 -107.0144042969 
37331.2070312500 -106.9680938721 
37460.5000000000 -106.9235305786 
37590.2460937500 -106.8880081177 
37720.4375000000 -106.8624954224 
37851.0781250000 -106.8484191895 
37982.1328125000 -106.8470230103 
38113.6835937500 -106.8633880615 
38245.6875000000 -106.8920669556 
38378.1484375000 -106.9307327271 
38511.0703125000 -106.9774551392 
38644.4531250000 -107.0300292969 
38778.2968750000 -107.0842437744 
38912.6015625000 -107.1362380981 
39047.3320312500 -107.1825866699 
39182.5703125000 -107.2191543579 
39318.2773437500 -107.2368011475 
39454.4531250000 -107.2276077271 
39591.1015625000 -107.1977157593 
39728.2265625000 -107.1544494629 
39865.8203125000 -107.1076583862 
40003.8945312500 -107.0707397461 
40142.4453125000 -107.0557785034 
40281.4335937500 -107.0573577881 
40420.9453125000 -107.0709838867 
40560.9414062500 -107.0918960571 
40701.4257812500 -107.1155776978 
40842.3906250000 -107.1372680664 
40983.8476562500 -107.1501159668 
41125.7929687500 -107.1489181519 
41268.2304687500 -107.1317520142 
41411.1171875000 -107.1021728516 
41554.5390625000 -107.0700759888 
41698.4648437500 -107.0540695190 
41842.8828125000 -107.0722198486 
41987.8046875000 -107.1166458130 
42133.2265625000 -107.1706695557 
42279.1523437500 -107.2139053345 
42425.5859375000 -107.2290344238 
42572.4765625000 -107.2080917358 
42719.9257812500 -107.1558532715 
42867.8828125000 -107.0928344727 
43016.3554687500 -107.0425720215 
43165.3398437500 -107.0185546875 
43314.8437500000 -107.0258331299 
43464.8593750000 -107.0601196289 
43615.3984375000 -107.1091003418 
43766.4101562500 -107.1560974121 
43917.9960937500 -107.1861953735 
44070.1015625000 -107.1917190552 
44222.7382812500 -107.1800689697 
44375.9023437500 -107.1605453491 
44529.5937500000 -107.1371765137 
44683.8203125000 -107.1115646362 
44838.5820312500 -107.0859298706 
44993.8281250000 -107.0634536743 
45149.6601562500 -107.0457153320 
45306.0351562500 -107.0307846069 
45462.9492187500 -107.0153427124 
45620.4101562500 -106.9996261597 
45778.4140625000 -106.9888534546 
45936.9648437500 -106.9889602661 
46096.0664062500 -106.9994354248 
46255.6679687500 -107.0170516968 
46415.8710937500 -107.0396652222 
46576.6289062500 -107.0655517578 
46737.9453125000 -107.0892028809 
46899.8203125000 -107.0982437134 
47062.2578125000 -107.0772399902 
47225.2539062500 -107.0184860229 
47388.8164062500 -106.9310531616 
47552.8945312500 -106.8383331299 
47717.5898437500 -106.7642822266 
47882.8593750000 -106.7202911377 
48048.6992187500 -106.7023468018 
48215.1132812500 -106.6994018555 
48382.1054687500 -106.7041473389 
48549.6718750000 -106.7169952393 
48717.8242187500 -106.7418518066 
48886.5000000000 -106.7799148560 
49055.8164062500 -106.8099746704 
49225.7187500000 -106.8613815308 
49396.2109375000 -106.9115829468 
49567.2929687500 -106.9545822144 
49738.9648437500 -106.9869537354 
49911.2343750000 -107.0116653442 
50084.1015625000 -107.0388641357 
50257.5664062500 -107.0784072876 
50431.5742187500 -107.1287307739 
50606.2421875000 -107.1819381714 
50781.5156250000 -107.1693649292 
50957.3945312500 -107.1162719727 
51133.8828125000 -107.0483856201 
51310.9804687500 -106.9818344116 
51488.6953125000 -106.9278564453 
51667.0234375000 -106.8956451416 
51845.9140625000 -106.8936309814 
52025.4804687500 -106.9256134033 
52205.6679687500 -106.9860382080 
52386.4804687500 -107.0581741333 
52567.9179687500 -107.1167984009 
52749.9843750000 -107.1369476318 
52932.6796875000 -107.1072540283 
53116.0117187500 -107.0378112793 
53299.9179687500 -106.9535446167 
53484.5195312500 -106.8576583862 
53669.7617187500 -106.8274612427 
53855.6445312500 -106.8523712158 
54042.1679687500 -106.8898162842 
54229.3398437500 -106.9091949463 
54417.1640625000 -106.8892593384 
54605.6328125000 -106.8364868164 
54794.6992187500 -106.7825469971 
54984.4765625000 -106.7627410889 
55174.9140625000 -106.7945327759 
55366.0078125000 -106.9102554321 
55557.7656250000 -107.0087356567 
55750.1875000000 -107.0141448975 
55943.2773437500 -106.9732131958 
56137.0351562500 -106.9119949341 
56331.3984375000 -106.8596801758 
56526.5000000000 -106.8314590454 
56722.2773437500 -106.8226547241 
56918.7343750000 -106.8192901611 
57115.8671875000 -106.8187637329 
57313.6875000000 -106.8232727051 
57512.1914062500 -106.8245010376 
57711.3789062500 -106.8090820313 
57911.1992187500 -106.7582550049 
58111.7695312500 -106.7252426147 
58313.0390625000 -106.7397842407 
58515.0039062500 -106.7822036743 
58717.6679687500 -106.8425903320 
58921.0312500000 -106.9320831299 
59125.1015625000 -106.9793472290 
59329.8789062500 -106.9663238525 
59535.3007812500 -106.9252243042 
59741.5000000000 -106.8707427979 
59948.4101562500 -106.8004837036 
60156.0390625000 -106.7696914673 
60364.3867187500 -106.7823715210 
60573.4570312500 -106.8126449585 
60783.2500000000 -106.8563919067 
60993.7695312500 -106.8740081787 
61204.9531250000 -106.8732452393 
61416.9335937500 -106.8758697510 
61629.6484375000 -106.9036407471 
61843.0976562500 -106.9568023682 
62057.2890625000 -106.9973678589 
62272.2226562500 -107.0248107910 
62487.8984375000 -107.0137176514 
62704.3203125000 -106.9529037476 
62921.4257812500 -106.8988494873 
63139.3515625000 -106.8367843628 
63358.0312500000 -106.7982559204 
63577.4687500000 -106.7788009644 
63797.6679687500 -106.7631759644 
64018.6289062500 -106.7663040161 
64240.3554687500 -106.8013153076 
64462.8476562500 -106.8306655884 
64686.1093750000 -106.8520202637 
64910.0781250000 -106.8582000732 
65134.8906250000 -106.8690872192 
65360.4804687500 -106.8942108154 
65586.8515625000 -106.9030990601 
65814.0156250000 -106.8935394287 
66041.9531250000 -106.8748931885 
66270.6875000000 -106.8564987183 
66500.2109375000 -106.8381652832 
66730.4609375000 -106.8051071167 
66961.5781250000 -106.7886886597 
67193.5000000000 -106.8125457764 
67426.2187500000 -106.8515625000 
67659.7500000000 -106.8679809570 
67894.0859375000 -106.8670730591 
68129.2343750000 -106.8653869629 
68365.1953125000 -106.8870925903 
68601.8984375000 -106.9589920044 
68839.5000000000 -107.0210037231 
69077.9218750000 -106.9779434204 
69317.1718750000 -106.8525772095 
69557.2421875000 -106.7655715942 
69798.1562500000 -106.7080764771 
70039.8984375000 -106.7210464478 
70282.4765625000 -106.7670440674 
70525.8203125000 -106.8106536865 
70770.0859375000 -106.8448791504 
71015.1875000000 -106.8631515503 
71261.1484375000 -106.8549957275 
71507.9609375000 -106.8421707153 
71755.6250000000 -106.8401870728 
72004.1484375000 -106.8334808350 
72253.5312500000 -106.8063430786 
72503.6953125000 -106.7772598267 
72754.8125000000 -106.7883529663 
73006.7890625000 -106.8508148193 
73259.6484375000 -106.9022369385 
73513.3828125000 -106.8869247437 
73767.9921875000 -106.8299865723 
74023.4843750000 -106.7583541870 
74279.8593750000 -106.7059631348 
74537.0390625000 -106.7178344727 
74795.1953125000 -106.7715454102 
75054.2500000000 -106.8161087036 
75314.1953125000 -106.8296661377 
75575.0390625000 -106.8154449463 
75836.7890625000 -106.7609481812 
76099.4453125000 -106.7091217041 
76363.0156250000 -106.7106475830 
76627.4140625000 -106.7656860352 
76892.8046875000 -106.8217544556 
77159.1250000000 -106.8319091797 
77426.3593750000 -106.7924957275 
77694.5234375000 -106.7295150757 
77963.6093750000 -106.6961975098 
78233.6328125000 -106.6991958618 
78504.5937500000 -106.7329025269 
78776.4062500000 -106.7857208252 
79049.2421875000 -106.8796310425 
79323.0234375000 -106.9393157959 
79597.7578125000 -106.9434127808 
79873.4453125000 -106.9278411865 
80150.0781250000 -106.9291000366 
80427.6796875000 -106.9276580811 
80706.2343750000 -106.8847503662 
80985.7578125000 -106.8052444458 
81266.1562500000 -106.7628631592 
81547.6171875000 -106.8316574097 
81830.0546875000 -106.9163436890 
82113.4687500000 -106.8983917236 
82397.8671875000 -106.8353805542 
82683.2500000000 -106.8214721680 
82969.6171875000 -106.8396453857 
83256.9765625000 -106.8174667358 
83545.2421875000 -106.7367095947 
83834.6015625000 -106.6414794922 
84124.9531250000 -106.6701278687 
84416.3203125000 -106.7344818115 
84708.6875000000 -106.7445755005 
85002.0781250000 -106.7005386353 
85296.4765625000 -106.6691818237 
85591.8984375000 -106.6383819580 
85888.2500000000 -106.5983200073 
86185.7187500000 -106.6117630005 
86484.2187500000 -106.6768875122 
86783.7500000000 -106.7550811768 
87084.3203125000 -106.8080978394 
87385.9375000000 -106.7867050171 
87688.5937500000 -106.6996612549 
87992.2968750000 -106.6418228149 
88296.9609375000 -106.6312789917 
88602.7734375000 -106.6420593262 
88909.6406250000 -106.6591110229 
89217.5781250000 -106.6621780396 
89526.5781250000 -106.6366882324 
89836.6484375000 -106.5920333862 
90147.7968750000 -106.5322723389 
90460.0156250000 -106.5103302002 
90773.2187500000 -106.5174179077 
91087.6093750000 -106.5348205566 
91403.0859375000 -106.6019973755 
91719.6562500000 -106.6585922241 
92037.3281250000 -106.6574935913 
92356.0937500000 -106.5979461670 
92675.9609375000 -106.5279464722 
92996.9453125000 -106.4528274536 
93318.9296875000 -106.4419174194 
93642.1328125000 -106.4957427979 
93966.4609375000 -106.5040588379 
94291.9062500000 -106.4519424438 
94618.4843750000 -106.4352035522 
94946.1953125000 -106.4875717163 
95275.0312500000 -106.5641021729 
95605.0156250000 -106.5983505249 
95936.0312500000 -106.5964431763 
96268.3046875000 -106.6250305176 
96601.7265625000 -106.6390228271 
96936.2968750000 -106.6891326904 
97272.0312500000 -106.7436065674 
97608.9296875000 -106.7376327515 
97946.9921875000 -106.6895370483 
98286.2265625000 -106.6283493042 
98626.5312500000 -106.6314315796 
98968.1171875000 -106.6802368164 
99310.8906250000 -106.6318435669 
99654.8515625000 -106.5448608398 
100000.0000000000 -106.5786056519 
100346.3437500000 -106.5707550049 
100693.8906250000 -106.5638580322 
101042.6406250000 -106.5698776245 
101392.5937500000 -106.5866470337 
101743.6562500000 -106.6143188477 
102096.0390625000 -106.6567840576 
102449.6406250000 -106.6999130249 
102804.4687500000 -106.7410049438 
103160.5312500000 -106.7704010010 
103517.8203125000 -106.7839965820 
103876.3515625000 -106.7862319946 
104236.1250000000 -106.7760086060 
104597.0234375000 -106.7549896240 
104959.2890625000 -106.7289352417 
105322.8125000000 -106.6981735229 
105687.5937500000 -106.6606674194 
106053.6406250000 -106.6182479858 
106420.9531250000 -106.5729217529 
106789.5312500000 -106.5257720947 
107159.3906250000 -106.4829711914 
107530.4218750000 -106.4467315674 
107902.8437500000 -106.4178161621 
108276.5625000000 -106.3991622925 
108651.5703125000 -106.3884353638 
109027.8828125000 -106.3815536499 
109405.4921875000 -106.3776092529 
109784.4140625000 -106.3766937256 
110164.6484375000 -106.3810348511 
110546.0781250000 -106.3913345337 
110928.9453125000 -106.4081115723 
111313.1484375000 -106.4319992065 
111698.6718750000 -106.4555892944 
112085.5390625000 -106.4736785889 
112473.7421875000 -106.4829177856 
112863.2890625000 -106.4774093628 
113254.1875000000 -106.4577484131 
113646.3125000000 -106.4317550659 
114039.9218750000 -106.4037399292 
114434.8906250000 -106.3788757324 
114831.2343750000 -106.3667297363 
115228.9453125000 -106.3648910522 
115628.0312500000 -106.3712310791 
116028.5078125000 -106.3829879761 
116430.3671875000 -106.3956222534 
116833.4921875000 -106.4032135010 
117238.1406250000 -106.4042434692 
117644.1875000000 -106.3977355957 
118051.6406250000 -106.3832778931 
118460.5078125000 -106.3601684570 
118870.7890625000 -106.3313064575 
119282.4921875000 -106.3005828857 
119695.6250000000 -106.2701950073 
120110.0546875000 -106.2418212891 
120526.0468750000 -106.2163772583 
120943.4843750000 -106.1941070557 
121362.3671875000 -106.1750640869 
121782.6953125000 -106.1606445313 
122204.4843750000 -106.1521377563 
122627.7343750000 -106.1502380371 
123052.4531250000 -106.1546096802 
123478.5000000000 -106.1621704102 
123906.1640625000 -106.1709365845 
124335.3125000000 -106.1813812256 
124765.9375000000 -106.1950149536 
125198.0625000000 -106.2137298584 
125631.6796875000 -106.2387542725 
126066.7968750000 -106.2691955566 
126503.4218750000 -106.2993469238 
126941.5625000000 -106.3251800537 
127381.0781250000 -106.3444290161 
127822.2578125000 -106.3569717407 
128264.9609375000 -106.3643646240 
128709.2031250000 -106.3687057495 
129154.9843750000 -106.3704223633 
129602.3046875000 -106.3684005737 
130051.1796875000 -106.3631286621 
130501.6015625000 -106.3574981689 
130953.4453125000 -106.3558044434 
131407.0000000000 -106.3620529175 
131862.1250000000 -106.3788833618 
132318.8125000000 -106.4076461792 
132777.0937500000 -106.4496154785 
133236.9687500000 -106.5071411133 
133698.4218750000 -106.5778503418 
134161.4843750000 -106.6512374878 
134626.0000000000 -106.7127380371 
135092.2656250000 -106.7485809326 
135560.1562500000 -106.7514343262 
136029.6562500000 -106.7228088379 
136500.7968750000 -106.6711349487 
136973.5625000000 -106.6071166992 
137447.9531250000 -106.5396041870 
137924.0000000000 -106.4743652344 
138401.5468750000 -106.4157485962 
138880.8906250000 -106.3687286377 
139361.9062500000 -106.3391647339 
139844.5781250000 -106.3324737549 
140328.9218750000 -106.3473281860 
140814.9375000000 -106.3790512085 
141302.6406250000 -106.4196777344 
141792.0468750000 -106.4594802856 
142282.9843750000 -106.4891510010 
142775.7656250000 -106.5026016235 
143270.2656250000 -106.4993820190 
143766.4687500000 -106.4849166870 
144264.4062500000 -106.4678115845 
144764.0625000000 -106.4558181763 
145265.4375000000 -106.4532394409 
145768.5625000000 -106.4608383179 
146273.2656250000 -106.4771194458 
146779.8750000000 -106.4986724854 
147288.2343750000 -106.5274810791 
147798.3593750000 -106.5336456299 
148310.2500000000 -106.5201339722 
148823.9218750000 -106.4867172241 
149339.3750000000 -106.4404830933 
149856.5937500000 -106.3932723999 
150375.4531250000 -106.3576202393 
150896.2656250000 -106.3426666260 
151418.8906250000 -106.3505783081 
151943.3281250000 -106.3741149902 
152469.5781250000 -106.3982543945 
152997.6406250000 -106.4081039429 
153527.5468750000 -106.3999252319 
154059.2812500000 -106.3860092163 
154592.6875000000 -106.3869934082 
155128.1093750000 -106.4168548584 
155665.3906250000 -106.4724655151 
156204.5312500000 -106.5349960327 
156745.5468750000 -106.5815734863 
157288.4218750000 -106.5986557007 
157833.1875000000 -106.5883636475 
158379.8281250000 -106.5646362305 
158928.3750000000 -106.5415725708 
159478.6406250000 -106.5538253784 
160030.9843750000 -106.5875473022 
160585.2500000000 -106.6354370117 
161141.4218750000 -106.6905517578 
161699.5312500000 -106.7434158325 
162259.5781250000 -106.7820129395 
162821.5468750000 -106.7946929932 
163385.4687500000 -106.7762756348 
163951.1718750000 -106.7330856323 
164519.0156250000 -106.6616668701 
165088.8125000000 -106.6250457764 
165660.5937500000 -106.6314849854 
166234.3437500000 -106.6487197876 
166810.0937500000 -106.6610412598 
167387.8281250000 -106.6592483521 
167967.5781250000 -106.6439895630 
168549.1406250000 -106.6205673218 
169132.9062500000 -106.5780410767 
169718.6875000000 -106.5390472412 
170306.5000000000 -106.5301666260 
170896.3437500000 -106.5448455811 
171488.2343750000 -106.5823898315 
172082.1718750000 -106.6327590942 
172678.1718750000 -106.7000656128 
173276.0468750000 -106.7381896973 
173876.1875000000 -106.7441558838 
174478.3906250000 -106.7426986694 
175082.6875000000 -106.7397842407 
175689.0781250000 -106.7375793457 
176297.5781250000 -106.7335891724 
176908.1718750000 -106.7281646729 
177520.8906250000 -106.7255477905 
178135.5312500000 -106.7317276001 
178752.4843750000 -106.7531433105 
179371.5937500000 -106.7600326538 
179992.8437500000 -106.7430114746 
180616.2343750000 -106.7179031372 
181241.7968750000 -106.6991577148 
181869.5156250000 -106.6996841431 
182499.4062500000 -106.7155380249 
183131.2812500000 -106.7193450928 
183765.5468750000 -106.7067413330 
184402.0156250000 -106.6153335571 
185040.6875000000 -106.3756408691 
185681.5625000000 -106.0788269043 
186324.6718750000 -105.7238540649 
186969.9843750000 -105.3358612061 
187617.5468750000 -105.3168640137 
188267.1562500000 -105.5764160156 
188919.2031250000 -106.1313323975 
189573.5156250000 -106.5672836304 
190230.0937500000 -106.6698989868 
190888.9531250000 -106.6664276123 
191550.0937500000 -106.5959320068 
192213.5156250000 -106.5512008667 
192879.2343750000 -106.5554122925 
193547.0468750000 -106.5912780762 
194217.3906250000 -106.6368865967 
194890.0468750000 -106.6744079590 
195565.0468750000 -106.7487182617 
196242.3750000000 -106.8220825195 
196922.0468750000 -106.8465957642 
197604.0781250000 -106.8256988525 
198288.4843750000 -106.7621459961 
198975.0156250000 -106.7128524780 
199664.1562500000 -106.6727447510 
200355.6875000000 -106.6870956421 
201049.6093750000 -106.7238922119 
201745.9375000000 -106.7693710327 
202444.6718750000 -106.7857742310 
203145.8281250000 -106.8044738770 
203849.4218750000 -106.8515930176 
204555.4375000000 -106.8871231079 
205263.6875000000 -106.9018478394 
205974.6093750000 -106.8662033081 
206688.0000000000 -106.7804718018 
207403.8437500000 -106.6708679199 
208122.1875000000 -106.5984268188 
208843.0000000000 -106.5397796631 
209566.3125000000 -106.5566711426 
210292.1406250000 -106.6308441162 
211020.2500000000 -106.6816253662 
211751.1093750000 -106.6702346802 
212484.5000000000 -106.6516265869 
213220.4218750000 -106.6592254639 
213958.9062500000 -106.6799697876 
214699.9375000000 -106.6725769043 
215443.5468750000 -106.6432418823 
216189.7343750000 -106.6452713013 
216938.2500000000 -106.7038421631 
217689.6093750000 -106.7828216553 
218443.5625000000 -106.8521804810 
219200.1406250000 -106.8922958374 
219959.3281250000 -106.8688812256 
220721.1406250000 -106.7987670898 
221485.5937500000 -106.7436676025 
222252.7031250000 -106.7661056519 
223022.2187500000 -106.8748474121 
223794.6562500000 -106.9732589722 
224569.7500000000 -106.9792404175 
225347.5468750000 -106.9279785156 
226128.0156250000 -106.8672790527 
226911.2031250000 -106.8195495605 
227697.0937500000 -106.7897186279 
228485.7187500000 -106.7801895142 
229276.8125000000 -106.8015823364 
230070.9062500000 -106.8563461304 
230867.7500000000 -106.9005050659 
231667.3437500000 -106.9352416992 
232469.7187500000 -106.9476852417 
233274.8593750000 -106.9138870239 
234082.7968750000 -106.8311538696 
234893.5312500000 -106.7662658691 
235706.8281250000 -106.7118148804 
236523.1875000000 -106.6776199341 
237342.3750000000 -106.6781158447 
238164.3906250000 -106.7137451172 
238989.2656250000 -106.7563323975 
239816.9843750000 -106.8031616211 
240647.5937500000 -106.8459091187 
241481.0625000000 -106.8815536499 
242317.1562500000 -106.9263839722 
243156.4062500000 -106.9538574219 
243998.5625000000 -106.9410324097 
244843.6406250000 -106.8534545898 
245691.6562500000 -106.7941970825 
246542.5937500000 -106.8161392212 
247396.4843750000 -106.9026718140 
248253.3281250000 -106.9283294678 
249112.8593750000 -106.8882369995 
249975.6562500000 -106.8237457275 
250841.4375000000 -106.8247985840 
251710.2187500000 -106.8654937744 
252582.0000000000 -106.9012145996 
253456.8125000000 -106.9050292969 
254334.6406250000 -106.8831939697 
255215.5156250000 -106.8504562378 
256099.4531250000 -106.7997512817 
256986.1562500000 -106.7800903320 
257876.2187500000 -106.8167343140 
258769.3593750000 -106.8967666626 
259665.5937500000 -106.9766387939 
260564.9375000000 -106.9282226563 
261467.3906250000 -106.8210601807 
262372.9687500000 -106.7248916626 
263281.6875000000 -106.7116317749 
264193.2500000000 -106.8619995117 
265108.2812500000 -107.0695571899 
266026.4687500000 -107.1592254639 
266947.8437500000 -107.1439056396 
267872.4062500000 -107.0445098877 
268800.1562500000 -106.9502792358 
269731.1562500000 -106.9523696899 
270665.3437500000 -107.0265274048 
271602.4687500000 -107.0525817871 
272543.1562500000 -107.0046920776 
273487.0937500000 -106.8885498047 
274434.3125000000 -106.8069458008 
275384.8125000000 -106.8207778931 
276338.5937500000 -106.9040451050 
277295.6875000000 -106.9787902832 
278256.0625000000 -106.9925842285 
279219.5000000000 -106.9689865112 
280186.5625000000 -106.9470596313 
281156.9687500000 -106.9660491943 
282130.7500000000 -107.0344772339 
283107.9062500000 -107.0618820190 
284088.4375000000 -106.9841613770 
285072.3437500000 -106.9005508423 
286059.6875000000 -106.9400405884 
287050.1250000000 -107.0332107544 
288044.3125000000 -107.0501327515 
289041.9375000000 -107.0417480469 
290043.0312500000 -107.0769348145 
291047.5625000000 -107.0958709717 
292055.5937500000 -107.0270462036 
293067.1250000000 -106.9045181274 
294082.1562500000 -106.8314895630 
295100.3750000000 -106.8454360962 
296122.4375000000 -106.8954696655 
297148.0312500000 -106.9312057495 
298177.1875000000 -106.9393768311 
299209.9062500000 -106.9493713379 
300246.2187500000 -106.8651275635 
301286.1250000000 -106.8372344971 
302329.5937500000 -106.8081512451 
303376.3750000000 -106.7820892334 
304427.0937500000 -106.7668609619 
305481.4687500000 -106.7613220215 
306539.5000000000 -106.7701568604 
307601.1875000000 -106.7941055298 
308666.5312500000 -106.8252868652 
309735.5937500000 -106.8628997803 
310808.3437500000 -106.9058380127 
311884.4687500000 -106.9509353638 
312964.6875000000 -106.9980697632 
314048.6250000000 -107.0474777222 
315136.3125000000 -107.0950012207 
316227.7812500000 -107.1375808716 
317323.0000000000 -107.1717987061 
318422.0312500000 -107.1849822998 
319524.8750000000 -107.1836624146 
320631.5312500000 -107.1693191528 
321741.6875000000 -107.1433486938 
322856.0312500000 -107.1190032959 
323974.2187500000 -107.1016387939 
325096.2812500000 -107.0940628052 
326222.2500000000 -107.1021347046 
327352.0937500000 -107.1149902344 
328485.8750000000 -107.1268005371 
329623.5625000000 -107.1332321167 
330764.8437500000 -107.1244506836 
331910.4062500000 -107.1067352295 
333059.9687500000 -107.0830993652 
334213.5312500000 -107.0559616089 
335371.0625000000 -107.0272903442 
336532.5937500000 -106.9963531494 
337698.1562500000 -106.9626693726 
338867.7500000000 -106.9262695313 
340041.0312500000 -106.8897781372 
341218.7500000000 -106.8614959717 
342400.5625000000 -106.8460388184 
343586.4375000000 -106.8469619751 
344776.4375000000 -106.8688507080 
345970.5625000000 -106.9136886597 
347168.8125000000 -106.9697952271 
348371.2187500000 -107.0320053101 
349577.4062500000 -107.0952529907 
350788.1250000000 -107.1538162231 
352003.0625000000 -107.2062377930 
353222.2187500000 -107.2539520264 
354445.5937500000 -107.2955093384 
355673.1875000000 -107.3277130127 
356905.0625000000 -107.3394470215 
358141.1875000000 -107.3189086914 
359381.1875000000 -107.2699737549 
360625.9062500000 -107.2000732422 
361874.9062500000 -107.1210098267 
363128.2500000000 -107.0489883423 
364385.9062500000 -107.0042800903 
365647.9375000000 -106.9829330444 
366914.3437500000 -106.9779205322 
368185.1562500000 -106.9803085327 
369459.9375000000 -106.9811172485 
370739.5312500000 -106.9737167358 
372023.5937500000 -106.9588928223 
373312.0625000000 -106.9453048706 
374605.0312500000 -106.9386901855 
375902.4375000000 -106.9419631958 
377204.3750000000 -106.9546661377 
378510.7812500000 -106.9730453491 
379821.3437500000 -106.9911956787 
381136.8125000000 -107.0058517456 
382456.8750000000 -107.0187149048 
383781.5000000000 -107.0319366455 
385110.7187500000 -107.0464706421 
386444.5312500000 -107.0616683960 
387782.9687500000 -107.0758743286 
389126.0312500000 -107.0879898071 
390473.3125000000 -107.0990295410 
391825.6875000000 -107.1110229492 
393182.7812500000 -107.1239166260 
394544.5312500000 -107.1361541748 
395911.0312500000 -107.1456069946 
397282.2500000000 -107.1504516602 
398658.2187500000 -107.1497039795 
400038.9375000000 -107.1438522339 
401424.4687500000 -107.1357803345 
402814.3437500000 -107.1318740845 
404209.4687500000 -107.1418380737 
405609.4375000000 -107.1676712036 
407014.2500000000 -107.2019500732 
408423.9062500000 -107.2294769287 
409838.4687500000 -107.2356262207 
411257.9375000000 -107.2155380249 
412682.3125000000 -107.1774291992 
414111.1562500000 -107.1371765137 
415545.4062500000 -107.1078186035 
416984.6250000000 -107.0917892456 
418428.8437500000 -107.0807495117 
419878.0625000000 -107.0624923706 
421332.2812500000 -107.0292816162 
422791.5312500000 -106.9821090698 
424255.8750000000 -106.9296417236 
425724.7812500000 -106.8844909668 
427199.2500000000 -106.8597717285 
428678.8437500000 -106.8625259399 
430163.5625000000 -106.8930435181 
431653.4062500000 -106.9458236694 
433148.4062500000 -107.0123901367 
434648.5937500000 -107.0839767456 
436154.0000000000 -107.1525802612 
437664.1250000000 -107.2119064331 
439179.9375000000 -107.2594985962 
440701.0312500000 -107.2976150513 
442227.3750000000 -107.3352966309 
443759.0000000000 -107.3574905396 
445295.9375000000 -107.3597946167 
446838.2187500000 -107.3319778442 
448385.8125000000 -107.2748641968 
449938.2812500000 -107.2013626099 
451496.6250000000 -107.1285018921 
453060.3437500000 -107.0700302124 
454629.5000000000 -107.0346069336 
456204.0937500000 -107.0262603760 
457784.1562500000 -107.0433044434 
459369.6562500000 -107.0771255493 
460960.6562500000 -107.1149673462 
462556.6562500000 -107.1466979980 
464158.7187500000 -107.1700897217 
465766.3125000000 -107.1896514893 
467379.4687500000 -107.2106323242 
468998.2187500000 -107.2344055176 
470622.5625000000 -107.2584762573 
472252.5625000000 -107.2860641479 
473888.1875000000 -107.2983169556 
475528.9375000000 -107.2938766479 
477175.9062500000 -107.2797927856 
478828.5937500000 -107.2567138672 
480487.0000000000 -107.2264709473 
482151.1250000000 -107.1935729980 
483821.0312500000 -107.1654663086 
485496.7500000000 -107.1493301392 
487178.2187500000 -107.1477279663 
488865.0000000000 -107.1567382813 
490558.1875000000 -107.1722259521 
492257.1875000000 -107.1767272949 
493962.1250000000 -107.1739578247 
495672.9375000000 -107.1735076904 
497389.6562500000 -107.1792602539 
499112.3437500000 -107.1901321411 
500841.0000000000 -107.2014999390 
502575.6562500000 -107.2097702026 
504315.7500000000 -107.2191925049 
506062.4062500000 -107.2352600098 
507815.1250000000 -107.2554016113 
509573.9375000000 -107.2844390869 
511338.8125000000 -107.3209915161 
513109.8125000000 -107.3576354980 
514886.9375000000 -107.3769683838 
516670.2500000000 -107.3345870972 
518459.1250000000 -107.2730331421 
520254.7812500000 -107.2080459595 
522056.6562500000 -107.1554641724 
523864.7812500000 -107.1222991943 
525679.1875000000 -107.1117172241 
527499.8125000000 -107.1373596191 
529326.8125000000 -107.1752700806 
531160.1250000000 -107.2233963013 
532999.1875000000 -107.2763366699 
534845.1875000000 -107.3503646851 
536697.6250000000 -107.3956069946 
538556.4375000000 -107.3896026611 
540421.6875000000 -107.3575286865 
542293.4375000000 -107.3049621582 
544171.6250000000 -107.2948303223 
546056.3125000000 -107.3218612671 
547947.0000000000 -107.3596878052 
549844.7500000000 -107.3937759399 
551749.1250000000 -107.4177703857 
553660.0625000000 -107.4069976807 
555577.6875000000 -107.3733978271 
557501.8750000000 -107.3203277588 
559432.7500000000 -107.2225112915 
561370.3125000000 -107.1449890137 
563314.0000000000 -107.1304321289 
565265.0000000000 -107.1633987427 
567222.7500000000 -107.2106094360 
569187.3125000000 -107.2260665894 
571158.6875000000 -107.2282867432 
573136.8750000000 -107.2331085205 
575121.8750000000 -107.2604522705 
577113.8125000000 -107.2960586548 
579112.0000000000 -107.3607864380 
581117.6875000000 -107.4113540649 
583130.3750000000 -107.4175491333 
585150.0000000000 -107.3819656372 
587176.6875000000 -107.3237304688 
589210.3125000000 -107.2810440063 
591251.0000000000 -107.2061538696 
593298.8125000000 -107.1196746826 
595353.0000000000 -107.0716400146 
597415.0000000000 -107.0608139038 
599484.1250000000 -107.1112136841 
601560.3750000000 -107.1491546631 
603643.8750000000 -107.1330947876 
605734.5625000000 -107.0407104492 
607832.5000000000 -106.9373168945 
609937.6875000000 -106.8844451904 
612049.5000000000 -106.8822174072 
614169.3125000000 -106.8898239136 
616296.4375000000 -106.8906555176 
618431.0000000000 -106.8964462280 
620572.8750000000 -106.9453277588 
622722.1875000000 -107.0397338867 
624879.0000000000 -107.1525650024 
627043.2500000000 -107.2328948975 
629214.2500000000 -107.2406158447 
631393.5000000000 -107.2126922607 
633580.3125000000 -107.1997604370 
635774.6875000000 -107.2160873413 
637976.6875000000 -107.2480087280 
640186.2500000000 -107.2487487793 
642403.5625000000 -107.2145767212 
644628.5000000000 -107.1727600098 
646861.1250000000 -107.1529083252 
649100.7500000000 -107.1663131714 
651348.8750000000 -107.2002868652 
653604.8125000000 -107.2618637085 
655868.5625000000 -107.3499450684 
658140.1250000000 -107.4391326904 
660419.5625000000 -107.4769897461 
662706.8750000000 -107.4331665039 
665002.1250000000 -107.3744125366 
667304.6250000000 -107.3519592285 
669615.8125000000 -107.3469314575 
671935.0000000000 -107.3292846680 
674262.1875000000 -107.2994384766 
676597.5000000000 -107.2617874146 
678940.8125000000 -107.2177429199 
681292.3125000000 -107.1666870117 
683651.9375000000 -107.1068420410 
686019.0000000000 -107.0355224609 
688395.0000000000 -106.9797821045 
690779.1875000000 -106.9806213379 
693171.6875000000 -107.0352554321 
695572.4375000000 -107.0723495483 
697981.5625000000 -107.0881500244 
700398.9375000000 -107.1016387939 
702824.7500000000 -107.1354751587 
705258.1875000000 -107.1894073486 
707700.8125000000 -107.2394638062 
710151.9375000000 -107.2706451416 
712611.5000000000 -107.2923889160 
715079.5625000000 -107.3391113281 
717556.2500000000 -107.3928680420 
720041.4375000000 -107.3873443604 
722535.3125000000 -107.3328857422 
725036.9375000000 -107.2667083740 
727548.0625000000 -107.2098846436 
730067.9375000000 -107.1492691040 
732596.5000000000 -107.1261749268 
735133.8125000000 -107.1416549683 
737679.8750000000 -107.1845092773 
740234.8125000000 -107.2125930786 
742798.5625000000 -107.2356109619 
745370.4375000000 -107.2512283325 
747952.0000000000 -107.2560577393 
750542.4375000000 -107.2580413818 
753141.9375000000 -107.2207260132 
755750.4375000000 -107.1170196533 
758367.9375000000 -107.0670471191 
760994.5000000000 -107.0962677002 
763630.1875000000 -107.1677093506 
766274.1250000000 -107.1790466309 
768928.0625000000 -107.1582412720 
771591.1875000000 -107.1483306885 
774263.5625000000 -107.1679687500 
776945.1875000000 -107.2270812988 
779636.1250000000 -107.2963714600 
782336.3750000000 -107.3777923584 
785045.9375000000 -107.4554061890 
787764.0625000000 -107.4667282104 
790492.4375000000 -107.4530792236 
793230.2500000000 -107.4209976196 
795977.5625000000 -107.3287582397 
798734.4375000000 -107.2498779297 
801500.8125000000 -107.2764434814 
804276.7500000000 -107.3181304932 
807062.3125000000 -107.2850112915 
809857.5625000000 -107.1924667358 
812661.5625000000 -107.0666275024 
815476.1875000000 -107.0223770142 
818300.5625000000 -107.0900115967 
821134.6875000000 -107.1960525513 
823978.6875000000 -107.2389602661 
826832.5000000000 -107.2257919312 
829696.1875000000 -107.1830749512 
832569.8125000000 -107.1765899658 
835452.4375000000 -107.1983566284 
838346.0000000000 -107.2188568115 
841249.5625000000 -107.2270584106 
844163.1875000000 -107.1772384644 
847086.9375000000 -107.1248016357 
850020.7500000000 -107.1918945313 
852964.7500000000 -107.3116455078 
855919.0000000000 -107.4305725098 
858882.4375000000 -107.5235214233 
861857.1875000000 -107.5115356445 
864842.1875000000 -107.4231491089 
867837.5000000000 -107.3420486450 
870843.2500000000 -107.3055114746 
873859.3750000000 -107.2966308594 
876885.9375000000 -107.3223419189 
879923.0000000000 -107.4066467285 
882969.5625000000 -107.5061187744 
886027.6875000000 -107.5032272339 
889096.4375000000 -107.3952026367 
892175.7500000000 -107.3375930786 
895265.7500000000 -107.4056777954 
898366.5000000000 -107.4731826782 
901477.9375000000 -107.4213409424 
904600.1875000000 -107.3432159424 
907732.1875000000 -107.3473358154 
910876.1250000000 -107.3683242798 
914030.8750000000 -107.2650833130 
917196.5625000000 -107.1214599609 
920373.2500000000 -107.0692977905 
923560.9375000000 -107.0941238403 
926759.6250000000 -107.1558685303 
929969.4375000000 -107.1854400635 
933189.3125000000 -107.1786422729 
936421.3750000000 -107.1831130981 
939664.6250000000 -107.2291870117 
942919.0625000000 -107.2725982666 
946184.8750000000 -107.2599868774 
949461.9375000000 -107.3116378784 
952750.3125000000 -107.4129028320 
956050.1250000000 -107.4453735352 
959360.3125000000 -107.3677368164 
962683.0000000000 -107.2473831177 
966017.2500000000 -107.1629028320 
969363.0000000000 -107.1367416382 
972720.3125000000 -107.1408309937 
976089.3125000000 -107.2079620361 
979469.9375000000 -107.2976150513 
982862.3125000000 -107.2832260132 
986265.3125000000 -107.2051773071 
989681.1875000000 -107.1610870361 
993108.9375000000 -107.2079010010 
996548.5000000000 -107.2734375000 
1000000.0000000000 -107.3070983887 
1003463.4375000000 -107.3502731323 
1006938.8750000000 -107.3941955566 
1010426.3750000000 -107.4245071411 
1013925.9375000000 -107.4495239258 
1017436.5000000000 -107.4570083618 
1020960.3750000000 -107.4552078247 
1024496.4375000000 -107.4431076050 
1028044.6875000000 -107.4243011475 
1031605.3125000000 -107.4033050537 
1035178.1875000000 -107.3849182129 
1038763.5000000000 -107.3694534302 
1042361.2500000000 -107.3600921631 
1045970.2500000000 -107.3563690186 
1049592.8750000000 -107.3559799194 
1053228.1250000000 -107.3610687256 
1056875.8750000000 -107.3670043945 
1060536.3750000000 -107.3743209839 
1064209.5000000000 -107.3794250488 
1067895.3750000000 -107.3830261230 
1071594.0000000000 -107.3770828247 
1075304.1250000000 -107.3671798706 
1079028.5000000000 -107.3491134644 
1082765.6250000000 -107.3287658691 
1086515.7500000000 -107.3073959351 
1090278.8750000000 -107.2940750122 
1094055.0000000000 -107.2856826782 
1097844.1250000000 -107.2845611572 
1101646.5000000000 -107.2860107422 
1105460.7500000000 -107.2860717773 
1109289.5000000000 -107.2773590088 
1113131.5000000000 -107.2594909668 
1116986.7500000000 -107.2353820801 
1120855.3750000000 -107.2079849243 
1124737.3750000000 -107.1874618530 
1128632.8750000000 -107.1758728027 
1132541.8750000000 -107.1867294312 
1136463.1250000000 -107.2072296143 
1140399.2500000000 -107.2417373657 
1144348.8750000000 -107.2804183960 
1148312.3750000000 -107.3188705444 
1152289.5000000000 -107.3515625000 
1156280.3750000000 -107.3766784668 
1160285.1250000000 -107.3975677490 
1164303.6250000000 -107.4147262573 
1168334.8750000000 -107.4363861084 
1172381.3750000000 -107.4620590210 
1176441.8750000000 -107.4977874756 
1180516.3750000000 -107.5339202881 
1184605.1250000000 -107.5677490234 
1188707.8750000000 -107.5841522217 
1192824.8750000000 -107.5790557861 
1196956.2500000000 -107.5576782227 
1201100.5000000000 -107.5142974854 
1205260.5000000000 -107.4702072144 
1209434.8750000000 -107.4311676025 
1213623.6250000000 -107.4106140137 
1217827.0000000000 -107.4128189087 
1222044.8750000000 -107.4259948730 
1226277.3750000000 -107.4479370117 
1230524.5000000000 -107.4598541260 
1234785.0000000000 -107.4602584839 
1239061.6250000000 -107.4476547241 
1243353.1250000000 -107.4197311401 
1247659.3750000000 -107.3922424316 
1251980.6250000000 -107.3675689697 
1256316.7500000000 -107.3546981812 
1260668.0000000000 -107.3564453125 
1265034.2500000000 -107.3663864136 
1269415.6250000000 -107.3828201294 
1273810.7500000000 -107.3895492554 
1278222.6250000000 -107.3815231323 
1282649.6250000000 -107.3600997925 
1287092.0000000000 -107.3264236450 
1291549.8750000000 -107.3026809692 
1296023.0000000000 -107.2951049805 
1300511.7500000000 -107.3062362671 
1305016.0000000000 -107.3380126953 
1309534.5000000000 -107.3684387207 
1314070.0000000000 -107.3899993896 
1318621.1250000000 -107.3978271484 
1323188.1250000000 -107.3877105713 
1327771.0000000000 -107.3786392212 
1332369.6250000000 -107.3791809082 
1336984.2500000000 -107.3959960938 
1341614.8750000000 -107.4395980835 
1346260.0000000000 -107.4908523560 
1350922.6250000000 -107.5361709595 
1355601.5000000000 -107.5657119751 
1360296.6250000000 -107.5631713867 
1365007.8750000000 -107.5349502563 
1369735.6250000000 -107.4964294434 
1374479.6250000000 -107.4562149048 
1379240.0000000000 -107.4240951538 
1384015.5000000000 -107.4106750488 
1388808.8750000000 -107.4076995850 
1393619.0000000000 -107.4104614258 
1398445.7500000000 -107.4148330688 
1403289.1250000000 -107.4179077148 
1408149.3750000000 -107.4261016846 
1413026.5000000000 -107.4459609985 
1417920.3750000000 -107.4798049927 
1422829.7500000000 -107.5268478394 
1427757.6250000000 -107.5804138184 
1432702.6250000000 -107.6241683960 
1437664.7500000000 -107.6537857056 
1442644.0000000000 -107.6723480225 
1447640.6250000000 -107.6863250732 
1452654.3750000000 -107.7047958374 
1457685.6250000000 -107.7332000732 
1462732.6250000000 -107.7564010620 
1467798.7500000000 -107.7598648071 
1472882.3750000000 -107.7346572876 
1477983.6250000000 -107.6798019409 
1483102.6250000000 -107.6055908203 
1488239.2500000000 -107.5376281738 
1493393.6250000000 -107.4924926758 
1498566.0000000000 -107.4744720459 
1503754.5000000000 -107.4819107056 
1508962.7500000000 -107.5074310303 
1514189.0000000000 -107.5384674072 
1519433.2500000000 -107.5562667847 
1524695.7500000000 -107.5474319458 
1529976.5000000000 -107.5220108032 
1535275.5000000000 -107.4949951172 
1540592.8750000000 -107.4790496826 
1545926.8750000000 -107.4800415039 
1551281.1250000000 -107.4957504272 
1556654.0000000000 -107.5184020996 
1562045.3750000000 -107.5378265381 
1567455.3750000000 -107.5445556641 
1572884.2500000000 -107.5312118530 
1578331.8750000000 -107.4910736084 
1583798.3750000000 -107.4222030640 
1589283.7500000000 -107.3309249878 
1594786.3750000000 -107.2323150635 
1600309.8750000000 -107.1467285156 
1605852.5000000000 -107.0942916870 
1611414.2500000000 -107.0894851685 
1616995.3750000000 -107.1397247314 
1622595.7500000000 -107.2249679565 
1628215.5000000000 -107.3140106201 
1633854.7500000000 -107.3751831055 
1639511.7500000000 -107.3914337158 
1645190.1250000000 -107.3688507080 
1650888.1250000000 -107.3333511353 
1656605.8750000000 -107.3185195923 
1662343.5000000000 -107.3505172729 
1668101.0000000000 -107.4354934692 
1673878.3750000000 -107.5540466309 
1679675.7500000000 -107.6674728394 
1685491.3750000000 -107.7367782593 
1691329.0000000000 -107.7441253662 
1697186.8750000000 -107.6993942261 
1703065.0000000000 -107.6277999878 
1708963.5000000000 -107.5525665283 
1714882.3750000000 -107.4867172241 
1720821.7500000000 -107.4351882935 
1726781.7500000000 -107.4050827026 
1732760.5000000000 -107.4086761475 
1738761.8750000000 -107.4549102783 
1744784.0000000000 -107.5366592407 
1750826.8750000000 -107.6294631958 
1756890.8750000000 -107.7081298828 
1762975.7500000000 -107.7638778687 
1769081.7500000000 -107.8056259155 
1775208.8750000000 -107.8197174072 
1781355.2500000000 -107.8069686890 
1787524.8750000000 -107.7707595825 
1793715.8750000000 -107.7301940918 
1799928.3750000000 -107.7059631348 
1806162.3750000000 -107.7061538696 
1812417.8750000000 -107.7264556885 
1818695.1250000000 -107.7594985962 
1824994.1250000000 -107.7985534668 
1831312.8750000000 -107.8311843872 
1837655.5000000000 -107.8357467651 
1844020.1250000000 -107.7943572998 
1850406.8750000000 -107.7127609253 
1856815.6250000000 -107.6219177246 
1863246.6250000000 -107.5552902222 
1869699.8750000000 -107.5243148804 
1876175.5000000000 -107.5144348145 
1882671.5000000000 -107.5056228638 
1889192.0000000000 -107.5045242310 
1895735.2500000000 -107.5561370850 
1902301.0000000000 -107.6117935181 
1908889.5000000000 -107.6412963867 
1915500.8750000000 -107.6300735474 
1922135.1250000000 -107.5992813110 
1928792.3750000000 -107.5804672241 
1935470.5000000000 -107.5865631104 
1942173.8750000000 -107.6068191528 
1948900.5000000000 -107.6206130981 
1955650.5000000000 -107.6143417358 
1962423.7500000000 -107.5781021118 
1969220.5000000000 -107.5535659790 
1976040.8750000000 -107.5584182739 
1982884.7500000000 -107.5742416382 
1989750.2500000000 -107.5966873169 
1996641.6250000000 -107.6266708374 
2003556.8750000000 -107.6643524170 
2010496.1250000000 -107.7067794800 
2017459.3750000000 -107.7858505249 
2024446.7500000000 -107.8975601196 
2031458.3750000000 -107.9806594849 
2038494.2500000000 -108.0295257568 
2045554.5000000000 -108.0112075806 
2052636.8750000000 -107.9291000366 
2059746.1250000000 -107.7934341431 
2066879.8750000000 -107.7522125244 
2074038.5000000000 -107.7921752930 
2081221.7500000000 -107.8425445557 
2088430.0000000000 -107.8705368042 
2095663.2500000000 -107.8680953979 
2102921.5000000000 -107.8488235474 
2110202.5000000000 -107.8745422363 
2117511.0000000000 -107.9401321411 
2124845.0000000000 -108.0229568481 
2132204.2500000000 -108.0877838135 
2139589.0000000000 -108.0995559692 
2146999.5000000000 -108.0428237915 
2154435.5000000000 -107.9807357788 
2161897.2500000000 -107.9147872925 
2169382.5000000000 -107.8718414307 
2176896.0000000000 -107.9374465942 
2184435.7500000000 -108.0338439941 
2192001.2500000000 -108.1217422485 
2199593.2500000000 -108.1941757202 
2207211.5000000000 -108.2502136230 
2214856.0000000000 -108.3137207031 
2222527.0000000000 -108.3999176025 
2230222.2500000000 -108.5241775513 
2237946.5000000000 -108.5858612061 
2245697.5000000000 -108.5687026978 
2253475.5000000000 -108.5213546753 
2261280.2500000000 -108.4552688599 
2269112.0000000000 -108.4456176758 
2276971.0000000000 -108.4735260010 
2284857.2500000000 -108.5032577515 
2292768.2500000000 -108.5459060669 
2300709.0000000000 -108.6312179565 
2308677.5000000000 -108.7384109497 
2316673.5000000000 -108.9628753662 
2324697.2500000000 -109.2176666260 
2332748.7500000000 -109.3693542480 
2340828.0000000000 -109.5297088623 
2348935.2500000000 -109.6540985107 
2357068.2500000000 -109.7428131104 
2365231.7500000000 -109.8805236816 
2373423.7500000000 -110.0036010742 
2381644.0000000000 -110.0963745117 
2389892.7500000000 -110.3178405762 
2398170.0000000000 -110.6174392700 
2406475.7500000000 -110.8222045898 
2414810.5000000000 -111.0637054443 
2423171.5000000000 -111.2691192627 
2431564.0000000000 -111.5569763184 
2439985.7500000000 -111.9212875366 
2448436.5000000000 -112.1396179199 
2456916.5000000000 -112.3895950317 
2465426.0000000000 -112.6536254883 
2473964.7500000000 -113.0125122070 
2482533.2500000000 -113.4280090332 
2491128.7500000000 -113.7127990723 
2499756.5000000000 -114.1139297485 
2508414.2500000000 -114.4744720459 
2517102.2500000000 -114.7938537598 
2525820.0000000000 -115.1225662231 
2534568.0000000000 -115.3697814941 
2543346.5000000000 -115.8207626343 
2552155.2500000000 -116.3350753784 
2560994.5000000000 -116.7856903076 
2569861.5000000000 -117.1841430664 
2578762.2500000000 -117.6589279175 
2587693.5000000000 -118.2273254395 
2596656.0000000000 -118.7646179199 
2605649.2500000000 -119.2524490356 
2614673.7500000000 -119.7615203857 
2623729.7500000000 -120.3737792969 
2632816.7500000000 -121.0646896362 
2641932.5000000000 -121.7799758911 
2651082.7500000000 -122.4971160889 
2660264.7500000000 -123.2449188232 
2669478.5000000000 -123.9382400513 
2678724.0000000000 -124.5889511108 
2688001.7500000000 -125.2376022339 
2697311.5000000000 -125.9688034058 
2706653.5000000000 -126.8013763428 
2716024.7500000000 -127.7393264771 
2725431.7500000000 -128.6918640137 
2734871.0000000000 -129.6744384766 
2744343.2500000000 -130.6984710693 
2753848.0000000000 -131.8162841797 
2763386.0000000000 -132.9086761475 
2772956.7500000000 -134.2860717773 
2782560.7500000000 -135.2576293945 
2792195.0000000000 -136.2283630371 
2801865.5000000000 -137.2783966064 
2811569.7500000000 -138.2841491699 
2821307.5000000000 -139.4883422852 
2831079.0000000000 -140.3444213867 
2840884.2500000000 -141.2546234131 
2850723.5000000000 -142.2145843506 
2860597.0000000000 -143.0048980713 
2870501.2500000000 -143.7294616699 
2880443.2500000000 -144.0771789551 
2890419.5000000000 -144.2824859619 
2900430.2500000000 -144.4235839844 
2910475.7500000000 -144.4835510254 
2920556.0000000000 -144.4855651855 
2930671.2500000000 -144.4139099121 
2940821.5000000000 -144.3189544678 
2951003.7500000000 -144.3188934326 
2961224.2500000000 -144.4302215576 
2971480.5000000000 -144.4802246094 
2981772.0000000000 -144.4652709961 
2992099.2500000000 -144.4568939209 
3002462.2500000000 -144.5513153076 
3012861.0000000000 -144.5694122314 
3023296.0000000000 -144.5767669678 
3033763.7500000000 -144.5719451904 
3044271.0000000000 -144.5551605225 
3054814.7500000000 -144.5285797119 
3065395.0000000000 -144.4963836670 
3076011.7500000000 -144.4640350342 
3086665.5000000000 -144.4373168945 
3097356.0000000000 -144.4165802002 
3108083.5000000000 -144.3997497559 
3118844.7500000000 -144.3838043213 
3129646.7500000000 -144.3663482666 
3140486.2500000000 -144.3468627930 
3151363.0000000000 -144.3273162842 
3162277.7500000000 -144.3119506836 
3173230.0000000000 -144.3068847656 
3184220.5000000000 -144.3170166016 
3195248.7500000000 -144.3429870605 
3206315.5000000000 -144.3836975098 
3217416.7500000000 -144.4360809326 
3228560.2500000000 -144.4957275391 
3239742.2500000000 -144.5572967529 
3250962.7500000000 -144.6150665283 
3262222.5000000000 -144.6634521484 
3273521.0000000000 -144.6975860596 
3284858.7500000000 -144.7144470215 
3296235.5000000000 -144.7139434814 
3307648.2500000000 -144.6995239258 
3319104.2500000000 -144.6792602539 
3330599.7500000000 -144.6615142822 
3342135.2500000000 -144.6524963379 
3353710.5000000000 -144.6550750732 
3365326.0000000000 -144.6688385010 
3376981.5000000000 -144.6912689209 
3388677.5000000000 -144.7193450928 
3400410.5000000000 -144.7506408691 
3412187.5000000000 -144.7834014893 
3424005.5000000000 -144.8157348633 
3435864.5000000000 -144.8449096680 
3447764.2500000000 -144.8672637939 
3459705.5000000000 -144.8790893555 
3471688.0000000000 -144.8782043457 
3483712.0000000000 -144.8650817871 
3495774.0000000000 -144.8429718018 
3507881.5000000000 -144.8164062500 
3520030.7500000000 -144.7890014648 
3532222.2500000000 -144.7716522217 
3544456.0000000000 -144.7440643311 
3556732.0000000000 -144.7137756348 
3569050.5000000000 -144.6803436279 
3581411.7500000000 -144.6473693848 
3593812.0000000000 -144.6219635010 
3606259.0000000000 -144.6117401123 
3618749.0000000000 -144.6214141846 
3631282.5000000000 -144.6506805420 
3643859.2500000000 -144.7194213867 
3656479.5000000000 -144.7923583984 
3669143.5000000000 -144.8310852051 
3681851.5000000000 -144.8574218750 
3694599.2500000000 -144.8718109131 
3707395.5000000000 -144.8775634766 
3720235.7500000000 -144.8784790039 
3733120.7500000000 -144.8764190674 
3746050.2500000000 -144.8699340820 
3759024.5000000000 -144.8549652100 
3772043.7500000000 -144.8274383545 
3785108.0000000000 -144.7866516113 
3798213.2500000000 -144.7369689941 
3811368.2500000000 -144.6871185303 
3824568.7500000000 -144.6468200684 
3837815.0000000000 -144.6232757568 
3851107.0000000000 -144.6241302490 
3864445.2500000000 -144.6494445801 
3877829.5000000000 -144.6696014404 
3891260.2500000000 -144.6827545166 
3904733.2500000000 -144.6842956543 
3918257.0000000000 -144.6731719971 
3931827.7500000000 -144.6516723633 
3945445.5000000000 -144.6244812012 
3959110.2500000000 -144.5971984863 
3972822.5000000000 -144.5682830811 
3986582.2500000000 -144.5584106445 
4000389.5000000000 -144.5649719238 
4014244.7500000000 -144.5792388916 
4028143.5000000000 -144.5986938477 
4042094.7500000000 -144.6212310791 
4056094.2500000000 -144.6452941895 
4070142.5000000000 -144.6811828613 
4084239.2500000000 -144.7132415771 
4098384.7500000000 -144.7292938232 
4112579.2500000000 -144.7392425537 
4126823.0000000000 -144.7409362793 
4141111.5000000000 -144.7320556641 
4155454.0000000000 -144.6957397461 
4169846.2500000000 -144.6451568604 
4184288.5000000000 -144.6155700684 
4198780.5000000000 -144.6013641357 
4213323.0000000000 -144.6086883545 
4227915.5000000000 -144.6371765137 
4242558.5000000000 -144.7033538818 
4257248.0000000000 -144.7680358887 
4271992.5000000000 -144.7986755371 
4286788.5000000000 -144.8185119629 
4301635.5000000000 -144.8295745850 
4316534.0000000000 -144.8292999268 
4331484.0000000000 -144.8065643311 
4346486.0000000000 -144.7736816406 
4361540.0000000000 -144.7301788330 
4376641.0000000000 -144.6575622559 
4391799.5000000000 -144.5894927979 
4407010.0000000000 -144.5508728027 
4422273.5000000000 -144.5195617676 
4437590.0000000000 -144.4976501465 
4452959.5000000000 -144.5138854980 
4468382.0000000000 -144.5544738770 
4483858.0000000000 -144.6135711670 
4499383.0000000000 -144.7164764404 
4514966.0000000000 -144.8078308105 
4530603.5000000000 -144.8466644287 
4546295.0000000000 -144.8624725342 
4562041.0000000000 -144.8432769775 
4577841.5000000000 -144.8181762695 
4593696.5000000000 -144.7923431396 
4609606.5000000000 -144.7602996826 
4625566.5000000000 -144.7367553711 
4641587.0000000000 -144.7286376953 
4657663.0000000000 -144.7383270264 
4673794.5000000000 -144.7760467529 
4689982.0000000000 -144.8150634766 
4706225.5000000000 -144.8658142090 
4722525.5000000000 -144.8838348389 
4738881.5000000000 -144.8691711426 
4755289.5000000000 -144.8313140869 
4771759.0000000000 -144.8095703125 
4788286.0000000000 -144.8192291260 
4804870.0000000000 -144.8609161377 
4821511.5000000000 -144.9003906250 
4838210.5000000000 -144.8939971924 
4854967.5000000000 -144.8381347656 
4871782.5000000000 -144.7742919922 
4888650.0000000000 -144.6621704102 
4905581.5000000000 -144.5544738770 
4922572.0000000000 -144.4955596924 
4939621.0000000000 -144.4343719482 
4956729.5000000000 -144.3996124268 
4973896.5000000000 -144.3950958252 
4991123.5000000000 -144.4149169922 
5008410.0000000000 -144.4432983398 
5025756.5000000000 -144.4995422363 
5043157.5000000000 -144.5583343506 
5060624.0000000000 -144.6066131592 
5078151.5000000000 -144.6409759521 
5095739.5000000000 -144.6562652588 
5113388.0000000000 -144.6580200195 
5131098.0000000000 -144.6493682861 
5148869.5000000000 -144.6394348145 
5166702.5000000000 -144.6365966797 
5184591.5000000000 -144.6481475830 
5202548.0000000000 -144.6829376221 
5220566.5000000000 -144.7440338135 
5238648.0000000000 -144.8065948486 
5256791.5000000000 -144.8342742920 
5274998.5000000000 -144.8206481934 
5293268.0000000000 -144.7810058594 
5311601.0000000000 -144.7574768066 
5329991.5000000000 -144.7836608887 
5348452.0000000000 -144.8458251953 
5366976.0000000000 -144.9182586670 
5385564.5000000000 -144.9706573486 
5404217.0000000000 -144.9851074219 
5422934.0000000000 -144.9689025879 
5441716.5000000000 -144.9455718994 
5460563.5000000000 -144.9232635498 
5479470.0000000000 -144.9075469971 
5498447.5000000000 -144.8999023438 
5517491.5000000000 -144.8875885010 
5536601.0000000000 -144.8487243652 
5555776.5000000000 -144.7843017578 
5575019.0000000000 -144.7096252441 
5594327.5000000000 -144.6450500488 
5613703.5000000000 -144.6407775879 
5633140.0000000000 -144.6748962402 
5652650.0000000000 -144.7235870361 
5672228.0000000000 -144.7741699219 
5691873.5000000000 -144.8421478271 
5711587.0000000000 -144.8993530273 
5731368.5000000000 -144.9607849121 
5751219.0000000000 -145.0160369873 
5771138.0000000000 -145.0498962402 
5791120.0000000000 -145.0588226318 
5811177.0000000000 -145.0416107178 
5831304.0000000000 -145.0046081543 
5851500.0000000000 -144.9305725098 
5871766.5000000000 -144.8613433838 
5892103.0000000000 -144.7911682129 
5912510.5000000000 -144.7151336670 
5932988.0000000000 -144.6807861328 
5953530.0000000000 -144.6808166504 
5974150.0000000000 -144.7341003418 
5994841.0000000000 -144.8002929688 
6015604.0000000000 -144.8529357910 
6036438.5000000000 -144.8626708984 
6057345.5000000000 -144.8118591309 
6078325.0000000000 -144.7622985840 
6099377.0000000000 -144.7183532715 
6120495.0000000000 -144.6811065674 
6141693.0000000000 -144.6792602539 
6162964.5000000000 -144.7058105469 
6184310.0000000000 -144.7596130371 
6205729.0000000000 -144.8041229248 
6227222.0000000000 -144.8113861084 
6248790.0000000000 -144.7891082764 
6270432.0000000000 -144.7559661865 
6292142.5000000000 -144.7332153320 
6313935.0000000000 -144.7448577881 
6335803.0000000000 -144.7573089600 
6357747.0000000000 -144.7628631592 
6379767.0000000000 -144.7871551514 
6401863.0000000000 -144.8562774658 
6424035.5000000000 -144.9276123047 
6446284.5000000000 -144.9411926270 
6468611.0000000000 -144.9030609131 
6491007.5000000000 -144.8140411377 
6513489.0000000000 -144.7351684570 
6536048.0000000000 -144.7229766846 
6558685.5000000000 -144.7879943848 
6581401.0000000000 -144.8853454590 
6604195.5000000000 -144.9523315430 
6627069.0000000000 -145.0029907227 
6650021.5000000000 -145.0411376953 
6673046.0000000000 -145.0315246582 
6696158.0000000000 -144.9741516113 
6719350.0000000000 -144.8929748535 
6742622.0000000000 -144.8227233887 
6765974.5000000000 -144.7844085693 
6789408.5000000000 -144.7684631348 
6812923.0000000000 -144.7510223389 
6836519.5000000000 -144.7317199707 
6860190.0000000000 -144.7309570313 
6883950.0000000000 -144.7526855469 
6907792.0000000000 -144.7931213379 
6931717.0000000000 -144.8179626465 
6955724.5000000000 -144.8275299072 
6979815.5000000000 -144.8387145996 
7003989.5000000000 -144.8525543213 
7028247.5000000000 -144.8654022217 
7052582.0000000000 -144.8693389893 
7077008.0000000000 -144.8595733643 
7101519.0000000000 -144.8524627686 
7126115.0000000000 -144.8490905762 
7150796.0000000000 -144.8237152100 
7175562.5000000000 -144.7797546387 
7200414.5000000000 -144.7578582764 
7225353.0000000000 -144.7924041748 
7250369.5000000000 -144.8754119873 
7275481.0000000000 -144.9528503418 
7300679.0000000000 -144.9574890137 
7325965.0000000000 -144.9606018066 
7351338.0000000000 -144.9921417236 
7376799.0000000000 -145.0249176025 
7402348.0000000000 -145.0430755615 
7427986.0000000000 -145.0526428223 
7453704.0000000000 -145.0565948486 
7479519.5000000000 -145.0590362549 
7505424.5000000000 -145.0556030273 
7531419.5000000000 -144.9955902100 
7557504.0000000000 -144.8884277344 
7583679.0000000000 -144.8178558350 
7609945.0000000000 -144.7730712891 
7636301.5000000000 -144.7668304443 
7662741.0000000000 -144.8355560303 
7689280.5000000000 -144.9635772705 
7715912.0000000000 -145.0525817871 
7742636.0000000000 -144.9790649414 
7769452.0000000000 -144.8670043945 
7796361.5000000000 -144.8074188232 
7823363.5000000000 -144.8137207031 
7850459.5000000000 -144.8407440186 
7877640.5000000000 -144.8477935791 
7904924.5000000000 -144.8498229980 
7932302.5000000000 -144.8457794189 
7959776.0000000000 -144.8292694092 
7987344.0000000000 -144.8320007324 
8015008.0000000000 -144.8492126465 
8042767.5000000000 -144.8456573486 
8070623.5000000000 -144.8389892578 
8098575.5000000000 -144.8562622070 
8126615.5000000000 -144.8754272461 
8154762.0000000000 -144.8913269043 
8183005.5000000000 -144.8889007568 
8211347.0000000000 -144.8488769531 
8239786.5000000000 -144.7904052734 
8268325.0000000000 -144.7752075195 
8296961.5000000000 -144.7821044922 
8325698.0000000000 -144.7860107422 
8354524.5000000000 -144.7943267822 
8383460.0000000000 -144.8095703125 
8412496.0000000000 -144.8507385254 
8441632.0000000000 -144.8974151611 
8470869.0000000000 -144.8813629150 
8500208.0000000000 -144.8303375244 
8529648.0000000000 -144.8126831055 
8559190.0000000000 -144.7660064697 
8588825.0000000000 -144.6818237305 
8618572.0000000000 -144.7111663818 
8648422.0000000000 -144.8490142822 
8678375.0000000000 -144.9204711914 
8708432.0000000000 -144.8833312988 
8738593.0000000000 -144.8254699707 
8768859.0000000000 -144.8114624023 
8799230.0000000000 -144.8802795410 
8829696.0000000000 -144.9691009521 
8860277.0000000000 -144.9685211182 
8890964.0000000000 -144.9316253662 
8921758.0000000000 -144.9708862305 
8952658.0000000000 -145.0676269531 
8983665.0000000000 -145.0964660645 
9014779.0000000000 -145.0053405762 
9046002.0000000000 -144.8984680176 
9077322.0000000000 -144.8808441162 
9108761.0000000000 -144.9079742432 
9140309.0000000000 -144.9015350342 
9171966.0000000000 -144.9062500000 
9203732.0000000000 -144.9594116211 
9235609.0000000000 -145.0242004395 
9267596.0000000000 -145.0593261719 
9299694.0000000000 -145.0124969482 
9331893.0000000000 -144.9205017090 
9364214.0000000000 -144.8521423340 
9396646.0000000000 -144.8239135742 
9429191.0000000000 -144.8894958496 
9461849.0000000000 -145.0339965820 
9494619.0000000000 -145.1315460205 
9527503.0000000000 -145.0736541748 
9560501.0000000000 -144.9774169922 
9593603.0000000000 -144.9247589111 
9626830.0000000000 -144.8820648193 
9660172.0000000000 -144.8060913086 
9693630.0000000000 -144.7361755371 
9727203.0000000000 -144.7052459717 
9760893.0000000000 -144.6885375977 
9794699.0000000000 -144.6532135010 
9828623.0000000000 -144.6745300293 
9862653.0000000000 -144.8312072754 
9896812.0000000000 -144.8906860352 
9931089.0000000000 -144.7485198975 
9965485.0000000000 -144.5647430420 
10000000.0000000000 -144.5434265137 
%Trace 4 
%Trace Mode VIEW 
%Trace Result PN 
%Smoothing OFF 
%Smoothing Value 1.0000000000 %
%Spurious Removal OFF 
%Spurious Removal Threshold 6.0000000000 dB
%Trace Offset OFF 
%Trace Offset 0.0000000000 dB
%Trace Label OFF 
%Trace Label Trace 4 
%x-Unit Hz 
%y-Unit dBc/Hz 
%Values 4663 
1.0000000000 -86.4611892700 
1.0034632683 -86.7122802734 
1.0069385767 -87.0071258545 
1.0104259253 -87.3019790649 
1.0139254332 -87.5968399048 
1.0174369812 -87.9001159668 
1.0209606886 -88.3556442261 
1.0244965553 -88.8111648560 
1.0280447006 -89.2666931152 
1.0316051245 -89.7222137451 
1.0351779461 -90.2446594238 
1.0387630463 -90.8179626465 
1.0423606634 -91.3912887573 
1.0459706783 -91.9645996094 
1.0495932102 -92.4804000854 
1.0532282591 -92.6753997803 
1.0568759441 -92.8703994751 
1.0605362654 -93.0653991699 
1.0642092228 -93.2603988647 
1.0678949356 -92.8194503784 
1.0715934038 -92.2219619751 
1.0753046274 -91.6244735718 
1.0790288448 -91.0269699097 
1.0827658176 -90.3578033447 
1.0865157843 -89.6217727661 
1.0902787447 -88.8857421875 
1.0940546989 -88.1497192383 
1.0978437662 -87.4608078003 
1.1016459465 -86.8845825195 
1.1054613590 -86.3083419800 
1.1092898846 -85.7321166992 
1.1131316423 -85.1796188354 
1.1169868708 -84.7818069458 
1.1208553314 -84.3839950562 
1.1247371435 -83.9861984253 
1.1286325455 -83.5933914185 
1.1325412989 -83.3614654541 
1.1364636421 -83.1295394897 
1.1403995752 -82.8976135254 
1.1443492174 -82.6656799316 
1.1483124495 -82.5866165161 
1.1522893906 -82.5099105835 
1.1562801600 -82.4331970215 
1.1602846384 -82.3564834595 
1.1643031836 -82.4222488403 
1.1683354378 -82.4887008667 
1.1723817587 -82.5551528931 
1.1764421463 -82.6288146973 
1.1805164814 -82.8154907227 
1.1846050024 -83.0021743774 
1.1887077093 -83.1888580322 
1.1928246021 -83.3879241943 
1.1969556808 -83.6444244385 
1.2011011839 -83.9009246826 
1.2052608728 -84.1574172974 
1.2094351053 -84.4036102295 
1.2136237621 -84.6303405762 
1.2178269625 -84.8570709229 
1.2220447063 -85.0838012695 
1.2262769938 -85.2190093994 
1.2305239439 -85.2838745117 
1.2347856760 -85.3487472534 
1.2390621901 -85.4136199951 
1.2433534861 -85.3110046387 
1.2476595640 -85.1748809814 
1.2519805431 -85.0387573242 
1.2563166618 -84.8888015747 
1.2606676817 -84.6596755981 
1.2650337219 -84.4305572510 
1.2694149017 -84.2014389038 
1.2738113403 -83.9833145142 
1.2782229185 -83.7757644653 
1.2826498747 -83.5682144165 
1.2870920897 -83.3606643677 
1.2915496826 -83.2252731323 
1.2960226536 -83.0963821411 
1.3005112410 -82.9674987793 
1.3050153255 -82.8748931885 
1.3095350266 -82.8445434570 
1.3140703440 -82.8142013550 
1.3186213970 -82.7838516235 
1.3231881857 -82.8356094360 
1.3277708292 -82.9004821777 
1.3323693275 -82.9653625488 
1.3369836807 -83.0564422607 
1.3416141272 -83.1871185303 
1.3462605476 -83.3177947998 
1.3509230614 -83.4484710693 
1.3556017876 -83.5853424072 
1.3602966070 -83.7223587036 
1.3650077581 -83.8593826294 
1.3697352409 -83.9629898071 
1.3744791746 -84.0436019897 
1.3792393208 -84.1242141724 
1.3840161562 -84.1882781982 
1.3888094425 -84.2023086548 
1.3936192989 -84.2163314819 
1.3984458447 -84.2303619385 
1.4032890797 -84.2241973877 
1.4081491232 -84.2168045044 
1.4130259752 -84.2094116211 
1.4179197550 -84.2199096680 
1.4228304625 -84.2390289307 
1.4277582169 -84.2581558228 
1.4327028990 -84.2997436523 
1.4376648664 -84.3696060181 
1.4426438808 -84.4394760132 
1.4476402998 -84.5236663818 
1.4526538849 -84.6515808105 
1.4576849937 -84.7795104980 
1.4627333879 -84.9123077393 
1.4677993059 -85.0972137451 
1.4728827477 -85.2821197510 
1.4779838324 -85.4670257568 
1.4831025600 -85.6833038330 
1.4882389307 -85.9009475708 
1.4933931828 -86.1185836792 
1.4985653162 -86.2847137451 
1.5037553310 -86.4428100586 
1.5089633465 -86.6009063721 
1.5141893625 -86.5856399536 
1.5194333792 -86.5282211304 
1.5246957541 -86.4707946777 
1.5299762487 -86.2209777832 
1.5352749825 -85.9155120850 
1.5405921936 -85.6100387573 
1.5459277630 -85.2420425415 
1.5512818098 -84.8562469482 
1.5566543341 -84.4704513550 
1.5620455742 -84.1527633667 
1.5674554110 -83.8508834839 
1.5728839636 -83.5490036011 
1.5783313513 -83.3829269409 
1.5837976933 -83.2362136841 
1.5892828703 -83.0894927979 
1.5947870016 -83.0986099243 
1.6003103256 -83.1128311157 
1.6058527231 -83.1383361816 
1.6114143133 -83.2775955200 
1.6169950962 -83.4168548584 
1.6225953102 -83.5699920654 
1.6282148361 -83.7669143677 
1.6338539124 -83.9638442993 
1.6395124197 -84.1525268555 
1.6451905966 -84.3297653198 
1.6508884430 -84.5070037842 
1.6566059589 -84.6453323364 
1.6623432636 -84.7602310181 
1.6681005955 -84.8751373291 
1.6738777161 -84.9521560669 
1.6796748638 -85.0228195190 
1.6854921579 -85.0935211182 
1.6913294792 -85.1645431519 
1.6971870661 -85.2355651855 
1.7030650377 -85.3158645630 
1.7089632750 -85.4101638794 
1.7148818970 -85.5044555664 
1.7208211422 -85.6066741943 
1.7267808914 -85.7121582031 
1.7327612638 -85.8168640137 
1.7387623787 -85.9038467407 
1.7447843552 -85.9908294678 
1.7508270741 -86.0619735718 
1.7568907738 -86.1094436646 
1.7629753351 -86.1569137573 
1.7690811157 -86.1693572998 
1.7752079964 -86.1721115112 
1.7813560963 -86.1650619507 
1.7875255346 -86.1159744263 
1.7937163115 -86.0668869019 
1.7999285460 -85.9721832275 
1.8061622381 -85.8492889404 
1.8124175072 -85.7199554443 
1.8186944723 -85.5045700073 
1.8249932528 -85.2891845703 
1.8313137293 -85.0345382690 
1.8376561403 -84.7469100952 
1.8440206051 -84.4589538574 
1.8504070044 -84.1632385254 
1.8568155766 -83.8675155640 
1.8632462025 -83.6065673828 
1.8696992397 -83.3733215332 
1.8761746883 -83.1493911743 
1.8826724291 -83.0143356323 
1.8891928196 -82.8792800903 
1.8957357407 -82.7923507690 
1.9023011923 -82.7308807373 
1.9088895321 -82.6657333374 
1.9155006409 -82.5884933472 
1.9221346378 -82.5112533569 
1.9287915230 -82.3389205933 
1.9354715347 -82.1475448608 
1.9421746731 -81.9052810669 
1.9489010572 -81.6014709473 
1.9556506872 -81.2977447510 
1.9624238014 -80.9948196411 
1.9692202806 -80.6918945313 
1.9760403633 -80.4825210571 
1.9828839302 -80.3044128418 
1.9897513390 -80.2109451294 
1.9966424704 -80.2314224243 
2.0035574436 -80.2788162231 
2.0104963779 -80.5208053589 
2.0174593925 -80.7627944946 
2.0244464874 -81.1718826294 
2.0314579010 -81.6139907837 
2.0384933949 -82.1291809082 
2.0455532074 -82.7003097534 
2.0526378155 -83.2740707397 
2.0597467422 -83.8534927368 
2.0668802261 -84.4236831665 
2.0740385056 -84.8905487061 
2.0812215805 -85.3574142456 
2.0884294510 -85.6989517212 
2.0956623554 -86.0210342407 
2.1029202938 -86.2844467163 
2.1102032661 -86.5184402466 
2.1175117493 -86.7325897217 
2.1248455048 -86.9254684448 
2.1322045326 -87.0969619751 
2.1395888329 -87.2222824097 
2.1469991207 -87.3228988647 
2.1544346809 -87.2993774414 
2.1618962288 -87.2697906494 
2.1693835258 -87.0531616211 
2.1768968105 -86.8365325928 
2.1844360828 -86.5039901733 
2.1920015812 -86.1603088379 
2.1995930672 -85.8092193604 
2.2072110176 -85.4563598633 
2.2148551941 -85.1557083130 
2.2225260735 -84.8753051758 
2.2302234173 -84.6638412476 
2.2379472256 -84.4899826050 
2.2456979752 -84.3870010376 
2.2534756660 -84.3336181641 
2.2612800598 -84.3533782959 
2.2691116333 -84.4343948364 
2.2769701481 -84.5939407349 
2.2848560810 -84.8276062012 
2.2927691936 -85.1475601196 
2.3007099628 -85.5542144775 
2.3086779118 -86.0475234985 
2.3166735172 -86.6284561157 
2.3246970177 -87.1960525513 
2.3327481747 -87.7507781982 
2.3408272266 -87.8089523315 
2.3489341736 -87.4354248047 
2.3570692539 -86.2773513794 
2.3652327061 -84.5369186401 
2.3734242916 -82.6431274414 
2.3816442490 -80.6577682495 
2.3898925781 -78.9095001221 
2.3981695175 -77.2669525146 
2.4064753056 -75.9588394165 
2.4148097038 -74.7508773804 
2.4231729507 -73.9138793945 
2.4315650463 -73.1370239258 
2.4399862289 -72.7647399902 
2.4484367371 -72.4403610229 
2.4569165707 -72.4949798584 
2.4654254913 -72.6333084106 
2.4739642143 -73.0916213989 
2.4825322628 -73.6834411621 
2.4911301136 -74.5262222290 
2.4997575283 -75.5327911377 
2.5084149837 -76.7037353516 
2.5171024799 -77.9992675781 
2.5258200169 -79.3582305908 
2.5345678329 -80.6688461304 
2.5433456898 -81.9636001587 
2.5521540642 -82.9980316162 
2.5609929562 -83.9788131714 
2.5698626041 -84.7718658447 
2.5787627697 -85.5165786743 
2.5876939297 -86.1975784302 
2.5966558456 -86.8092727661 
2.6056489944 -87.3838729858 
2.6146731377 -87.7651443481 
2.6237285137 -88.0849151611 
2.6328153610 -88.1523590088 
2.6419336796 -88.1363220215 
2.6510834694 -87.9819183350 
2.6602649689 -87.7545089722 
2.6694786549 -87.4858474731 
2.6787238121 -87.1685333252 
2.6880011559 -86.8445510864 
2.6973104477 -86.5124893188 
2.7066521645 -86.2098159790 
2.7160260677 -85.9378128052 
2.7254326344 -85.7776107788 
2.7348716259 -85.6668167114 
2.7443432808 -85.7258682251 
2.7538478374 -85.8610916138 
2.7633852959 -86.0974731445 
2.7729558945 -86.3993759155 
2.7825593948 -86.7139053345 
2.7921962738 -86.9620742798 
2.8018665314 -87.1112060547 
2.8115704060 -87.1425781250 
2.8213076591 -86.9964370728 
2.8310787678 -86.7948150635 
2.8408837318 -86.5243377686 
2.8507225513 -86.2815933228 
2.8605954647 -86.0599136353 
2.8705027103 -85.9416809082 
2.8804440498 -85.8584976196 
2.8904199600 -85.8306808472 
2.9004304409 -85.7958679199 
2.9104754925 -85.7347183228 
2.9205553532 -85.5604553223 
2.9306702614 -85.2695693970 
2.9408199787 -84.8975524902 
2.9510049820 -84.4261169434 
2.9612252712 -83.9892730713 
2.9714810848 -83.5910110474 
2.9817721844 -83.4007186890 
2.9920992851 -83.3474197388 
3.0024619102 -83.4894943237 
3.0128602982 -83.9184341431 
3.0232946873 -84.4926757813 
3.0337653160 -85.2650680542 
3.0442721844 -86.1502609253 
3.0548155308 -87.0359497070 
3.0653953552 -87.8536911011 
3.0760118961 -88.4582290649 
3.0866649151 -88.9312667847 
3.0973551273 -89.2256851196 
3.1080822945 -89.3840026855 
3.1188464165 -89.4498062134 
3.1296479702 -89.3922805786 
3.1404869556 -89.1224517822 
3.1513633728 -88.7322158813 
3.1622776985 -88.2101135254 
3.1732296944 -87.6345367432 
3.1842195988 -87.1080017090 
3.1952474117 -86.6459808350 
3.2063136101 -86.3701477051 
3.2174181938 -86.2008438110 
3.2285611629 -86.1149520874 
3.2397425175 -86.0929870605 
3.2509627342 -86.0435943604 
3.2622220516 -85.9605865479 
3.2735199928 -85.8296585083 
3.2848572731 -85.6882781982 
3.2962338924 -85.5854415894 
3.3076496124 -85.5327987671 
3.3191051483 -85.5777053833 
3.3306002617 -85.6926879883 
3.3421351910 -85.8460464478 
3.3537099361 -86.0251312256 
3.3653249741 -86.2018203735 
3.3769800663 -86.3759155273 
3.3886756897 -86.5581130981 
3.4004118443 -86.7666854858 
3.4121885300 -87.0508346558 
3.4240059853 -87.3861999512 
3.4358644485 -87.7460250854 
3.4477639198 -88.0725097656 
3.4597046375 -88.1533584595 
3.4716866016 -87.9628601074 
3.4837102890 -87.5125045776 
3.4957754612 -86.8358459473 
3.5078823566 -86.1640472412 
3.5200312138 -85.6358032227 
3.5322222710 -85.3029098511 
3.5444555283 -85.2091979980 
3.5567314625 -85.4405822754 
3.5690495968 -85.7957534790 
3.5814104080 -86.1495361328 
3.5938138962 -86.3737792969 
3.6062602997 -86.2408370972 
3.6187500954 -85.7946014404 
3.6312828064 -85.2582244873 
3.6438591480 -84.7579650879 
3.6564791203 -84.4103012085 
3.6691424847 -84.3637008667 
3.6818499565 -84.5725097656 
3.6946012974 -84.9388732910 
3.7073969841 -85.3363723755 
3.7202367783 -85.6003646851 
3.7331211567 -85.4405517578 
3.7460501194 -84.9339828491 
3.7590239048 -84.2976684570 
3.7720425129 -83.6805801392 
3.7851064205 -83.2042846680 
3.7982153893 -82.9584732056 
3.8113698959 -83.0204086304 
3.8245697021 -83.3343200684 
3.8378155231 -83.8663787842 
3.8511071205 -84.5471572876 
3.8644447327 -85.2664566040 
3.8778283596 -85.8516616821 
3.8912587166 -86.0520095825 
3.9047353268 -85.9121780396 
3.9182586670 -85.5541534424 
3.9318287373 -85.1194152832 
3.9454460144 -84.7304916382 
3.9591102600 -84.4619522095 
3.9728219509 -84.3445968628 
3.9865810871 -84.3610305786 
4.0003876686 -84.4742660522 
4.0142426491 -84.6811065674 
4.0281448364 -84.9901428223 
4.0420956612 -85.4061584473 
4.0560946465 -85.9050369263 
4.0701422691 -86.4035873413 
4.0842385292 -86.7105941772 
4.0983834267 -86.5984344482 
4.1125774384 -86.1161422729 
4.1268205643 -85.4419403076 
4.1411132813 -84.7606201172 
4.1554551125 -84.2048645020 
4.1698470116 -83.8520431519 
4.1842885017 -83.7488708496 
4.1987800598 -83.9336471558 
4.2133216858 -84.4428939819 
4.2279138565 -85.3011627197 
4.2425560951 -86.4942703247 
4.2572493553 -87.7854995728 
4.2719936371 -88.7730026245 
4.2867889404 -89.1369247437 
4.3016357422 -88.9984817505 
4.3165335655 -88.7424240112 
4.3314828873 -88.6819229126 
4.3464841843 -88.9049148560 
4.3615374565 -89.2676620483 
4.3766427040 -89.4679641724 
4.3918004036 -89.2616348267 
4.4070110321 -88.7079315186 
4.4222736359 -88.1133575439 
4.4375896454 -87.7354583740 
4.4529581070 -87.6521911621 
4.4683809280 -87.7758941650 
4.4838562012 -87.8861389160 
4.4993853569 -87.7328109741 
4.5149679184 -87.2463455200 
4.5306048393 -86.6021347046 
4.5462956429 -86.0138168335 
4.5620408058 -85.5626220703 
4.5778408051 -85.1894607544 
4.5936951637 -84.7835159302 
4.6096048355 -84.3131942749 
4.6255693436 -83.8550643921 
4.6415891647 -83.5409927368 
4.6576642990 -83.4347991943 
4.6737952232 -83.5029907227 
4.6899819374 -83.6552429199 
4.7062249184 -83.8320312500 
4.7225241661 -84.0627136230 
4.7388796806 -84.4253540039 
4.7552919388 -84.9547882080 
4.7717609406 -85.5758590698 
4.7882871628 -86.0613708496 
4.8048706055 -85.9790420532 
4.8215112686 -84.8109054565 
4.8382096291 -82.5859222412 
4.8549661636 -80.0140075684 
4.8717803955 -76.8092880249 
4.8886528015 -75.0667343140 
4.9055838585 -74.8252563477 
4.9225735664 -75.3259582520 
4.9396219254 -76.5423812866 
4.9567294121 -78.3817825317 
4.9738960266 -80.5924453735 
4.9911222458 -82.6769561768 
5.0084080696 -84.1445846558 
5.0257534981 -85.0467834473 
5.0431594849 -85.7954406738 
5.0606255531 -86.6333312988 
5.0781521797 -87.8436355591 
5.0957393646 -88.3788146973 
5.1133875847 -88.0626373291 
5.1310968399 -87.4878387451 
5.1488671303 -86.8784561157 
5.1666994095 -86.3559341431 
5.1845936775 -85.9936676025 
5.2025494576 -85.8389663696 
5.2205672264 -85.9558792114 
5.2386479378 -86.1040420532 
5.2567911148 -85.9603271484 
5.2749967575 -85.6074447632 
5.2932658195 -85.1987304688 
5.3115983009 -84.8924407959 
5.3299937248 -84.7456893921 
5.3484535217 -84.6517868042 
5.3669767380 -84.4376296997 
5.3855643272 -84.2635421753 
5.4042162895 -84.2327880859 
5.4229326248 -84.4063415527 
5.4417138100 -84.6997604370 
5.4605603218 -84.9703216553 
5.4794721603 -84.9636306763 
5.4984493256 -84.9536895752 
5.5174922943 -85.0548706055 
5.5366010666 -85.2497940063 
5.5557761192 -85.5714111328 
5.5750174522 -85.8856887817 
5.5943255424 -86.1744232178 
5.6137003899 -86.5832672119 
5.6331429482 -87.2403869629 
5.6526522636 -87.5044860840 
5.6722292900 -87.2582092285 
5.6918740273 -86.8696517944 
5.7115869522 -86.5460281372 
5.7313680649 -86.4046096802 
5.7512173653 -86.5246505737 
5.7711358070 -86.5962524414 
5.7911229134 -86.5050964355 
5.8111796379 -86.0238342285 
5.8313055038 -85.5386734009 
5.8515009880 -85.4523086548 
5.8717665672 -85.7476882935 
5.8921022415 -86.1067047119 
5.9125084877 -86.0229187012 
5.9329853058 -85.6007308960 
5.9535331726 -84.7217864990 
5.9741520882 -84.1140365601 
5.9948425293 -84.0628051758 
6.0156044960 -84.5625839233 
6.0364384651 -85.3892593384 
6.0573449135 -85.7618255615 
6.0783233643 -85.5989761353 
6.0993742943 -85.0281143188 
6.1204986572 -84.6594848633 
6.1416954994 -84.3874588013 
6.1629662514 -84.5317535400 
6.1843104362 -84.9592590332 
6.2057290077 -85.8971862793 
6.2272214890 -86.7793426514 
6.2487878799 -87.1782302856 
6.2704296112 -87.7975540161 
6.2921462059 -88.5371246338 
6.3139376640 -88.8180236816 
6.3358049393 -88.4691238403 
6.3577480316 -87.6732788086 
6.3797669411 -86.9600982666 
6.4018621445 -86.4926681519 
6.4240336418 -86.2528152466 
6.4462819099 -85.9322738647 
6.4686074257 -85.8240890503 
6.4910101891 -86.1984405518 
6.5134906769 -86.8570404053 
6.5360488892 -87.2586364746 
6.5586853027 -87.3704452515 
6.5814003944 -86.8837432861 
6.6041936874 -86.0716018677 
6.6270661354 -85.3917770386 
6.6500177383 -84.8610305786 
6.6730489731 -84.3864593506 
6.6961598396 -84.1359252930 
6.7193508148 -84.2990722656 
6.7426218987 -84.7093048096 
6.7659740448 -85.2869338989 
6.7894062996 -85.1956024170 
6.8129205704 -84.5893249512 
6.8365159035 -84.4810256958 
6.8601927757 -85.2740936279 
6.8839516640 -86.2606124878 
6.9077930450 -86.4544906616 
6.9317169189 -86.2115554810 
6.9557237625 -85.8546447754 
6.9798135757 -85.2151184082 
7.0039868355 -84.5454559326 
7.0282440186 -84.5124664307 
7.0525846481 -85.3877410889 
7.0770101547 -86.3081130981 
7.1015210152 -85.9995574951 
7.1261157990 -85.6275482178 
7.1507959366 -85.6176605225 
7.1755614281 -85.6040344238 
7.2004127502 -85.1468429565 
7.2253499031 -84.3786697388 
7.2503733635 -83.8078994751 
7.2754840851 -82.7130737305 
7.3006811142 -78.6344375610 
7.3259658813 -75.5081405640 
7.3513379097 -73.7392501831 
7.3767981529 -73.5009078979 
7.4023461342 -75.0483703613 
7.4279828072 -79.1758422852 
7.4537081718 -83.1628952026 
7.4795227051 -85.7400207520 
7.5054268837 -87.2622070313 
7.5314202309 -87.5124588013 
7.5575041771 -88.0003128052 
7.5836782455 -88.8777542114 
7.6099429131 -88.9668731689 
7.6362986565 -87.0569000244 
7.6627454758 -85.6446685791 
7.6892838478 -85.2195892334 
7.7159142494 -85.5455627441 
7.7426371574 -85.5816802979 
7.7694520950 -85.1980514526 
7.7963600159 -85.1286697388 
7.8233613968 -85.8114624023 
7.8504562378 -86.5467224121 
7.8776450157 -87.3227920532 
7.9049277306 -88.4052658081 
7.9323048592 -88.9203262329 
7.9597768784 -87.9488754272 
7.9873442650 -85.4203643799 
8.0150070190 -83.8997650146 
8.0427656174 -83.8444366455 
8.0706205368 -84.6295242310 
8.0985708237 -85.9086761475 
8.1266193390 -86.4286041260 
8.1547641754 -86.2443161011 
8.1830062866 -85.7000274658 
8.2113466263 -85.2306365967 
8.2397851944 -85.5064620972 
8.2683229446 -85.5145416260 
8.2969579697 -85.0780181885 
8.3256931305 -84.9733123779 
8.3545274734 -85.6794586182 
8.3834619522 -87.0301361084 
8.4124965668 -88.5791702271 
8.4416322708 -89.2851104736 
8.4708681107 -88.4634780884 
8.5002050400 -86.8372726440 
8.5296440125 -85.3295059204 
8.5591850281 -85.3245697021 
8.5888280869 -86.5933456421 
8.6185741425 -86.8691406250 
8.6484231949 -85.0240173340 
8.6783752441 -84.0987777710 
8.7084312439 -84.4762496948 
8.7385911942 -86.3159561157 
8.7688560486 -87.3406600952 
8.7992248535 -86.0573501587 
8.8296995163 -85.2092437744 
8.8602790833 -85.8027648926 
8.8909654617 -87.0967636108 
8.9217586517 -87.5262222290 
8.9526576996 -85.8564987183 
8.9836635590 -83.8072128296 
9.0147771835 -83.0368118286 
9.0459976196 -83.7814483643 
9.0773267746 -85.4980621338 
9.1087646484 -86.5678787231 
9.1403112411 -86.3900833130 
9.1719665527 -86.2626113892 
9.2037324905 -86.7902755737 
9.2356081009 -88.0703582764 
9.2675933838 -89.8396301270 
9.2996902466 -90.8553314209 
9.3318977356 -90.2471771240 
9.3642177582 -88.9040908813 
9.3966484070 -87.4325408936 
9.4291925430 -86.5227661133 
9.4618482590 -86.8237915039 
9.4946174622 -87.5815200806 
9.5275011063 -86.8102798462 
9.5604972839 -85.3118667603 
9.5936088562 -84.5355834961 
9.6268339157 -84.3751144409 
9.6601753235 -84.6098937988 
9.6936311722 -85.2700576782 
9.7272033691 -86.2004699707 
9.7608919144 -83.4167709351 
9.7946968079 -80.5835647583 
9.8286190033 -80.2321853638 
9.8626585007 -82.3334732056 
9.8968162537 -85.2045669556 
9.9310922623 -86.0394134521 
9.9654865265 -85.8743591309 
10.0000000000 -85.0408401489 
10.0346345901 -85.4226074219 
10.0693864822 -85.6423110962 
10.1042613983 -85.7894973755 
10.1392536163 -85.7721862793 
10.1743707657 -85.7278213501 
10.2096061707 -85.6551284790 
10.2449674606 -85.6043624878 
10.2804470062 -85.6192779541 
10.3160533905 -85.6906204224 
10.3517789841 -85.8283538818 
10.3876323700 -86.0151138306 
10.4236068726 -86.2249832153 
10.4597082138 -86.3795394897 
10.4959316254 -86.4993209839 
10.5322837830 -86.4555892944 
10.5687589645 -86.3400726318 
10.6053638458 -86.1187896729 
10.6420917511 -85.8842315674 
10.6789503098 -85.6430130005 
10.7159337997 -85.5200424194 
10.7530479431 -85.4427947998 
10.7902870178 -85.4981765747 
10.8276586533 -85.6192321777 
10.8651571274 -85.8015289307 
10.9027881622 -86.0299377441 
10.9405460358 -86.2701034546 
10.9784383774 -86.5213928223 
11.0164585114 -86.7620468140 
11.0546140671 -86.9901428223 
11.0928983688 -87.1437072754 
11.1313180923 -87.2583923340 
11.1698675156 -87.2482681274 
11.2085533142 -87.1975555420 
11.2473707199 -87.1037368774 
11.2863254547 -87.0384750366 
11.3254127502 -86.9985275269 
11.3646373749 -87.0313186646 
11.4039955139 -87.1053543091 
11.4434919357 -87.2073364258 
11.4831228256 -87.3282089233 
11.5228948593 -87.4453964233 
11.5628004074 -87.5561294556 
11.6028470993 -87.6416702271 
11.6430301666 -87.7080917358 
11.6833553314 -87.7262191772 
11.7238168716 -87.6925277710 
11.7644214630 -87.6223678589 
11.8051643372 -87.4625549316 
11.8460512161 -87.2549819946 
11.8870754242 -86.9997940063 
11.9282464981 -86.6686706543 
11.9695558548 -86.2916488647 
12.0110120773 -85.8535461426 
12.0526084900 -85.2744674683 
12.0943517685 -84.6417312622 
12.1362361908 -83.9467468262 
12.1782703400 -83.3641738892 
12.2204456329 -82.9180984497 
12.2627706528 -82.7148895264 
12.3052387238 -82.8770141602 
12.3478574753 -83.2441482544 
12.3906202316 -83.8703613281 
12.4335346222 -84.5963363647 
12.4765939713 -85.2497177124 
12.5198059082 -85.7341537476 
12.5631647110 -85.8435974121 
12.6066761017 -85.7953338623 
12.6503391266 -85.5970153809 
12.6941490173 -85.3576736450 
12.7381153107 -85.1615600586 
12.7822294235 -85.0175018311 
12.8264999390 -84.9961318970 
12.8709201813 -85.0218811035 
12.9154977798 -85.0689315796 
12.9602270126 -85.0921401978 
13.0051136017 -85.0775527954 
13.0501527786 -85.0725021362 
13.0953512192 -85.1018295288 
13.1407032013 -85.2824249268 
13.1862154007 -85.5549621582 
13.2318820953 -85.8977355957 
13.2777099609 -86.2550048828 
13.3236923218 -86.4787368774 
13.3698387146 -86.5765686035 
13.4161405563 -86.5397109985 
13.4626073837 -86.4351577759 
13.5092306137 -86.3882827759 
13.5560188293 -86.3999557495 
13.6029663086 -86.4793701172 
13.6500797272 -86.5492858887 
13.6973524094 -86.5620346069 
13.7447919846 -86.5133666992 
13.7923927307 -86.3973312378 
13.8401622772 -86.2409057617 
13.8880929947 -86.0794448853 
13.9361934662 -85.9248886108 
13.9844570160 -85.7924957275 
14.0328922272 -85.6919250488 
14.0814905167 -85.6046142578 
14.1302604675 -85.5371398926 
14.1791963577 -85.5001220703 
14.2283058167 -85.5784378052 
14.2775802612 -85.7599487305 
14.3270301819 -85.8838119507 
14.3766469955 -85.6905059814 
14.4264402390 -84.4644241333 
14.4764013290 -82.0944137573 
14.5265398026 -79.5617523193 
14.5768480301 -77.2593917847 
14.6273345947 -75.4787979126 
14.6779909134 -74.4855270386 
14.7288274765 -74.2374420166 
14.7798366547 -74.6714477539 
14.8310260773 -75.7988510132 
14.8823881149 -77.6250457764 
14.9339323044 -80.2464904785 
14.9856519699 -83.3197708130 
15.0375537872 -85.9633026123 
15.0896310806 -87.5549011230 
15.1418933868 -87.9035186768 
15.1943330765 -87.6058273315 
15.2469577789 -87.2142944336 
15.2997608185 -86.7856674194 
15.3527507782 -86.3526840210 
15.4059200287 -85.9797592163 
15.4592771530 -85.7400741577 
15.5128154755 -85.6827926636 
15.5665435791 -85.8093872070 
15.6204538345 -86.0170135498 
15.6745538712 -86.2699356079 
15.7288379669 -86.5369033813 
15.7833137512 -86.7779998779 
15.8379745483 -86.9454956055 
15.8928289413 -87.0130615234 
15.9478731155 -87.0652542114 
16.0031032562 -87.1796569824 
16.0585289001 -87.3142776489 
16.1141433716 -87.3765487671 
16.1699523926 -87.3053894043 
16.2259521484 -87.1207809448 
16.2821502686 -86.9180831909 
16.3385391235 -86.7926025391 
16.3951263428 -86.7930831909 
16.4519062042 -86.9049682617 
16.5088863373 -87.1273040771 
16.5660591125 -87.4536056519 
16.6234340668 -87.8375778198 
16.6810054779 -88.1563415527 
16.7387790680 -88.1956405640 
16.7967472076 -87.6498718262 
16.8549232483 -86.1583786011 
16.9132938385 -83.5701522827 
16.9718723297 -80.5388488770 
17.0306491852 -77.9342422485 
17.0896339417 -76.0985488892 
17.1488189697 -75.1581802368 
17.2082138062 -75.1587371826 
17.2678089142 -76.1119918823 
17.3276138306 -77.9839324951 
17.3876228333 -80.5963821411 
17.4478435516 -83.4258041382 
17.5082683563 -85.6484375000 
17.5689086914 -86.7808914185 
17.6297531128 -87.1089019775 
17.6908130646 -87.0796737671 
17.7520790100 -86.8701019287 
17.8135623932 -86.5521392822 
17.8752536774 -86.1930313110 
17.9371643066 -85.8813934326 
17.9992828369 -85.7150497437 
18.0616226196 -85.7534027100 
18.1241741180 -85.9837951660 
18.1869468689 -86.3393478394 
18.2499313354 -86.7543106079 
18.3131389618 -87.1812973022 
18.3765602112 -87.5163116455 
18.4402065277 -87.5717849731 
18.5040683746 -87.2342758179 
18.5681571960 -86.7129440308 
18.6324615479 -86.3364334106 
18.6969947815 -86.2494354248 
18.7617454529 -86.3483123779 
18.8267250061 -86.4186706543 
18.8919258118 -86.3872528076 
18.9573574066 -86.3849792480 
19.0230102539 -86.5294876099 
19.0888957977 -86.7882385254 
19.1550025940 -87.0613861084 
19.2213459015 -87.2673339844 
19.2879123688 -87.1195831299 
19.3547153473 -85.7747573853 
19.4217453003 -81.0797729492 
19.4890098572 -77.3136215210 
19.5565052032 -75.8516921997 
19.6242370605 -75.4779129028 
19.6921997070 -76.2010650635 
19.7604026794 -77.9827346802 
19.8288364410 -80.6296539307 
19.8975124359 -83.4710617065 
19.9664268494 -85.3421173096 
20.0355739594 -86.0769042969 
20.1049671173 -86.5048370361 
20.1745929718 -86.9433593750 
20.2444667816 -87.3102569580 
20.3145771027 -87.6359939575 
20.3849372864 -87.5751876831 
20.4555339813 -87.0834503174 
20.5263805389 -86.4522628784 
20.5974674225 -86.0199127197 
20.6688041687 -85.9767761230 
20.7403850555 -86.3396759033 
20.8122177124 -86.9919433594 
20.8842945099 -87.9645309448 
20.9566268921 -88.4589996338 
21.0292034149 -88.4245529175 
21.1020374298 -88.2663269043 
21.1751174927 -88.1287994385 
21.2484550476 -88.0942382813 
21.3220424652 -88.1022491455 
21.3958911896 -87.8652725220 
21.4699878693 -87.4519195557 
21.5443496704 -87.3112792969 
21.6189613342 -87.3592681885 
21.6938362122 -87.4368896484 
21.7689666748 -86.9902038574 
21.8443622589 -83.7249603271 
21.9200134277 -80.0036544800 
21.9959316254 -78.1605758667 
22.0721073151 -77.2745056152 
22.1485538483 -77.3982772827 
22.2252578735 -79.3698806763 
22.3022346497 -82.7626724243 
22.3794708252 -84.5563125610 
22.4569816589 -85.3176727295 
22.5347537994 -85.6258316040 
22.6128025055 -85.9373245239 
22.6911144257 -86.1305007935 
22.7697048187 -86.2506713867 
22.8485603333 -86.3304824829 
22.9276943207 -86.5765609741 
23.0070972443 -87.0877227783 
23.0867805481 -87.4606094360 
23.1667346954 -87.4968566895 
23.2469711304 -87.1953048706 
23.3274803162 -87.1742172241 
23.4082736969 -87.3487625122 
23.4893398285 -87.5331420898 
23.5706958771 -87.4773559570 
23.6523246765 -87.4406433105 
23.7342433929 -87.3639450073 
23.8164386749 -86.6084671021 
23.8989257813 -85.0548019409 
23.9816932678 -83.6426620483 
24.0647525787 -81.5766983032 
24.1480922699 -79.9667968750 
24.2317276001 -78.7697372437 
24.3156471252 -75.4076690674 
24.3998641968 -71.9775466919 
24.4843635559 -70.4013900757 
24.5691642761 -70.0708084106 
24.6542530060 -71.9375915527 
24.7396411896 -74.6468124390 
24.8253192902 -79.8955841064 
24.9113006592 -85.2227478027 
24.9975719452 -86.2014160156 
25.0841503143 -86.4413452148 
25.1710281372 -86.5304794312 
25.2581996918 -86.6071472168 
25.3456802368 -86.7884674072 
25.4334583282 -86.9232635498 
25.5215454102 -87.0619659424 
25.6099300385 -87.4282302856 
25.6986293793 -87.8623504639 
25.7876281738 -88.5652542114 
25.8769435883 -88.8336029053 
25.9665584564 -88.2432022095 
26.0564937592 -87.5089263916 
26.1467323303 -87.0977783203 
26.2372894287 -86.4972610474 
26.3281536102 -86.0196914673 
26.4193401337 -86.1284408569 
26.5108356476 -86.7017517090 
26.6026535034 -86.8740539551 
26.6947841644 -85.1215744019 
26.7872409821 -80.4154052734 
26.8800086975 -76.8412475586 
26.9731063843 -75.5471038818 
27.0665187836 -75.7688674927 
27.1602630615 -78.2224197388 
27.2543239594 -82.4357833862 
27.3487186432 -86.2567520142 
27.4434318542 -86.5952758789 
27.5384807587 -86.7473907471 
27.6338520050 -87.1451187134 
27.7295608521 -87.1468353271 
27.8255920410 -86.7117156982 
27.9219646454 -86.3050308228 
28.0186634064 -86.0819015503 
28.1157054901 -86.1284027100 
28.2130756378 -86.4521865845 
28.3107891083 -86.2732467651 
28.4088344574 -85.5860290527 
28.5072269440 -85.2167816162 
28.6059532166 -85.3442687988 
28.7050285339 -85.8349075317 
28.8044395447 -86.2655868530 
28.9042015076 -86.2624588013 
29.0043029785 -86.1449508667 
29.1047573090 -84.7499389648 
29.2055530548 -77.1035690308 
29.3067054749 -72.1992034912 
29.4081993103 -69.6279067993 
29.5100536346 -69.4500198364 
29.6122512817 -71.9802627563 
29.7148113251 -78.9257278442 
29.8177204132 -85.4898757935 
29.9209918976 -87.0738601685 
30.0246143341 -78.8207626343 
30.1286029816 -80.6606826782 
30.2329425812 -82.5637054443 
30.3376541138 -84.2355041504 
30.4427185059 -85.4537658691 
30.5481548309 -86.0736923218 
30.6539497375 -86.0303802490 
30.7601184845 -85.1428833008 
30.8666458130 -83.3020629883 
30.9735507965 -80.8640975952 
31.0808181763 -78.1877441406 
31.1884651184 -75.5788803101 
31.2964763641 -73.2331542969 
31.4048690796 -71.2475891113 
31.5136299133 -69.7042388916 
31.6227760315 -68.5396575928 
31.7322998047 -67.7536392212 
31.8421955109 -67.3462600708 
31.9524784088 -67.3191070557 
32.0631370544 -67.6760253906 
32.1741867065 -68.4235153198 
32.2856101990 -69.6223144531 
32.3974304199 -71.2464141846 
32.5096282959 -73.2839584351 
32.6222229004 -75.7159194946 
32.7351989746 -78.4596328735 
32.8485755920 -81.2962112427 
32.9623374939 -83.7943801880 
33.0764999390 -85.3073348999 
33.1910514832 -85.1582794189 
33.3060073853 -83.0109710693 
33.4213523865 -79.8817138672 
33.5371055603 -76.6433410645 
33.6532516479 -73.6851043701 
33.7698059082 -71.1531295776 
33.8867568970 -69.0867462158 
34.0041236877 -67.4879531860 
34.1218833923 -66.3503189087 
34.2400627136 -65.6675338745 
34.3586425781 -65.4371185303 
34.4776420593 -65.6610412598 
34.5970458984 -66.3461761475 
34.7168693542 -67.5045013428 
34.8371009827 -69.1694641113 
34.9577598572 -71.3562164307 
35.0788230896 -74.0583801270 
35.2003173828 -77.2332687378 
35.3222236633 -80.6598205566 
35.4445610046 -83.6537780762 
35.5673103333 -84.9346847534 
35.6904945374 -83.6743545532 
35.8140983582 -80.5769195557 
35.9381370544 -76.9200973511 
36.0625991821 -73.4897842407 
36.1875000000 -70.5558166504 
36.3128242493 -68.1760330200 
36.4385910034 -66.3483123779 
36.5647850037 -65.0598602295 
36.6914253235 -64.2996139526 
36.8184928894 -64.0615234375 
36.9460144043 -64.5824432373 
37.0739631653 -65.6333465576 
37.2023696899 -67.2269973755 
37.3312072754 -69.3809814453 
37.4605026245 -72.1111602783 
37.5902328491 -75.4079895020 
37.7204246521 -79.1537246704 
37.8510589600 -82.8639144897 
37.9821548462 -85.2042465210 
38.1136932373 -84.5684814453 
38.2456970215 -81.5291900635 
38.3781509399 -77.8436355591 
38.5110702515 -74.4173202515 
38.6444396973 -71.5136566162 
38.7782859802 -69.1815948486 
38.9125823975 -67.4142303467 
39.0473518372 -66.1945800781 
39.1825790405 -65.5081024170 
39.3182868958 -65.3459548950 
39.4544525146 -65.7058334351 
39.5911026001 -66.5920639038 
39.7282142639 -68.0153808594 
39.8658103943 -71.0800933838 
40.0038833618 -75.6444549561 
40.1424255371 -79.2209701538 
40.2814559937 -82.8651885986 
40.4209594727 -85.5615997314 
40.5609550476 -86.2425308228 
40.7014236450 -84.9339447021 
40.8423919678 -82.3379898071 
40.9838371277 -79.3163146973 
41.1257820129 -76.4720458984 
41.2682075500 -73.0139236450 
41.4111366272 -70.8045043945 
41.5545539856 -69.9652023315 
41.6984748840 -69.6454772949 
41.8428840637 -69.8423461914 
41.9878044128 -70.5571060181 
42.1332168579 -71.7945480347 
42.2791442871 -74.5524597168 
42.4255638123 -78.5894775391 
42.5725021362 -81.6030883789 
42.7199363708 -84.3835678101 
42.8678970337 -86.1852416992 
43.0163574219 -86.6271362305 
43.1653404236 -84.5874176025 
43.3148307800 -80.8948364258 
43.4648475647 -78.0702819824 
43.6153755188 -75.5736083984 
43.7664337158 -73.5487899780 
43.9180068970 -72.0373458862 
44.0701141357 -70.8021316528 
44.2227363586 -70.6118545532 
44.3759002686 -71.1677627563 
44.5295829773 -72.2432327271 
44.6838073730 -74.7747344971 
44.8385581970 -78.5597457886 
44.9938507080 -81.4707336426 
45.1496734619 -84.2444000244 
45.3060493469 -86.1379852295 
45.4629516602 -86.6677932739 
45.6204109192 -85.5410079956 
45.7784004211 -83.8029098511 
45.9369544983 -81.5853424072 
46.0960426331 -78.2109527588 
46.2556915283 -75.7472763062 
46.4158859253 -74.6419219971 
46.5766448975 -74.0296630859 
46.7379455566 -74.1037368774 
46.8998222351 -75.1818618774 
47.0622444153 -76.5501251221 
47.2252426147 -79.3262176514 
47.3887901306 -82.8538894653 
47.5529212952 -84.8417892456 
47.7176055908 -86.0435943604 
47.8828735352 -86.1128921509 
48.0486984253 -84.8421859741 
48.2151145935 -83.2996139526 
48.3820915222 -80.5185317993 
48.5496597290 -78.1364212036 
48.7177963257 -76.8775329590 
48.8865280151 -75.7614440918 
49.0558319092 -75.4949645996 
49.2257347107 -75.8798675537 
49.3962097168 -77.2039718628 
49.5672912598 -79.1838989258 
49.7389526367 -80.5764541626 
49.9112205505 -82.1377563477 
50.0840721130 -83.1565399170 
50.2575378418 -83.6748504639 
50.4316024780 -84.3022918701 
50.6062545776 -83.9950332642 
50.7815284729 -81.3971481323 
50.9573936462 -78.3619079590 
51.1338806152 -76.5340881348 
51.3109664917 -74.6566085815 
51.4886817932 -73.7990875244 
51.6669960022 -74.1449890137 
51.8459396362 -75.4940261841 
52.0254936218 -77.0248413086 
52.2056808472 -79.9689407349 
52.3864784241 -83.5382080078 
52.5679168701 -85.9252166748 
52.7499694824 -86.9016647339 
52.9326667786 -86.9048995972 
53.1159820557 -86.5587158203 
53.2999458313 -85.9043807983 
53.4845352173 -84.8098144531 
53.6697731018 -83.6642379761 
53.8556442261 -82.8901290894 
54.0421676636 -82.7059783936 
54.2293281555 -83.3068389893 
54.4171485901 -84.4436874390 
54.6056022644 -85.7653656006 
54.7947273254 -86.8755493164 
54.9844932556 -87.4266815186 
55.1749267578 -87.6153411865 
55.3660087585 -86.9002456665 
55.5577659607 -84.6595916748 
55.7501716614 -80.8302154541 
55.9432601929 -77.5875396729 
56.1370010376 -75.1841125488 
56.3314323425 -73.8632431030 
56.5265159607 -73.7515106201 
56.7222938538 -74.6414718628 
56.9187316895 -76.6628799438 
57.1158676147 -79.7212295532 
57.3136711121 -83.0357131958 
57.5121726990 -86.2155151367 
57.7113494873 -86.3955764771 
57.9112281799 -83.9212799072 
58.1117858887 -80.1108551025 
58.3130531311 -75.9411773682 
58.5150032043 -72.9522094727 
58.7176666260 -71.0464401245 
58.9210166931 -70.2833328247 
59.1250877380 -70.9794692993 
59.3298454285 -72.8874511719 
59.5353317261 -77.0914688110 
59.7415161133 -81.4386367798 
59.9484252930 -84.7848281860 
60.1560401917 -86.1774826050 
60.3643875122 -84.4540328979 
60.5734405518 -79.2688217163 
60.7832336426 -75.5115737915 
60.9937362671 -72.5427627563 
61.2049865723 -70.4696731567 
61.4169502258 -70.1711959839 
61.6296615601 -71.1269149780 
61.8430976868 -74.0885543823 
62.0572891235 -77.7682800293 
62.2722053528 -81.8709030151 
62.4878807068 -86.3709487915 
62.7042884827 -87.3910369873 
62.9214630127 -86.9129562378 
63.1393852234 -84.5501785278 
63.3580513000 -81.4639892578 
63.5774879456 -79.7604904175 
63.7976684570 -79.0258712769 
64.0186309814 -79.5267181396 
64.2403335571 -81.6503067017 
64.4628295898 -84.0001602173 
64.6860733032 -85.9149551392 
64.9101104736 -86.9099426270 
65.1349105835 -86.5785446167 
65.3604965210 -85.6866836548 
65.5868530273 -83.5658721924 
65.8140106201 -80.2141113281 
66.0419387817 -77.8615875244 
66.2706680298 -77.2247848511 
66.5001754761 -77.9150695801 
66.7304992676 -79.6767654419 
66.9616012573 -83.1440124512 
67.1935195923 -86.1656646729 
67.4262161255 -86.7036285400 
67.6597442627 -85.5892410278 
67.8940658569 -83.5132751465 
68.1292114258 -80.2460479736 
68.3651580811 -76.6618194580 
68.6019363403 -74.7617874146 
68.8395156860 -74.7672424316 
69.0779418945 -76.6694412231 
69.3171691895 -80.2375640869 
69.5572433472 -83.5041046143 
69.7981338501 -85.5825653076 
70.0398788452 -86.4226913452 
70.2824401855 -85.3841476440 
70.5258560181 -82.2109756470 
70.7701034546 -78.7700576782 
71.0152130127 -76.7130661011 
71.2611465454 -76.4601898193 
71.5079574585 -78.0422286987 
71.7555999756 -81.1956558228 
72.0041275024 -84.5539245605 
72.2534866333 -85.5782546997 
72.5037384033 -84.4341964722 
72.7548294067 -81.8069076538 
73.0068130493 -78.2896194458 
73.2596511841 -75.4187622070 
73.5133819580 -74.0785293579 
73.7679672241 -74.5247802734 
74.0234603882 -76.7897033691 
74.2798156738 -80.6376647949 
74.5370788574 -84.8134765625 
74.7952194214 -86.9301605225 
75.0542678833 -86.3247299194 
75.3141937256 -82.5739898682 
75.5750427246 -78.2229232788 
75.8367691040 -75.3933715820 
76.0994262695 -74.4781951904 
76.3629760742 -75.4918289185 
76.6274566650 -78.3474960327 
76.8928298950 -82.5022277832 
77.1591415405 -85.9339904785 
77.4263610840 -86.9715270996 
77.6945190430 -85.8562469482 
77.9635925293 -82.5510101318 
78.2336120605 -79.9897003174 
78.5045547485 -78.9157028198 
78.7764511108 -79.5735397339 
79.0492630005 -81.8065872192 
79.3230514526 -84.7821807861 
79.5977783203 -86.8354492188 
79.8734436035 -86.8672561646 
80.1500778198 -85.6269912720 
80.4276504517 -83.0373687744 
80.7062149048 -80.5038986206 
80.9857101440 -79.2885818481 
81.2662048340 -80.2130432129 
81.5476379395 -83.4013824463 
81.8300781250 -86.1232833862 
82.1134719849 -86.9947357178 
82.3978652954 -86.0967330933 
82.6832275391 -82.6597671509 
82.9695968628 -78.8685226440 
83.2569351196 -76.3186340332 
83.5452880859 -75.7729110718 
83.8346252441 -77.9814529419 
84.1249771118 -81.6448287964 
84.4163208008 -85.4897308350 
84.7086944580 -85.8882827759 
85.0020523071 -84.8914566040 
85.2964553833 -82.6001815796 
85.5918502808 -79.2695007324 
85.8882904053 -77.8372573853 
86.1857376099 -78.6383361816 
86.4842376709 -81.7206954956 
86.7837524414 -85.3469390869 
87.0843200684 -86.3548812866 
87.3859100342 -86.4055938721 
87.6885681152 -86.0706787109 
87.9922485352 -84.9695281982 
88.2970046997 -84.1386489868 
88.6027908325 -84.5576248169 
88.9096679688 -85.6871032715 
89.2175750732 -86.2996673584 
89.5265808105 -86.4670257568 
89.8366241455 -86.4199981689 
90.1477661133 -85.9917526245 
90.4599685669 -85.2494201660 
90.7732696533 -84.9558181763 
91.0876312256 -85.4504699707 
91.4031143188 -86.2252807617 
91.7196578979 -86.6951141357 
92.0373229980 -86.9263458252 
92.3560638428 -86.6762619019 
92.6759338379 -84.7454147339 
92.9968872070 -82.5162658691 
93.3189773560 -81.9535446167 
93.6421585083 -83.3158645630 
93.9664840698 -85.5678176880 
94.2919082642 -86.7846603394 
94.6184844971 -86.6333312988 
94.9461669922 -84.8524780273 
95.2750091553 -80.8891601563 
95.6049652100 -78.0492858887 
95.9360885620 -78.3752822876 
96.2683258057 -81.2037734985 
96.6017532349 -85.4735336304 
96.9363021851 -86.9996414185 
97.2720336914 -86.4978256226 
97.6089019775 -84.2849426270 
97.9469680786 -81.7541122437 
98.2861785889 -81.1783981323 
98.6265869141 -83.0849990845 
98.9681472778 -85.5506362915 
99.3109207153 -85.8556823730 
99.6548461914 -84.7583312988 
100.0000000000 -83.7271499634 
100.3463439941 -83.6915130615 
100.6938934326 -83.6004638672 
101.0425872803 -83.3741302490 
101.3925399780 -83.0767517090 
101.7437057495 -82.7130661011 
102.0960922241 -82.3205947876 
102.4496383667 -81.9870986938 
102.8044738770 -81.7206420898 
103.1605300903 -81.5933227539 
103.5178222656 -81.5814132690 
103.8762969971 -81.6344070435 
104.2360610962 -81.7407226563 
104.5970840454 -81.8564453125 
104.9593505859 -81.9807510376 
105.3228149414 -82.1207809448 
105.6875915527 -82.3328552246 
106.0536346436 -82.6362228394 
106.4209518433 -83.0113754272 
106.7894744873 -83.4586868286 
107.1593322754 -83.9226531982 
107.5304794312 -84.3431243896 
107.9029006958 -84.7054367065 
108.2765579224 -84.9708404541 
108.6515731812 -85.1442642212 
109.0278854370 -85.2604064941 
109.4054946899 -85.3285827637 
109.7843551636 -85.3598937988 
110.1645889282 -85.4018478394 
110.5461349487 -85.4763870239 
110.9290084839 -85.5965881348 
111.3131484985 -85.7868347168 
111.6986770630 -86.0139007568 
112.0855407715 -86.2395706177 
112.4737396240 -86.4386672974 
112.8632278442 -86.5638656616 
113.2541198730 -86.5775299072 
113.6463699341 -86.5020904541 
114.0399856567 -86.3463287354 
114.4348907471 -86.1230926514 
114.8312301636 -85.8452911377 
115.2289428711 -85.5364074707 
115.6280364990 -85.1937255859 
116.0284423828 -84.8180541992 
116.4303054810 -84.4162368774 
116.8335571289 -84.0475234985 
117.2382049561 -83.7595214844 
117.6441879272 -83.5793304443 
118.0516433716 -83.5218963623 
118.4605102539 -83.5910797119 
118.8707885742 -83.7222290039 
119.2824249268 -83.8663177490 
119.6955566406 -84.0174713135 
120.1101150513 -84.1871185303 
120.5261154175 -84.4113922119 
120.9434814453 -84.7326431274 
121.3623657227 -85.1078567505 
121.7826995850 -85.4870452881 
122.2044906616 -85.8163146973 
122.6276702881 -86.0464706421 
123.0523834229 -86.1363372803 
123.4785690308 -86.0951309204 
123.9062347412 -85.9761886597 
124.3353118896 -85.8235778809 
124.7659378052 -85.6842498779 
125.1980590820 -85.6003799438 
125.6316757202 -85.5990829468 
126.0667953491 -85.6879730225 
126.5033569336 -85.8143310547 
126.9414901733 -85.9492492676 
127.3811492920 -86.0787048340 
127.8223266602 -86.2008209229 
128.2649688721 -86.3187866211 
128.7091979980 -86.4300842285 
129.1549835205 -86.5133590698 
129.6023101807 -86.5388641357 
130.0511016846 -86.4915313721 
130.5015258789 -86.3672790527 
130.9535217285 -86.1790161133 
131.4070739746 -85.9578399658 
131.8621215820 -85.7467575073 
132.3188171387 -85.5858001709 
132.7770996094 -85.4921493530 
133.2369689941 -85.4464187622 
133.6983489990 -85.4006500244 
134.1614074707 -85.3409042358 
134.6260681152 -85.2998886108 
135.0923461914 -85.3278121948 
135.5601501465 -85.4573364258 
136.0296630859 -85.6823730469 
136.5007934570 -85.9582519531 
136.9735565186 -86.2197418213 
137.4478759766 -86.4046859741 
137.9239349365 -86.4711380005 
138.4016265869 -86.4037857056 
138.8809661865 -86.2141189575 
139.3618927002 -85.9265365601 
139.8445739746 -85.5438308716 
140.3289184570 -85.0578689575 
140.8149414063 -84.4897155762 
141.3025665283 -83.9316482544 
141.7919616699 -83.5146789551 
142.2830505371 -83.3456954956 
142.7758483887 -83.4613265991 
143.2702636719 -83.8086013794 
143.7664794922 -84.2555160522 
144.2644042969 -84.6500091553 
144.7640533447 -84.9109344482 
145.2653656006 -85.0649185181 
145.7684783936 -85.1908645630 
146.2733459473 -85.3425903320 
146.7799530029 -85.5167617798 
147.2882385254 -85.7165145874 
147.7983703613 -85.7306747437 
148.3102569580 -85.6326980591 
148.8239288330 -85.4850692749 
149.3392791748 -85.3673782349 
149.8565216064 -85.3190765381 
150.3755340576 -85.3229751587 
150.8963623047 -85.3389587402 
151.4188995361 -85.3552246094 
151.9433288574 -85.4020538330 
152.4695739746 -85.5133972168 
152.9976501465 -85.6825332642 
153.5274658203 -85.8556518555 
154.0592041016 -85.9627685547 
154.5927734375 -85.9529647827 
155.1282043457 -85.8101501465 
155.6653900146 -85.5609741211 
156.2045288086 -85.2792510986 
156.7455444336 -85.0630340576 
157.2884216309 -84.9865417480 
157.8330993652 -85.0635604858 
158.3797454834 -85.2477340698 
158.9282836914 -85.5782623291 
159.4787292480 -85.8987808228 
160.0310668945 -86.0992050171 
160.5852508545 -86.2620239258 
161.1414337158 -86.3432846069 
161.6995391846 -86.3172836304 
162.2595672607 -86.1897888184 
162.8214569092 -85.9890441895 
163.3853912354 -85.7613449097 
163.9512634277 -85.5662384033 
164.5191040039 -85.4322967529 
165.0888214111 -85.4099197388 
165.6605987549 -85.3925018311 
166.2343444824 -85.3820800781 
166.8100891113 -85.4606704712 
167.3877410889 -85.7011032104 
167.9674835205 -86.0981674194 
168.5492248535 -86.5480346680 
169.1329956055 -86.9683609009 
169.7186889648 -87.0159225464 
170.3064880371 -86.9221725464 
170.8963470459 -86.8543319702 
171.4882354736 -86.8549804688 
172.0820770264 -86.9210433960 
172.6780853271 -87.0603332520 
173.2761383057 -87.1342926025 
173.8762817383 -87.1144027710 
174.4783935547 -87.0782165527 
175.0826873779 -87.0710678101 
175.6890869141 -87.1456832886 
176.2975769043 -87.2283477783 
176.9080810547 -87.2275390625 
177.5207824707 -87.1813659668 
178.1356201172 -87.1139678955 
178.7525939941 -86.9965209961 
179.3715972900 -86.8488159180 
179.9928436279 -86.7321853638 
180.6162414551 -86.6249923706 
181.2417907715 -86.5449142456 
181.8694152832 -86.4775466919 
182.4993133545 -86.4403991699 
183.1313934326 -86.4334030151 
183.7656555176 -86.4446182251 
184.4020233154 -86.4649276733 
185.0406799316 -86.4309082031 
185.6815643311 -86.3741149902 
186.3246612549 -86.3422241211 
186.9698944092 -86.4351196289 
187.6174468994 -86.6455764771 
188.2672576904 -86.7915039063 
188.9193115234 -86.9295425415 
189.5735168457 -86.9714813232 
190.2301025391 -86.9204406738 
190.8889465332 -86.8035964966 
191.5500793457 -86.5485610962 
192.2134094238 -86.2902526855 
192.8791351318 -86.1498718262 
193.5471496582 -86.0378341675 
194.2174987793 -86.0463180542 
194.8900604248 -86.1121749878 
195.5650482178 -86.2274780273 
196.2423706055 -86.3423385620 
196.9220581055 -86.4235458374 
197.6039733887 -86.5022811890 
198.2883758545 -86.4860229492 
198.9751281738 -86.4342269897 
199.6642761230 -86.4038009644 
200.3558044434 -86.4471130371 
201.0496063232 -86.4922637939 
201.7459411621 -86.5035171509 
202.4446716309 -86.4336547852 
203.1458282471 -86.3170318604 
203.8493041992 -86.2317276001 
204.5553283691 -86.2052688599 
205.2637939453 -86.1928405762 
205.9747161865 -86.2272033691 
206.6879882813 -86.3744201660 
207.4038391113 -86.6033706665 
208.1221771240 -86.7823486328 
208.8430023193 -87.0593643188 
209.5662078857 -87.2987136841 
210.2920227051 -87.3580322266 
211.0203704834 -87.2551269531 
211.7512207031 -87.0860214233 
212.4844970703 -86.9390640259 
213.2204284668 -86.8557891846 
213.9589080811 -86.7507858276 
214.6999511719 -86.6697006226 
215.4434356689 -86.6218414307 
216.1896057129 -86.6153869629 
216.9383697510 -86.6384506226 
217.6897277832 -86.5935211182 
218.4435577393 -86.3639068604 
219.2001342773 -86.0467681885 
219.9593200684 -85.8388519287 
220.7211456299 -85.8697052002 
221.4854736328 -86.1961212158 
222.2525787354 -86.6176757813 
223.0223388672 -86.9234542847 
223.7947692871 -87.0748977661 
224.5697479248 -87.0895843506 
225.3475341797 -87.0558395386 
226.1280212402 -87.0117797852 
226.9112091064 -86.9559249878 
227.6969757080 -86.8563308716 
228.4855957031 -86.7542266846 
229.2769470215 -86.7383651733 
230.0710296631 -86.8365554810 
230.8677520752 -86.8867034912 
231.6673431396 -86.8152923584 
232.4697113037 -86.7214813232 
233.2748718262 -86.7752838135 
234.0826721191 -87.0695724487 
234.8934020996 -87.2692260742 
235.7069549561 -87.2658386230 
236.5233154297 -87.1431655884 
237.3423614502 -86.9609527588 
238.1643981934 -86.7137298584 
238.9892578125 -86.6131286621 
239.8169860840 -86.6580886841 
240.6474609375 -86.7527313232 
241.4809265137 -86.7995605469 
242.3172912598 -86.8367919922 
243.1565399170 -86.9332962036 
243.9985656738 -87.0634384155 
244.8436431885 -87.0783081055 
245.6916503906 -86.9417724609 
246.5425872803 -86.7579269409 
247.3963470459 -86.5598602295 
248.2531890869 -86.4902801514 
249.1130065918 -86.4949493408 
249.9757995605 -86.4833145142 
250.8414306641 -86.4506530762 
251.7102203369 -86.5073394775 
252.5820007324 -86.6740036011 
253.4568023682 -86.9313278198 
254.3346405029 -87.0577087402 
255.2153778076 -87.0632934570 
256.0993041992 -86.9347076416 
256.9862976074 -86.7146377563 
257.8763427734 -86.5578231812 
258.7693481445 -86.5166168213 
259.6655883789 -86.7123794556 
260.5649414063 -87.1159744263 
261.4673767090 -87.4128417969 
262.3728332520 -87.5884552002 
263.2815246582 -87.5919876099 
264.1933898926 -87.3335723877 
265.1084289551 -87.0488281250 
266.0264587402 -86.9715805054 
266.9478454590 -87.0265274048 
267.8724060059 -87.1371154785 
268.8001708984 -87.2007064819 
269.7309875488 -87.1750411987 
270.6651916504 -87.1084823608 
271.6026306152 -87.1029205322 
272.5433044434 -87.1357269287 
273.4870910645 -87.1139984131 
274.4343261719 -87.0140686035 
275.3847961426 -87.0167922974 
276.3385925293 -87.1135177612 
277.2955322266 -87.0640487671 
278.2559204102 -86.7607803345 
279.2196350098 -86.4588241577 
280.1867065430 -86.2695541382 
281.1569824219 -86.3784866333 
282.1307373047 -86.8249359131 
283.1079101563 -87.1532897949 
284.0884399414 -87.1116485596 
285.0722045898 -86.9468002319 
286.0595397949 -86.8916397095 
287.0502929688 -86.9055480957 
288.0444641113 -86.8004913330 
289.0419311523 -86.5981826782 
290.0430297852 -86.5397033691 
291.0475769043 -86.7029113770 
292.0556030273 -86.9262161255 
293.0669555664 -87.0415420532 
294.0820007324 -87.1251525879 
295.1005249023 -87.3787002563 
296.1225891113 -87.7704849243 
297.1480407715 -87.9370727539 
298.1771850586 -87.7115936279 
299.2099304199 -87.3452224731 
300.2462158203 -87.2108230591 
301.2859497070 -87.1580810547 
302.3294372559 -87.1199340820 
303.3765258789 -87.0951995850 
304.4272766113 -87.1061935425 
305.4814758301 -87.1299667358 
306.5394897461 -87.1754608154 
307.6011657715 -87.2270660400 
308.6665344238 -87.2800292969 
309.7354125977 -87.3192596436 
310.8081665039 -87.3432922363 
311.8846435547 -87.3526458740 
312.9648437500 -87.3376159668 
314.0486145020 -87.3181533813 
315.1362915039 -87.2940368652 
316.2277526855 -87.2776870728 
317.3229980469 -87.2654953003 
318.4220275879 -87.2599792480 
319.5247192383 -87.2484054565 
320.6313781738 -87.2298507690 
321.7418518066 -87.1902770996 
322.8562011719 -87.1341781616 
323.9742126465 -87.0682678223 
325.0962829590 -86.9958801270 
326.2222290039 -86.9331130981 
327.3520812988 -86.8800048828 
328.4856872559 -86.8549346924 
329.6233825684 -86.8536224365 
330.7650146484 -86.8712005615 
331.9106140137 -86.9177780151 
333.0599670410 -86.9769592285 
334.2135314941 -87.0423202515 
335.3710632324 -87.1061325073 
336.5325927734 -87.1556930542 
337.6979675293 -87.1932449341 
338.8675842285 -87.2127151489 
340.0412292480 -87.2180175781 
341.2189331055 -87.2172851563 
342.4005432129 -87.2118148804 
343.5864257813 -87.2047958374 
344.7764282227 -87.1986312866 
345.9705505371 -87.1939315796 
347.1686096191 -87.1947937012 
348.3710327148 -87.2016067505 
349.5775756836 -87.2125473022 
350.7883300781 -87.2269210815 
352.0030822754 -87.2339782715 
353.2222290039 -87.2286834717 
354.4455871582 -87.2084045410 
355.6731872559 -87.1620864868 
356.9048461914 -87.1057281494 
358.1409912109 -87.0490951538 
359.3813781738 -87.0006103516 
360.6260986328 -86.9852142334 
361.8749084473 -86.9943237305 
363.1282348633 -87.0244064331 
364.3859252930 -87.0715255737 
365.6479492188 -87.1164169312 
366.9141540527 -87.1499252319 
368.1849365234 -87.1696014404 
369.4601440430 -87.1717834473 
370.7397460938 -87.1602249146 
372.0235900879 -87.1424484253 
373.3120727539 -87.1208267212 
374.6050109863 -87.0980911255 
375.9024353027 -87.0816574097 
377.2041625977 -87.0759582520 
378.5105895996 -87.0837249756 
379.8215332031 -87.1072311401 
381.1370239258 -87.1494445801 
382.4568786621 -87.1958770752 
383.7814941406 -87.2379608154 
385.1107177734 -87.2690505981 
386.4445190430 -87.2813415527 
387.7827453613 -87.2749862671 
389.1258239746 -87.2600555420 
390.4735412598 -87.2397384644 
391.8259277344 -87.2164230347 
393.1827697754 -87.1909255981 
394.5445556641 -87.1679153442 
395.9110412598 -87.1544799805 
397.2822570801 -87.1556396484 
398.6582031250 -87.1739807129 
400.0387268066 -87.2080841064 
401.4242553711 -87.2430419922 
402.8145751953 -87.2632522583 
404.2096862793 -87.2605819702 
405.6094360352 -87.2306671143 
407.0142517090 -87.1734924316 
408.4239196777 -87.0930633545 
409.8384704590 -87.0081329346 
411.2576904297 -86.9365997314 
412.6820678711 -86.8918380737 
414.1113891602 -86.8822250366 
415.5456237793 -86.9092254639 
416.9846191406 -86.9667816162 
418.4288330078 -87.0386657715 
419.8780517578 -87.1103286743 
421.3322753906 -87.1730957031 
422.7913208008 -87.2185058594 
424.2556152344 -87.2385177612 
425.7250061035 -87.2267761230 
427.1994934082 -87.1812057495 
428.6788330078 -87.1122283936 
430.1635437012 -87.0424423218 
431.6534118652 -86.9870376587 
433.1484069824 -86.9545364380 
434.6483764648 -86.9462890625 
436.1537475586 -86.9582138062 
437.6643676758 -86.9835281372 
439.1801757813 -87.0150604248 
440.7010192871 -87.0453186035 
442.2273559570 -87.0683898926 
443.7590026855 -87.0841140747 
445.2959289551 -87.0970077515 
446.8379516602 -87.1146545410 
448.3855590820 -87.1446533203 
449.9385375977 -87.1910247803 
451.4968566895 -87.2516479492 
453.0603637695 -87.3187026978 
454.6295166016 -87.3833770752 
456.2041015625 -87.4423599243 
457.7841491699 -87.4989395142 
459.3694152832 -87.5517654419 
460.9604187012 -87.5829467773 
462.5569152832 -87.5699234009 
464.1589660645 -87.5074234009 
465.7662963867 -87.4142074585 
467.3794555664 -87.3171539307 
468.9981994629 -87.2329635620 
470.6225585938 -87.1648788452 
472.2522888184 -87.1121902466 
473.8879089355 -87.0767898560 
475.5292053223 -87.0596542358 
477.1761779785 -87.0546951294 
478.8285827637 -87.0512847900 
480.4869995117 -87.0443191528 
482.1511230469 -87.0403976440 
483.8210449219 -87.0518646240 
485.4964599609 -87.0838394165 
487.1779479980 -87.1262054443 
488.8652954102 -87.1574172974 
490.5584411621 -87.1663436890 
492.2572021484 -87.1417236328 
493.9620971680 -87.0883636475 
495.6729125977 -87.0296783447 
497.3896789551 -86.9882354736 
499.1120910645 -86.9743041992 
500.8407287598 -86.9838638306 
502.5753784180 -87.0046081543 
504.3160095215 -87.0235366821 
506.0626831055 -87.0243759155 
507.8151245117 -86.9816970825 
509.5739440918 -86.9264831543 
511.3388061523 -86.8724288940 
513.1098022461 -86.8485031128 
514.8866577148 -86.8758392334 
516.6699829102 -86.9520950317 
518.4594116211 -87.0504913330 
520.2550659180 -87.1367950439 
522.0566406250 -87.1910018921 
523.8648071289 -87.2143630981 
525.6791992188 -87.2181701660 
527.4998168945 -87.2111434937 
529.3265380859 -87.1986312866 
531.1597900391 -87.1892547607 
532.9994506836 -87.1954574585 
534.8454589844 -87.2463607788 
536.6975708008 -87.3095932007 
538.5563964844 -87.3250961304 
540.4216918945 -87.2965927124 
542.2933959961 -87.2165603638 
544.1713256836 -87.1001434326 
546.0560302734 -86.9880218506 
547.9472656250 -86.9271850586 
549.8450927734 -86.9414978027 
551.7491455078 -87.0150604248 
553.6600952148 -87.1246032715 
555.5776367188 -87.1497497559 
557.5018920898 -87.1320877075 
559.4324340820 -87.1331405640 
561.3700561523 -87.1570205688 
563.3143310547 -87.1718902588 
565.2653198242 -87.1475448608 
567.2227783203 -87.0691604614 
569.1873168945 -87.0436935425 
571.1586914063 -87.0887985229 
573.1368408203 -87.1614685059 
575.1215820313 -87.2395095825 
577.1134643555 -87.3128509521 
579.1123046875 -87.4112548828 
581.1180419922 -87.4894790649 
583.1303710938 -87.5144424438 
585.1500244141 -87.5098342896 
587.1766357422 -87.4728469849 
589.2103271484 -87.3632965088 
591.2507324219 -87.2354583740 
593.2984619141 -87.1701736450 
595.3533325195 -87.1348876953 
597.4152832031 -87.1251525879 
599.4841308594 -87.1333847046 
601.5603637695 -87.1495666504 
603.6438598633 -87.1638031006 
605.7345581055 -87.1775665283 
607.8321533203 -87.1924438477 
609.9373779297 -87.2027435303 
612.0498657227 -87.2026214600 
614.1696777344 -87.1912841797 
616.2964477539 -87.1628570557 
618.4309692383 -87.1557540894 
620.5728759766 -87.1820983887 
622.7222290039 -87.2289505005 
624.8786621094 -87.3126449585 
627.0429077148 -87.3935623169 
629.2145996094 -87.4381408691 
631.3938598633 -87.4519882202 
633.5806884766 -87.3870468140 
635.7747192383 -87.3035964966 
637.9766845703 -87.2108535767 
640.1862792969 -87.0851821899 
642.4035644531 -87.0105438232 
644.6281127930 -87.0187301636 
646.8607788086 -87.0963211060 
649.1011352539 -87.1646118164 
651.3492431641 -87.1625900269 
653.6047973633 -87.0871124268 
655.8685302734 -86.9877243042 
658.1401367188 -86.9443054199 
660.4195556641 -86.9383392334 
662.7065429688 -86.9680557251 
665.0017700195 -86.9982223511 
667.3049926758 -87.0488815308 
669.6161499023 -87.0816574097 
671.9349975586 -87.0858078003 
674.2622070313 -87.1198577881 
676.5974731445 -87.1867141724 
678.9408569336 -87.3163070679 
681.2919311523 -87.4157867432 
683.6515502930 -87.4382324219 
686.0193481445 -87.4052581787 
688.3953857422 -87.3189392090 
690.7792358398 -87.1962127686 
693.1716918945 -87.0981750488 
695.5724487305 -87.0911560059 
697.9815673828 -87.1909179688 
700.3985595703 -87.3430786133 
702.8244018555 -87.4135589600 
705.2586059570 -87.3375015259 
707.7012329102 -87.1350555420 
710.1519165039 -86.9513015747 
712.6115112305 -86.8691406250 
715.0795898438 -86.8573379517 
717.5562133789 -86.8804397583 
720.0410766602 -86.9457092285 
722.5349121094 -87.0113143921 
725.0373535156 -87.0150375366 
727.5484619141 -86.9632797241 
730.0679321289 -86.8950653076 
732.5964965820 -86.8500671387 
735.1337890625 -86.8585662842 
737.6798706055 -86.9110412598 
740.2344360352 -86.9753799438 
742.7981567383 -87.0137405396 
745.3708496094 -87.0252075195 
747.9523925781 -87.0443649292 
750.5424804688 -87.0990982056 
753.1419067383 -87.1724929810 
755.7504272461 -87.2237167358 
758.3679199219 -87.2346954346 
760.9940795898 -87.2356643677 
763.6297607422 -87.2904968262 
766.2745361328 -87.3896408081 
768.9284667969 -87.4406051636 
771.5912475586 -87.3789291382 
774.2636108398 -87.2635650635 
776.9451904297 -87.2113952637 
779.6361083984 -87.2070922852 
782.3359375000 -87.1875686646 
785.0455322266 -87.2255783081 
787.7644653320 -87.3694458008 
790.4928588867 -87.5132064819 
793.2302856445 -87.4724655151 
795.9776000977 -87.3124542236 
798.7344360352 -87.1488571167 
801.5007934570 -87.0916366577 
804.2767333984 -87.1547164917 
807.0618896484 -87.2019271851 
809.8571166992 -87.1684875488 
812.6620483398 -87.0578002930 
815.4766235352 -87.0102310181 
818.3005371094 -87.0669403076 
821.1347045898 -87.2360382080 
823.9786376953 -87.3592605591 
826.8324584961 -87.3623733521 
829.6957397461 -87.1600036621 
832.5693359375 -86.9869842529 
835.4528808594 -86.9595336914 
838.3464355469 -87.0962753296 
841.2495727539 -87.2186431885 
844.1632080078 -87.1808929443 
847.0869140625 -87.0467147827 
850.0207519531 -86.9311218262 
852.9642944336 -86.9526748657 
855.9185180664 -86.9978179932 
858.8829345703 -86.9752120972 
861.8576049805 -86.9819107056 
864.8421630859 -87.0719909668 
867.8375244141 -87.1949539185 
870.8432006836 -87.3027801514 
873.8593750000 -87.2692489624 
876.8854370117 -87.0881652832 
879.9224853516 -86.9328002930 
882.9700317383 -86.8730087280 
886.0281982422 -86.9807815552 
889.0964355469 -87.2125778198 
892.1757812500 -87.3250961304 
895.2657470703 -87.2636795044 
898.3664550781 -87.1728820801 
901.4774169922 -87.2020187378 
904.5996704102 -87.3610382080 
907.7327270508 -87.4765396118 
910.8765869141 -87.4870986938 
914.0308837891 -87.3846588135 
917.1965942383 -87.2871704102 
920.3732299805 -87.2169647217 
923.5609130859 -87.1798477173 
926.7590942383 -87.1966400146 
929.9689331055 -87.1939849854 
933.1898193359 -87.1408004761 
936.4218750000 -87.0514144897 
939.6646118164 -86.9275512695 
942.9190673828 -86.8745346069 
946.1848754883 -86.9813766479 
949.4619140625 -87.0688781738 
952.7498168945 -87.0829544067 
956.0496215820 -87.0359039307 
959.3608398438 -86.9321594238 
962.6835327148 -86.9159393311 
966.0172119141 -87.0397415161 
969.3629760742 -87.0764999390 
972.7203369141 -87.0396118164 
976.0892944336 -87.1314468384 
979.4694213867 -87.3071670532 
982.8617553711 -87.3838958740 
986.2658691406 -87.3207015991 
989.6817626953 -87.2301712036 
993.1088867188 -87.1894226074 
996.5485229492 -87.1143264771 
1000.0000000000 -86.9919662476 
1003.4634399414 -86.9943542480 
1006.9389038086 -87.0141677856 
1010.4258422852 -87.0536727905 
1013.9254150391 -87.0964279175 
1017.4370727539 -87.1411209106 
1020.9609375000 -87.1775817871 
1024.4964599609 -87.2053070068 
1028.0446777344 -87.2254028320 
1031.6053466797 -87.2358627319 
1035.1782226563 -87.2427139282 
1038.7629394531 -87.2484970093 
1042.3605957031 -87.2546157837 
1045.9708251953 -87.2616195679 
1049.5935058594 -87.2675247192 
1053.2281494141 -87.2717208862 
1056.8759765625 -87.2712554932 
1060.5363769531 -87.2680206299 
1064.2094726563 -87.2640914917 
1067.8947753906 -87.2611007690 
1071.5933837891 -87.2649993896 
1075.3048095703 -87.2753753662 
1079.0290527344 -87.2922973633 
1082.7656250000 -87.3170089722 
1086.5157470703 -87.3453674316 
1090.2788085938 -87.3720321655 
1094.0549316406 -87.3939819336 
1097.8435058594 -87.4021224976 
1101.6458740234 -87.3914489746 
1105.4614257813 -87.3652420044 
1109.2901611328 -87.3247146606 
1113.1314697266 -87.2723464966 
1116.9866943359 -87.2198486328 
1120.8553466797 -87.1722412109 
1124.7374267578 -87.1323852539 
1128.6323242188 -87.1046447754 
1132.5412597656 -87.0906143188 
1136.4637451172 -87.0882110596 
1140.3997802734 -87.0976943970 
1144.3488769531 -87.1194534302 
1148.3123779297 -87.1532897949 
1152.2894287109 -87.1881103516 
1156.2803955078 -87.2183303833 
1160.2844238281 -87.2392272949 
1164.3029785156 -87.2455825806 
1168.3355712891 -87.2417755127 
1172.3819580078 -87.2364578247 
1176.4418945313 -87.2330703735 
1180.5163574219 -87.2333831787 
1184.6051025391 -87.2352294922 
1188.7078857422 -87.2313461304 
1192.8243408203 -87.2200851440 
1196.9555664063 -87.2026596069 
1201.1011962891 -87.1819992065 
1205.2611083984 -87.1629409790 
1209.4348144531 -87.1508560181 
1213.6236572266 -87.1442794800 
1217.8270263672 -87.1407318115 
1222.0449218750 -87.1369018555 
1226.2767333984 -87.1289825439 
1230.5238037109 -87.1121444702 
1234.7857666016 -87.0837478638 
1239.0623779297 -87.0471420288 
1243.3531494141 -87.0067596436 
1247.6594238281 -86.9682540894 
1251.9805908203 -86.9375381470 
1256.3167724609 -86.9194412231 
1260.6679687500 -86.9183807373 
1265.0335693359 -86.9291915894 
1269.4149169922 -86.9491348267 
1273.8115234375 -86.9762191772 
1278.2232666016 -87.0091857910 
1282.6496582031 -87.0472488403 
1287.0920410156 -87.0894165039 
1291.5498046875 -87.1337585449 
1296.0230712891 -87.1765823364 
1300.5111083984 -87.2138977051 
1305.0152587891 -87.2406311035 
1309.5351562500 -87.2512207031 
1314.0706787109 -87.2417373657 
1318.6212158203 -87.2126541138 
1323.1881103516 -87.1710052490 
1327.7709960938 -87.1299819946 
1332.3696289063 -87.1062164307 
1336.9835205078 -87.1098327637 
1341.6141357422 -87.1363677979 
1346.2607421875 -87.1733627319 
1350.9234619141 -87.2039108276 
1355.6015625000 -87.2136383057 
1360.2966308594 -87.1976318359 
1365.0079345703 -87.1635589600 
1369.7355957031 -87.1285171509 
1374.4788818359 -87.1103363037 
1379.2392578125 -87.1181030273 
1384.0162353516 -87.1476364136 
1388.8096923828 -87.1848754883 
1393.6190185547 -87.2146148682 
1398.4456787109 -87.2280197144 
1403.2891845703 -87.2273559570 
1408.1494140625 -87.2189331055 
1413.0257568359 -87.2098159790 
1417.9196777344 -87.2054977417 
1422.8305664063 -87.2082672119 
1427.7584228516 -87.2162780762 
1432.7026367188 -87.2240829468 
1437.6647949219 -87.2249984741 
1442.6440429688 -87.2145996094 
1447.6405029297 -87.1935272217 
1452.6535644531 -87.1674728394 
1457.6848144531 -87.1438674927 
1462.7333984375 -87.1274108887 
1467.7995605469 -87.1180191040 
1472.8823242188 -87.1124191284 
1477.9836425781 -87.1161880493 
1483.1025390625 -87.1321334839 
1488.2392578125 -87.1617584229 
1493.3928222656 -87.1971054077 
1498.5651855469 -87.2245712280 
1503.7553710938 -87.2348937988 
1508.9635009766 -87.2287292480 
1514.1889648438 -87.2122268677 
1519.4332275391 -87.1898269653 
1524.6958007813 -87.1641998291 
1529.9764404297 -87.1422805786 
1535.2746582031 -87.1373291016 
1540.5920410156 -87.1615676880 
1545.9277343750 -87.2149887085 
1551.2819824219 -87.2805404663 
1556.6539306641 -87.3312759399 
1562.0452880859 -87.3463439941 
1567.4554443359 -87.3241882324 
1572.8842773438 -87.2816619873 
1578.3309326172 -87.2404785156 
1583.7974853516 -87.2137985229 
1589.2828369141 -87.2012405396 
1594.7872314453 -87.1998291016 
1600.3107910156 -87.1978225708 
1605.8524169922 -87.1928405762 
1611.4143066406 -87.1865158081 
1616.9953613281 -87.1835403442 
1622.5957031250 -87.1897964478 
1628.2145996094 -87.2076263428 
1633.8538818359 -87.2320404053 
1639.5125732422 -87.2522048950 
1645.1910400391 -87.2525024414 
1650.8881835938 -87.2232513428 
1656.6059570313 -87.1938323975 
1662.3435058594 -87.1627273560 
1668.1009521484 -87.1325378418 
1673.8774414063 -87.1092224121 
1679.6748046875 -87.1033096313 
1685.4923095703 -87.1243209839 
1691.3299560547 -87.2045211792 
1697.1867675781 -87.2952499390 
1703.0649414063 -87.3289794922 
1708.9635009766 -87.3279037476 
1714.8823242188 -87.2970046997 
1720.8208007813 -87.2530975342 
1726.7807617188 -87.2033615112 
1732.7614746094 -87.1788024902 
1738.7628173828 -87.1607513428 
1744.7839355469 -87.1259460449 
1750.8269042969 -87.0776138306 
1756.8908691406 -87.0245819092 
1762.9757080078 -87.0300979614 
1769.0808105469 -87.0701904297 
1775.2078857422 -87.1183929443 
1781.3562011719 -87.1607818604 
1787.5258789063 -87.2028045654 
1793.7159423828 -87.2200622559 
1799.9283447266 -87.2084121704 
1806.1623535156 -87.1798934937 
1812.4178466797 -87.1477737427 
1818.6940917969 -87.1327972412 
1824.9930419922 -87.1574478149 
1831.3138427734 -87.1794204712 
1837.6564941406 -87.1893920898 
1844.0201416016 -87.1849212646 
1850.4068603516 -87.1865234375 
1856.8156738281 -87.2063140869 
1863.2467041016 -87.2407836914 
1869.6988525391 -87.2896423340 
1876.1745605469 -87.2920227051 
1882.6726074219 -87.2513046265 
1889.1931152344 -87.1695327759 
1895.7352294922 -87.1143722534 
1902.3010253906 -87.1019210815 
1908.8895263672 -87.0923004150 
1915.5008544922 -87.0485610962 
1922.1340332031 -86.9751510620 
1928.7912597656 -86.9286499023 
1935.4715576172 -86.9030380249 
1942.1749267578 -86.9219970703 
1948.9005126953 -86.9490661621 
1955.6505126953 -86.9901046753 
1962.4238281250 -87.0273437500 
1969.2205810547 -87.0428848267 
1976.0397949219 -87.0355377197 
1982.8836669922 -87.0058364868 
1989.7513427734 -86.9899368286 
1996.6427001953 -86.9972763062 
2003.5579833984 -87.0369644165 
2010.4960937500 -87.0800781250 
2017.4593505859 -87.1511917114 
2024.4467773438 -87.2015609741 
2031.4583740234 -87.2022705078 
2038.4930419922 -87.1881103516 
2045.5533447266 -87.1935577393 
2052.6379394531 -87.2254867554 
2059.7473144531 -87.2445373535 
2066.8798828125 -87.2149505615 
2074.0385742188 -87.1666793823 
2081.2219238281 -87.1425094604 
2088.4299316406 -87.1370391846 
2095.6621093750 -87.1632537842 
2102.9201660156 -87.2153778076 
2110.2036132813 -87.2661819458 
2117.5122070313 -87.2864608765 
2124.8449707031 -87.2717742920 
2132.2043457031 -87.2413558960 
2139.5891113281 -87.1855773926 
2146.9995117188 -87.1452407837 
2154.4343261719 -87.1454162598 
2161.8959960938 -87.1702804565 
2169.3837890625 -87.2067718506 
2176.8972167969 -87.2490539551 
2184.4355468750 -87.2997894287 
2192.0014648438 -87.3501281738 
2199.5932617188 -87.3742370605 
2207.2114257813 -87.3579864502 
2214.8547363281 -87.3052139282 
2222.5258789063 -87.2538909912 
2230.2233886719 -87.2206268311 
2237.9477539063 -87.2005004883 
2245.6975097656 -87.1951065063 
2253.4753417969 -87.1893920898 
2261.2802734375 -87.1676177979 
2269.1120605469 -87.1479492188 
2276.9697265625 -87.1526031494 
2284.8559570313 -87.1571197510 
2292.7695312500 -87.1264572144 
2300.7104492188 -87.0814437866 
2308.6774902344 -87.1055297852 
2316.6735839844 -87.2102813721 
2324.6972656250 -87.3512954712 
2332.7485351563 -87.4660110474 
2340.8266601563 -87.4802551270 
2348.9340820313 -87.3871765137 
2357.0695800781 -87.2796630859 
2365.2331542969 -87.2204818726 
2373.4235839844 -87.2397155762 
2381.6440429688 -87.3243331909 
2389.8925781250 -87.3714218140 
2398.1699218750 -87.3604736328 
2406.4746093750 -87.3262557983 
2414.8093261719 -87.3002243042 
2423.1728515625 -87.2692489624 
2431.5654296875 -87.2371444702 
2439.9855957031 -87.2058181763 
2448.4365234375 -87.1637115479 
2456.9165039063 -87.1275558472 
2465.4260253906 -87.1104660034 
2473.9633789063 -87.1343688965 
2482.5319824219 -87.1631011963 
2491.1301269531 -87.1677551270 
2499.7580566406 -87.1593170166 
2508.4143066406 -87.1850891113 
2517.1020507813 -87.2150878906 
2525.8200683594 -87.2155685425 
2534.5681152344 -87.1946640015 
2543.3464355469 -87.2024459839 
2552.1538085938 -87.2412414551 
2560.9931640625 -87.2811508179 
2569.8630371094 -87.2665481567 
2578.7636718750 -87.2321166992 
2587.6936035156 -87.1936721802 
2596.6560058594 -87.1378631592 
2605.6494140625 -87.0792388916 
2614.6738281250 -87.0594100952 
2623.7282714844 -87.0944747925 
2632.8154296875 -87.2058181763 
2641.9340820313 -87.3422775269 
2651.0842285156 -87.4151382446 
2660.2646484375 -87.3959579468 
2669.4785156250 -87.3481826782 
2678.7241210938 -87.3317794800 
2688.0017089844 -87.3672256470 
2697.3100585938 -87.3976669312 
2706.6518554688 -87.3844528198 
2716.0263671875 -87.3389053345 
2725.4331054688 -87.2712783813 
2734.8710937500 -87.1766510010 
2744.3432617188 -87.0899810791 
2753.8481445313 -87.0415649414 
2763.3859863281 -87.0898590088 
2772.9553222656 -87.2434539795 
2782.5593261719 -87.3969268799 
2792.1965332031 -87.4499435425 
2801.8671875000 -87.4469757080 
2811.5698242188 -87.4362030029 
2821.3073730469 -87.4341125488 
2831.0788574219 -87.3436660767 
2840.8842773438 -87.1710128784 
2850.7219238281 -87.0801849365 
2860.5952148438 -87.1121978760 
2870.5029296875 -87.1466903687 
2880.4448242188 -87.1228408813 
2890.4194335938 -87.1082992554 
2900.4301757813 -87.1462020874 
2910.4758300781 -87.2012710571 
2920.5561523438 -87.2035064697 
2930.6696777344 -87.1042022705 
2940.8198242188 -86.9793777466 
2951.0053710938 -86.9600296021 
2961.2260742188 -87.0308837891 
2971.4804687500 -87.0942535400 
2981.7719726563 -87.1148757935 
2992.0991210938 -87.1035308838 
3002.4621582031 -87.0275268555 
3012.8593750000 -87.0414047241 
3023.2944335938 -87.0530700684 
3033.7653808594 -87.0627059937 
3044.2727050781 -87.0687561035 
3054.8146972656 -87.0736083984 
3065.3950195313 -87.0764846802 
3076.0117187500 -87.0769805908 
3086.6655273438 -87.0760192871 
3097.3542480469 -87.0715408325 
3108.0817871094 -87.0676116943 
3118.8464355469 -87.0642166138 
3129.6484375000 -87.0718917847 
3140.4860839844 -87.0879974365 
3151.3630371094 -87.1173858643 
3162.2775878906 -87.1622848511 
3173.2299804688 -87.2123031616 
3184.2204589844 -87.2663574219 
3195.2470703125 -87.3110733032 
3206.3137207031 -87.3474502563 
3217.4184570313 -87.3626632690 
3228.5620117188 -87.3604965210 
3239.7421875000 -87.3466186523 
3250.9628906250 -87.3171157837 
3262.2224121094 -87.2833709717 
3273.5209960938 -87.2471694946 
3284.8569335938 -87.2118606567 
3296.2338867188 -87.1796875000 
3307.6501464844 -87.1506118774 
3319.1059570313 -87.1290435791 
3330.5998535156 -87.1165466309 
3342.1352539063 -87.1120681763 
3353.7104492188 -87.1220169067 
3365.3259277344 -87.1444244385 
3376.9797363281 -87.1746826172 
3388.6757812500 -87.2134704590 
3400.4123535156 -87.2545089722 
3412.1894531250 -87.2936553955 
3424.0056152344 -87.3287582397 
3435.8645019531 -87.3518447876 
3447.7644042969 -87.3666152954 
3459.7055664063 -87.3729095459 
3471.6860351563 -87.3663940430 
3483.7102050781 -87.3507919312 
3495.7758789063 -87.3276138306 
3507.8833007813 -87.2956924438 
3520.0307617188 -87.2591552734 
3532.2221679688 -87.2245864868 
3544.4558105469 -87.1942520142 
3556.7319335938 -87.1773071289 
3569.0485839844 -87.1711883545 
3581.4099121094 -87.1722946167 
3593.8139648438 -87.1787948608 
3606.2609863281 -87.1822128296 
3618.7490234375 -87.1769866943 
3631.2824707031 -87.1608276367 
3643.8591308594 -87.1285247803 
3656.4794921875 -87.0777893066 
3669.1416015625 -87.0201187134 
3681.8493652344 -86.9610061646 
3694.6013183594 -86.9106292725 
3707.3974609375 -86.8869323730 
3720.2358398438 -86.8882217407 
3733.1206054688 -86.9142379761 
3746.0500488281 -86.9647598267 
3759.0244140625 -87.0309753418 
3772.0415039063 -87.0969161987 
3785.1059570313 -87.1556243896 
3798.2153320313 -87.2000808716 
3811.3703613281 -87.2133331299 
3824.5688476563 -87.2010879517 
3837.8149414063 -87.1713943481 
3851.1071777344 -87.1326980591 
3864.4453125000 -87.0991973877 
3877.8273925781 -87.0885543823 
3891.2580566406 -87.0962600708 
3904.7353515625 -87.1172637939 
3918.2590332031 -87.1453628540 
3931.8276367188 -87.1732864380 
3945.4453125000 -87.1980743408 
3959.1103515625 -87.2190704346 
3972.8225097656 -87.2325592041 
3986.5822753906 -87.2334289551 
4000.3872070313 -87.2133026123 
4014.2424316406 -87.1682434082 
4028.1455078125 -87.1125411987 
4042.0969238281 -87.0570144653 
4056.0942382813 -87.0119476318 
4070.1423339844 -86.9860305786 
4084.2392578125 -86.9888076782 
4098.3847656250 -87.0168762207 
4112.5771484375 -87.0575561523 
4126.8208007813 -87.0976104736 
4141.1137695313 -87.1252593994 
4155.4565429688 -87.1341171265 
4169.8461914063 -87.1291198730 
4184.2885742188 -87.1300354004 
4198.7802734375 -87.1469345093 
4213.3227539063 -87.1792907715 
4227.9130859375 -87.2222824097 
4242.5561523438 -87.2702102661 
4257.2500000000 -87.3190383911 
4271.9951171875 -87.3666152954 
4286.7885742188 -87.4086074829 
4301.6357421875 -87.4405593872 
4316.5341796875 -87.4590301514 
4331.4843750000 -87.4626617432 
4346.4838867188 -87.4525070190 
4361.5375976563 -87.4321289063 
4376.6435546875 -87.4075164795 
4391.8017578125 -87.3862686157 
4407.0102539063 -87.3759002686 
4422.2739257813 -87.3757019043 
4437.5898437500 -87.3768615723 
4452.9594726563 -87.3698043823 
4468.3793945313 -87.3503570557 
4483.8554687500 -87.3222274780 
4499.3852539063 -87.2934570313 
4514.9687500000 -87.2693405151 
4530.6035156250 -87.2474136353 
4546.2949218750 -87.2196731567 
4562.0410156250 -87.1820297241 
4577.8413085938 -87.1432113647 
4593.6938476563 -87.1247482300 
4609.6040039063 -87.1406021118 
4625.5693359375 -87.1865158081 
4641.5898437500 -87.2453308105 
4657.6630859375 -87.2991409302 
4673.7944335938 -87.3391647339 
4689.9819335938 -87.3650588989 
4706.2255859375 -87.3773422241 
4722.5229492188 -87.3728866577 
4738.8789062500 -87.3484039307 
4755.2919921875 -87.3072967529 
4771.7617187500 -87.2613983154 
4788.2861328125 -87.2254333496 
4804.8701171875 -87.2094497681 
4821.5112304688 -87.2150955200 
4838.2104492188 -87.2370529175 
4854.9648437500 -87.2671356201 
4871.7797851563 -87.2979354858 
4888.6528320313 -87.3245620728 
4905.5844726563 -87.3394088745 
4922.5717773438 -87.3561782837 
4939.6210937500 -87.3697891235 
4956.7294921875 -87.3823394775 
4973.8964843750 -87.3916778564 
4991.1206054688 -87.3910217285 
5008.4072265625 -87.3739700317 
5025.7539062500 -87.3415451050 
5043.1601562500 -87.3040771484 
5060.6269531250 -87.2695388794 
5078.1513671875 -87.2702407837 
5095.7392578125 -87.2880706787 
5113.3881835938 -87.3059463501 
5131.0981445313 -87.3081588745 
5148.8666992188 -87.2793426514 
5166.6997070313 -87.2165222168 
5184.5942382813 -87.1385574341 
5202.5507812500 -87.0779800415 
5220.5668945313 -87.0597229004 
5238.6479492188 -87.0869903564 
5256.7915039063 -87.1442108154 
5274.9985351563 -87.2080535889 
5293.2651367188 -87.2557678223 
5311.5981445313 -87.2718200684 
5329.9946289063 -87.2558593750 
5348.4545898438 -87.2102279663 
5366.9760742188 -87.1859207153 
5385.5644531250 -87.1910400391 
5404.2167968750 -87.2054672241 
5422.9340820313 -87.2252731323 
5441.7133789063 -87.2525177002 
5460.5605468750 -87.2908401489 
5479.4726562500 -87.3354415894 
5498.4506835938 -87.3674926758 
5517.4912109375 -87.3625793457 
5536.6010742188 -87.2647323608 
5555.7768554688 -87.1274719238 
5575.0190429688 -87.0597610474 
5594.3247070313 -87.0319595337 
5613.7001953125 -87.0391616821 
5633.1430664063 -87.0643615723 
5652.6533203125 -87.0899734497 
5672.2275390625 -87.1041564941 
5691.8730468750 -87.0834197998 
5711.5869140625 -87.0458145142 
5731.3686523438 -86.9988174438 
5751.2158203125 -86.9578628540 
5771.1347656250 -86.9407043457 
5791.1230468750 -86.9867553711 
5811.1801757813 -87.0874557495 
5831.3037109375 -87.1506576538 
5851.5000000000 -87.1746520996 
5871.7666015625 -87.1471405029 
5892.1030273438 -87.0432434082 
5912.5068359375 -86.9524917603 
5932.9848632813 -86.9390792847 
5953.5332031250 -86.9695663452 
5974.1533203125 -87.0354156494 
5994.8408203125 -87.1550064087 
6015.6040039063 -87.2394638062 
6036.4384765625 -87.2527008057 
6057.3457031250 -87.2403488159 
6078.3217773438 -87.2054977417 
6099.3735351563 -87.1841125488 
6120.4985351563 -87.1941833496 
6141.6967773438 -87.2292633057 
6162.9648437500 -87.3126144409 
6184.3095703125 -87.3760070801 
6205.7290039063 -87.3728866577 
6227.2221679688 -87.3334732056 
6248.7866210938 -87.2452087402 
6270.4287109375 -87.1780395508 
6292.1459960938 -87.1664657593 
6313.9384765625 -87.1884841919 
6335.8066406250 -87.2220840454 
6357.7470703125 -87.2392959595 
6379.7666015625 -87.2493667603 
6401.8627929688 -87.2516174316 
6424.0351562500 -87.2481689453 
6446.2812500000 -87.2480087280 
6468.6074218750 -87.2538146973 
6491.0112304688 -87.2644424438 
6513.4926757813 -87.2748107910 
6536.0483398438 -87.2917098999 
6558.6855468750 -87.3039550781 
6581.4013671875 -87.3057022095 
6604.1958007813 -87.3005905151 
6627.0654296875 -87.3006210327 
6650.0175781250 -87.3090438843 
6673.0498046875 -87.3133392334 
6696.1616210938 -87.2915878296 
6719.3496093750 -87.2548446655 
6742.6220703125 -87.2400207520 
6765.9746093750 -87.2599716187 
6789.4082031250 -87.3231811523 
6812.9194335938 -87.3647766113 
6836.5156250000 -87.3410186768 
6860.1938476563 -87.2537765503 
6883.9536132813 -87.1950073242 
6907.7919921875 -87.2119140625 
6931.7167968750 -87.2474975586 
6955.7246093750 -87.2680740356 
6979.8154296875 -87.2916946411 
7003.9858398438 -87.2857971191 
7028.2436523438 -87.2344207764 
7052.5859375000 -87.1962814331 
7077.0122070313 -87.2203826904 
7101.5190429688 -87.2729949951 
7126.1147460938 -87.3191375732 
7150.7958984375 -87.3473739624 
7175.5625000000 -87.3402175903 
7200.4106445313 -87.2563934326 
7225.3491210938 -87.1288528442 
7250.3735351563 -87.0625000000 
7275.4848632813 -87.0868988037 
7300.6791992188 -87.1451416016 
7325.9648437500 -87.1636352539 
7351.3378906250 -87.1591339111 
7376.7988281250 -87.1737289429 
7402.3442382813 -87.1767501831 
7427.9819335938 -87.1536026001 
7453.7080078125 -87.1679992676 
7479.5239257813 -87.2505035400 
7505.4248046875 -87.3754196167 
7531.4194335938 -87.4941406250 
7557.5039062500 -87.5638046265 
7583.6791992188 -87.5041503906 
7609.9409179688 -87.3599624634 
7636.2973632813 -87.2353897095 
7662.7451171875 -87.1900329590 
7689.2851562500 -87.2306671143 
7715.9121093750 -87.2717971802 
7742.6357421875 -87.2428512573 
7769.4521484375 -87.1821899414 
7796.3613281250 -87.2012557983 
7823.3593750000 -87.2677001953 
7850.4550781250 -87.3129501343 
7877.6450195313 -87.3124313354 
7904.9287109375 -87.2819366455 
7932.3027343750 -87.2553405762 
7959.7758789063 -87.2518844604 
7987.3442382813 -87.2740173340 
8015.0078125000 -87.2915878296 
8042.7675781250 -87.2509384155 
8070.6191406250 -87.2125854492 
8098.5712890625 -87.2565460205 
8126.6201171875 -87.3855133057 
8154.7666015625 -87.4282150269 
8183.0053710938 -87.3588104248 
8211.3466796875 -87.2322616577 
8239.7871093750 -87.2092437744 
8268.3251953125 -87.2597579956 
8296.9570312500 -87.3180847168 
8325.6933593750 -87.3460845947 
8354.5292968750 -87.3566360474 
8383.4648437500 -87.2683410645 
8412.4960937500 -87.1316375732 
8441.6318359375 -87.1019592285 
8470.8691406250 -87.1389236450 
8500.2080078125 -87.1990356445 
8529.6425781250 -87.2349853516 
8559.1845703125 -87.2538070679 
8588.8291015625 -87.2635040283 
8618.5761718750 -87.2754821777 
8648.4218750000 -87.2870101929 
8678.3750000000 -87.3131103516 
8708.4326171875 -87.3576278687 
8738.5937500000 -87.3615951538 
8768.8544921875 -87.3274078369 
8799.2246093750 -87.3302688599 
8829.7001953125 -87.3971328735 
8860.2822265625 -87.4893798828 
8890.9638671875 -87.4731826782 
8921.7578125000 -87.3656387329 
8952.6582031250 -87.2920913696 
8983.6650390625 -87.2747573853 
9014.7744140625 -87.3185501099 
9045.9970703125 -87.3650512695 
9077.3271484375 -87.3248901367 
9108.7656250000 -87.2328262329 
9140.3085937500 -87.1677932739 
9171.9658203125 -87.1477279663 
9203.7324218750 -87.1445312500 
9235.6093750000 -87.1422653198 
9267.5908203125 -87.1424407959 
9299.6894531250 -87.1996078491 
9331.8984375000 -87.2869567871 
9364.2187500000 -87.2629547119 
9396.6464843750 -87.1654586792 
9429.1914062500 -87.0904693604 
9461.8486328125 -87.0279464722 
9494.6191406250 -87.0287933350 
9527.4980468750 -87.1267776489 
9560.4960937500 -87.2674179077 
9593.6083984375 -87.2589187622 
9626.8359375000 -87.2225646973 
9660.1718750000 -87.2310714722 
9693.6298828125 -87.1688995361 
9727.2031250000 -87.1221847534 
9760.8935546875 -87.1719970703 
9794.6943359375 -87.2185516357 
9828.6171875000 -87.2314453125 
9862.6582031250 -87.2362060547 
9896.8173828125 -87.2426071167 
9931.0888671875 -87.2537078857 
9965.4853515625 -87.2158584595 
10000.0000000000 -87.2475662231 
10034.6347656250 -87.2414703369 
10069.3886718750 -87.2337799072 
10104.2636718750 -87.2260818481 
10139.2597656250 -87.2205047607 
10174.3652343750 -87.2175064087 
10209.6035156250 -87.2229309082 
10244.9638671875 -87.2350158691 
10280.4472656250 -87.2529907227 
10316.0527343750 -87.2786636353 
10351.7822265625 -87.3087463379 
10387.6347656250 -87.3409957886 
10423.6123046875 -87.3746109009 
10459.7021484375 -87.4045104980 
10495.9287109375 -87.4267044067 
10532.2812500000 -87.4389114380 
10568.7597656250 -87.4272613525 
10605.3642578125 -87.3936767578 
10642.0947265625 -87.3443984985 
10678.9531250000 -87.2810211182 
10715.9394531250 -87.2181472778 
10753.0419921875 -87.1670837402 
10790.2841796875 -87.1308135986 
10827.6562500000 -87.1179809570 
10865.1572265625 -87.1257553101 
10902.7880859375 -87.1440200806 
10940.5498046875 -87.1696548462 
10978.4414062500 -87.1980438232 
11016.4648437500 -87.2234878540 
11054.6074218750 -87.2441101074 
11092.8945312500 -87.2583541870 
11131.3144531250 -87.2617340088 
11169.8671875000 -87.2553787231 
11208.5537109375 -87.2433166504 
11247.3740234375 -87.2279510498 
11286.3291015625 -87.2135543823 
11325.4189453125 -87.2062454224 
11364.6308593750 -87.2067947388 
11403.9921875000 -87.2157058716 
11443.4892578125 -87.2330856323 
11483.1230468750 -87.2571182251 
11522.8945312500 -87.2796401978 
11562.8037109375 -87.2962341309 
11602.8505859375 -87.3029556274 
11643.0371093750 -87.2944107056 
11683.3486328125 -87.2726364136 
11723.8134765625 -87.2471389771 
11764.4189453125 -87.2245101929 
11805.1640625000 -87.2111816406 
11846.0507812500 -87.2150268555 
11887.0791015625 -87.2341003418 
11928.2490234375 -87.2586441040 
11969.5625000000 -87.2810897827 
12011.0048828125 -87.2942276001 
12052.6044921875 -87.2912216187 
12094.3486328125 -87.2687530518 
12136.2363281250 -87.2349929810 
12178.2695312500 -87.1942596436 
12220.4492187500 -87.1503143311 
12262.7734375000 -87.1061935425 
12305.2451171875 -87.0647964478 
12347.8505859375 -87.0314941406 
12390.6162109375 -87.0118255615 
12433.5312500000 -87.0109710693 
12476.5937500000 -87.0309906006 
12519.8056640625 -87.0691070557 
12563.1679687500 -87.1160583496 
12606.6796875000 -87.1511077881 
12650.3427734375 -87.1622238159 
12694.1562500000 -87.1504211426 
12738.1074218750 -87.1253662109 
12782.2255859375 -87.1008453369 
12826.4960937500 -87.0896911621 
12870.9199218750 -87.0985641479 
12915.4980468750 -87.1253967285 
12960.2304687500 -87.1567153931 
13005.1171875000 -87.1813430786 
13050.1601562500 -87.1938934326 
13095.3447265625 -87.1939086914 
13140.6992187500 -87.1847457886 
13186.2119140625 -87.1716079712 
13231.8818359375 -87.1595611572 
13277.7099609375 -87.1521530151 
13323.6962890625 -87.1515655518 
13369.8427734375 -87.1582183838 
13416.1484375000 -87.1707534790 
13462.5996093750 -87.1864013672 
13509.2265625000 -87.2007751465 
13556.0156250000 -87.2097854614 
13602.9658203125 -87.2124862671 
13650.0791015625 -87.2123031616 
13697.3554687500 -87.2151336670 
13744.7958984375 -87.2248840332 
13792.4003906250 -87.2396240234 
13840.1542968750 -87.2519149780 
13888.0888671875 -87.2540512085 
13936.1904296875 -87.2446975708 
13984.4570312500 -87.2324142456 
14032.8916015625 -87.2303085327 
14081.4941406250 -87.2456283569 
14130.2646484375 -87.2754364014 
14179.2041015625 -87.3082504272 
14228.2978515625 -87.3316040039 
14277.5771484375 -87.3398132324 
14327.0263671875 -87.3356246948 
14376.6474609375 -87.3255310059 
14426.4404296875 -87.3137512207 
14476.4052734375 -87.3004150391 
14526.5439453125 -87.2837982178 
14576.8564453125 -87.2631301880 
14627.3261718750 -87.2393569946 
14677.9873046875 -87.2145309448 
14728.8242187500 -87.1816940308 
14779.8369140625 -87.1630249023 
14831.0253906250 -87.1464080811 
14882.3925781250 -87.1273193359 
14933.9365234375 -87.1014862061 
14985.6601562500 -87.0689010620 
15037.5458984375 -87.0353927612 
15089.6269531250 -87.0099868774 
15141.8896484375 -87.0005187988 
15194.3330078125 -87.0107650757 
15246.9580078125 -87.0403442383 
15299.7646484375 -87.0865936279 
15352.7548828125 -87.1467895508 
15405.9287109375 -87.2193679810 
15459.2695312500 -87.3026809692 
15512.8115234375 -87.3912811279 
15566.5390625000 -87.4729537964 
15620.4531250000 -87.5311965942 
15674.5546875000 -87.5537490845 
15728.8427734375 -87.5403518677 
15783.3183593750 -87.5016632080 
15837.9833984375 -87.4503021240 
15892.8369140625 -87.3609008789 
15947.8642578125 -87.2592010498 
16003.0986328125 -87.1870727539 
16058.5244140625 -87.1230850220 
16114.1425781250 -87.0796432495 
16169.9531250000 -87.0652923584 
16225.9570312500 -87.0790863037 
16282.1552734375 -87.1087646484 
16338.5478515625 -87.1357421875 
16395.1171875000 -87.1453857422 
16451.9003906250 -87.1258239746 
16508.8808593750 -87.1012802124 
16566.0585937500 -87.1001663208 
16623.4355468750 -87.1146850586 
16681.0097656250 -87.1426849365 
16738.7832031250 -87.1827087402 
16796.7578125000 -87.2343292236 
16854.9140625000 -87.2928924561 
16913.2890625000 -87.3543930054 
16971.8691406250 -87.3376007080 
17030.6503906250 -87.2620162964 
17089.6347656250 -87.1602249146 
17148.8242187500 -87.0659255981 
17208.2167968750 -87.0086593628 
17267.8183593750 -87.0211334229 
17327.6054687500 -87.0999755859 
17387.6191406250 -87.1528472900 
17447.8398437500 -87.1787643433 
17508.2695312500 -87.1760482788 
17568.9082031250 -87.1521072388 
17629.7578125000 -87.1449432373 
17690.8164062500 -87.1555938721 
17752.0878906250 -87.1678695679 
17813.5527343750 -87.1744155884 
17875.2500000000 -87.1814498901 
17937.1582031250 -87.2136001587 
17999.2832031250 -87.2626190186 
18061.6230468750 -87.3220062256 
18124.1796875000 -87.3724060059 
18186.9511718750 -87.4033432007 
18249.9414062500 -87.4065780640 
18313.1289062500 -87.4111328125 
18376.5546875000 -87.4186172485 
18440.2011718750 -87.4064788818 
18504.0683593750 -87.3577041626 
18568.1562500000 -87.3118057251 
18632.4667968750 -87.2676315308 
18697.0000000000 -87.2136077881 
18761.7558593750 -87.1804962158 
18826.7148437500 -87.1837463379 
18891.9199218750 -87.2334213257 
18957.3515625000 -87.3022994995 
19023.0097656250 -87.3350448608 
19088.8945312500 -87.3448028564 
19155.0078125000 -87.3115844727 
19221.3515625000 -87.2462387085 
19287.9238281250 -87.2039337158 
19354.7050781250 -87.1877670288 
19421.7382812500 -87.2225265503 
19489.0058593750 -87.2572402954 
19556.5039062500 -87.2858428955 
19624.2382812500 -87.2887115479 
19692.2050781250 -87.2790374756 
19760.4082031250 -87.2429580688 
19828.8476562500 -87.1875000000 
19897.5019531250 -87.1542129517 
19966.4160156250 -87.1400909424 
20035.5683593750 -87.1547241211 
20104.9609375000 -87.1685409546 
20174.5937500000 -87.1920547485 
20244.4667968750 -87.2302627563 
20314.5839843750 -87.2651748657 
20384.9414062500 -87.2585525513 
20455.5449218750 -87.2249603271 
20526.3691406250 -87.1709823608 
20597.4609375000 -87.1306152344 
20668.7988281250 -87.0814666748 
20740.3847656250 -87.0144348145 
20812.2187500000 -86.9740600586 
20884.3007812500 -86.9529418945 
20956.6328125000 -86.9754943848 
21029.2148437500 -87.0385894775 
21102.0253906250 -87.1191253662 
21175.1113281250 -87.1841964722 
21248.4492187500 -87.2030639648 
21322.0429687500 -87.1833114624 
21395.8906250000 -87.1449050903 
21469.9941406250 -87.1334381104 
21544.3554687500 -87.1637496948 
21618.9726562500 -87.2032012939 
21693.8242187500 -87.2279815674 
21768.9609375000 -87.2416381836 
21844.3574218750 -87.2518463135 
21920.0136718750 -87.2651062012 
21995.9316406250 -87.2835845947 
22072.1152343750 -87.2917709351 
22148.5605468750 -87.2698059082 
22225.2714843750 -87.2441406250 
22302.2226562500 -87.2533340454 
22379.4648437500 -87.2824401855 
22456.9746093750 -87.2883224487 
22534.7539062500 -87.2630767822 
22612.8027343750 -87.2420883179 
22691.1210937500 -87.2660827637 
22769.7109375000 -87.3444747925 
22848.5722656250 -87.4149322510 
22927.6816406250 -87.3999481201 
23007.0898437500 -87.2646636963 
23086.7753906250 -87.1446075439 
23166.7343750000 -87.0753021240 
23246.9707031250 -87.0550537109 
23327.4863281250 -87.0758590698 
23408.2792968750 -87.1435165405 
23489.3535156250 -87.2182006836 
23570.6816406250 -87.2777557373 
23652.3183593750 -87.2999267578 
23734.2363281250 -87.2878189087 
23816.4394531250 -87.2359237671 
23898.9257812500 -87.1528244019 
23981.6992187500 -87.0601272583 
24064.7578125000 -87.0187835693 
24148.1054687500 -87.0608215332 
24231.7148437500 -87.1447067261 
24315.6406250000 -87.1641540527 
24399.8574218750 -87.1256408691 
24484.3652343750 -87.0724258423 
24569.1640625000 -87.0892410278 
24654.2597656250 -87.1736984253 
24739.6484375000 -87.2756042480 
24825.3320312500 -87.2739334106 
24911.2871093750 -87.1980895996 
24997.5664062500 -87.1109313965 
25084.1445312500 -87.1580734253 
25171.0214843750 -87.2759017944 
25258.1992187500 -87.3840255737 
25345.6816406250 -87.4162826538 
25433.4648437500 -87.3576660156 
25521.5527343750 -87.2446975708 
25609.9453125000 -87.0769271851 
25698.6152343750 -86.9903106689 
25787.6210937500 -87.0205307007 
25876.9355468750 -87.1270980835 
25966.5585937500 -87.2565078735 
26056.4941406250 -87.2534332275 
26146.7382812500 -87.1902465820 
26237.2968750000 -87.1423034668 
26328.1679687500 -87.1252822876 
26419.3261718750 -87.1492996216 
26510.8281250000 -87.2156982422 
26602.6464843750 -87.2549896240 
26694.7832031250 -87.2327499390 
26787.2402343750 -87.1704940796 
26880.0156250000 -87.1552429199 
26973.1132812500 -87.1726531982 
27066.5351562500 -87.1950149536 
27160.2480468750 -87.2115097046 
27254.3164062500 -87.1992874146 
27348.7109375000 -87.1296691895 
27443.4316406250 -87.0781555176 
27538.4804687500 -87.1373138428 
27633.8593750000 -87.2356643677 
27729.5683593750 -87.2186660767 
27825.6074218750 -87.0784072876 
27921.9492187500 -86.9667739868 
28018.6562500000 -86.9274063110 
28115.6972656250 -87.0167465210 
28213.0742187500 -87.2056808472 
28310.7890625000 -87.3297729492 
28408.8417968750 -87.3159027100 
28507.2343750000 -87.2390365601 
28605.9687500000 -87.1817398071 
28705.0136718750 -87.1552886963 
28804.4316406250 -87.1449356079 
28904.1933593750 -87.1325454712 
29004.3027343750 -87.0915832520 
29104.7578125000 -87.0621109009 
29205.5605468750 -87.0942153931 
29306.7128906250 -87.1266326904 
29408.2148437500 -87.1216888428 
29510.0371093750 -87.1227798462 
29612.2441406250 -87.1352157593 
29714.8046875000 -87.1479263306 
29817.7207031250 -87.1471328735 
29920.9921875000 -87.1646957397 
30024.6230468750 -87.4738998413 
30128.6113281250 -87.4906768799 
30232.9609375000 -87.5003814697 
30337.6367187500 -87.5036010742 
30442.7109375000 -87.5030364990 
30548.1464843750 -87.5027160645 
30653.9492187500 -87.5039672852 
30760.1171875000 -87.5069656372 
30866.6542968750 -87.5104522705 
30973.5585937500 -87.5110702515 
31080.8339843750 -87.5058975220 
31188.4472656250 -87.4951171875 
31296.4667968750 -87.4682617188 
31404.8613281250 -87.4342651367 
31513.6308593750 -87.3898544312 
31622.7773437500 -87.3394088745 
31732.3007812500 -87.2891540527 
31842.2031250000 -87.2437667847 
31952.4882812500 -87.2121582031 
32063.1542968750 -87.1905059814 
32174.1679687500 -87.1891098022 
32285.6015625000 -87.2002716064 
32397.4218750000 -87.2189407349 
32509.6289062500 -87.2426681519 
32622.2246093750 -87.2615127563 
32735.2089843750 -87.2758712769 
32848.5859375000 -87.2789993286 
32962.3554687500 -87.2779693604 
33076.4843750000 -87.2749023438 
33191.0429687500 -87.2746200562 
33305.9960937500 -87.2790374756 
33421.3515625000 -87.2862548828 
33537.1054687500 -87.2950363159 
33653.2578125000 -87.2986145020 
33769.8164062500 -87.2967300415 
33886.7773437500 -87.2852783203 
34004.1054687500 -87.2644424438 
34121.8750000000 -87.2404098511 
34240.0546875000 -87.2146224976 
34358.6445312500 -87.1976089478 
34477.6445312500 -87.1899642944 
34597.0546875000 -87.1919250488 
34716.8789062500 -87.2057189941 
34837.1210937500 -87.2178344727 
34957.7382812500 -87.2250366211 
35078.8125000000 -87.2208633423 
35200.3085937500 -87.2064971924 
35322.2226562500 -87.1936492920 
35444.5585937500 -87.1861648560 
35567.3203125000 -87.1991348267 
35690.5039062500 -87.2269592285 
35814.1171875000 -87.2626724243 
35938.1171875000 -87.3016738892 
36062.5898437500 -87.3291702271 
36187.4921875000 -87.3454742432 
36312.8242187500 -87.3512420654 
36438.5898437500 -87.3466110229 
36564.7968750000 -87.3348159790 
36691.4375000000 -87.3195724487 
36818.5156250000 -87.3014526367 
36945.9921875000 -87.2806015015 
37073.9531250000 -87.2562026978 
37202.3593750000 -87.2278442383 
37331.2070312500 -87.1949386597 
37460.5000000000 -87.1564788818 
37590.2460937500 -87.1148910522 
37720.4375000000 -87.0771942139 
37851.0781250000 -87.0480346680 
37982.1328125000 -87.0322952271 
38113.6835937500 -87.0431747437 
38245.6875000000 -87.0757827759 
38378.1484375000 -87.1254196167 
38511.0703125000 -87.1873474121 
38644.4531250000 -87.2541580200 
38778.2968750000 -87.3124618530 
38912.6015625000 -87.3563766479 
39047.3320312500 -87.3818283081 
39182.5703125000 -87.3857421875 
39318.2773437500 -87.3631210327 
39454.4531250000 -87.3191833496 
39591.1015625000 -87.2669525146 
39728.2265625000 -87.2154693604 
39865.8203125000 -87.1736145020 
40003.8945312500 -87.1508789063 
40142.4453125000 -87.1524810791 
40281.4335937500 -87.1661529541 
40420.9453125000 -87.1805496216 
40560.9414062500 -87.1844100952 
40701.4257812500 -87.1688842773 
40842.3906250000 -87.1329193115 
40983.8476562500 -87.0992584229 
41125.7929687500 -87.0876922607 
41268.2304687500 -87.1075820923 
41411.1171875000 -87.1579284668 
41554.5390625000 -87.2266159058 
41698.4648437500 -87.2891540527 
41842.8828125000 -87.3179702759 
41987.8046875000 -87.3135375977 
42133.2265625000 -87.2860412598 
42279.1523437500 -87.2492141724 
42425.5859375000 -87.2153625488 
42572.4765625000 -87.1916351318 
42719.9257812500 -87.1796035767 
42867.8828125000 -87.1785888672 
43016.3554687500 -87.1866760254 
43165.3398437500 -87.2031631470 
43314.8437500000 -87.2257537842 
43464.8593750000 -87.2506027222 
43615.3984375000 -87.2730484009 
43766.4101562500 -87.2886047363 
43917.9960937500 -87.2937698364 
44070.1015625000 -87.2858734131 
44222.7382812500 -87.2671585083 
44375.9023437500 -87.2422561646 
44529.5937500000 -87.2148895264 
44683.8203125000 -87.1874313354 
44838.5820312500 -87.1618728638 
44993.8281250000 -87.1406478882 
45149.6601562500 -87.1257400513 
45306.0351562500 -87.1159591675 
45462.9492187500 -87.1049194336 
45620.4101562500 -87.0833587646 
45778.4140625000 -87.0460510254 
45936.9648437500 -86.9991760254 
46096.0664062500 -86.9618301392 
46255.6679687500 -86.9516677856 
46415.8710937500 -86.9747390747 
46576.6289062500 -87.0210876465 
46737.9453125000 -87.0709838867 
46899.8203125000 -87.1079177856 
47062.2578125000 -87.1266403198 
47225.2539062500 -87.1295394897 
47388.8164062500 -87.1179199219 
47552.8945312500 -87.0904922485 
47717.5898437500 -87.0512695313 
47882.8593750000 -87.0164184570 
48048.6992187500 -87.0087890625 
48215.1132812500 -87.0422973633 
48382.1054687500 -87.1095428467 
48549.6718750000 -87.1840972900 
48717.8242187500 -87.2370300293 
48886.5000000000 -87.2545471191 
49055.8164062500 -87.2509613037 
49225.7187500000 -87.2264175415 
49396.2109375000 -87.2010116577 
49567.2929687500 -87.1869049072 
49738.9648437500 -87.1881408691 
49911.2343750000 -87.2031784058 
50084.1015625000 -87.2303771973 
50257.5664062500 -87.2693328857 
50431.5742187500 -87.3141021729 
50606.2421875000 -87.3451004028 
50781.5156250000 -87.2936401367 
50957.3945312500 -87.2114410400 
51133.8828125000 -87.1317291260 
51310.9804687500 -87.0905761719 
51488.6953125000 -87.1060180664 
51667.0234375000 -87.1701278687 
51845.9140625000 -87.2570953369 
52025.4804687500 -87.3401794434 
52205.6679687500 -87.4031753540 
52386.4804687500 -87.4389648438 
52567.9179687500 -87.4437637329 
52749.9843750000 -87.4170532227 
52932.6796875000 -87.3653488159 
53116.0117187500 -87.3018569946 
53299.9179687500 -87.2411422729 
53484.5195312500 -87.1767501831 
53669.7617187500 -87.1369781494 
53855.6445312500 -87.1158905029 
54042.1679687500 -87.0954055786 
54229.3398437500 -87.0823593140 
54417.1640625000 -87.0859298706 
54605.6328125000 -87.1083068848 
54794.6992187500 -87.1405944824 
54984.4765625000 -87.1667175293 
55174.9140625000 -87.1720657349 
55366.0078125000 -87.1323471069 
55557.7656250000 -87.0714416504 
55750.1875000000 -87.0401077271 
55943.2773437500 -87.0239715576 
56137.0351562500 -87.0211181641 
56331.3984375000 -87.0306625366 
56526.5000000000 -87.0573272705 
56722.2773437500 -87.1388778687 
56918.7343750000 -87.2370376587 
57115.8671875000 -87.2819213867 
57313.6875000000 -87.2987670898 
57512.1914062500 -87.2919845581 
57711.3789062500 -87.2666778564 
57911.1992187500 -87.1935348511 
58111.7695312500 -87.1009750366 
58313.0390625000 -87.0502014160 
58515.0039062500 -87.0264282227 
58717.6679687500 -87.0419540405 
58921.0312500000 -87.1597518921 
59125.1015625000 -87.3408584595 
59329.8789062500 -87.4399642944 
59535.3007812500 -87.4747924805 
59741.5000000000 -87.4430999756 
59948.4101562500 -87.3385543823 
60156.0390625000 -87.2457199097 
60364.3867187500 -87.2032623291 
60573.4570312500 -87.1696090698 
60783.2500000000 -87.1271591187 
60993.7695312500 -87.0950164795 
61204.9531250000 -87.0908203125 
61416.9335937500 -87.1092224121 
61629.6484375000 -87.1674728394 
61843.0976562500 -87.2014694214 
62057.2890625000 -87.1770629883 
62272.2226562500 -87.1259460449 
62487.8984375000 -87.0504531860 
62704.3203125000 -87.0014190674 
62921.4257812500 -86.9885787964 
63139.3515625000 -87.0099639893 
63358.0312500000 -87.0752410889 
63577.4687500000 -87.1391372681 
63797.6679687500 -87.2055130005 
64018.6289062500 -87.2760314941 
64240.3554687500 -87.2968902588 
64462.8476562500 -87.2861480713 
64686.1093750000 -87.2732849121 
64910.0781250000 -87.2806167603 
65134.8906250000 -87.2942428589 
65360.4804687500 -87.3040618896 
65586.8515625000 -87.2896957397 
65814.0156250000 -87.2625808716 
66041.9531250000 -87.2062911987 
66270.6875000000 -87.1562957764 
66500.2109375000 -87.1465301514 
66730.4609375000 -87.1874313354 
66961.5781250000 -87.2701873779 
67193.5000000000 -87.3507843018 
67426.2187500000 -87.3979873657 
67659.7500000000 -87.4084701538 
67894.0859375000 -87.4077987671 
68129.2343750000 -87.3874893188 
68365.1953125000 -87.3439331055 
68601.8984375000 -87.2152938843 
68839.5000000000 -87.0691909790 
69077.9218750000 -87.0035476685 
69317.1718750000 -87.0256271362 
69557.2421875000 -87.0745086670 
69798.1562500000 -87.1458587646 
70039.8984375000 -87.1796493530 
70282.4765625000 -87.1470108032 
70525.8203125000 -87.0923461914 
70770.0859375000 -87.0645141602 
71015.1875000000 -87.0688095093 
71261.1484375000 -87.0816574097 
71507.9609375000 -87.0660095215 
71755.6250000000 -87.0354080200 
72004.1484375000 -87.0160217285 
72253.5312500000 -87.0677947998 
72503.6953125000 -87.1780319214 
72754.8125000000 -87.2590866089 
73006.7890625000 -87.2628784180 
73259.6484375000 -87.2323684692 
73513.3828125000 -87.1828308105 
73767.9921875000 -87.1283340454 
74023.4843750000 -87.1206283569 
74279.8593750000 -87.1753158569 
74537.0390625000 -87.2665939331 
74795.1953125000 -87.3450851440 
75054.2500000000 -87.3775634766 
75314.1953125000 -87.3571701050 
75575.0390625000 -87.2654724121 
75836.7890625000 -87.1169052124 
76099.4453125000 -87.0648422241 
76363.0156250000 -87.0955505371 
76627.4140625000 -87.1336135864 
76892.8046875000 -87.1349105835 
77159.1250000000 -87.1357116699 
77426.3593750000 -87.1672210693 
77694.5234375000 -87.2350921631 
77963.6093750000 -87.2820968628 
78233.6328125000 -87.2608871460 
78504.5937500000 -87.1671524048 
78776.4062500000 -87.0737228394 
79049.2421875000 -87.0557250977 
79323.0234375000 -87.0809249878 
79597.7578125000 -87.0863571167 
79873.4453125000 -87.0819320679 
80150.0781250000 -87.0828323364 
80427.6796875000 -87.1066818237 
80706.2343750000 -87.1505889893 
80985.7578125000 -87.2047348022 
81266.1562500000 -87.2559585571 
81547.6171875000 -87.2792358398 
81830.0546875000 -87.2916488647 
82113.4687500000 -87.2689590454 
82397.8671875000 -87.2133789063 
82683.2500000000 -87.1526260376 
82969.6171875000 -87.0965423584 
83256.9765625000 -87.0677947998 
83545.2421875000 -87.0809402466 
83834.6015625000 -87.1783218384 
84124.9531250000 -87.2556228638 
84416.3203125000 -87.2416839600 
84708.6875000000 -87.1837539673 
85002.0781250000 -87.1239395142 
85296.4765625000 -87.1389846802 
85591.8984375000 -87.1965179443 
85888.2500000000 -87.2183761597 
86185.7187500000 -87.1801147461 
86484.2187500000 -87.1654052734 
86783.7500000000 -87.1509017944 
87084.3203125000 -87.1110687256 
87385.9375000000 -87.1105880737 
87688.5937500000 -87.1974258423 
87992.2968750000 -87.2987289429 
88296.9609375000 -87.3771896362 
88602.7734375000 -87.3656311035 
88909.6406250000 -87.2754974365 
89217.5781250000 -87.2128524780 
89526.5781250000 -87.1711349487 
89836.6484375000 -87.1407394409 
90147.7968750000 -87.1461944580 
90460.0156250000 -87.2142181396 
90773.2187500000 -87.2810363770 
91087.6093750000 -87.2756423950 
91403.0859375000 -87.2620010376 
91719.6562500000 -87.2720718384 
92037.3281250000 -87.2658538818 
92356.0937500000 -87.2183609009 
92675.9609375000 -87.1988677979 
92996.9453125000 -87.2137603760 
93318.9296875000 -87.1526641846 
93642.1328125000 -87.0817108154 
93966.4609375000 -87.1434860229 
94291.9062500000 -87.2923278809 
94618.4843750000 -87.4012680054 
94946.1953125000 -87.4018554688 
95275.0312500000 -87.3155212402 
95605.0156250000 -87.1546096802 
95936.0312500000 -87.0484161377 
96268.3046875000 -87.1077270508 
96601.7265625000 -87.3012695313 
96936.2968750000 -87.4409637451 
97272.0312500000 -87.5064849854 
97608.9296875000 -87.5530471802 
97946.9921875000 -87.4508056641 
98286.2265625000 -87.2346191406 
98626.5312500000 -87.0921554565 
98968.1171875000 -87.0202331543 
99310.8906250000 -87.0252456665 
99654.8515625000 -87.1236801147 
100000.0000000000 -87.2304687500 
100346.3437500000 -87.2357025146 
100693.8906250000 -87.2431335449 
101042.6406250000 -87.2452926636 
101392.5937500000 -87.2427368164 
101743.6562500000 -87.2352447510 
102096.0390625000 -87.2189483643 
102449.6406250000 -87.1964645386 
102804.4687500000 -87.1682357788 
103160.5312500000 -87.1315689087 
103517.8203125000 -87.0915374756 
103876.3515625000 -87.0532302856 
104236.1250000000 -87.0209045410 
104597.0234375000 -87.0109100342 
104959.2890625000 -87.0198898315 
105322.8125000000 -87.0484771729 
105687.5937500000 -87.1034317017 
106053.6406250000 -87.1679458618 
106420.9531250000 -87.2342529297 
106789.5312500000 -87.2960510254 
107159.3906250000 -87.3377685547 
107530.4218750000 -87.3638305664 
107902.8437500000 -87.3747177124 
108276.5625000000 -87.3687515259 
108651.5703125000 -87.3506622314 
109027.8828125000 -87.3255920410 
109405.4921875000 -87.2947616577 
109784.4140625000 -87.2587509155 
110164.6484375000 -87.2212829590 
110546.0781250000 -87.1848220825 
110928.9453125000 -87.1508865356 
111313.1484375000 -87.1231536865 
111698.6718750000 -87.1032257080 
112085.5390625000 -87.0909500122 
112473.7421875000 -87.0872421265 
112863.2890625000 -87.0952758789 
113254.1875000000 -87.1169357300 
113646.3125000000 -87.1484832764 
114039.9218750000 -87.1879119873 
114434.8906250000 -87.2323837280 
114831.2343750000 -87.2732696533 
115228.9453125000 -87.3035888672 
115628.0312500000 -87.3193588257 
116028.5078125000 -87.3173599243 
116430.3671875000 -87.2924880981 
116833.4921875000 -87.2470550537 
117238.1406250000 -87.1912612915 
117644.1875000000 -87.1316909790 
118051.6406250000 -87.0754241943 
118460.5078125000 -87.0326843262 
118870.7890625000 -87.0102920532 
119282.4921875000 -87.0063400269 
119695.6250000000 -87.0200347900 
120110.0546875000 -87.0498123169 
120526.0468750000 -87.0942153931 
120943.4843750000 -87.1501083374 
121362.3671875000 -87.2075195313 
121782.6953125000 -87.2574615479 
122204.4843750000 -87.2908401489 
122627.7343750000 -87.2999801636 
123052.4531250000 -87.2797012329 
123478.5000000000 -87.2400741577 
123906.1640625000 -87.1975860596 
124335.3125000000 -87.1617965698 
124765.9375000000 -87.1384582520 
125198.0625000000 -87.1293640137 
125631.6796875000 -87.1330566406 
126066.7968750000 -87.1485977173 
126503.4218750000 -87.1710281372 
126941.5625000000 -87.1963577271 
127381.0781250000 -87.2190628052 
127822.2578125000 -87.2333679199 
128264.9609375000 -87.2348937988 
128709.2031250000 -87.2222976685 
129154.9843750000 -87.1974945068 
129602.3046875000 -87.1669998169 
130051.1796875000 -87.1366348267 
130501.6015625000 -87.1108474731 
130953.4453125000 -87.0929718018 
131407.0000000000 -87.0845565796 
131862.1250000000 -87.0851364136 
132318.8125000000 -87.0925369263 
132777.0937500000 -87.1042022705 
133236.9687500000 -87.1190719604 
133698.4218750000 -87.1381454468 
134161.4843750000 -87.1623153687 
134626.0000000000 -87.1906890869 
135092.2656250000 -87.2202148438 
135560.1562500000 -87.2475128174 
136029.6562500000 -87.2716217041 
136500.7968750000 -87.2952423096 
136973.5625000000 -87.3227462769 
137447.9531250000 -87.3555526733 
137924.0000000000 -87.3885574341 
138401.5468750000 -87.4117050171 
138880.8906250000 -87.4169311523 
139361.9062500000 -87.4044723511 
139844.5781250000 -87.3811035156 
140328.9218750000 -87.3520202637 
140814.9375000000 -87.3142089844 
141302.6406250000 -87.2618408203 
141792.0468750000 -87.1937561035 
142282.9843750000 -87.1172943115 
142775.7656250000 -87.0456695557 
143270.2656250000 -86.9923171997 
143766.4687500000 -86.9657211304 
144264.4062500000 -86.9675521851 
144764.0625000000 -86.9935531616 
145265.4375000000 -87.0358428955 
145768.5625000000 -87.0848999023 
146273.2656250000 -87.1311340332 
146779.8750000000 -87.1667251587 
147288.2343750000 -87.1939315796 
147798.3593750000 -87.1977310181 
148310.2500000000 -87.1991653442 
148823.9218750000 -87.2061386108 
149339.3750000000 -87.2217407227 
149856.5937500000 -87.2431030273 
150375.4531250000 -87.2644500732 
150896.2656250000 -87.2820358276 
151418.8906250000 -87.2967147827 
151943.3281250000 -87.3117523193 
152469.5781250000 -87.3283309937 
152997.6406250000 -87.3434753418 
153527.5468750000 -87.3525390625 
154059.2812500000 -87.3532333374 
154592.6875000000 -87.3469085693 
155128.1093750000 -87.3361511230 
155665.3906250000 -87.3224945068 
156204.5312500000 -87.3074035645 
156745.5468750000 -87.2940216064 
157288.4218750000 -87.2853622437 
157833.1875000000 -87.2792129517 
158379.8281250000 -87.2665710449 
158928.3750000000 -87.2162094116 
159478.6406250000 -87.1487731934 
160030.9843750000 -87.1184692383 
160585.2500000000 -87.1118774414 
161141.4218750000 -87.1235885620 
161699.5312500000 -87.1412734985 
162259.5781250000 -87.1578369141 
162821.5468750000 -87.1775512695 
163385.4687500000 -87.2112350464 
163951.1718750000 -87.2655868530 
164519.0156250000 -87.3682632446 
165088.8125000000 -87.4438018799 
165660.5937500000 -87.4484176636 
166234.3437500000 -87.4190673828 
166810.0937500000 -87.3719787598 
167387.8281250000 -87.3249282837 
167967.5781250000 -87.2883605957 
168549.1406250000 -87.2636260986 
169132.9062500000 -87.2399902344 
169718.6875000000 -87.2210083008 
170306.5000000000 -87.2096252441 
170896.3437500000 -87.1983489990 
171488.2343750000 -87.1847839355 
172082.1718750000 -87.1663818359 
172678.1718750000 -87.1302795410 
173276.0468750000 -87.0969848633 
173876.1875000000 -87.0892868042 
174478.3906250000 -87.1025466919 
175082.6875000000 -87.1393432617 
175689.0781250000 -87.2193756104 
176297.5781250000 -87.2866821289 
176908.1718750000 -87.3070144653 
177520.8906250000 -87.3112258911 
178135.5312500000 -87.3073730469 
178752.4843750000 -87.3013381958 
179371.5937500000 -87.2977066040 
179992.8437500000 -87.2866592407 
180616.2343750000 -87.2565460205 
181241.7968750000 -87.2051467896 
181869.5156250000 -87.1244277954 
182499.4062500000 -87.0978164673 
183131.2812500000 -87.1312026978 
183765.5468750000 -87.1825561523 
184402.0156250000 -87.2266921997 
185040.6875000000 -87.2136230469 
185681.5625000000 -87.1858749390 
186324.6718750000 -87.1627502441 
186969.9843750000 -87.1454391479 
187617.5468750000 -87.1400527954 
188267.1562500000 -87.1425018311 
188919.2031250000 -87.1513290405 
189573.5156250000 -87.1580123901 
190230.0937500000 -87.1610488892 
190888.9531250000 -87.1689987183 
191550.0937500000 -87.1992034912 
192213.5156250000 -87.2405166626 
192879.2343750000 -87.2654876709 
193547.0468750000 -87.2916564941 
194217.3906250000 -87.3108062744 
194890.0468750000 -87.3229446411 
195565.0468750000 -87.3458328247 
196242.3750000000 -87.3696441650 
196922.0468750000 -87.3738632202 
197604.0781250000 -87.3435287476 
198288.4843750000 -87.2937850952 
198975.0156250000 -87.2708511353 
199664.1562500000 -87.2581024170 
200355.6875000000 -87.2357177734 
201049.6093750000 -87.2016525269 
201745.9375000000 -87.1527175903 
202444.6718750000 -87.1460494995 
203145.8281250000 -87.2071609497 
203849.4218750000 -87.2916183472 
204555.4375000000 -87.3321151733 
205263.6875000000 -87.3340377808 
205974.6093750000 -87.2964630127 
206688.0000000000 -87.2731170654 
207403.8437500000 -87.2774887085 
208122.1875000000 -87.2796020508 
208843.0000000000 -87.2481079102 
209566.3125000000 -87.1924285889 
210292.1406250000 -87.1565551758 
211020.2500000000 -87.1554031372 
211751.1093750000 -87.1680145264 
212484.5000000000 -87.1672134399 
213220.4218750000 -87.1612854004 
213958.9062500000 -87.1664810181 
214699.9375000000 -87.1923217773 
215443.5468750000 -87.2284240723 
216189.7343750000 -87.2550430298 
216938.2500000000 -87.2615280151 
217689.6093750000 -87.2546310425 
218443.5625000000 -87.2378234863 
219200.1406250000 -87.2243499756 
219959.3281250000 -87.2346954346 
220721.1406250000 -87.2662124634 
221485.5937500000 -87.3027954102 
222252.7031250000 -87.3324127197 
223022.2187500000 -87.3631439209 
223794.6562500000 -87.3941802979 
224569.7500000000 -87.3874664307 
225347.5468750000 -87.3283004761 
226128.0156250000 -87.2439346313 
226911.2031250000 -87.1908340454 
227697.0937500000 -87.1838226318 
228485.7187500000 -87.1806716919 
229276.8125000000 -87.1593933105 
230070.9062500000 -87.1396026611 
230867.7500000000 -87.1582641602 
231667.3437500000 -87.2174224854 
232469.7187500000 -87.2932739258 
233274.8593750000 -87.3474273682 
234082.7968750000 -87.3345718384 
234893.5312500000 -87.2561111450 
235706.8281250000 -87.1475524902 
236523.1875000000 -87.0631408691 
237342.3750000000 -87.0478668213 
238164.3906250000 -87.0842971802 
238989.2656250000 -87.0927124023 
239816.9843750000 -87.0563888550 
240647.5937500000 -87.0198287964 
241481.0625000000 -87.0312347412 
242317.1562500000 -87.0922775269 
243156.4062500000 -87.1188659668 
243998.5625000000 -87.1064758301 
244843.6406250000 -87.1040496826 
245691.6562500000 -87.1419219971 
246542.5937500000 -87.1925430298 
247396.4843750000 -87.2278900146 
248253.3281250000 -87.2392196655 
249112.8593750000 -87.2595062256 
249975.6562500000 -87.2857284546 
250841.4375000000 -87.2912902832 
251710.2187500000 -87.2900543213 
252582.0000000000 -87.2939376831 
253456.8125000000 -87.3027725220 
254334.6406250000 -87.2961730957 
255215.5156250000 -87.2624359131 
256099.4531250000 -87.1959304810 
256986.1562500000 -87.1033020020 
257876.2187500000 -87.0153656006 
258769.3593750000 -86.9631958008 
259665.5937500000 -87.0345382690 
260564.9375000000 -87.2356491089 
261467.3906250000 -87.3680801392 
262372.9687500000 -87.4121932983 
263281.6875000000 -87.3727416992 
264193.2500000000 -87.2992019653 
265108.2812500000 -87.2891998291 
266026.4687500000 -87.3303604126 
266947.8437500000 -87.3695755005 
267872.4062500000 -87.3707427979 
268800.1562500000 -87.3155364990 
269731.1562500000 -87.2285995483 
270665.3437500000 -87.1550140381 
271602.4687500000 -87.1307601929 
272543.1562500000 -87.1376342773 
273487.0937500000 -87.1740493774 
274434.3125000000 -87.2143630981 
275384.8125000000 -87.2020721436 
276338.5937500000 -87.1261901855 
277295.6875000000 -87.0713043213 
278256.0625000000 -87.1192550659 
279219.5000000000 -87.1983413696 
280186.5625000000 -87.2489471436 
281156.9687500000 -87.2675094604 
282130.7500000000 -87.3106002808 
283107.9062500000 -87.3602523804 
284088.4375000000 -87.3270492554 
285072.3437500000 -87.2894439697 
286059.6875000000 -87.3095245361 
287050.1250000000 -87.2754821777 
288044.3125000000 -87.1763763428 
289041.9375000000 -87.1081237793 
290043.0312500000 -87.1000137329 
291047.5625000000 -87.1733016968 
292055.5937500000 -87.2722854614 
293067.1250000000 -87.2443237305 
294082.1562500000 -87.1573181152 
295100.3750000000 -87.1877136230 
296122.4375000000 -87.2563018799 
297148.0312500000 -87.2568359375 
298177.1875000000 -87.2581634521 
299209.9062500000 -87.2509689331 
300246.2187500000 -87.2139511108 
301286.1250000000 -87.2182388306 
302329.5937500000 -87.2092666626 
303376.3750000000 -87.1791381836 
304427.0937500000 -87.1396713257 
305481.4687500000 -87.1000747681 
306539.5000000000 -87.0682144165 
307601.1875000000 -87.0609207153 
308666.5312500000 -87.0703735352 
309735.5937500000 -87.0974121094 
310808.3437500000 -87.1379547119 
311884.4687500000 -87.1743011475 
312964.6875000000 -87.2041702271 
314048.6250000000 -87.2164077759 
315136.3125000000 -87.2144393921 
316227.7812500000 -87.2041778564 
317323.0000000000 -87.1875305176 
318422.0312500000 -87.1690063477 
319524.8750000000 -87.1502380371 
320631.5312500000 -87.1311492920 
321741.6875000000 -87.1111221313 
322856.0312500000 -87.0918273926 
323974.2187500000 -87.0758285522 
325096.2812500000 -87.0648269653 
326222.2500000000 -87.0657882690 
327352.0937500000 -87.0758895874 
328485.8750000000 -87.0915374756 
329623.5625000000 -87.1104278564 
330764.8437500000 -87.1247634888 
331910.4062500000 -87.1307601929 
333059.9687500000 -87.1279525757 
334213.5312500000 -87.1157226563 
335371.0625000000 -87.0927581787 
336532.5937500000 -87.0668334961 
337698.1562500000 -87.0422973633 
338867.7500000000 -87.0231018066 
340041.0312500000 -87.0185012817 
341218.7500000000 -87.0305786133 
342400.5625000000 -87.0545425415 
343586.4375000000 -87.0864028931 
344776.4375000000 -87.1196594238 
345970.5625000000 -87.1415863037 
347168.8125000000 -87.1511383057 
348371.2187500000 -87.1501159668 
349577.4062500000 -87.1419372559 
350788.1250000000 -87.1342315674 
352003.0625000000 -87.1369476318 
353222.2187500000 -87.1514358521 
354445.5937500000 -87.1770172119 
355673.1875000000 -87.2111206055 
356905.0625000000 -87.2480239868 
358141.1875000000 -87.2787094116 
359381.1875000000 -87.2992630005 
360625.9062500000 -87.3073501587 
361874.9062500000 -87.3018341064 
363128.2500000000 -87.2827377319 
364385.9062500000 -87.2538375854 
365647.9375000000 -87.2266769409 
366914.3437500000 -87.2089691162 
368185.1562500000 -87.2058792114 
369459.9375000000 -87.2189483643 
370739.5312500000 -87.2445220947 
372023.5937500000 -87.2709350586 
373312.0625000000 -87.2900466919 
374605.0312500000 -87.3015747070 
375902.4375000000 -87.3088912964 
377204.3750000000 -87.3172531128 
378510.7812500000 -87.3316268921 
379821.3437500000 -87.3554077148 
381136.8125000000 -87.3873062134 
382456.8750000000 -87.4238052368 
383781.5000000000 -87.4606704712 
385110.7187500000 -87.4926223755 
386444.5312500000 -87.5145263672 
387782.9687500000 -87.5231094360 
389126.0312500000 -87.5186843872 
390473.3125000000 -87.5051040649 
391825.6875000000 -87.4885864258 
393182.7812500000 -87.4701614380 
394544.5312500000 -87.4471664429 
395911.0312500000 -87.4147109985 
397282.2500000000 -87.3678512573 
398658.2187500000 -87.3044357300 
400038.9375000000 -87.2278823853 
401424.4687500000 -87.1487503052 
402814.3437500000 -87.0835494995 
404209.4687500000 -87.0507965088 
405609.4375000000 -87.0519561768 
407014.2500000000 -87.0773315430 
408423.9062500000 -87.1100082397 
409838.4687500000 -87.1351928711 
411257.9375000000 -87.1476898193 
412682.3125000000 -87.1523056030 
414111.1562500000 -87.1573944092 
415545.4062500000 -87.1670227051 
416984.6250000000 -87.1784133911 
418428.8437500000 -87.1867828369 
419878.0625000000 -87.1923294067 
421332.2812500000 -87.2018814087 
422791.5312500000 -87.2233734131 
424255.8750000000 -87.2592086792 
425724.7812500000 -87.3052978516 
427199.2500000000 -87.3551406860 
428678.8437500000 -87.4026565552 
430163.5625000000 -87.4417419434 
431653.4062500000 -87.4649810791 
433148.4062500000 -87.4667053223 
434648.5937500000 -87.4478378296 
436154.0000000000 -87.4176864624 
437664.1250000000 -87.3901443481 
439179.9375000000 -87.3765335083 
440701.0312500000 -87.3796386719 
442227.3750000000 -87.3945236206 
443759.0000000000 -87.4009246826 
445295.9375000000 -87.3879470825 
446838.2187500000 -87.3531951904 
448385.8125000000 -87.3048248291 
449938.2812500000 -87.2561340332 
451496.6250000000 -87.2177276611 
453060.3437500000 -87.1926498413 
454629.5000000000 -87.1777191162 
456204.0937500000 -87.1692886353 
457784.1562500000 -87.1676254272 
459369.6562500000 -87.1755752563 
460960.6562500000 -87.1936492920 
462556.6562500000 -87.2177810669 
464158.7187500000 -87.2421875000 
465766.3125000000 -87.2638854980 
467379.4687500000 -87.2837829590 
468998.2187500000 -87.3037567139 
470622.5625000000 -87.3231124878 
472252.5625000000 -87.3414077759 
473888.1875000000 -87.3432464600 
475528.9375000000 -87.3387756348 
477175.9062500000 -87.3375320435 
478828.5937500000 -87.3396835327 
480487.0000000000 -87.3360748291 
482151.1250000000 -87.3139190674 
483821.0312500000 -87.2683258057 
485496.7500000000 -87.2095336914 
487178.2187500000 -87.1579360962 
488865.0000000000 -87.1315231323 
490558.1875000000 -87.1519851685 
492257.1875000000 -87.2115631104 
493962.1250000000 -87.2558822632 
495672.9375000000 -87.2893524170 
497389.6562500000 -87.3051834106 
499112.3437500000 -87.3032379150 
500841.0000000000 -87.2907638550 
502575.6562500000 -87.2789993286 
504315.7500000000 -87.2822189331 
506062.4062500000 -87.3072814941 
507815.1250000000 -87.3318405151 
509573.9375000000 -87.3572921753 
511338.8125000000 -87.3789520264 
513109.8125000000 -87.3881378174 
514886.9375000000 -87.3491897583 
516670.2500000000 -87.2484436035 
518459.1250000000 -87.1585769653 
520254.7812500000 -87.0811843872 
522056.6562500000 -87.0418472290 
523864.7812500000 -87.0577545166 
525679.1875000000 -87.1877670288 
527499.8125000000 -87.3710708618 
529326.8125000000 -87.4755783081 
531160.1250000000 -87.5379638672 
532999.1875000000 -87.5560455322 
534845.1875000000 -87.5268859863 
536697.6250000000 -87.4752731323 
538556.4375000000 -87.4345321655 
540421.6875000000 -87.3860931396 
542293.4375000000 -87.2938690186 
544171.6250000000 -87.1976699829 
546056.3125000000 -87.1510391235 
547947.0000000000 -87.1308975220 
549844.7500000000 -87.1388931274 
551749.1250000000 -87.1867752075 
553660.0625000000 -87.2381362915 
555577.6875000000 -87.2541351318 
557501.8750000000 -87.2473220825 
559432.7500000000 -87.1986846924 
561370.3125000000 -87.1426010132 
563314.0000000000 -87.1266250610 
565265.0000000000 -87.1539230347 
567222.7500000000 -87.2092514038 
569187.3125000000 -87.2409362793 
571158.6875000000 -87.2609481812 
573136.8750000000 -87.2845764160 
575121.8750000000 -87.3181686401 
577113.8125000000 -87.3414535522 
579112.0000000000 -87.3440551758 
581117.6875000000 -87.3037872314 
583130.3750000000 -87.2607498169 
585150.0000000000 -87.2034759521 
587176.6875000000 -87.1607971191 
589210.3125000000 -87.1377410889 
591251.0000000000 -87.1113739014 
593298.8125000000 -87.1048126221 
595353.0000000000 -87.1180038452 
597415.0000000000 -87.1556015015 
599484.1250000000 -87.2011337280 
601560.3750000000 -87.2301940918 
603643.8750000000 -87.2526626587 
605734.5625000000 -87.2472000122 
607832.5000000000 -87.2379150391 
609937.6875000000 -87.2519836426 
612049.5000000000 -87.2716598511 
614169.3125000000 -87.2937393188 
616296.4375000000 -87.3063812256 
618431.0000000000 -87.3106994629 
620572.8750000000 -87.3000946045 
622722.1875000000 -87.2669906616 
624879.0000000000 -87.2344207764 
627043.2500000000 -87.2292327881 
629214.2500000000 -87.2428436279 
631393.5000000000 -87.2438659668 
633580.3125000000 -87.2386550903 
635774.6875000000 -87.2470169067 
637976.6875000000 -87.2660293579 
640186.2500000000 -87.2689895630 
642403.5625000000 -87.2770385742 
644628.5000000000 -87.3503875732 
646861.1250000000 -87.4696121216 
649100.7500000000 -87.5451507568 
651348.8750000000 -87.5269851685 
653604.8125000000 -87.4419784546 
655868.5625000000 -87.3750686646 
658140.1250000000 -87.3421249390 
660419.5625000000 -87.3062667847 
662706.8750000000 -87.2691802979 
665002.1250000000 -87.2577133179 
667304.6250000000 -87.2748489380 
669615.8125000000 -87.2870407104 
671935.0000000000 -87.2747192383 
674262.1875000000 -87.2497329712 
676597.5000000000 -87.2224121094 
678940.8125000000 -87.1938171387 
681292.3125000000 -87.1601562500 
683651.9375000000 -87.1283264160 
686019.0000000000 -87.1087036133 
688395.0000000000 -87.1050262451 
690779.1875000000 -87.1398315430 
693171.6875000000 -87.2525329590 
695572.4375000000 -87.3573989868 
697981.5625000000 -87.4153976440 
700398.9375000000 -87.4021377563 
702824.7500000000 -87.3167724609 
705258.1875000000 -87.2214813232 
707700.8125000000 -87.1498260498 
710151.9375000000 -87.0770034790 
712611.5000000000 -87.0625381470 
715079.5625000000 -87.1565628052 
717556.2500000000 -87.3746948242 
720041.4375000000 -87.4731292725 
722535.3125000000 -87.4190673828 
725036.9375000000 -87.3016738892 
727548.0625000000 -87.2240295410 
730067.9375000000 -87.2268905640 
732596.5000000000 -87.2469940186 
735133.8125000000 -87.2166213989 
737679.8750000000 -87.1197814941 
740234.8125000000 -87.0419387817 
742798.5625000000 -87.0192947388 
745370.4375000000 -87.1118087769 
747952.0000000000 -87.2670593262 
750542.4375000000 -87.3491058350 
753141.9375000000 -87.4087295532 
755750.4375000000 -87.4957885742 
758367.9375000000 -87.5347442627 
760994.5000000000 -87.5133972168 
763630.1875000000 -87.4479217529 
766274.1250000000 -87.3798065186 
768928.0625000000 -87.2938766479 
771591.1875000000 -87.1417007446 
774263.5625000000 -86.9486999512 
776945.1875000000 -86.9109344482 
779636.1250000000 -86.9797058105 
782336.3750000000 -87.0718383789 
785045.9375000000 -87.1620788574 
787764.0625000000 -87.2231979370 
790492.4375000000 -87.2647476196 
793230.2500000000 -87.2806549072 
795977.5625000000 -87.2561492920 
798734.4375000000 -87.2401275635 
801500.8125000000 -87.2350540161 
804276.7500000000 -87.1801452637 
807062.3125000000 -87.1461486816 
809857.5625000000 -87.1696395874 
812661.5625000000 -87.2224731445 
815476.1875000000 -87.2412261963 
818300.5625000000 -87.2800369263 
821134.6875000000 -87.3234481812 
823978.6875000000 -87.3075637817 
826832.5000000000 -87.2497863770 
829696.1875000000 -87.1916503906 
832569.8125000000 -87.2011642456 
835452.4375000000 -87.2309188843 
838346.0000000000 -87.2317199707 
841249.5625000000 -87.2151260376 
844163.1875000000 -87.2125473022 
847086.9375000000 -87.2483062744 
850020.7500000000 -87.3073043823 
852964.7500000000 -87.3681716919 
855919.0000000000 -87.4616622925 
858882.4375000000 -87.5686645508 
861857.1875000000 -87.5552062988 
864842.1875000000 -87.4774017334 
867837.5000000000 -87.4248886108 
870843.2500000000 -87.3640365601 
873859.3750000000 -87.2773208618 
876885.9375000000 -87.2487411499 
879923.0000000000 -87.3342666626 
882969.5625000000 -87.4400787354 
886027.6875000000 -87.4933700562 
889096.4375000000 -87.5625076294 
892175.7500000000 -87.6280746460 
895265.7500000000 -87.5441360474 
898366.5000000000 -87.3417739868 
901477.9375000000 -87.2100830078 
904600.1875000000 -87.2078704834 
907732.1875000000 -87.2322387695 
910876.1250000000 -87.2092056274 
914030.8750000000 -87.1625137329 
917196.5625000000 -87.1824569702 
920373.2500000000 -87.2917404175 
923560.9375000000 -87.4311294556 
926759.6250000000 -87.4955673218 
929969.4375000000 -87.4732360840 
933189.3125000000 -87.4549255371 
936421.3750000000 -87.4550704956 
939664.6250000000 -87.4268417358 
942919.0625000000 -87.3496246338 
946184.8750000000 -87.2860870361 
949461.9375000000 -87.2667694092 
952750.3125000000 -87.2526092529 
956050.1250000000 -87.2313613892 
959360.3125000000 -87.2057495117 
962683.0000000000 -87.2194061279 
966017.2500000000 -87.3007202148 
969363.0000000000 -87.2966766357 
972720.3125000000 -87.1977005005 
976089.3125000000 -87.1473388672 
979469.9375000000 -87.2284164429 
982862.3125000000 -87.3225784302 
986265.3125000000 -87.3807525635 
989681.1875000000 -87.4211120605 
993108.9375000000 -87.4081192017 
996548.5000000000 -87.3415298462 
1000000.0000000000 -87.1627502441 
1003463.4375000000 -87.1564483643 
1006938.8750000000 -87.1540832520 
1010426.3750000000 -87.1591873169 
1013925.9375000000 -87.1640701294 
1017436.5000000000 -87.1669845581 
1020960.3750000000 -87.1634826660 
1024496.4375000000 -87.1528701782 
1028044.6875000000 -87.1325378418 
1031605.3125000000 -87.1091308594 
1035178.1875000000 -87.0917587280 
1038763.5000000000 -87.0848999023 
1042361.2500000000 -87.0998916626 
1045970.2500000000 -87.1422576904 
1049592.8750000000 -87.2008514404 
1053228.1250000000 -87.2864990234 
1056875.8750000000 -87.3731994629 
1060536.3750000000 -87.4581756592 
1064209.5000000000 -87.5271835327 
1067895.3750000000 -87.5854492188 
1071594.0000000000 -87.6163101196 
1075304.1250000000 -87.6408767700 
1079028.5000000000 -87.6544570923 
1082765.6250000000 -87.6659317017 
1086515.7500000000 -87.6762084961 
1090278.8750000000 -87.6831054688 
1094055.0000000000 -87.6847152710 
1097844.1250000000 -87.6785202026 
1101646.5000000000 -87.6577911377 
1105460.7500000000 -87.6313629150 
1109289.5000000000 -87.5968246460 
1113131.5000000000 -87.5652618408 
1116986.7500000000 -87.5358428955 
1120855.3750000000 -87.5180816650 
1124737.3750000000 -87.5023498535 
1128632.8750000000 -87.4892654419 
1132541.8750000000 -87.4700393677 
1136463.1250000000 -87.4472885132 
1140399.2500000000 -87.4187240601 
1144348.8750000000 -87.3938598633 
1148312.3750000000 -87.3743743896 
1152289.5000000000 -87.3701782227 
1156280.3750000000 -87.3787994385 
1160285.1250000000 -87.3939056396 
1164303.6250000000 -87.4115066528 
1168334.8750000000 -87.4222335815 
1172381.3750000000 -87.4280776978 
1176441.8750000000 -87.4273147583 
1180516.3750000000 -87.4313125610 
1184605.1250000000 -87.4403228760 
1188707.8750000000 -87.4638214111 
1192824.8750000000 -87.4923477173 
1196956.2500000000 -87.5215225220 
1201100.5000000000 -87.5394744873 
1205260.5000000000 -87.5366058350 
1209434.8750000000 -87.5179367065 
1213623.6250000000 -87.4771499634 
1217827.0000000000 -87.4294204712 
1222044.8750000000 -87.3837966919 
1226277.3750000000 -87.3472213745 
1230524.5000000000 -87.3298034668 
1234785.0000000000 -87.3205490112 
1239061.6250000000 -87.3181610107 
1243353.1250000000 -87.3114471436 
1247659.3750000000 -87.2972335815 
1251980.6250000000 -87.2764816284 
1256316.7500000000 -87.2495193481 
1260668.0000000000 -87.2261734009 
1265034.2500000000 -87.2100830078 
1269415.6250000000 -87.2046127319 
1273810.7500000000 -87.2233963013 
1278222.6250000000 -87.2581329346 
1282649.6250000000 -87.3076324463 
1287092.0000000000 -87.3724441528 
1291549.8750000000 -87.4440460205 
1296023.0000000000 -87.5159606934 
1300511.7500000000 -87.5855331421 
1305016.0000000000 -87.6454010010 
1309534.5000000000 -87.6915206909 
1314070.0000000000 -87.7235412598 
1318621.1250000000 -87.7399978638 
1323188.1250000000 -87.7348098755 
1327771.0000000000 -87.7198104858 
1332369.6250000000 -87.7009963989 
1336984.2500000000 -87.6825485229 
1341614.8750000000 -87.6698226929 
1346260.0000000000 -87.6553421021 
1350922.6250000000 -87.6333007813 
1355601.5000000000 -87.6004180908 
1360296.6250000000 -87.5551528931 
1365007.8750000000 -87.5168914795 
1369735.6250000000 -87.4978942871 
1374479.6250000000 -87.5038223267 
1379240.0000000000 -87.5385818481 
1384015.5000000000 -87.5950546265 
1388808.8750000000 -87.6522521973 
1393619.0000000000 -87.7028274536 
1398445.7500000000 -87.7407989502 
1403289.1250000000 -87.7597808838 
1408149.3750000000 -87.7590866089 
1413026.5000000000 -87.7467117310 
1417920.3750000000 -87.7282409668 
1422829.7500000000 -87.7096939087 
1427757.6250000000 -87.6981353760 
1432702.6250000000 -87.6945343018 
1437664.7500000000 -87.6928787231 
1442644.0000000000 -87.6900787354 
1447640.6250000000 -87.6844940186 
1452654.3750000000 -87.6764297485 
1457685.6250000000 -87.6660690308 
1462732.6250000000 -87.6506271362 
1467798.7500000000 -87.6272430420 
1472882.3750000000 -87.5954895020 
1477983.6250000000 -87.5577926636 
1483102.6250000000 -87.5201492310 
1488239.2500000000 -87.4953765869 
1493393.6250000000 -87.4884796143 
1498566.0000000000 -87.4987106323 
1503754.5000000000 -87.5198822021 
1508962.7500000000 -87.5425338745 
1514189.0000000000 -87.5572814941 
1519433.2500000000 -87.5606536865 
1524695.7500000000 -87.5635681152 
1529976.5000000000 -87.5749053955 
1535275.5000000000 -87.5909729004 
1540592.8750000000 -87.6001205444 
1545926.8750000000 -87.5909957886 
1551281.1250000000 -87.5611648560 
1556654.0000000000 -87.5224380493 
1562045.3750000000 -87.4947357178 
1567455.3750000000 -87.4802551270 
1572884.2500000000 -87.4649581909 
1578331.8750000000 -87.4412536621 
1583798.3750000000 -87.4159774780 
1589283.7500000000 -87.4061431885 
1594786.3750000000 -87.4276351929 
1600309.8750000000 -87.4842224121 
1605852.5000000000 -87.5640487671 
1611414.2500000000 -87.6457061768 
1616995.3750000000 -87.7069931030 
1622595.7500000000 -87.7420043945 
1628215.5000000000 -87.7568969727 
1633854.7500000000 -87.7606506348 
1639511.7500000000 -87.7587661743 
1645190.1250000000 -87.7511749268 
1650888.1250000000 -87.7349166870 
1656605.8750000000 -87.7093963623 
1662343.5000000000 -87.6796493530 
1668101.0000000000 -87.6539306641 
1673878.3750000000 -87.6371994019 
1679675.7500000000 -87.6275787354 
1685491.3750000000 -87.6204452515 
1691329.0000000000 -87.6145706177 
1697186.8750000000 -87.6110992432 
1703065.0000000000 -87.6071319580 
1708963.5000000000 -87.5944976807 
1714882.3750000000 -87.5672683716 
1720821.7500000000 -87.5323410034 
1726781.7500000000 -87.5070495605 
1732760.5000000000 -87.5087661743 
1738761.8750000000 -87.5425720215 
1744784.0000000000 -87.5968322754 
1750826.8750000000 -87.6487045288 
1756890.8750000000 -87.6753997803 
1762975.7500000000 -87.6671447754 
1769081.7500000000 -87.6299285889 
1775208.8750000000 -87.6008911133 
1781355.2500000000 -87.5939941406 
1787524.8750000000 -87.6019058228 
1793715.8750000000 -87.6076736450 
1799928.3750000000 -87.6076736450 
1806162.3750000000 -87.6148910522 
1812417.8750000000 -87.6399078369 
1818695.1250000000 -87.6740264893 
1824994.1250000000 -87.6926879883 
1831312.8750000000 -87.6753768921 
1837655.5000000000 -87.6249084473 
1844020.1250000000 -87.5680847168 
1850406.8750000000 -87.5355911255 
1856815.6250000000 -87.5413436890 
1863246.6250000000 -87.5819778442 
1869699.8750000000 -87.6503295898 
1876175.5000000000 -87.7390136719 
1882671.5000000000 -87.8303604126 
1889192.0000000000 -87.9081115723 
1895735.2500000000 -87.9048538208 
1902301.0000000000 -87.8692016602 
1908889.5000000000 -87.8234405518 
1915500.8750000000 -87.7707061768 
1922135.1250000000 -87.7173385620 
1928792.3750000000 -87.6760101318 
1935470.5000000000 -87.6540985107 
1942173.8750000000 -87.6433181763 
1948900.5000000000 -87.6298370361 
1955650.5000000000 -87.6165008545 
1962423.7500000000 -87.6510696411 
1969220.5000000000 -87.7522659302 
1976040.8750000000 -87.8132171631 
1982884.7500000000 -87.8243255615 
1989750.2500000000 -87.7864227295 
1996641.6250000000 -87.7282867432 
2003556.8750000000 -87.6788253784 
2010496.1250000000 -87.6550369263 
2017459.3750000000 -87.6948928833 
2024446.7500000000 -87.7994766235 
2031458.3750000000 -87.8573303223 
2038494.2500000000 -87.8562393188 
2045554.5000000000 -87.8022918701 
2052636.8750000000 -87.7444686890 
2059746.1250000000 -87.7312774658 
2066879.8750000000 -87.7499618530 
2074038.5000000000 -87.7314682007 
2081221.7500000000 -87.6845016479 
2088430.0000000000 -87.6309280396 
2095663.2500000000 -87.5941619873 
2102921.5000000000 -87.5969467163 
2110202.5000000000 -87.6403961182 
2117511.0000000000 -87.6760482788 
2124845.0000000000 -87.7091445923 
2132204.2500000000 -87.7350769043 
2139589.0000000000 -87.7421798706 
2146999.5000000000 -87.7267990112 
2154435.5000000000 -87.7329101563 
2161897.2500000000 -87.7762451172 
2169382.5000000000 -87.9096374512 
2176896.0000000000 -88.0393295288 
2184435.7500000000 -88.0649719238 
2192001.2500000000 -88.0448455811 
2199593.2500000000 -88.0258331299 
2207211.5000000000 -88.0847473145 
2214856.0000000000 -88.1560516357 
2222527.0000000000 -88.2110748291 
2230222.2500000000 -88.2278747559 
2237946.5000000000 -88.2088470459 
2245697.5000000000 -88.2120666504 
2253475.5000000000 -88.2555999756 
2261280.2500000000 -88.4090499878 
2269112.0000000000 -88.5958633423 
2276971.0000000000 -88.6908721924 
2284857.2500000000 -88.7577743530 
2292768.2500000000 -88.8787994385 
2300709.0000000000 -89.0687942505 
2308677.5000000000 -89.2084732056 
2316673.5000000000 -89.3464889526 
2324697.2500000000 -89.4274826050 
2332748.7500000000 -89.4852371216 
2340828.0000000000 -89.6106872559 
2348935.2500000000 -89.7624893188 
2357068.2500000000 -89.8668670654 
2365231.7500000000 -90.0094757080 
2373423.7500000000 -90.1403198242 
2381644.0000000000 -90.2395172119 
2389892.7500000000 -90.4473571777 
2398170.0000000000 -90.7009201050 
2406475.7500000000 -90.8701019287 
2414810.5000000000 -91.1230087280 
2423171.5000000000 -91.4121704102 
2431564.0000000000 -91.7227401733 
2439985.7500000000 -91.9815063477 
2448436.5000000000 -92.1057891846 
2456916.5000000000 -92.3171310425 
2465426.0000000000 -92.6382675171 
2473964.7500000000 -93.0777969360 
2482533.2500000000 -93.5484161377 
2491128.7500000000 -93.8464660645 
2499756.5000000000 -94.2477722168 
2508414.2500000000 -94.6026229858 
2517102.2500000000 -94.8981323242 
2525820.0000000000 -95.1698303223 
2534568.0000000000 -95.3579864502 
2543346.5000000000 -95.7231216431 
2552155.2500000000 -96.2147979736 
2560994.5000000000 -96.7735443115 
2569861.5000000000 -97.2893371582 
2578762.2500000000 -97.7339019775 
2587693.5000000000 -98.2048950195 
2596656.0000000000 -98.7205581665 
2605649.2500000000 -99.2492828369 
2614673.7500000000 -99.7888641357 
2623729.7500000000 -100.3997879028 
2632816.7500000000 -101.0706024170 
2641932.5000000000 -101.7636718750 
2651082.7500000000 -102.4390869141 
2660264.7500000000 -103.1362686157 
2669478.5000000000 -103.8641357422 
2678724.0000000000 -104.6592407227 
2688001.7500000000 -105.4597702026 
2697311.5000000000 -106.2239913940 
2706653.5000000000 -106.9374618530 
2716024.7500000000 -107.7341766357 
2725431.7500000000 -108.5978164673 
2734871.0000000000 -109.4612960815 
2744343.2500000000 -110.2801513672 
2753848.0000000000 -111.1846084595 
2763386.0000000000 -112.2032012939 
2772956.7500000000 -113.6820144653 
2782560.7500000000 -114.7981796265 
2792195.0000000000 -115.8432693481 
2801865.5000000000 -116.9520797729 
2811569.7500000000 -118.1478500366 
2821307.5000000000 -119.8062515259 
2831079.0000000000 -120.9836883545 
2840884.2500000000 -122.1088256836 
2850723.5000000000 -123.3331909180 
2860597.0000000000 -124.5907363892 
2870501.2500000000 -126.2798233032 
2880443.2500000000 -127.4791641235 
2890419.5000000000 -128.5352478027 
2900430.2500000000 -129.8551025391 
2910475.7500000000 -130.8167724609 
2920556.0000000000 -131.6739196777 
2930671.2500000000 -132.4035491943 
2940821.5000000000 -132.9229888916 
2951003.7500000000 -133.4598846436 
2961224.2500000000 -133.8206787109 
2971480.5000000000 -133.8929595947 
2981772.0000000000 -133.8437194824 
2992099.2500000000 -133.8196258545 
3002462.2500000000 -133.4127960205 
3012861.0000000000 -133.4023132324 
3023296.0000000000 -133.3627624512 
3033763.7500000000 -133.3070220947 
3044271.0000000000 -133.2460327148 
3054814.7500000000 -133.1889190674 
3065395.0000000000 -133.1429595947 
3076011.7500000000 -133.1134643555 
3086665.5000000000 -133.1047821045 
3097356.0000000000 -133.1123504639 
3108083.5000000000 -133.1334075928 
3118844.7500000000 -133.1656036377 
3129646.7500000000 -133.2080535889 
3140486.2500000000 -133.2616882324 
3151363.0000000000 -133.3289947510 
3162277.7500000000 -133.4131774902 
3173230.0000000000 -133.5179443359 
3184220.5000000000 -133.6433105469 
3195248.7500000000 -133.7848968506 
3206315.5000000000 -133.9373931885 
3217416.7500000000 -134.0937805176 
3228560.2500000000 -134.2462615967 
3239742.2500000000 -134.3868713379 
3250962.7500000000 -134.5087890625 
3262222.5000000000 -134.6075592041 
3273521.0000000000 -134.6818695068 
3284858.7500000000 -134.7339019775 
3296235.5000000000 -134.7686614990 
3307648.2500000000 -134.7923736572 
3319104.2500000000 -134.8116760254 
3330599.7500000000 -134.8307952881 
3342135.2500000000 -134.8513183594 
3353710.5000000000 -134.8726501465 
3365326.0000000000 -134.8922271729 
3376981.5000000000 -134.9064025879 
3388677.5000000000 -134.9118347168 
3400410.5000000000 -134.9073181152 
3412187.5000000000 -134.8951110840 
3424005.5000000000 -134.8811187744 
3435864.5000000000 -134.8733215332 
3447764.2500000000 -134.8791656494 
3459705.5000000000 -134.9033660889 
3471688.0000000000 -134.9467926025 
3483712.0000000000 -135.0074005127 
3495774.0000000000 -135.0818786621 
3507881.5000000000 -135.1675109863 
3520030.7500000000 -135.2628936768 
3532222.2500000000 -135.3278350830 
3544456.0000000000 -135.4384155273 
3556732.0000000000 -135.5564880371 
3569050.5000000000 -135.6784973145 
3581411.7500000000 -135.7988891602 
3593812.0000000000 -135.9116668701 
3606259.0000000000 -136.0128479004 
3618749.0000000000 -136.1020050049 
3631282.5000000000 -136.1817321777 
3643859.2500000000 -136.2877960205 
3656479.5000000000 -136.3753051758 
3669143.5000000000 -136.4097747803 
3681851.5000000000 -136.4179077148 
3694599.2500000000 -136.3991699219 
3707395.5000000000 -136.3609771729 
3720235.7500000000 -136.3162841797 
3733120.7500000000 -136.2787017822 
3746050.2500000000 -136.2574005127 
3759024.5000000000 -136.2543792725 
3772043.7500000000 -136.2651062012 
3785108.0000000000 -136.2818450928 
3798213.2500000000 -136.2985992432 
3811368.2500000000 -136.3150482178 
3824568.7500000000 -136.3374023438 
3837815.0000000000 -136.3755950928 
3851107.0000000000 -136.4832153320 
3864445.2500000000 -136.6413726807 
3877829.5000000000 -136.7650756836 
3891260.2500000000 -136.8852386475 
3904733.2500000000 -136.9900817871 
3918257.0000000000 -137.0748748779 
3931827.7500000000 -137.1431121826 
3945445.5000000000 -137.2040252686 
3959110.2500000000 -137.2680511475 
3972822.5000000000 -137.3864288330 
3986582.2500000000 -137.5296478271 
4000389.5000000000 -137.6350555420 
4014244.7500000000 -137.7411499023 
4028143.5000000000 -137.8426971436 
4042094.7500000000 -137.9352416992 
4056094.2500000000 -138.0149841309 
4070142.5000000000 -138.1010437012 
4084239.2500000000 -138.1497039795 
4098384.7500000000 -138.1593933105 
4112579.2500000000 -138.1589965820 
4126823.0000000000 -138.1576538086 
4141111.5000000000 -138.1649780273 
4155454.0000000000 -138.2079467773 
4169846.2500000000 -138.2814941406 
4184288.5000000000 -138.3400878906 
4198780.5000000000 -138.3953552246 
4213323.0000000000 -138.4415588379 
4227915.5000000000 -138.4771881104 
4242558.5000000000 -138.5145874023 
4257248.0000000000 -138.5440368652 
4271992.5000000000 -138.5638732910 
4286788.5000000000 -138.5886535645 
4301635.5000000000 -138.6223602295 
4316534.0000000000 -138.6942596436 
4331484.0000000000 -138.7792816162 
4346486.0000000000 -138.8328704834 
4361540.0000000000 -138.8768463135 
4376641.0000000000 -138.9255676270 
4391799.5000000000 -138.9693603516 
4407010.0000000000 -139.0013885498 
4422273.5000000000 -139.0343322754 
4437590.0000000000 -139.0749053955 
4452959.5000000000 -139.1010742188 
4468382.0000000000 -139.1123657227 
4483858.0000000000 -139.1255493164 
4499383.0000000000 -139.1595611572 
4514966.0000000000 -139.2082061768 
4530603.5000000000 -139.2440185547 
4546295.0000000000 -139.2894287109 
4562041.0000000000 -139.3239746094 
4577841.5000000000 -139.3434295654 
4593696.5000000000 -139.3639984131 
4609606.5000000000 -139.3989410400 
4625566.5000000000 -139.4335632324 
4641587.0000000000 -139.4510955811 
4657663.0000000000 -139.4628143311 
4673794.5000000000 -139.4645996094 
4689982.0000000000 -139.4686889648 
4706225.5000000000 -139.4978179932 
4722525.5000000000 -139.5532226563 
4738881.5000000000 -139.6000976563 
4755289.5000000000 -139.6655578613 
4771759.0000000000 -139.7205047607 
4788286.0000000000 -139.7540740967 
4804870.0000000000 -139.8080291748 
4821511.5000000000 -139.8611145020 
4838210.5000000000 -139.8938598633 
4854967.5000000000 -139.8998870850 
4871782.5000000000 -139.8871917725 
4888650.0000000000 -139.8524017334 
4905581.5000000000 -139.8086700439 
4922572.0000000000 -139.7748565674 
4939621.0000000000 -139.7139129639 
4956729.5000000000 -139.6431121826 
4973896.5000000000 -139.5788421631 
4991123.5000000000 -139.5474853516 
5008410.0000000000 -139.5605316162 
5025756.5000000000 -139.6271972656 
5043157.5000000000 -139.7186126709 
5060624.0000000000 -139.8063812256 
5078151.5000000000 -139.8805084229 
5095739.5000000000 -139.9403228760 
5113388.0000000000 -139.9898834229 
5131098.0000000000 -140.0268402100 
5148869.5000000000 -140.0609436035 
5166702.5000000000 -140.0874786377 
5184591.5000000000 -140.1335601807 
5202548.0000000000 -140.1772613525 
5220566.5000000000 -140.2086791992 
5238648.0000000000 -140.2369537354 
5256791.5000000000 -140.2801055908 
5274998.5000000000 -140.3397369385 
5293268.0000000000 -140.3997955322 
5311601.0000000000 -140.4386138916 
5329991.5000000000 -140.4428405762 
5348452.0000000000 -140.4320068359 
5366976.0000000000 -140.4298400879 
5385564.5000000000 -140.4525756836 
5404217.0000000000 -140.5118103027 
5422934.0000000000 -140.6099853516 
5441716.5000000000 -140.6639251709 
5460563.5000000000 -140.6819610596 
5479470.0000000000 -140.6942443848 
5498447.5000000000 -140.7430877686 
5517491.5000000000 -140.8349151611 
5536601.0000000000 -140.9553527832 
5555776.5000000000 -141.0707702637 
5575019.0000000000 -141.1642303467 
5594327.5000000000 -141.2708282471 
5613703.5000000000 -141.3445739746 
5633140.0000000000 -141.4045715332 
5652650.0000000000 -141.4435577393 
5672228.0000000000 -141.4563598633 
5691873.5000000000 -141.4695129395 
5711587.0000000000 -141.5010833740 
5731368.5000000000 -141.5621032715 
5751219.0000000000 -141.6362304688 
5771138.0000000000 -141.7134246826 
5791120.0000000000 -141.8197021484 
5811177.0000000000 -141.9020080566 
5831304.0000000000 -141.9688873291 
5851500.0000000000 -142.0046081543 
5871766.5000000000 -141.9927215576 
5892103.0000000000 -141.9833526611 
5912510.5000000000 -142.0403594971 
5932988.0000000000 -142.1455078125 
5953530.0000000000 -142.2739257813 
5974150.0000000000 -142.4070587158 
5994841.0000000000 -142.4635772705 
6015604.0000000000 -142.4962158203 
6036438.5000000000 -142.5353546143 
6057345.5000000000 -142.5739593506 
6078325.0000000000 -142.6035766602 
6099377.0000000000 -142.6466369629 
6120495.0000000000 -142.7423400879 
6141693.0000000000 -142.8396301270 
6162964.5000000000 -142.9295959473 
6184310.0000000000 -142.9902954102 
6205729.0000000000 -142.9771728516 
6227222.0000000000 -142.9480133057 
6248790.0000000000 -142.9487762451 
6270432.0000000000 -142.9869232178 
6292142.5000000000 -143.0941314697 
6313935.0000000000 -143.2624816895 
6335803.0000000000 -143.4021759033 
6357747.0000000000 -143.5079040527 
6379767.0000000000 -143.5623779297 
6401863.0000000000 -143.5264282227 
6424035.5000000000 -143.4636840820 
6446284.5000000000 -143.4454498291 
6468611.0000000000 -143.4975585938 
6491007.5000000000 -143.6717681885 
6513489.0000000000 -143.9085083008 
6536048.0000000000 -144.1076660156 
6558685.5000000000 -144.2216796875 
6581401.0000000000 -144.2512359619 
6604195.5000000000 -144.2218627930 
6627069.0000000000 -144.1450042725 
6650021.5000000000 -144.0158386230 
6673046.0000000000 -143.9409790039 
6696158.0000000000 -144.0021667480 
6719350.0000000000 -144.1739349365 
6742622.0000000000 -144.3425903320 
6765974.5000000000 -144.4296569824 
6789408.5000000000 -144.4356994629 
6812923.0000000000 -144.3901977539 
6836519.5000000000 -144.3410949707 
6860190.0000000000 -144.3417968750 
6883950.0000000000 -144.4112396240 
6907792.0000000000 -144.5808105469 
6931717.0000000000 -144.7595977783 
6955724.5000000000 -144.8551330566 
6979815.5000000000 -144.8465423584 
7003989.5000000000 -144.7729339600 
7028247.5000000000 -144.6850128174 
7052582.0000000000 -144.6210937500 
7077008.0000000000 -144.6059570313 
7101519.0000000000 -144.6401824951 
7126115.0000000000 -144.6866302490 
7150796.0000000000 -144.7048492432 
7175562.5000000000 -144.6941528320 
7200414.5000000000 -144.6676330566 
7225353.0000000000 -144.6306762695 
7250369.5000000000 -144.6059265137 
7275481.0000000000 -144.6127929688 
7300679.0000000000 -144.6005859375 
7325965.0000000000 -144.5527648926 
7351338.0000000000 -144.5255584717 
7376799.0000000000 -144.5510864258 
7402348.0000000000 -144.5929107666 
7427986.0000000000 -144.6150665283 
7453704.0000000000 -144.6427307129 
7479519.5000000000 -144.7063446045 
7505424.5000000000 -144.7717132568 
7531419.5000000000 -144.7645111084 
7557504.0000000000 -144.6886138916 
7583679.0000000000 -144.6388092041 
7609945.0000000000 -144.6295166016 
7636301.5000000000 -144.6720275879 
7662741.0000000000 -144.7547760010 
7689280.5000000000 -144.8399658203 
7715912.0000000000 -144.9025115967 
7742636.0000000000 -144.8996124268 
7769452.0000000000 -144.8424072266 
7796361.5000000000 -144.7667083740 
7823363.5000000000 -144.7123870850 
7850459.5000000000 -144.6993713379 
7877640.5000000000 -144.7161712646 
7904924.5000000000 -144.7269439697 
7932302.5000000000 -144.7094421387 
7959776.0000000000 -144.6460418701 
7987344.0000000000 -144.6279296875 
8015008.0000000000 -144.6809387207 
8042767.5000000000 -144.7181549072 
8070623.5000000000 -144.6855773926 
8098575.5000000000 -144.6848754883 
8126615.5000000000 -144.7398986816 
8154762.0000000000 -144.8186492920 
8183005.5000000000 -144.8732452393 
8211347.0000000000 -144.8912048340 
8239786.5000000000 -144.8429565430 
8268325.0000000000 -144.7580261230 
8296961.5000000000 -144.7292633057 
8325698.0000000000 -144.7751770020 
8354524.5000000000 -144.8576049805 
8383460.0000000000 -144.8880310059 
8412496.0000000000 -144.8600158691 
8441632.0000000000 -144.8277435303 
8470869.0000000000 -144.8310546875 
8500208.0000000000 -144.8463592529 
8529648.0000000000 -144.8704071045 
8559190.0000000000 -144.9226379395 
8588825.0000000000 -144.9398651123 
8618572.0000000000 -144.9249725342 
8648422.0000000000 -144.9523162842 
8678375.0000000000 -144.9743194580 
8708432.0000000000 -144.9307403564 
8738593.0000000000 -144.8746032715 
8768859.0000000000 -144.8741149902 
8799230.0000000000 -144.9046783447 
8829696.0000000000 -144.9298248291 
8860277.0000000000 -144.9678649902 
8890964.0000000000 -145.0005187988 
8921758.0000000000 -145.0167083740 
8952658.0000000000 -145.0512237549 
8983665.0000000000 -145.1033935547 
9014779.0000000000 -145.1281127930 
9046002.0000000000 -145.0665740967 
9077322.0000000000 -144.9261016846 
9108761.0000000000 -144.7838439941 
9140309.0000000000 -144.7513732910 
9171966.0000000000 -144.8312683105 
9203732.0000000000 -144.8722076416 
9235609.0000000000 -144.8082885742 
9267596.0000000000 -144.7046966553 
9299694.0000000000 -144.6551818848 
9331893.0000000000 -144.6619567871 
9364214.0000000000 -144.7017517090 
9396646.0000000000 -144.8039855957 
9429191.0000000000 -144.8743591309 
9461849.0000000000 -144.8750610352 
9494619.0000000000 -144.8176574707 
9527503.0000000000 -144.7518463135 
9560501.0000000000 -144.7037963867 
9593603.0000000000 -144.7293090820 
9626830.0000000000 -144.8116302490 
9660172.0000000000 -144.8619689941 
9693630.0000000000 -144.8027343750 
9727203.0000000000 -144.6651458740 
9760893.0000000000 -144.6164855957 
9794699.0000000000 -144.6790313721 
9828623.0000000000 -144.7288970947 
9862653.0000000000 -144.6909637451 
9896812.0000000000 -144.7283935547 
9931089.0000000000 -144.8237457275 
9965485.0000000000 -144.8217926025 
10000000.0000000000 -144.6972808838 
%Trace 5 
%Trace Mode VIEW 
%Trace Result PN 
%Smoothing OFF 
%Smoothing Value 1.0000000000 %
%Spurious Removal OFF 
%Spurious Removal Threshold 6.0000000000 dB
%Trace Offset OFF 
%Trace Offset 0.0000000000 dB
%Trace Label OFF 
%Trace Label Trace 5 
%x-Unit Hz 
%y-Unit dBc/Hz 
%Values 4663 
1.0000000000 -78.6860733032 
1.0034632683 -78.6777954102 
1.0069385767 -78.6967010498 
1.0104259253 -78.7156066895 
1.0139254332 -78.7345123291 
1.0174369812 -78.7574691772 
1.0209606886 -78.8536453247 
1.0244965553 -78.9498138428 
1.0280447006 -79.0459823608 
1.0316051245 -79.1421585083 
1.0351779461 -79.2686386108 
1.0387630463 -79.4181594849 
1.0423606634 -79.5676879883 
1.0459706783 -79.7172164917 
1.0495932102 -79.8627929688 
1.0532282591 -79.9863433838 
1.0568759441 -80.1099014282 
1.0605362654 -80.2334518433 
1.0642092228 -80.3570022583 
1.0678949356 -80.3699874878 
1.0715934038 -80.3557434082 
1.0753046274 -80.3415069580 
1.0790288448 -80.3272705078 
1.0827658176 -80.2255554199 
1.0865157843 -80.0422439575 
1.0902787447 -79.8589248657 
1.0940546989 -79.6756134033 
1.0978437662 -79.4658660889 
1.1016459465 -79.1928787231 
1.1054613590 -78.9198837280 
1.1092898846 -78.6468963623 
1.1131316423 -78.3755493164 
1.1169868708 -78.1148681641 
1.1208553314 -77.8541946411 
1.1247371435 -77.5935287476 
1.1286325455 -77.3351669312 
1.1325412989 -77.1512832642 
1.1364636421 -76.9673919678 
1.1403995752 -76.7835083008 
1.1443492174 -76.5996170044 
1.1483124495 -76.5169448853 
1.1522893906 -76.4358291626 
1.1562801600 -76.3547058105 
1.1602846384 -76.2735900879 
1.1643031836 -76.2968063354 
1.1683354378 -76.3205184937 
1.1723817587 -76.3442306519 
1.1764421463 -76.3734359741 
1.1805164814 -76.4887466431 
1.1846050024 -76.6040496826 
1.1887077093 -76.7193603516 
1.1928246021 -76.8469924927 
1.1969556808 -77.0317306519 
1.2011011839 -77.2164764404 
1.2052608728 -77.4012069702 
1.2094351053 -77.6025161743 
1.2136237621 -77.8350753784 
1.2178269625 -78.0676345825 
1.2220447063 -78.3001937866 
1.2262769938 -78.5512161255 
1.2305239439 -78.8164138794 
1.2347856760 -79.0816192627 
1.2390621901 -79.3468246460 
1.2433534861 -79.6199188232 
1.2476595640 -79.8945922852 
1.2519805431 -80.1692657471 
1.2563166618 -80.4363937378 
1.2606676817 -80.6602172852 
1.2650337219 -80.8840332031 
1.2694149017 -81.1078567505 
1.2738113403 -81.2647247314 
1.2782229185 -81.3573455811 
1.2826498747 -81.4499740601 
1.2870920897 -81.5425949097 
1.2915496826 -81.5072250366 
1.2960226536 -81.4603118896 
1.3005112410 -81.4133911133 
1.3050153255 -81.3427581787 
1.3095350266 -81.2314147949 
1.3140703440 -81.1200790405 
1.3186213970 -81.0087356567 
1.3231881857 -80.8877563477 
1.3277708292 -80.7652359009 
1.3323693275 -80.6427078247 
1.3369836807 -80.5104293823 
1.3416141272 -80.3633880615 
1.3462605476 -80.2163543701 
1.3509230614 -80.0693206787 
1.3556017876 -79.8719558716 
1.3602966070 -79.6733245850 
1.3650077581 -79.4746932983 
1.3697352409 -79.2611618042 
1.3744791746 -79.0373764038 
1.3792393208 -78.8135986328 
1.3840161562 -78.6019744873 
1.3888094425 -78.4271316528 
1.3936192989 -78.2522964478 
1.3984458447 -78.0774536133 
1.4032890797 -78.0145034790 
1.4081491232 -77.9583358765 
1.4130259752 -77.9021759033 
1.4179197550 -77.9517440796 
1.4228304625 -78.0523223877 
1.4277582169 -78.1529083252 
1.4327028990 -78.3227920532 
1.4376648664 -78.5799102783 
1.4426438808 -78.8370208740 
1.4476402998 -79.1187744141 
1.4526538849 -79.4757308960 
1.4576849937 -79.8326950073 
1.4627333879 -80.1859893799 
1.4677993059 -80.5000762939 
1.4728827477 -80.8141555786 
1.4779838324 -81.1282424927 
1.4831025600 -81.2378082275 
1.4882389307 -81.3385620117 
1.4933931828 -81.4393081665 
1.4985653162 -81.3502883911 
1.5037553310 -81.2316818237 
1.5089633465 -81.1130676270 
1.5141893625 -80.9402770996 
1.5194333792 -80.7543182373 
1.5246957541 -80.5683517456 
1.5299762487 -80.4268646240 
1.5352749825 -80.2982406616 
1.5405921936 -80.1696090698 
1.5459277630 -80.1251678467 
1.5512818098 -80.1047058105 
1.5566543341 -80.0842437744 
1.5620455742 -80.1584701538 
1.5674554110 -80.2546615601 
1.5728839636 -80.3508453369 
1.5783313513 -80.5321273804 
1.5837976933 -80.7255477905 
1.5892828703 -80.9189605713 
1.5947870016 -81.1478195190 
1.6003103256 -81.3778457642 
1.6058527231 -81.6006011963 
1.6114143133 -81.7501602173 
1.6169950962 -81.8997116089 
1.6225953102 -82.0019989014 
1.6282148361 -81.9550781250 
1.6338539124 -81.9081573486 
1.6395124197 -81.7840728760 
1.6451905966 -81.5528488159 
1.6508884430 -81.3216323853 
1.6566059589 -81.0569381714 
1.6623432636 -80.7720870972 
1.6681005955 -80.4872283936 
1.6738777161 -80.2595062256 
1.6796748638 -80.0413742065 
1.6854921579 -79.8373641968 
1.6913294792 -79.7425384521 
1.6971870661 -79.6477127075 
1.7030650377 -79.6031875610 
1.7089632750 -79.6345367432 
1.7148818970 -79.6658859253 
1.7208211422 -79.7605285645 
1.7267808914 -79.8812789917 
1.7327612638 -80.0032043457 
1.7387623787 -80.1518936157 
1.7447843552 -80.3005828857 
1.7508270741 -80.4382553101 
1.7568907738 -80.5594711304 
1.7629753351 -80.6806869507 
1.7690811157 -80.7678451538 
1.7752079964 -80.8455734253 
1.7813560963 -80.9189376831 
1.7875255346 -80.9736022949 
1.7937163115 -81.0282745361 
1.7999285460 -81.0794067383 
1.8061622381 -81.1283569336 
1.8124175072 -81.1755828857 
1.8186944723 -81.1997070313 
1.8249932528 -81.2238311768 
1.8313137293 -81.2099456787 
1.8376561403 -81.1641235352 
1.8440206051 -81.1149291992 
1.8504070044 -80.9832458496 
1.8568155766 -80.8515625000 
1.8632462025 -80.6943435669 
1.8696992397 -80.5167617798 
1.8761746883 -80.3395462036 
1.8826724291 -80.1657333374 
1.8891928196 -79.9919204712 
1.8957357407 -79.8283386230 
1.9023011923 -79.6701660156 
1.9088895321 -79.5099105835 
1.9155006409 -79.3428039551 
1.9221346378 -79.1757049561 
1.9287915230 -78.9829254150 
1.9354715347 -78.7850036621 
1.9421746731 -78.5817718506 
1.9489010572 -78.3721084595 
1.9556506872 -78.1666564941 
1.9624238014 -78.0029678345 
1.9692202806 -77.8392715454 
1.9760403633 -77.7578582764 
1.9828839302 -77.7039413452 
1.9897513390 -77.7156600952 
1.9966424704 -77.8157272339 
2.0035574436 -77.9361114502 
2.0104963779 -78.2034225464 
2.0174593925 -78.4707412720 
2.0244464874 -78.8546218872 
2.0314579010 -79.2615356445 
2.0384933949 -79.7015151978 
2.0455532074 -80.1668167114 
2.0526378155 -80.6124572754 
2.0597467422 -81.0154190063 
2.0668802261 -81.4068527222 
2.0740385056 -81.6693267822 
2.0812215805 -81.9318008423 
2.0884294510 -82.1045303345 
2.0956623554 -82.2633361816 
2.1029202938 -82.4085388184 
2.1102032661 -82.5469207764 
2.1175117493 -82.6794281006 
2.1248455048 -82.8056411743 
2.1322045326 -82.8960494995 
2.1395888329 -82.9091262817 
2.1469991207 -82.8864212036 
2.1544346809 -82.6839141846 
2.1618962288 -82.4761581421 
2.1693835258 -82.1065368652 
2.1768968105 -81.7369079590 
2.1844360828 -81.3507614136 
2.1920015812 -80.9630203247 
2.1995930672 -80.6395645142 
2.2072110176 -80.3312835693 
2.2148551941 -80.0871734619 
2.2225260735 -79.8679580688 
2.2302234173 -79.6874008179 
2.2379472256 -79.5279312134 
2.2456979752 -79.4000396729 
2.2534756660 -79.2942352295 
2.2612800598 -79.2397613525 
2.2691116333 -79.2282791138 
2.2769701481 -79.2930679321 
2.2848560810 -79.4298400879 
2.2927691936 -79.6456680298 
2.3007099628 -79.9409332275 
2.3086779118 -80.2727432251 
2.3166735172 -80.6414947510 
2.3246970177 -80.9456100464 
2.3327481747 -81.1874313354 
2.3408272266 -81.2236862183 
2.3489341736 -81.0812225342 
2.3570692539 -80.6117401123 
2.3652327061 -79.8995132446 
2.3734242916 -78.8793792725 
2.3816442490 -77.6754608154 
2.3898925781 -76.3731536865 
2.3981695175 -75.0269317627 
2.4064753056 -73.8144149780 
2.4148097038 -72.6419830322 
2.4231729507 -71.7527618408 
2.4315650463 -70.9094543457 
2.4399862289 -70.4377746582 
2.4484367371 -70.0120239258 
2.4569165707 -69.9567413330 
2.4654254913 -69.9850921631 
2.4739642143 -70.3331146240 
2.4825322628 -70.8158874512 
2.4911301136 -71.5519332886 
2.4997575283 -72.4547576904 
2.5084149837 -73.5249481201 
2.5171024799 -74.7204513550 
2.5258200169 -75.9797439575 
2.5345678329 -77.1632766724 
2.5433456898 -78.3232879639 
2.5521540642 -79.1293258667 
2.5609929562 -79.8556976318 
2.5698626041 -80.3032836914 
2.5787627697 -80.6751861572 
2.5876939297 -80.9473114014 
2.5966558456 -81.1861190796 
2.6056489944 -81.4070892334 
2.6146731377 -81.6198501587 
2.6237285137 -81.8283081055 
2.6328153610 -82.0141448975 
2.6419336796 -82.1605148315 
2.6510834694 -82.2414703369 
2.6602649689 -82.1940536499 
2.6694786549 -82.0741424561 
2.6787238121 -81.7689437866 
2.6880011559 -81.4286499023 
2.6973104477 -81.0174331665 
2.7066521645 -80.6265563965 
2.7160260677 -80.2569274902 
2.7254326344 -79.9766387939 
2.7348716259 -79.7330245972 
2.7443432808 -79.6015090942 
2.7538478374 -79.5160140991 
2.7633852959 -79.4916229248 
2.7729558945 -79.5326232910 
2.7825593948 -79.6022033691 
2.7921962738 -79.7418823242 
2.8018665314 -79.9176254272 
2.8115704060 -80.1362457275 
2.8213076591 -80.4036788940 
2.8310787678 -80.6807098389 
2.8408837318 -80.9522323608 
2.8507225513 -81.1619567871 
2.8605954647 -81.3247146606 
2.8705027103 -81.3202285767 
2.8804440498 -81.2577514648 
2.8904199600 -81.1033706665 
2.9004304409 -80.9164810181 
2.9104754925 -80.7285690308 
2.9205553532 -80.5837326050 
2.9306702614 -80.5046539307 
2.9408199787 -80.4736404419 
2.9510049820 -80.5684280396 
2.9612252712 -80.7199554443 
2.9714810848 -80.9347839355 
2.9817721844 -81.2289199829 
2.9920992851 -81.5446395874 
3.0024619102 -81.8846435547 
3.0128602982 -82.2261199951 
3.0232946873 -82.5679550171 
3.0337653160 -82.9099731445 
3.0442721844 -83.2850341797 
3.0548155308 -83.6959152222 
3.0653953552 -84.1743850708 
3.0760118961 -84.7333450317 
3.0866649151 -85.3125457764 
3.0973551273 -85.8881683350 
3.1080822945 -86.2755508423 
3.1188464165 -86.4830932617 
3.1296479702 -86.4126205444 
3.1404869556 -86.0413131714 
3.1513633728 -85.5562973022 
3.1622776985 -84.9736938477 
3.1732296944 -84.3910980225 
3.1842195988 -83.8567276001 
3.1952474117 -83.3796997070 
3.2063136101 -83.0377044678 
3.2174181938 -82.7603912354 
3.2285611629 -82.5275573730 
3.2397425175 -82.3046188354 
3.2509627342 -82.0300598145 
3.2622220516 -81.7219390869 
3.2735199928 -81.3813171387 
3.2848572731 -81.0907287598 
3.2962338924 -80.8852539063 
3.3076496124 -80.7779769897 
3.3191051483 -80.8361663818 
3.3306002617 -81.0060195923 
3.3421351910 -81.2182235718 
3.3537099361 -81.4394302368 
3.3653249741 -81.5003128052 
3.3769800663 -81.4245071411 
3.3886756897 -81.2518005371 
3.4004118443 -81.0338668823 
3.4121885300 -80.9682922363 
3.4240059853 -81.0933685303 
3.4358644485 -81.4195556641 
3.4477639198 -81.9738235474 
3.4597046375 -82.5218887329 
3.4716866016 -82.7466354370 
3.4837102890 -82.5418090820 
3.4957754612 -81.7682952881 
3.5078823566 -80.8021240234 
3.5200312138 -79.9702453613 
3.5322222710 -79.3618164063 
3.5444555283 -79.0448455811 
3.5567314625 -79.1409530640 
3.5690495968 -79.4657897949 
3.5814104080 -79.9499130249 
3.5938138962 -80.5133438110 
3.6062602997 -81.0121765137 
3.6187500954 -81.2973327637 
3.6312828064 -81.3964233398 
3.6438591480 -81.3480300903 
3.6564791203 -81.2126235962 
3.6691424847 -81.0794143677 
3.6818499565 -80.9806442261 
3.6946012974 -80.8783569336 
3.7073969841 -80.7280654907 
3.7202367783 -80.4824066162 
3.7331211567 -80.1076736450 
3.7460501194 -79.7076721191 
3.7590239048 -79.3660812378 
3.7720425129 -79.1341934204 
3.7851064205 -79.0444641113 
3.7982153893 -79.1147613525 
3.8113698959 -79.3573379517 
3.8245697021 -79.7321472168 
3.8378155231 -80.2198333740 
3.8511071205 -80.7694702148 
3.8644447327 -81.2856903076 
3.8778283596 -81.5911712646 
3.8912587166 -81.4189682007 
3.9047353268 -80.8922119141 
3.9182586670 -80.1983947754 
3.9318287373 -79.5126037598 
3.9454460144 -78.9601745605 
3.9591102600 -78.5970535278 
3.9728219509 -78.4363098145 
3.9865810871 -78.4579391479 
4.0003876686 -78.6347808838 
4.0142426491 -78.9799499512 
4.0281448364 -79.5095291138 
4.0420956612 -80.2208633423 
4.0560946465 -81.0643539429 
4.0701422691 -81.9152603149 
4.0842385292 -82.5309753418 
4.0983834267 -82.6601257324 
4.1125774384 -82.3621063232 
4.1268205643 -81.8060913086 
4.1411132813 -81.1716842651 
4.1554551125 -80.6043777466 
4.1698470116 -80.2090225220 
4.1842885017 -80.0590209961 
4.1987800598 -80.2007980347 
4.2133216858 -80.6461868286 
4.2279138565 -81.3475418091 
4.2425560951 -82.1120758057 
4.2572493553 -82.5788116455 
4.2719936371 -82.5174484253 
4.2867889404 -82.0453338623 
4.3016357422 -81.4783477783 
4.3165335655 -81.0979232788 
4.3314828873 -81.0684967041 
4.3464841843 -81.4559097290 
4.3615374565 -82.2508239746 
4.3766427040 -83.3447418213 
4.3918004036 -84.4625091553 
4.4070110321 -85.1737518311 
4.4222736359 -85.1713104248 
4.4375896454 -84.6165847778 
4.4529581070 -83.9098968506 
4.4683809280 -83.2483367920 
4.4838562012 -82.6027450562 
4.4993853569 -81.8892898560 
4.5149679184 -81.1153030396 
4.5306048393 -80.3956832886 
4.5462956429 -79.8604431152 
4.5620408058 -79.5708236694 
4.5778408051 -79.4946060181 
4.5936951637 -79.5321426392 
4.6096048355 -79.5874557495 
4.6255693436 -79.6417999268 
4.6415891647 -79.7349777222 
4.6576642990 -79.8740615845 
4.6737952232 -79.9779815674 
4.6899819374 -79.9405822754 
4.7062249184 -79.7544326782 
4.7225241661 -79.5270156860 
4.7388796806 -79.3719329834 
4.7552919388 -79.3281860352 
4.7717609406 -79.3639144897 
4.7882871628 -79.4166183472 
4.8048706055 -79.4104614258 
4.8215112686 -79.2239913940 
4.8382096291 -78.6852798462 
4.8549661636 -77.7276077271 
4.8717803955 -75.9918899536 
4.8886528015 -74.8225860596 
4.9055838585 -74.6551513672 
4.9225735664 -75.0016098022 
4.9396219254 -75.7584381104 
4.9567294121 -76.7032089233 
4.9738960266 -77.5641021729 
4.9911222458 -78.2241744995 
5.0084080696 -78.8260040283 
5.0257534981 -79.5949249268 
5.0431594849 -80.6383438110 
5.0606255531 -81.8629608154 
5.0781521797 -83.2232284546 
5.0957393646 -83.4562301636 
5.1133875847 -83.0555725098 
5.1310968399 -82.5580825806 
5.1488671303 -82.0399780273 
5.1666994095 -81.5288238525 
5.1845936775 -81.1059494019 
5.2025494576 -80.8832092285 
5.2205672264 -81.0486145020 
5.2386479378 -81.4832763672 
5.2567911148 -81.6196212769 
5.2749967575 -81.4781417847 
5.2932658195 -81.1357727051 
5.3115983009 -80.7506256104 
5.3299937248 -80.4487457275 
5.3484535217 -80.3402633667 
5.3669767380 -80.6782073975 
5.3855643272 -81.2159652710 
5.4042162895 -81.9169616699 
5.4229326248 -82.6074600220 
5.4417138100 -83.0483856201 
5.4605603218 -83.0288848877 
5.4794721603 -82.6559600830 
5.4984493256 -82.2939682007 
5.5174922943 -81.7888488770 
5.5366010666 -81.1570663452 
5.5557761192 -80.2859649658 
5.5750174522 -79.8228988647 
5.5943255424 -79.8788452148 
5.6137003899 -80.2145385742 
5.6331429482 -80.8928985596 
5.6526522636 -80.9336166382 
5.6722292900 -80.2509918213 
5.6918740273 -79.3855819702 
5.7115869522 -78.6680068970 
5.7313680649 -78.1992568970 
5.7512173653 -78.3512115479 
5.7711358070 -78.7724456787 
5.7911229134 -79.3039245605 
5.8111796379 -80.0129470825 
5.8313055038 -80.5177841187 
5.8515009880 -80.7830200195 
5.8717665672 -81.1692504883 
5.8921022415 -81.2667999268 
5.9125084877 -80.8450851440 
5.9329853058 -80.0492172241 
5.9535331726 -78.6643447876 
5.9741520882 -77.6682357788 
5.9948425293 -77.4081115723 
6.0156044960 -77.7598648071 
6.0364384651 -78.8263549805 
6.0573449135 -79.7999114990 
6.0783233643 -80.7828750610 
6.0993742943 -80.7001876831 
6.1204986572 -80.1456832886 
6.1416954994 -79.5546875000 
6.1629662514 -79.7618255615 
6.1843104362 -80.6001586914 
6.2057290077 -82.6691207886 
6.2272214890 -84.8307418823 
6.2487878799 -85.0845108032 
6.2704296112 -83.7367019653 
6.2921462059 -82.3752822876 
6.3139376640 -81.9162445068 
6.3358049393 -82.0083923340 
6.3577480316 -82.6280822754 
6.3797669411 -83.0045394897 
6.4018621445 -82.3254623413 
6.4240336418 -81.3450088501 
6.4462819099 -80.1429901123 
6.4686074257 -79.7068023682 
6.4910101891 -80.1523361206 
6.5134906769 -80.8482513428 
6.5360488892 -81.1816406250 
6.5586853027 -81.4770050049 
6.5814003944 -81.6864013672 
6.6041936874 -81.6936569214 
6.6270661354 -81.4634857178 
6.6500177383 -80.9403533936 
6.6730489731 -80.3080902100 
6.6961598396 -79.9335937500 
6.7193508148 -80.0438385010 
6.7426218987 -80.3859405518 
6.7659740448 -80.6926803589 
6.7894062996 -80.3728485107 
6.8129205704 -79.9252395630 
6.8365159035 -80.1615600586 
6.8601927757 -81.3384475708 
6.8839516640 -82.5668716431 
6.9077930450 -82.6348571777 
6.9317169189 -82.2537384033 
6.9557237625 -81.9694671631 
6.9798135757 -81.6149673462 
7.0039868355 -81.2406005859 
7.0282440186 -81.2139282227 
7.0525846481 -81.5430908203 
7.0770101547 -81.4999847412 
7.1015210152 -80.9959182739 
7.1261157990 -80.4715118408 
7.1507959366 -80.0114974976 
7.1755614281 -79.4855194092 
7.2004127502 -78.9592132568 
7.2253499031 -78.7472839355 
7.2503733635 -78.9395370483 
7.2754840851 -79.0223693848 
7.3006811142 -77.1941070557 
7.3259658813 -75.0291671753 
7.3513379097 -73.5986175537 
7.3767981529 -73.3562088013 
7.4023461342 -74.5461273193 
7.4279828072 -77.3305206299 
7.4537081718 -79.2977752686 
7.4795227051 -80.4359970093 
7.5054268837 -81.5262603760 
7.5314202309 -81.8377456665 
7.5575041771 -81.6340026855 
7.5836782455 -81.4939651489 
7.6099429131 -81.4539337158 
7.6362986565 -80.6013031006 
7.6627454758 -79.7181472778 
7.6892838478 -79.5159912109 
7.7159142494 -79.8704376221 
7.7426371574 -79.8006591797 
7.7694520950 -79.2892074585 
7.7963600159 -78.6636276245 
7.8233613968 -78.4292907715 
7.8504562378 -78.8266143799 
7.8776450157 -80.0184020996 
7.9049277306 -82.2988357544 
7.9323048592 -83.5842285156 
7.9597768784 -82.8817749023 
7.9873442650 -80.4342117310 
8.0150070190 -78.9026870728 
8.0427656174 -78.8206634521 
8.0706205368 -79.4334259033 
8.0985708237 -80.1765441895 
8.1266193390 -80.2982788086 
8.1547641754 -80.0546722412 
8.1830062866 -79.5987091064 
8.2113466263 -79.4283218384 
8.2397851944 -80.3252716064 
8.2683229446 -80.6563796997 
8.2969579697 -79.7236328125 
8.3256931305 -79.0064544678 
8.3545274734 -78.9593353271 
8.3834619522 -79.1708984375 
8.4124965668 -79.8198471069 
8.4416322708 -81.4455642700 
8.4708681107 -82.1676788330 
8.5002050400 -80.9175186157 
8.5296440125 -79.0884704590 
8.5591850281 -78.9404907227 
8.5888280869 -80.5446014404 
8.6185741425 -81.8005142212 
8.6484231949 -80.6682205200 
8.6783752441 -79.8091049194 
8.7084312439 -79.9641036987 
8.7385911942 -81.4163742065 
8.7688560486 -82.2854385376 
8.7992248535 -80.5837631226 
8.8296995163 -79.3814239502 
8.8602790833 -80.1552581787 
8.8909654617 -82.4960327148 
8.9217586517 -84.1045989990 
8.9526576996 -82.2615509033 
8.9836635590 -79.9048538208 
9.0147771835 -79.0373992920 
9.0459976196 -79.7076950073 
9.0773267746 -80.6752929688 
9.1087646484 -79.9952239990 
9.1403112411 -78.9502792358 
9.1719665527 -79.0132598877 
9.2037324905 -80.0567321777 
9.2356081009 -81.5237579346 
9.2675933838 -82.9929809570 
9.2996902466 -84.1466445923 
9.3318977356 -84.5368728638 
9.3642177582 -82.7239532471 
9.3966484070 -80.2275238037 
9.4291925430 -79.2649688721 
9.4618482590 -80.0929870605 
9.4946174622 -81.7040939331 
9.5275011063 -81.9673156738 
9.5604972839 -81.0131072998 
9.5936088562 -80.2067718506 
9.6268339157 -79.8170242310 
9.6601753235 -80.2594680786 
9.6936311722 -81.7467575073 
9.7272033691 -83.7522811890 
9.7608919144 -82.8058013916 
9.7946968079 -80.5282211304 
9.8286190033 -79.7739105225 
9.8626585007 -80.9425964355 
9.8968162537 -82.4720764160 
9.9310922623 -82.3772735596 
9.9654865265 -81.6961059570 
10.0000000000 -80.8197784424 
10.0346345901 -80.7015609741 
10.0693864822 -80.6145553589 
10.1042613983 -80.5415115356 
10.1392536163 -80.5375976563 
10.1743707657 -80.5478744507 
10.2096061707 -80.6210327148 
10.2449674606 -80.7039794922 
10.2804470062 -80.8161849976 
10.3160533905 -80.9411849976 
10.3517789841 -81.0812149048 
10.3876323700 -81.2257080078 
10.4236068726 -81.3722915649 
10.4597082138 -81.4510803223 
10.4959316254 -81.4961318970 
10.5322837830 -81.3902511597 
10.5687589645 -81.2185516357 
10.6053638458 -80.9498519897 
10.6420917511 -80.6757888794 
10.6789503098 -80.3990097046 
10.7159337997 -80.2504272461 
10.7530479431 -80.1486129761 
10.7902870178 -80.1808395386 
10.8276586533 -80.2713775635 
10.8651571274 -80.4163055420 
10.9027881622 -80.5865325928 
10.9405460358 -80.7619400024 
10.9784383774 -80.9352569580 
11.0164585114 -81.1033325195 
11.0546140671 -81.2652282715 
11.0928983688 -81.3778762817 
11.1313180923 -81.4628829956 
11.1698675156 -81.4526672363 
11.2085533142 -81.4165191650 
11.2473707199 -81.3528518677 
11.2863254547 -81.3387832642 
11.3254127502 -81.3547897339 
11.3646373749 -81.4469070435 
11.4039955139 -81.5575408936 
11.4434919357 -81.6807174683 
11.4831228256 -81.7373809814 
11.5228948593 -81.7507781982 
11.5628004074 -81.6959533691 
11.6028470993 -81.5880966187 
11.6430301666 -81.4721145630 
11.6833553314 -81.3798294067 
11.7238168716 -81.3511962891 
11.7644214630 -81.3643341064 
11.8051643372 -81.4401931763 
11.8460512161 -81.4851303101 
11.8870754242 -81.4992141724 
11.9282464981 -81.3862838745 
11.9695558548 -81.2382888794 
12.0110120773 -81.0489730835 
12.0526084900 -80.8536071777 
12.0943517685 -80.6498336792 
12.1362361908 -80.4319152832 
12.1782703400 -80.2114791870 
12.2204456329 -80.0253143311 
12.2627706528 -79.9138259888 
12.3052387238 -79.9730148315 
12.3478574753 -80.1319732666 
12.3906202316 -80.4204254150 
12.4335346222 -80.7454223633 
12.4765939713 -81.0250473022 
12.5198059082 -81.2084960938 
12.5631647110 -81.1647109985 
12.6066761017 -81.0037002563 
12.6503391266 -80.7215194702 
12.6941490173 -80.4039154053 
12.7381153107 -80.1561279297 
12.7822294235 -79.9908752441 
12.8264999390 -80.0195846558 
12.8709201813 -80.1186752319 
12.9154977798 -80.2411804199 
12.9602270126 -80.2953186035 
13.0051136017 -80.2267150879 
13.0501527786 -80.1212158203 
13.0953512192 -80.0108871460 
13.1407032013 -80.0467453003 
13.1862154007 -80.1745910645 
13.2318820953 -80.3705749512 
13.2777099609 -80.5695877075 
13.3236923218 -80.6426010132 
13.3698387146 -80.6167449951 
13.4161405563 -80.4957199097 
13.4626073837 -80.3810882568 
13.5092306137 -80.3549270630 
13.5560188293 -80.4047927856 
13.6029663086 -80.5256118774 
13.6500797272 -80.6106262207 
13.6973524094 -80.6378784180 
13.7447919846 -80.6278686523 
13.7923927307 -80.6206436157 
13.8401622772 -80.7097854614 
13.8880929947 -80.8569564819 
13.9361934662 -81.0222167969 
13.9844570160 -81.1398544312 
14.0328922272 -81.0419845581 
14.0814905167 -80.7935714722 
14.1302604675 -80.4634094238 
14.1791963577 -80.1361083984 
14.2283058167 -80.0249176025 
14.2775802612 -80.1329345703 
14.3270301819 -80.3663558960 
14.3766469955 -80.5718994141 
14.4264402390 -80.3357009888 
14.4764013290 -79.1839370728 
14.5265398026 -77.6056823730 
14.5768480301 -75.9301300049 
14.6273345947 -74.4916610718 
14.6779909134 -73.6427459717 
14.7288274765 -73.4326705933 
14.7798366547 -73.8183135986 
14.8310260773 -74.7951354980 
14.8823881149 -76.3279571533 
14.9339323044 -78.3492126465 
14.9856519699 -80.3141250610 
15.0375537872 -81.7330780029 
15.0896310806 -82.5027923584 
15.1418933868 -82.7117919922 
15.1943330765 -82.6122436523 
15.2469577789 -82.2275543213 
15.2997608185 -81.6218795776 
15.3527507782 -80.9075317383 
15.4059200287 -80.2176666260 
15.4592771530 -79.6766128540 
15.5128154755 -79.3641815186 
15.5665435791 -79.3458557129 
15.6204538345 -79.5306167603 
15.6745538712 -79.8501663208 
15.7288379669 -80.1950607300 
15.7833137512 -80.4369277954 
15.8379745483 -80.4725265503 
15.8928289413 -80.3122406006 
15.9478731155 -80.1750640869 
16.0031032562 -80.2181167603 
16.0585289001 -80.4327087402 
16.1141433716 -80.7052993774 
16.1699523926 -80.8933105469 
16.2259521484 -80.9149856567 
16.2821502686 -80.8151779175 
16.3385391235 -80.7294616699 
16.3951263428 -80.7660140991 
16.4519062042 -80.9076843262 
16.5088863373 -81.1131515503 
16.5660591125 -81.3438339233 
16.6234340668 -81.5678176880 
16.6810054779 -81.7473754883 
16.7387790680 -81.8166732788 
16.7967472076 -81.6494216919 
16.8549232483 -81.0312728882 
16.9132938385 -79.7190628052 
16.9718723297 -77.7850036621 
17.0306491852 -75.8338623047 
17.0896339417 -74.3235092163 
17.1488189697 -73.4899291992 
17.2082138062 -73.4359130859 
17.2678089142 -74.1802215576 
17.3276138306 -75.6500244141 
17.3876228333 -77.5918731689 
17.4478435516 -79.4603347778 
17.5082683563 -80.6272659302 
17.5689086914 -80.9339065552 
17.6297531128 -80.8127059937 
17.6908130646 -80.6801605225 
17.7520790100 -80.6461944580 
17.8135623932 -80.6672821045 
17.8752536774 -80.6858825684 
17.9371643066 -80.6741561890 
17.9992828369 -80.6310729980 
18.0616226196 -80.5827331543 
18.1241741180 -80.5824584961 
18.1869468689 -80.6945800781 
18.2499313354 -80.9687423706 
18.3131389618 -81.4002914429 
18.3765602112 -81.8653030396 
18.4402065277 -82.1026458740 
18.5040683746 -81.8873443604 
18.5681571960 -81.3246765137 
18.6324615479 -80.7729797363 
18.6969947815 -80.4705886841 
18.7617454529 -80.4116668701 
18.8267250061 -80.4511642456 
18.8919258118 -80.5047073364 
18.9573574066 -80.6306686401 
19.0230102539 -80.8968048096 
19.0888957977 -81.2650527954 
19.1550025940 -81.6425170898 
19.2213459015 -81.9577789307 
19.2879123688 -82.0856323242 
19.3547153473 -81.7215270996 
19.4217453003 -79.6138153076 
19.4890098572 -77.1376113892 
19.5565052032 -75.9980697632 
19.6242370605 -75.6652908325 
19.6921997070 -76.2082977295 
19.7604026794 -77.5321426392 
19.8288364410 -79.2639999390 
19.8975124359 -80.6751708984 
19.9664268494 -81.2591094971 
20.0355739594 -81.3211059570 
20.1049671173 -81.2939910889 
20.1745929718 -81.3002319336 
20.2444667816 -81.3443603516 
20.3145771027 -81.5241317749 
20.3849372864 -81.6568298340 
20.4555339813 -81.4524688721 
20.5263805389 -81.0263900757 
20.5974674225 -80.6199722290 
20.6688041687 -80.4367904663 
20.7403850555 -80.5340881348 
20.8122177124 -80.8629531860 
20.8842945099 -81.5384445190 
20.9566268921 -82.0671844482 
21.0292034149 -82.1453475952 
21.1020374298 -82.0529861450 
21.1751174927 -81.9048995972 
21.2484550476 -81.7654113770 
21.3220424652 -81.6082687378 
21.3958911896 -81.2971115112 
21.4699878693 -81.0978393555 
21.5443496704 -81.1707611084 
21.6189613342 -81.4135437012 
21.6938362122 -81.7520751953 
21.7689666748 -81.9680404663 
21.8443622589 -81.1262893677 
21.9200134277 -79.2053604126 
21.9959316254 -77.9341583252 
22.0721073151 -77.2068176270 
22.1485538483 -77.1538696289 
22.2252578735 -78.0853729248 
22.3022346497 -79.1958923340 
22.3794708252 -79.5112304688 
22.4569816589 -79.6262741089 
22.5347537994 -79.9020843506 
22.6128025055 -80.4174041748 
22.6911144257 -80.8540573120 
22.7697048187 -81.2202377319 
22.8485603333 -81.3674316406 
22.9276943207 -81.2894973755 
23.0070972443 -81.4077911377 
23.0867805481 -81.6568832397 
23.1667346954 -81.7039871216 
23.2469711304 -81.4748992920 
23.3274803162 -81.4954223633 
23.4082736969 -81.7060470581 
23.4893398285 -81.8580398560 
23.5706958771 -81.6457672119 
23.6523246765 -81.5912780762 
23.7342433929 -81.7600021362 
23.8164386749 -81.9332427979 
23.8989257813 -81.5736618042 
23.9816932678 -81.1864089966 
24.0647525787 -80.7355117798 
24.1480922699 -80.0092697144 
24.2317276001 -78.7617416382 
24.3156471252 -75.1533050537 
24.3998641968 -71.7584991455 
24.4843635559 -70.2229385376 
24.5691642761 -69.8603744507 
24.6542530060 -71.5688781738 
24.7396411896 -74.0114212036 
24.8253192902 -78.2669296265 
24.9113006592 -81.2584838867 
24.9975719452 -81.5072555542 
25.0841503143 -81.5254974365 
25.1710281372 -81.7146148682 
25.2581996918 -81.9160385132 
25.3456802368 -82.1471710205 
25.4334583282 -82.1918640137 
25.5215454102 -82.0261688232 
25.6099300385 -81.9333648682 
25.6986293793 -82.1131668091 
25.7876281738 -82.7048568726 
25.8769435883 -83.0193405151 
25.9665584564 -82.3796310425 
26.0564937592 -81.5929183960 
26.1467323303 -81.2078018188 
26.2372894287 -80.6899871826 
26.3281536102 -80.2632369995 
26.4193401337 -80.2843322754 
26.5108356476 -80.6381454468 
26.6026535034 -80.8413085938 
26.6947841644 -80.4489059448 
26.7872409821 -78.6255874634 
26.8800086975 -76.4446105957 
26.9731063843 -75.5133514404 
27.0665187836 -75.7744674683 
27.1602630615 -77.7321624756 
27.2543239594 -80.1960220337 
27.3487186432 -81.1356658936 
27.4434318542 -80.9525527954 
27.5384807587 -81.2607574463 
27.6338520050 -81.7128982544 
27.7295608521 -81.4856033325 
27.8255920410 -80.8469390869 
27.9219646454 -80.3936767578 
28.0186634064 -80.1414947510 
28.1157054901 -80.1699142456 
28.2130756378 -80.4339141846 
28.3107891083 -80.0603103638 
28.4088344574 -79.4384460449 
28.5072269440 -79.2901229858 
28.6059532166 -79.5753250122 
28.7050285339 -80.0691375732 
28.8044395447 -80.6227645874 
28.9042015076 -81.0760650635 
29.0043029785 -81.2761917114 
29.1047573090 -80.7629241943 
29.2055530548 -75.8619155884 
29.3067054749 -71.5009155273 
29.4081993103 -68.9869842529 
29.5100536346 -68.7206497192 
29.6122512817 -71.0214843750 
29.7148113251 -76.9490585327 
29.8177204132 -80.9968643188 
29.9209918976 -81.7091064453 
30.0246143341 -76.9384918213 
30.1286029816 -78.2194671631 
30.2329425812 -79.3149414063 
30.3376541138 -80.0960388184 
30.4427185059 -80.5372085571 
30.5481548309 -80.6691894531 
30.6539497375 -80.5576400757 
30.7601184845 -80.1943206787 
30.8666458130 -79.4349136353 
30.9735507965 -78.1925659180 
31.0808181763 -76.5209350586 
31.1884651184 -74.5862579346 
31.2964763641 -72.6182098389 
31.4048690796 -70.8220367432 
31.5136299133 -69.3642959595 
31.6227760315 -68.2415008545 
31.7322998047 -67.4703521729 
31.8421955109 -67.0603332520 
31.9524784088 -67.0172348022 
32.0631370544 -67.3453750610 
32.1741867065 -68.0484390259 
32.2856101990 -69.1747055054 
32.3974304199 -70.6775207520 
32.5096282959 -72.5044021606 
32.6222229004 -74.5600204468 
32.7351989746 -76.6543579102 
32.8485755920 -78.5117263794 
32.9623374939 -79.8574752808 
33.0764999390 -80.5458755493 
33.1910514832 -80.5789489746 
33.3060073853 -79.7610931396 
33.4213523865 -78.0039749146 
33.5371055603 -75.6518478394 
33.6532516479 -73.1573333740 
33.7698059082 -70.8397750854 
33.8867568970 -68.8651351929 
34.0041236877 -67.3005752563 
34.1218833923 -66.1691207886 
34.2400627136 -65.4773101807 
34.3586425781 -65.2278366089 
34.4776420593 -65.4237823486 
34.5970458984 -66.0700759888 
34.7168693542 -67.1729049683 
34.8371009827 -68.7508697510 
34.9577598572 -70.7851028442 
35.0788230896 -73.1938629150 
35.2003173828 -75.7721862793 
35.3222236633 -78.0813140869 
35.4445610046 -79.6018981934 
35.5673103333 -80.1291809082 
35.6904945374 -79.6632690430 
35.8140983582 -78.1521453857 
35.9381370544 -75.7724456787 
36.0625991821 -73.0252151489 
36.1875000000 -70.3926315308 
36.3128242493 -68.1364364624 
36.4385910034 -66.3555679321 
36.5647850037 -65.0796432495 
36.6914253235 -64.3150024414 
36.8184928894 -64.0545043945 
36.9460144043 -64.5500259399 
37.0739631653 -65.5662002563 
37.2023696899 -67.1101303101 
37.3312072754 -69.1858520508 
37.4605026245 -71.7753829956 
37.5902328491 -74.7810668945 
37.7204246521 -77.8773345947 
37.8510589600 -80.3376998901 
37.9821548462 -81.4115982056 
38.1136932373 -81.0186691284 
38.2456970215 -79.3540344238 
38.3781509399 -76.7838973999 
38.5110702515 -73.9382476807 
38.6444396973 -71.2983627319 
38.7782859802 -69.0821914673 
38.9125823975 -67.3629379272 
39.0473518372 -66.1583175659 
39.1825790405 -65.4688491821 
39.3182868958 -65.2921218872 
39.4544525146 -65.6278076172 
39.5911026001 -66.4791336060 
39.7282142639 -67.8519363403 
39.8658103943 -70.7887496948 
40.0038833618 -74.9886779785 
40.1424255371 -77.9507217407 
40.2814559937 -80.3680038452 
40.4209594727 -81.5564651489 
40.5609550476 -81.6430816650 
40.7014236450 -81.0342178345 
40.8423919678 -79.7575149536 
40.9838371277 -77.8463211060 
41.1257820129 -75.6462402344 
41.2682075500 -72.5904464722 
41.4111366272 -70.4980316162 
41.5545539856 -69.6749267578 
41.6984748840 -69.3443756104 
41.8428840637 -69.5078659058 
41.9878044128 -70.1625061035 
42.1332168579 -71.2984161377 
42.2791442871 -73.7593002319 
42.4255638123 -77.0157012939 
42.5725021362 -79.0432205200 
42.7199363708 -80.5327987671 
42.8678970337 -81.3131179810 
43.0163574219 -81.5028457642 
43.1653404236 -80.7053985596 
43.3148307800 -78.7260818481 
43.4648475647 -76.7818298340 
43.6153755188 -74.8007659912 
43.7664337158 -73.0538940430 
43.9180068970 -71.6859588623 
44.0701141357 -70.5310668945 
44.2227363586 -70.3426895142 
44.3759002686 -70.8591842651 
44.5295829773 -71.8542480469 
44.6838073730 -74.1203308105 
44.8385581970 -77.1576156616 
44.9938507080 -79.0417404175 
45.1496734619 -80.3634948730 
45.3060493469 -80.9753265381 
45.4629516602 -81.0296249390 
45.6204109192 -80.6385192871 
45.7784004211 -80.0177841187 
45.9369544983 -79.0098724365 
46.0960426331 -76.9339752197 
46.2556915283 -75.0431289673 
46.4158859253 -74.1067199707 
46.5766448975 -73.5629119873 
46.7379455566 -73.6051940918 
46.8998222351 -74.5104446411 
47.0622444153 -75.6231994629 
47.2252426147 -77.6549606323 
47.3887901306 -79.6384353638 
47.5529212952 -80.4012451172 
47.7176055908 -80.7212982178 
47.8828735352 -80.6982345581 
48.0486984253 -80.3792724609 
48.2151145935 -79.9209518433 
48.3820915222 -78.7294006348 
48.5496597290 -77.2881393433 
48.7177963257 -76.3560485840 
48.8865280151 -75.4035644531 
49.0558319092 -75.0782928467 
49.2257347107 -75.2895431519 
49.3962097168 -76.0675277710 
49.5672912598 -76.9839782715 
49.7389526367 -77.3951644897 
49.9112205505 -77.6582717896 
50.0840721130 -77.8813858032 
50.2575378418 -78.1742172241 
50.4316024780 -78.7839660645 
50.6062545776 -79.2236785889 
50.7815284729 -78.6565551758 
50.9573936462 -77.2164077759 
51.1338806152 -76.0293426514 
51.3109664917 -74.6158218384 
51.4886817932 -73.9092941284 
51.6669960022 -74.1717300415 
51.8459396362 -75.2161636353 
52.0254936218 -76.3366317749 
52.2056808472 -78.2410812378 
52.3864784241 -80.0073699951 
52.5679168701 -80.8392562866 
52.7499694824 -81.0348663330 
52.9326667786 -80.9523925781 
53.1159820557 -80.7699737549 
53.2999458313 -80.5820236206 
53.4845352173 -80.3558273315 
53.6697731018 -80.1073989868 
53.8556442261 -79.9496459961 
54.0421676636 -79.9813385010 
54.2293281555 -80.2832107544 
54.4171485901 -80.7218017578 
54.6056022644 -81.1438827515 
54.7947273254 -81.4800033569 
54.9844932556 -81.7334823608 
55.1749267578 -81.9493942261 
55.3660087585 -81.9014892578 
55.5577659607 -81.1257934570 
55.7501716614 -78.9382019043 
55.9432601929 -76.4681396484 
56.1370010376 -74.3712158203 
56.3314323425 -73.1353302002 
56.5265159607 -72.9672470093 
56.7222938538 -73.6782608032 
56.9187316895 -75.2867126465 
57.1158676147 -77.4324874878 
57.3136711121 -79.2526931763 
57.5121726990 -80.5111389160 
57.7113494873 -80.6579132080 
57.9112281799 -79.9196777344 
58.1117858887 -78.0314025879 
58.3130531311 -75.0022125244 
58.5150032043 -72.3928527832 
58.7176666260 -70.5867080688 
58.9210166931 -69.7939910889 
59.1250877380 -70.3880386353 
59.3298454285 -72.0889892578 
59.5353317261 -75.6125411987 
59.7415161133 -78.6284790039 
59.9484252930 -80.3411331177 
60.1560401917 -80.8821716309 
60.3643875122 -80.2616195679 
60.5734405518 -77.4984436035 
60.7832336426 -74.6595993042 
60.9937362671 -72.0544662476 
61.2049865723 -70.0961151123 
61.4169502258 -69.7776794434 
61.6296615601 -70.6399612427 
61.8430976868 -73.3046340942 
62.0572891235 -76.3831787109 
62.2722053528 -79.2732315063 
62.4878807068 -81.4777069092 
62.7042884827 -81.8325500488 
62.9214630127 -81.7233123779 
63.1393852234 -80.9748001099 
63.3580513000 -79.4931945801 
63.5774879456 -78.3922424316 
63.7976684570 -77.7898941040 
64.0186309814 -77.9647750854 
64.2403335571 -79.1126327515 
64.4628295898 -80.1872787476 
64.6860733032 -80.8466415405 
64.9101104736 -80.9852676392 
65.1349105835 -80.7161331177 
65.3604965210 -80.4495315552 
65.5868530273 -79.8200836182 
65.8140106201 -78.1866073608 
66.0419387817 -76.5066070557 
66.2706680298 -75.9116897583 
66.5001754761 -76.3839874268 
66.7304992676 -77.6536483765 
66.9616012573 -79.7847900391 
67.1935195923 -80.9989318848 
67.4262161255 -80.8991012573 
67.6597442627 -80.3755111694 
67.8940658569 -79.6110458374 
68.1292114258 -77.9569854736 
68.3651580811 -75.4082717896 
68.6019363403 -73.7832183838 
68.8395156860 -73.7203903198 
69.0779418945 -75.2154235840 
69.3171691895 -77.6805953979 
69.5572433472 -79.3912429810 
69.7981338501 -80.2135620117 
70.0398788452 -80.5110321045 
70.2824401855 -80.2805252075 
70.5258560181 -79.2346267700 
70.7701034546 -77.4051589966 
71.0152130127 -75.9346771240 
71.2611465454 -75.6964263916 
71.5079574585 -76.8595352173 
71.7555999756 -78.8969039917 
72.0041275024 -80.4035263062 
72.2534866333 -80.5778579712 
72.5037384033 -80.0905532837 
72.7548294067 -78.9962997437 
73.0068130493 -76.8550415039 
73.2596511841 -74.5353927612 
73.5133819580 -73.2603073120 
73.7679672241 -73.5010604858 
74.0234603882 -75.2055435181 
74.2798156738 -77.7843856812 
74.5370788574 -79.9773178101 
74.7952194214 -81.0168380737 
75.0542678833 -81.1587371826 
75.3141937256 -79.7825393677 
75.5750427246 -76.8929748535 
75.8367691040 -74.4455566406 
76.0994262695 -73.5055770874 
76.3629760742 -74.2427902222 
76.6274566650 -76.4048690796 
76.8928298950 -79.0756683350 
77.1591415405 -80.7624893188 
77.4263610840 -81.2124252319 
77.6945190430 -80.9214172363 
77.9635925293 -79.5616455078 
78.2336120605 -77.9986953735 
78.5045547485 -77.1883087158 
78.7764511108 -77.6073379517 
79.0492630005 -79.0204162598 
79.3230514526 -80.5234527588 
79.5977783203 -81.2644424438 
79.8734436035 -81.1644515991 
80.1500778198 -80.6790924072 
80.4276504517 -79.6913604736 
80.7062149048 -78.4765930176 
80.9857101440 -77.8311462402 
81.2662048340 -78.5849990845 
81.5476379395 -80.4644012451 
81.8300781250 -81.4116973877 
82.1134719849 -81.3619155884 
82.3978652954 -80.7664031982 
82.6832275391 -79.4921417236 
82.9695968628 -77.5539627075 
83.2569351196 -75.7765655518 
83.5452880859 -75.2986831665 
83.8346252441 -76.8984069824 
84.1249771118 -79.0451583862 
84.4163208008 -80.1337203979 
84.7086944580 -79.7469329834 
85.0020523071 -79.3987655640 
85.2964553833 -78.7848968506 
85.5918502808 -77.2799148560 
85.8882904053 -76.4062042236 
86.1857376099 -77.0200805664 
86.4842376709 -79.0415725708 
86.7837524414 -80.6828689575 
87.0843200684 -80.8239288330 
87.3859100342 -80.7563476563 
87.6885681152 -80.7183837891 
87.9922485352 -80.5526657104 
88.2970046997 -80.4120178223 
88.6027908325 -80.4430236816 
88.9096679688 -80.6022415161 
89.2175750732 -80.7414093018 
89.5265808105 -80.7919082642 
89.8366241455 -80.7542419434 
90.1477661133 -80.4492111206 
90.4599685669 -79.9185714722 
90.7732696533 -79.7315521240 
91.0876312256 -80.0982742310 
91.4031143188 -80.5567321777 
91.7196578979 -80.7321701050 
92.0373229980 -80.8309936523 
92.3560638428 -80.8327636719 
92.6759338379 -80.0563430786 
92.9968872070 -78.8754348755 
93.3189773560 -78.5509567261 
93.6421585083 -79.2940902710 
93.9664840698 -80.2950439453 
94.2919082642 -80.7750091553 
94.6184844971 -80.7168807983 
94.9461669922 -80.1920013428 
95.2750091553 -78.4894866943 
95.6049652100 -76.5893707275 
95.9360885620 -76.6835250854 
96.2683258057 -78.3691864014 
96.6017532349 -80.4525070190 
96.9363021851 -81.1773834229 
97.2720336914 -81.0813674927 
97.6089019775 -80.3383483887 
97.9469680786 -79.1824722290 
98.2861785889 -78.9188079834 
98.6265869141 -79.9735183716 
98.9681472778 -80.6938476563 
99.3109207153 -79.9891128540 
99.6548461914 -78.8377914429 
100.0000000000 -79.2555847168 
100.3463439941 -79.2381820679 
100.6938934326 -79.2472000122 
101.0425872803 -79.2683792114 
101.3925399780 -79.2746582031 
101.7437057495 -79.2633361816 
102.0960922241 -79.2100601196 
102.4496383667 -79.1473312378 
102.8044738770 -79.0824890137 
103.1605300903 -79.0364151001 
103.5178222656 -79.0157546997 
103.8762969971 -79.0099945068 
104.2360610962 -79.0172042847 
104.5970840454 -79.0334472656 
104.9593505859 -79.0649642944 
105.3228149414 -79.1167984009 
105.6875915527 -79.2224121094 
106.0536346436 -79.3773040771 
106.4209518433 -79.5655822754 
106.7894744873 -79.7814865112 
107.1593322754 -79.9876937866 
107.5304794312 -80.1663513184 
107.9029006958 -80.3144607544 
108.2765579224 -80.4225158691 
108.6515731812 -80.5041351318 
109.0278854370 -80.5720291138 
109.4054946899 -80.6286239624 
109.7843551636 -80.6715927124 
110.1645889282 -80.7022018433 
110.5461349487 -80.7255935669 
110.9290084839 -80.7446060181 
111.3131484985 -80.7661361694 
111.6986770630 -80.7967529297 
112.0855407715 -80.8345413208 
112.4737396240 -80.8770751953 
112.8632278442 -80.9171600342 
113.2541198730 -80.9349212646 
113.6463699341 -80.9210891724 
114.0399856567 -80.8684310913 
114.4348907471 -80.7696609497 
114.8312301636 -80.6086807251 
115.2289428711 -80.4091873169 
115.6280364990 -80.1784362793 
116.0284423828 -79.9265899658 
116.4303054810 -79.6721725464 
116.8335571289 -79.4608154297 
117.2382049561 -79.3194046021 
117.6441879272 -79.2660598755 
118.0516433716 -79.3115539551 
118.4605102539 -79.4641876221 
118.8707885742 -79.6790695190 
119.2824249268 -79.9065628052 
119.6955566406 -80.1226501465 
120.1101150513 -80.3120040894 
120.5261154175 -80.4706573486 
120.9434814453 -80.6035308838 
121.3623657227 -80.7158126831 
121.7826995850 -80.8029327393 
122.2044906616 -80.8610458374 
122.6276702881 -80.8879470825 
123.0523834229 -80.8814010620 
123.4785690308 -80.8421401978 
123.9062347412 -80.7783584595 
124.3353118896 -80.7007598877 
124.7659378052 -80.6250228882 
125.1980590820 -80.5687026978 
125.6316757202 -80.5458984375 
126.0667953491 -80.5629196167 
126.5033569336 -80.5984802246 
126.9414901733 -80.6409835815 
127.3811492920 -80.6837921143 
127.8223266602 -80.7232894897 
128.2649688721 -80.7561416626 
128.7091979980 -80.7765960693 
129.1549835205 -80.7757186890 
129.6023101807 -80.7554855347 
130.0511016846 -80.7277069092 
130.5015258789 -80.7026748657 
130.9535217285 -80.6865005493 
131.4070739746 -80.6813583374 
131.8621215820 -80.6880340576 
132.3188171387 -80.7079620361 
132.7770996094 -80.7411117554 
133.2369689941 -80.7785873413 
133.6983489990 -80.7993698120 
134.1614074707 -80.7922058105 
134.6260681152 -80.7649154663 
135.0923461914 -80.7395782471 
135.5601501465 -80.7393875122 
136.0296630859 -80.7776336670 
136.5007934570 -80.8538665771 
136.9735565186 -80.9555969238 
137.4478759766 -81.0607070923 
137.9239349365 -81.1393127441 
138.4016265869 -81.1595687866 
138.8809661865 -81.1023254395 
139.3618927002 -80.9740905762 
139.8445739746 -80.8002166748 
140.3289184570 -80.6079635620 
140.8149414063 -80.4136886597 
141.3025665283 -80.2408981323 
141.7919616699 -80.1263198853 
142.2830505371 -80.1048660278 
142.7758483887 -80.1834564209 
143.2702636719 -80.3255386353 
143.7664794922 -80.4637527466 
144.2644042969 -80.5403671265 
144.7640533447 -80.5452041626 
145.2653656006 -80.5141677856 
145.7684783936 -80.4921951294 
146.2733459473 -80.4981155396 
146.7799530029 -80.5167160034 
147.2882385254 -80.5094757080 
147.7983703613 -80.4460449219 
148.3102569580 -80.3511428833 
148.8239288330 -80.2609405518 
149.3392791748 -80.2084121704 
149.8565216064 -80.2048187256 
150.3755340576 -80.2370223999 
150.8963623047 -80.2834854126 
151.4188995361 -80.3363647461 
151.9433288574 -80.4071044922 
152.4695739746 -80.5079040527 
152.9976501465 -80.6288909912 
153.5274658203 -80.7351455688 
154.0592041016 -80.7873229980 
154.5927734375 -80.7666625977 
155.1282043457 -80.6834487915 
155.6653900146 -80.5679397583 
156.2045288086 -80.4571075439 
156.7455444336 -80.3830108643 
157.2884216309 -80.3624649048 
157.8330993652 -80.3922042847 
158.3797454834 -80.4552001953 
158.9282836914 -80.5774154663 
159.4787292480 -80.7077865601 
160.0310668945 -80.7808074951 
160.5852508545 -80.8192825317 
161.1414337158 -80.8110122681 
161.6995391846 -80.7638244629 
162.2595672607 -80.7016983032 
162.8214569092 -80.6514358521 
163.3853912354 -80.6325683594 
163.9512634277 -80.6521682739 
164.5191040039 -80.7235412598 
165.0888214111 -80.7634506226 
165.6605987549 -80.7457199097 
166.2343444824 -80.7351608276 
166.8100891113 -80.7917175293 
167.3877410889 -80.9479064941 
167.9674835205 -81.1780166626 
168.5492248535 -81.4044799805 
169.1329956055 -81.5495910645 
169.7186889648 -81.4722213745 
170.3064880371 -81.3482208252 
170.8963470459 -81.2361907959 
171.4882354736 -81.1653366089 
172.0820770264 -81.1398925781 
172.6780853271 -81.1390075684 
173.2761383057 -81.1004791260 
173.8762817383 -81.0336685181 
174.4783935547 -80.9674911499 
175.0826873779 -80.9394454956 
175.6890869141 -80.9930114746 
176.2975769043 -81.0739059448 
176.9080810547 -81.0906829834 
177.5207824707 -81.0703659058 
178.1356201172 -81.0268859863 
178.7525939941 -80.9285964966 
179.3715972900 -80.7897491455 
179.9928436279 -80.6826705933 
180.6162414551 -80.5938949585 
181.2417907715 -80.5438842773 
181.8694152832 -80.5529632568 
182.4993133545 -80.6275024414 
183.1313934326 -80.7083129883 
183.7656555176 -80.7999114990 
184.4020233154 -80.9079360962 
185.0406799316 -80.9486160278 
185.6815643311 -80.9457702637 
186.3246612549 -80.9568557739 
186.9698944092 -81.0429077148 
187.6174468994 -81.1755447388 
188.2672576904 -81.2603683472 
188.9193115234 -81.3472518921 
189.5735168457 -81.3747406006 
190.2301025391 -81.3309478760 
190.8889465332 -81.2307586670 
191.5500793457 -81.0135650635 
192.2134094238 -80.8163833618 
192.8791351318 -80.7453079224 
193.5471496582 -80.7462310791 
194.2174987793 -80.8073959351 
194.8900604248 -80.8460922241 
195.5650482178 -80.8768081665 
196.2423706055 -80.9072265625 
196.9220581055 -80.9328079224 
197.6039733887 -80.9209518433 
198.2883758545 -80.8197326660 
198.9751281738 -80.7152557373 
199.6642761230 -80.5929183960 
200.3558044434 -80.5410385132 
201.0496063232 -80.5493087769 
201.7459411621 -80.5992279053 
202.4446716309 -80.6543579102 
203.1458282471 -80.6628189087 
203.8493041992 -80.6208267212 
204.5553283691 -80.5743179321 
205.2637939453 -80.5241699219 
205.9747161865 -80.5337829590 
206.6879882813 -80.6469192505 
207.4038391113 -80.8328704834 
208.1221771240 -80.9906845093 
208.8430023193 -81.2528991699 
209.5662078857 -81.4978790283 
210.2920227051 -81.5991744995 
211.0203704834 -81.5336532593 
211.7512207031 -81.3380966187 
212.4844970703 -81.1201400757 
213.2204284668 -80.9792556763 
213.9589080811 -80.8041763306 
214.6999511719 -80.6926040649 
215.4434356689 -80.6738357544 
216.1896057129 -80.7227630615 
216.9383697510 -80.7975540161 
217.6897277832 -80.7870025635 
218.4435577393 -80.5801010132 
219.2001342773 -80.3010864258 
219.9593200684 -80.1556472778 
220.7211456299 -80.2288894653 
221.4854736328 -80.5171813965 
222.2525787354 -80.8395996094 
223.0223388672 -81.0534591675 
223.7947692871 -81.1659088135 
224.5697479248 -81.1989059448 
225.3475341797 -81.1912994385 
226.1280212402 -81.1394882202 
226.9112091064 -81.0547637939 
227.6969757080 -80.9383697510 
228.4855957031 -80.8289489746 
229.2769470215 -80.8006973267 
230.0710296631 -80.9016036987 
230.8677520752 -80.9772262573 
231.6673431396 -80.9268646240 
232.4697113037 -80.8380279541 
233.2748718262 -80.8789291382 
234.0826721191 -81.1363372803 
234.8934020996 -81.3030090332 
235.7069549561 -81.2781372070 
236.5233154297 -81.1493911743 
237.3423614502 -80.9794464111 
238.1643981934 -80.7495651245 
238.9892578125 -80.6524353027 
239.8169860840 -80.7041778564 
240.6474609375 -80.8074951172 
241.4809265137 -80.8340988159 
242.3172912598 -80.8000259399 
243.1565399170 -80.8494720459 
243.9985656738 -80.9861984253 
244.8436431885 -81.0815658569 
245.6916503906 -81.0091018677 
246.5425872803 -80.8510284424 
247.3963470459 -80.6727447510 
248.2531890869 -80.6388931274 
249.1130065918 -80.7078704834 
249.9757995605 -80.7851943970 
250.8414306641 -80.7792129517 
251.7102203369 -80.8080520630 
252.5820007324 -80.9176406860 
253.4568023682 -81.0794219971 
254.3346405029 -81.1421737671 
255.2153778076 -81.1211853027 
256.0993041992 -81.0157623291 
256.9862976074 -80.8575897217 
257.8763427734 -80.7375335693 
258.7693481445 -80.7125854492 
259.6655883789 -80.9075927734 
260.5649414063 -81.2553329468 
261.4673767090 -81.4774780273 
262.3728332520 -81.6034088135 
263.2815246582 -81.6205444336 
264.1933898926 -81.4330596924 
265.1084289551 -81.1919250488 
266.0264587402 -81.1195373535 
266.9478454590 -81.1823501587 
267.8724060059 -81.3039932251 
268.8001708984 -81.3210678101 
269.7309875488 -81.2171020508 
270.6651916504 -81.1165237427 
271.6026306152 -81.1085891724 
272.5433044434 -81.1322555542 
273.4870910645 -81.0823059082 
274.4343261719 -80.9689788818 
275.3847961426 -80.9996490479 
276.3385925293 -81.1549835205 
277.2955322266 -81.1770477295 
278.2559204102 -80.9617614746 
279.2196350098 -80.7189941406 
280.1867065430 -80.5406723022 
281.1569824219 -80.6056442261 
282.1307373047 -81.0074844360 
283.1079101563 -81.3505477905 
284.0884399414 -81.3939590454 
285.0722045898 -81.2676544189 
286.0595397949 -81.1345672607 
287.0502929688 -81.0547409058 
288.0444641113 -80.9287261963 
289.0419311523 -80.7719726563 
290.0430297852 -80.7262039185 
291.0475769043 -80.8248596191 
292.0556030273 -81.0022735596 
293.0669555664 -81.1828842163 
294.0820007324 -81.3765106201 
295.1005249023 -81.6142272949 
296.1225891113 -81.8403472900 
297.1480407715 -81.8797912598 
298.1771850586 -81.6851654053 
299.2099304199 -81.4127197266 
300.2462158203 -81.1878967285 
301.2859497070 -81.1208114624 
302.3294372559 -81.0711212158 
303.3765258789 -81.0374069214 
304.4272766113 -81.0455093384 
305.4814758301 -81.0692825317 
306.5394897461 -81.1202163696 
307.6011657715 -81.1811752319 
308.6665344238 -81.2453689575 
309.7354125977 -81.2966461182 
310.8081665039 -81.3309402466 
311.8846435547 -81.3488235474 
312.9648437500 -81.3380889893 
314.0486145020 -81.3217163086 
315.1362915039 -81.2991104126 
316.2277526855 -81.2842559814 
317.3229980469 -81.2738037109 
318.4220275879 -81.2707824707 
319.5247192383 -81.2620849609 
320.6313781738 -81.2464904785 
321.7418518066 -81.2096023560 
322.8562011719 -81.1559829712 
323.9742126465 -81.0924835205 
325.0962829590 -81.0228805542 
326.2222290039 -80.9630126953 
327.3520812988 -80.9126510620 
328.4856872559 -80.8886184692 
329.6233825684 -80.8855972290 
330.7650146484 -80.8992385864 
331.9106140137 -80.9382247925 
333.0599670410 -80.9894638062 
334.2135314941 -81.0474853516 
335.3710632324 -81.1073455811 
336.5325927734 -81.1572036743 
337.6979675293 -81.1974868774 
338.8675842285 -81.2219314575 
340.0412292480 -81.2305450439 
341.2189331055 -81.2304611206 
342.4005432129 -81.2217788696 
343.5864257813 -81.2048187256 
344.7764282227 -81.1860198975 
345.9705505371 -81.1666564941 
347.1686096191 -81.1541519165 
348.3710327148 -81.1527404785 
349.5775756836 -81.1608276367 
350.7883300781 -81.1802902222 
352.0030822754 -81.2001419067 
353.2222290039 -81.2099990845 
354.4455871582 -81.2057723999 
355.6731872559 -81.1711349487 
356.9048461914 -81.1204452515 
358.1409912109 -81.0643615723 
359.3813781738 -81.0111389160 
360.6260986328 -80.9861679077 
361.8749084473 -80.9842300415 
363.1282348633 -81.0024795532 
364.3859252930 -81.0379943848 
365.6479492188 -81.0731277466 
366.9141540527 -81.0985412598 
368.1849365234 -81.1117858887 
369.4601440430 -81.1092834473 
370.7397460938 -81.0951995850 
372.0235900879 -81.0773925781 
373.3120727539 -81.0586624146 
374.6050109863 -81.0424575806 
375.9024353027 -81.0350341797 
377.2041625977 -81.0371398926 
378.5105895996 -81.0502166748 
379.8215332031 -81.0755462646 
381.1370239258 -81.1176986694 
382.4568786621 -81.1686935425 
383.7814941406 -81.2228088379 
385.1107177734 -81.2747192383 
386.4445190430 -81.3165740967 
387.7827453613 -81.3400039673 
389.1258239746 -81.3471450806 
390.4735412598 -81.3378982544 
391.8259277344 -81.3130645752 
393.1827697754 -81.2739028931 
394.5445556641 -81.2322158813 
395.9110412598 -81.2000198364 
397.2822570801 -81.1837005615 
398.6582031250 -81.1862106323 
400.0387268066 -81.2055358887 
401.4242553711 -81.2266159058 
402.8145751953 -81.2349319458 
404.2096862793 -81.2235565186 
405.6094360352 -81.1891860962 
407.0142517090 -81.1324920654 
408.4239196777 -81.0583648682 
409.8384704590 -80.9838638306 
411.2576904297 -80.9238281250 
412.6820678711 -80.8886413574 
414.1113891602 -80.8841094971 
415.5456237793 -80.9103012085 
416.9846191406 -80.9619064331 
418.4288330078 -81.0268325806 
419.8780517578 -81.0931243896 
421.3322753906 -81.1517868042 
422.7913208008 -81.1932754517 
424.2556152344 -81.2091217041 
425.7250061035 -81.1945343018 
427.1994934082 -81.1517486572 
428.6788330078 -81.0964889526 
430.1635437012 -81.0498199463 
431.6534118652 -81.0231475830 
433.1484069824 -81.0194702148 
434.6483764648 -81.0340728760 
436.1537475586 -81.0573730469 
437.6643676758 -81.0788955688 
439.1801757813 -81.0907669067 
440.7010192871 -81.0888137817 
442.2273559570 -81.0773849487 
443.7590026855 -81.0659637451 
445.2959289551 -81.0644836426 
446.8379516602 -81.0803604126 
448.3855590820 -81.1163330078 
449.9385375977 -81.1699676514 
451.4968566895 -81.2345657349 
453.0603637695 -81.3015289307 
454.6295166016 -81.3641662598 
456.2041015625 -81.4215393066 
457.7841491699 -81.4777908325 
459.3694152832 -81.5313873291 
460.9604187012 -81.5643081665 
462.5569152832 -81.5540161133 
464.1589660645 -81.4949722290 
465.7662963867 -81.4055252075 
467.3794555664 -81.3122482300 
468.9981994629 -81.2315444946 
470.6225585938 -81.1663513184 
472.2522888184 -81.1153488159 
473.8879089355 -81.0793914795 
475.5292053223 -81.0580902100 
477.1761779785 -81.0448913574 
478.8285827637 -81.0308761597 
480.4869995117 -81.0149612427 
482.1511230469 -81.0076904297 
483.8210449219 -81.0225372314 
485.4964599609 -81.0622558594 
487.1779479980 -81.1126022339 
488.8652954102 -81.1486053467 
490.5584411621 -81.1586608887 
492.2572021484 -81.1305313110 
493.9620971680 -81.0687789917 
495.6729125977 -80.9982910156 
497.3896789551 -80.9446182251 
499.1120910645 -80.9208602905 
500.8407287598 -80.9232254028 
502.5753784180 -80.9373855591 
504.3160095215 -80.9499359131 
506.0626831055 -80.9500656128 
507.8151245117 -80.9199066162 
509.5739440918 -80.8749847412 
511.3388061523 -80.8254699707 
513.1098022461 -80.7997283936 
514.8866577148 -80.8232192993 
516.6699829102 -80.8993530273 
518.4594116211 -81.0045623779 
520.2550659180 -81.1023941040 
522.0566406250 -81.1660079956 
523.8648071289 -81.1902923584 
525.6791992188 -81.1858978271 
527.4998168945 -81.1666488647 
529.3265380859 -81.1441726685 
531.1597900391 -81.1300354004 
532.9994506836 -81.1356811523 
534.8454589844 -81.1894302368 
536.6975708008 -81.2589187622 
538.5563964844 -81.2829208374 
540.4216918945 -81.2671203613 
542.2933959961 -81.2028198242 
544.1713256836 -81.1020507813 
546.0560302734 -81.0011520386 
547.9472656250 -80.9432678223 
549.8450927734 -80.9510803223 
551.7491455078 -81.0115051270 
553.6600952148 -81.1035079956 
555.5776367188 -81.1243057251 
557.5018920898 -81.1108245850 
559.4324340820 -81.1153945923 
561.3700561523 -81.1375885010 
563.3143310547 -81.1432876587 
565.2653198242 -81.1034927368 
567.2227783203 -81.0018234253 
569.1873168945 -80.9674987793 
571.1586914063 -81.0205841064 
573.1368408203 -81.1068191528 
575.1215820313 -81.1948242188 
577.1134643555 -81.2675094604 
579.1123046875 -81.3477478027 
581.1180419922 -81.4085693359 
583.1303710938 -81.4322586060 
585.1500244141 -81.4347457886 
587.1766357422 -81.4095535278 
589.2103271484 -81.3194046021 
591.2507324219 -81.2118453979 
593.2984619141 -81.1624755859 
595.3533325195 -81.1444168091 
597.4152832031 -81.1508560181 
599.4841308594 -81.1736373901 
601.5603637695 -81.1876525879 
603.6438598633 -81.1876373291 
605.7345581055 -81.1807785034 
607.8321533203 -81.1652297974 
609.9373779297 -81.1551589966 
612.0498657227 -81.1498718262 
614.1696777344 -81.1381607056 
616.2964477539 -81.1108016968 
618.4309692383 -81.1001968384 
620.5728759766 -81.1233062744 
622.7222290039 -81.1724548340 
624.8786621094 -81.2782821655 
627.0429077148 -81.3922119141 
629.2145996094 -81.4539871216 
631.3938598633 -81.4750518799 
633.5806884766 -81.4044342041 
635.7747192383 -81.3142623901 
637.9766845703 -81.2141799927 
640.1862792969 -81.0747451782 
642.4035644531 -80.9821319580 
644.6281127930 -80.9757385254 
646.8607788086 -81.0341873169 
649.1011352539 -81.0941085815 
651.3492431641 -81.0950164795 
653.6047973633 -81.0243759155 
655.8685302734 -80.9192886353 
658.1401367188 -80.8660583496 
660.4195556641 -80.8518295288 
662.7065429688 -80.8882293701 
665.0017700195 -80.9303894043 
667.3049926758 -80.9962615967 
669.6161499023 -81.0321655273 
671.9349975586 -81.0250473022 
674.2622070313 -81.0447616577 
676.5974731445 -81.1029281616 
678.9408569336 -81.2233047485 
681.2919311523 -81.3220596313 
683.6515502930 -81.3508911133 
686.0193481445 -81.3284149170 
688.3953857422 -81.2450408936 
690.7792358398 -81.1177597046 
693.1716918945 -81.0157623291 
695.5724487305 -81.0081787109 
697.9815673828 -81.1120986938 
700.3985595703 -81.2751235962 
702.8244018555 -81.3595428467 
705.2586059570 -81.2921447754 
707.7012329102 -81.0956115723 
710.1519165039 -80.9261627197 
712.6115112305 -80.8693161011 
715.0795898438 -80.8779754639 
717.5562133789 -80.9037628174 
720.0410766602 -80.9566650391 
722.5349121094 -81.0000228882 
725.0373535156 -80.9768905640 
727.5484619141 -80.9023132324 
730.0679321289 -80.8295364380 
732.5964965820 -80.7978897095 
735.1337890625 -80.8230743408 
737.6798706055 -80.8767318726 
740.2344360352 -80.9304885864 
742.7981567383 -80.9665222168 
745.3708496094 -80.9837951660 
747.9523925781 -81.0026321411 
750.5424804688 -81.0487747192 
753.1419067383 -81.1130447388 
755.7504272461 -81.1568603516 
758.3679199219 -81.1711120605 
760.9940795898 -81.1927947998 
763.6297607422 -81.2728958130 
766.2745361328 -81.3843383789 
768.9284667969 -81.4312362671 
771.5912475586 -81.3660812378 
774.2636108398 -81.2544403076 
776.9451904297 -81.1980056763 
779.6361083984 -81.1805572510 
782.3359375000 -81.1563720703 
785.0455322266 -81.1996307373 
787.7644653320 -81.3470382690 
790.4928588867 -81.4869232178 
793.2302856445 -81.4405822754 
795.9776000977 -81.2701416016 
798.7344360352 -81.0934066772 
801.5007934570 -81.0291290283 
804.2767333984 -81.1030426025 
807.0618896484 -81.1686401367 
809.8571166992 -81.1433334351 
812.6620483398 -81.0264205933 
815.4766235352 -80.9782943726 
818.3005371094 -81.0412445068 
821.1347045898 -81.2073593140 
823.9786376953 -81.3195800781 
826.8324584961 -81.3207473755 
829.6957397461 -81.1355819702 
832.5693359375 -80.9709930420 
835.4528808594 -80.9324188232 
838.3464355469 -81.0581970215 
841.2495727539 -81.2055435181 
844.1632080078 -81.1864547729 
847.0869140625 -81.0507354736 
850.0207519531 -80.9262924194 
852.9642944336 -80.9379882813 
855.9185180664 -80.9737396240 
858.8829345703 -80.9576416016 
861.8576049805 -80.9675827026 
864.8421630859 -81.0427322388 
867.8375244141 -81.1503067017 
870.8432006836 -81.2568206787 
873.8593750000 -81.2224731445 
876.8854370117 -81.0324249268 
879.9224853516 -80.8817977905 
882.9700317383 -80.8296051025 
886.0281982422 -80.9317626953 
889.0964355469 -81.1582565308 
892.1757812500 -81.2884597778 
895.2657470703 -81.2547988892 
898.3664550781 -81.1940765381 
901.4774169922 -81.2363891602 
904.5996704102 -81.3745422363 
907.7327270508 -81.4648284912 
910.8765869141 -81.4534301758 
914.0308837891 -81.3278808594 
917.1965942383 -81.2111663818 
920.3732299805 -81.1344299316 
923.5609130859 -81.1285324097 
926.7590942383 -81.1901397705 
929.9689331055 -81.1973876953 
933.1898193359 -81.1450500488 
936.4218750000 -81.0655364990 
939.6646118164 -80.9358139038 
942.9190673828 -80.8649139404 
946.1848754883 -80.9527511597 
949.4619140625 -81.0309677124 
952.7498168945 -81.0464706421 
956.0496215820 -81.0147399902 
959.3608398438 -80.9493408203 
962.6835327148 -80.9663314819 
966.0172119141 -81.0917587280 
969.3629760742 -81.1222839355 
972.7203369141 -81.0718154907 
976.0892944336 -81.1308135986 
979.4694213867 -81.2719421387 
982.8617553711 -81.3354339600 
986.2658691406 -81.2722015381 
989.6817626953 -81.1827926636 
993.1088867188 -81.1535415649 
996.5485229492 -81.1159667969 
1000.0000000000 -80.9721832275 
1003.4634399414 -80.9694061279 
1006.9389038086 -80.9814834595 
1010.4258422852 -81.0121078491 
1013.9254150391 -81.0471572876 
1017.4370727539 -81.0855484009 
1020.9609375000 -81.1192855835 
1024.4964599609 -81.1457977295 
1028.0446777344 -81.1656188965 
1031.6053466797 -81.1756362915 
1035.1782226563 -81.1799545288 
1038.7629394531 -81.1812438965 
1042.3605957031 -81.1802825928 
1045.9708251953 -81.1780242920 
1049.5935058594 -81.1748733521 
1053.2281494141 -81.1708679199 
1056.8759765625 -81.1658248901 
1060.5363769531 -81.1619262695 
1064.2094726563 -81.1606292725 
1067.8947753906 -81.1638107300 
1071.5933837891 -81.1777725220 
1075.3048095703 -81.2000732422 
1079.0290527344 -81.2304763794 
1082.7656250000 -81.2698440552 
1086.5157470703 -81.3123703003 
1090.2788085938 -81.3514022827 
1094.0549316406 -81.3830108643 
1097.8435058594 -81.3952102661 
1101.6458740234 -81.3827514648 
1105.4614257813 -81.3509368896 
1109.2901611328 -81.3019714355 
1113.1314697266 -81.2405624390 
1116.9866943359 -81.1814575195 
1120.8553466797 -81.1301269531 
1124.7374267578 -81.0897064209 
1128.6323242188 -81.0649795532 
1132.5412597656 -81.0559463501 
1136.4637451172 -81.0582427979 
1140.3997802734 -81.0707015991 
1144.3488769531 -81.0920944214 
1148.3123779297 -81.1194763184 
1152.2894287109 -81.1447753906 
1156.2803955078 -81.1644058228 
1160.2844238281 -81.1757659912 
1164.3029785156 -81.1768417358 
1168.3355712891 -81.1739120483 
1172.3819580078 -81.1740570068 
1176.4418945313 -81.1797332764 
1180.5163574219 -81.1913833618 
1184.6051025391 -81.2049179077 
1188.7078857422 -81.2106552124 
1192.8243408203 -81.2067489624 
1196.9555664063 -81.1949539185 
1201.1011962891 -81.1790695190 
1205.2611083984 -81.1650924683 
1209.4348144531 -81.1584091187 
1213.6236572266 -81.1560668945 
1217.8270263672 -81.1545562744 
1222.0449218750 -81.1500854492 
1226.2767333984 -81.1390914917 
1230.5238037109 -81.1177673340 
1234.7857666016 -81.0847625732 
1239.0623779297 -81.0431594849 
1243.3531494141 -80.9962463379 
1247.6594238281 -80.9487075806 
1251.9805908203 -80.9062271118 
1256.3167724609 -80.8747787476 
1260.6679687500 -80.8628158569 
1265.0335693359 -80.8678741455 
1269.4149169922 -80.8871002197 
1273.8115234375 -80.9163360596 
1278.2232666016 -80.9511413574 
1282.6496582031 -80.9878921509 
1287.0920410156 -81.0245590210 
1291.5498046875 -81.0607681274 
1296.0230712891 -81.0964126587 
1300.5111083984 -81.1294631958 
1305.0152587891 -81.1558074951 
1309.5351562500 -81.1705703735 
1314.0706787109 -81.1702651978 
1318.6212158203 -81.1550064087 
1323.1881103516 -81.1298828125 
1327.7709960938 -81.1045227051 
1332.3696289063 -81.0914306641 
1336.9835205078 -81.0990829468 
1341.6141357422 -81.1248092651 
1346.2607421875 -81.1584320068 
1350.9234619141 -81.1849594116 
1355.6015625000 -81.1911239624 
1360.2966308594 -81.1723327637 
1365.0079345703 -81.1358947754 
1369.7355957031 -81.0978088379 
1374.4788818359 -81.0744018555 
1379.2392578125 -81.0738067627 
1384.0162353516 -81.0925903320 
1388.8096923828 -81.1193084717 
1393.6190185547 -81.1417465210 
1398.4456787109 -81.1523132324 
1403.2891845703 -81.1515579224 
1408.1494140625 -81.1436691284 
1413.0257568359 -81.1344833374 
1417.9196777344 -81.1290206909 
1422.8305664063 -81.1288452148 
1427.7584228516 -81.1307373047 
1432.7026367188 -81.1280975342 
1437.6647949219 -81.1147460938 
1442.6440429688 -81.0891189575 
1447.6405029297 -81.0559997559 
1452.6535644531 -81.0247650146 
1457.6848144531 -81.0045394897 
1462.7333984375 -80.9992446899 
1467.7995605469 -81.0061874390 
1472.8823242188 -81.0265808105 
1477.9836425781 -81.0472564697 
1483.1025390625 -81.0774841309 
1488.2392578125 -81.1173477173 
1493.3928222656 -81.1564331055 
1498.5651855469 -81.1787872314 
1503.7553710938 -81.1754226685 
1508.9635009766 -81.1510772705 
1514.1889648438 -81.1183547974 
1519.4332275391 -81.0875930786 
1524.6958007813 -81.0643615723 
1529.9764404297 -81.0544815063 
1535.2746582031 -81.0667800903 
1540.5920410156 -81.1076965332 
1545.9277343750 -81.1724853516 
1551.2819824219 -81.2423934937 
1556.6539306641 -81.2924804688 
1562.0452880859 -81.3058319092 
1567.4554443359 -81.2833328247 
1572.8842773438 -81.2411956787 
1578.3309326172 -81.1990890503 
1583.7974853516 -81.1691055298 
1589.2828369141 -81.1483993530 
1594.7872314453 -81.1375808716 
1600.3107910156 -81.1287841797 
1605.8524169922 -81.1168823242 
1611.4143066406 -81.1043167114 
1616.9953613281 -81.0970458984 
1622.5957031250 -81.1020050049 
1628.2145996094 -81.1215438843 
1633.8538818359 -81.1490631104 
1639.5125732422 -81.1710433960 
1645.1910400391 -81.1682586670 
1650.8881835938 -81.1346206665 
1656.6059570313 -81.1070404053 
1662.3435058594 -81.0838470459 
1668.1009521484 -81.0667495728 
1673.8774414063 -81.0587692261 
1679.6748046875 -81.0667495728 
1685.4923095703 -81.0970153809 
1691.3299560547 -81.1782913208 
1697.1867675781 -81.2592697144 
1703.0649414063 -81.2839431763 
1708.9635009766 -81.2760772705 
1714.8823242188 -81.2424545288 
1720.8208007813 -81.1994247437 
1726.7807617188 -81.1522903442 
1732.7614746094 -81.1257781982 
1738.7628173828 -81.1030502319 
1744.7839355469 -81.0643234253 
1750.8269042969 -81.0163269043 
1756.8908691406 -80.9738540649 
1762.9757080078 -80.9926528931 
1769.0808105469 -81.0361785889 
1775.2078857422 -81.0809555054 
1781.3562011719 -81.1150894165 
1787.5258789063 -81.1446075439 
1793.7159423828 -81.1542968750 
1799.9283447266 -81.1401062012 
1806.1623535156 -81.1087265015 
1812.4178466797 -81.0715560913 
1818.6940917969 -81.0427780151 
1824.9930419922 -81.0519714355 
1831.3138427734 -81.0694580078 
1837.6564941406 -81.0840454102 
1844.0201416016 -81.1029052734 
1850.4068603516 -81.1330490112 
1856.8156738281 -81.1668853760 
1863.2467041016 -81.2081451416 
1869.6988525391 -81.2537994385 
1876.1745605469 -81.2452468872 
1882.6726074219 -81.1973190308 
1889.1931152344 -81.1113815308 
1895.7352294922 -81.0574951172 
1902.3010253906 -81.0464782715 
1908.8895263672 -81.0379943848 
1915.5008544922 -81.0001678467 
1922.1340332031 -80.9394989014 
1928.7912597656 -80.9034652710 
1935.4715576172 -80.8917617798 
1942.1749267578 -80.9244995117 
1948.9005126953 -80.9609832764 
1955.6505126953 -81.0096206665 
1962.4238281250 -81.0426788330 
1969.2205810547 -81.0472412109 
1976.0397949219 -81.0140304565 
1982.8836669922 -80.9557418823 
1989.7513427734 -80.9261627197 
1996.6427001953 -80.9291610718 
2003.5579833984 -80.9748764038 
2010.4960937500 -81.0201110840 
2017.4593505859 -81.0814743042 
2024.4467773438 -81.1143035889 
2031.4583740234 -81.1091308594 
2038.4930419922 -81.1103363037 
2045.5533447266 -81.1381149292 
2052.6379394531 -81.2069625854 
2059.7473144531 -81.2519378662 
2066.8798828125 -81.2187576294 
2074.0385742188 -81.1450576782 
2081.2219238281 -81.0986099243 
2088.4299316406 -81.0673370361 
2095.6621093750 -81.0767059326 
2102.9201660156 -81.1152114868 
2110.2036132813 -81.1544876099 
2117.5122070313 -81.1753768921 
2124.8449707031 -81.1742019653 
2132.2043457031 -81.1585998535 
2139.5891113281 -81.1254348755 
2146.9995117188 -81.1018295288 
2154.4343261719 -81.1063156128 
2161.8959960938 -81.1261901855 
2169.3837890625 -81.1522598267 
2176.8972167969 -81.1843414307 
2184.4355468750 -81.2279891968 
2192.0014648438 -81.2762756348 
2199.5932617188 -81.3086242676 
2207.2114257813 -81.3078079224 
2214.8547363281 -81.2671432495 
2222.5258789063 -81.2164077759 
2230.2233886719 -81.1779632568 
2237.9477539063 -81.1623382568 
2245.6975097656 -81.1729354858 
2253.4753417969 -81.1775970459 
2261.2802734375 -81.1522598267 
2269.1120605469 -81.1282653809 
2276.9697265625 -81.1344604492 
2284.8559570313 -81.1386947632 
2292.7695312500 -81.1015472412 
2300.7104492188 -81.0458755493 
2308.6774902344 -81.0612945557 
2316.6735839844 -81.1578826904 
2324.6972656250 -81.2908096313 
2332.7485351563 -81.3903274536 
2340.8266601563 -81.3775787354 
2348.9340820313 -81.2745819092 
2357.0695800781 -81.1730117798 
2365.2331542969 -81.1240158081 
2373.4235839844 -81.1475448608 
2381.6440429688 -81.2236785889 
2389.8925781250 -81.2610549927 
2398.1699218750 -81.2512588501 
2406.4746093750 -81.2270202637 
2414.8093261719 -81.2117385864 
2423.1728515625 -81.1923370361 
2431.5654296875 -81.1727447510 
2439.9855957031 -81.1586608887 
2448.4365234375 -81.1396255493 
2456.9165039063 -81.1204833984 
2465.4260253906 -81.1147232056 
2473.9633789063 -81.1293029785 
2482.5319824219 -81.1366424561 
2491.1301269531 -81.1286010742 
2499.7580566406 -81.1203842163 
2508.4143066406 -81.1377410889 
2517.1020507813 -81.1481475830 
2525.8200683594 -81.1289138794 
2534.5681152344 -81.1011581421 
2543.3464355469 -81.1194915771 
2552.1538085938 -81.1709060669 
2560.9931640625 -81.2179794312 
2569.8630371094 -81.2119827271 
2578.7636718750 -81.1885986328 
2587.6936035156 -81.1602096558 
2596.6560058594 -81.1151199341 
2605.6494140625 -81.0659408569 
2614.6738281250 -81.0491714478 
2623.7282714844 -81.0722351074 
2632.8154296875 -81.1460037231 
2641.9340820313 -81.2473144531 
2651.0842285156 -81.3232116699 
2660.2646484375 -81.3308792114 
2669.4785156250 -81.3093185425 
2678.7241210938 -81.3048171997 
2688.0017089844 -81.3378143311 
2697.3100585938 -81.3666381836 
2706.6518554688 -81.3477249146 
2716.0263671875 -81.2952651978 
2725.4331054688 -81.2252883911 
2734.8710937500 -81.1366500854 
2744.3432617188 -81.0634002686 
2753.8481445313 -81.0283432007 
2763.3859863281 -81.0792312622 
2772.9553222656 -81.2212142944 
2782.5593261719 -81.3550033569 
2792.1965332031 -81.4010086060 
2801.8671875000 -81.4031143188 
2811.5698242188 -81.3905410767 
2821.3073730469 -81.3594284058 
2831.0788574219 -81.2490997314 
2840.8842773438 -81.0935668945 
2850.7219238281 -81.0262680054 
2860.5952148438 -81.0649795532 
2870.5029296875 -81.0959701538 
2880.4448242188 -81.0648269653 
2890.4194335938 -81.0491867065 
2900.4301757813 -81.0993194580 
2910.4758300781 -81.1663208008 
2920.5561523438 -81.1660308838 
2930.6696777344 -81.0642318726 
2940.8198242188 -80.9513397217 
2951.0053710938 -80.9394454956 
2961.2260742188 -81.0009384155 
2971.4804687500 -81.0533905029 
2981.7719726563 -81.0901031494 
2992.0991210938 -81.1085357666 
3002.4621582031 -81.0505294800 
3012.8593750000 -81.0456848145 
3023.2944335938 -81.0334091187 
3033.7653808594 -81.0143127441 
3044.2727050781 -80.9881439209 
3054.8146972656 -80.9617996216 
3065.3950195313 -80.9369125366 
3076.0117187500 -80.9186019897 
3086.6655273438 -80.9045333862 
3097.3542480469 -80.9024734497 
3108.0817871094 -80.9084854126 
3118.8464355469 -80.9223022461 
3129.6484375000 -80.9539566040 
3140.4860839844 -80.9941482544 
3151.3630371094 -81.0469970703 
3162.2775878906 -81.1104354858 
3173.2299804688 -81.1758346558 
3184.2204589844 -81.2394561768 
3195.2470703125 -81.2878494263 
3206.3137207031 -81.3239746094 
3217.4184570313 -81.3317947388 
3228.5620117188 -81.3176422119 
3239.7421875000 -81.2891311646 
3250.9628906250 -81.2435684204 
3262.2224121094 -81.1970062256 
3273.5209960938 -81.1510162354 
3284.8569335938 -81.1136856079 
3296.2338867188 -81.0838317871 
3307.6501464844 -81.0599212646 
3319.1059570313 -81.0451660156 
3330.5998535156 -81.0385894775 
3342.1352539063 -81.0394821167 
3353.7104492188 -81.0544662476 
3365.3259277344 -81.0838012695 
3376.9797363281 -81.1225967407 
3388.6757812500 -81.1723709106 
3400.4123535156 -81.2240524292 
3412.1894531250 -81.2717437744 
3424.0056152344 -81.3119812012 
3435.8645019531 -81.3345184326 
3447.7644042969 -81.3481216431 
3459.7055664063 -81.3535690308 
3471.6860351563 -81.3520812988 
3483.7102050781 -81.3465576172 
3495.7758789063 -81.3359375000 
3507.8833007813 -81.3166503906 
3520.0307617188 -81.2835311890 
3532.2221679688 -81.2434082031 
3544.4558105469 -81.1981811523 
3556.7319335938 -81.1564483643 
3569.0485839844 -81.1268920898 
3581.4099121094 -81.1098251343 
3593.8139648438 -81.1077575684 
3606.2609863281 -81.1208724976 
3618.7490234375 -81.1339492798 
3631.2824707031 -81.1413421631 
3643.8591308594 -81.1325836182 
3656.4794921875 -81.0940475464 
3669.1416015625 -81.0375823975 
3681.8493652344 -80.9690322876 
3694.6013183594 -80.8989257813 
3707.3974609375 -80.8516616821 
3720.2358398438 -80.8306961060 
3733.1206054688 -80.8374252319 
3746.0500488281 -80.8735198975 
3759.0244140625 -80.9314270020 
3772.0415039063 -80.9935836792 
3785.1059570313 -81.0535659790 
3798.2153320313 -81.1049804688 
3811.3703613281 -81.1335601807 
3824.5688476563 -81.1404647827 
3837.8149414063 -81.1302566528 
3851.1071777344 -81.1085357666 
3864.4453125000 -81.0857543945 
3877.8273925781 -81.0783615112 
3891.2580566406 -81.0859527588 
3904.7353515625 -81.1056823730 
3918.2590332031 -81.1334228516 
3931.8276367188 -81.1638946533 
3945.4453125000 -81.1938171387 
3959.1103515625 -81.2204132080 
3972.8225097656 -81.2380447388 
3986.5822753906 -81.2395782471 
4000.3872070313 -81.2141571045 
4014.2424316406 -81.1575164795 
4028.1455078125 -81.0892410278 
4042.0969238281 -81.0242538452 
4056.0942382813 -80.9759750366 
4070.1423339844 -80.9544906616 
4084.2392578125 -80.9673309326 
4098.3847656250 -81.0030899048 
4112.5771484375 -81.0441818237 
4126.8208007813 -81.0761566162 
4141.1137695313 -81.0892333984 
4155.4565429688 -81.0819244385 
4169.8461914063 -81.0662536621 
4184.2885742188 -81.0663299561 
4198.7802734375 -81.0883178711 
4213.3227539063 -81.1267242432 
4227.9130859375 -81.1721343994 
4242.5561523438 -81.2159729004 
4257.2500000000 -81.2539596558 
4271.9951171875 -81.2858657837 
4286.7885742188 -81.3103790283 
4301.6357421875 -81.3260345459 
4316.5341796875 -81.3322372437 
4331.4843750000 -81.3305206299 
4346.4838867188 -81.3237762451 
4361.5375976563 -81.3155136108 
4376.6435546875 -81.3092956543 
4391.8017578125 -81.3084106445 
4407.0102539063 -81.3148193359 
4422.2739257813 -81.3240509033 
4437.5898437500 -81.3281097412 
4452.9594726563 -81.3215255737 
4468.3793945313 -81.3052749634 
4483.8554687500 -81.2859878540 
4499.3852539063 -81.2706222534 
4514.9687500000 -81.2602005005 
4530.6035156250 -81.2477188110 
4546.2949218750 -81.2231140137 
4562.0410156250 -81.1831436157 
4577.8413085938 -81.1380691528 
4593.6938476563 -81.1091003418 
4609.6040039063 -81.1088256836 
4625.5693359375 -81.1321640015 
4641.5898437500 -81.1630325317 
4657.6630859375 -81.1870193481 
4673.7944335938 -81.2006759644 
4689.9819335938 -81.2098541260 
4706.2255859375 -81.2203445435 
4722.5229492188 -81.2306976318 
4738.8789062500 -81.2338638306 
4755.2919921875 -81.2252273560 
4771.7617187500 -81.2088088989 
4788.2861328125 -81.1957015991 
4804.8701171875 -81.1964950562 
4821.5112304688 -81.2139511108 
4838.2104492188 -81.2406234741 
4854.9648437500 -81.2624893188 
4871.7797851563 -81.2669448853 
4888.6528320313 -81.2510452271 
4905.5844726563 -81.2335586548 
4922.5717773438 -81.2083358765 
4939.6210937500 -81.2020950317 
4956.7294921875 -81.2191619873 
4973.8964843750 -81.2471542358 
4991.1206054688 -81.2667770386 
5008.4072265625 -81.2677001953 
5025.7539062500 -81.2561874390 
5043.1601562500 -81.2475433350 
5060.6269531250 -81.2613601685 
5078.1513671875 -81.2930145264 
5095.7392578125 -81.3102416992 
5113.3881835938 -81.3117752075 
5131.0981445313 -81.2876815796 
5148.8666992188 -81.2321319580 
5166.6997070313 -81.1511383057 
5184.5942382813 -81.0659255981 
5202.5507812500 -81.0039367676 
5220.5668945313 -80.9827117920 
5238.6479492188 -81.0017700195 
5256.7915039063 -81.0480270386 
5274.9985351563 -81.1047134399 
5293.2651367188 -81.1541366577 
5311.5981445313 -81.1790924072 
5329.9946289063 -81.1708450317 
5348.4545898438 -81.1164169312 
5366.9760742188 -81.0677413940 
5385.5644531250 -81.0622863770 
5404.2167968750 -81.0817718506 
5422.9340820313 -81.1215667725 
5441.7133789063 -81.1729431152 
5460.5605468750 -81.2254180908 
5479.4726562500 -81.2669372559 
5498.4506835938 -81.2831115723 
5517.4912109375 -81.2614135742 
5536.6010742188 -81.1592025757 
5555.7768554688 -81.0402297974 
5575.0190429688 -80.9908370972 
5594.3247070313 -80.9758758545 
5613.7001953125 -80.9844818115 
5633.1430664063 -81.0006866455 
5652.6533203125 -81.0151443481 
5672.2275390625 -81.0259017944 
5691.8730468750 -81.0095825195 
5711.5869140625 -80.9674682617 
5731.3686523438 -80.9070587158 
5751.2158203125 -80.8503341675 
5771.1347656250 -80.8239059448 
5791.1230468750 -80.8765182495 
5811.1801757813 -80.9949111938 
5831.3037109375 -81.0696792603 
5851.5000000000 -81.1041336060 
5871.7666015625 -81.0858688354 
5892.1030273438 -80.9867324829 
5912.5068359375 -80.8883056641 
5932.9848632813 -80.8628082275 
5953.5332031250 -80.8751983643 
5974.1533203125 -80.9168243408 
5994.8408203125 -81.0076217651 
6015.6040039063 -81.0943145752 
6036.4384765625 -81.1243972778 
6057.3457031250 -81.1229553223 
6078.3217773438 -81.0858688354 
6099.3735351563 -81.0639190674 
6120.4985351563 -81.0799102783 
6141.6967773438 -81.1183547974 
6162.9648437500 -81.1979141235 
6184.3095703125 -81.2655715942 
6205.7290039063 -81.2773742676 
6227.2221679688 -81.2533874512 
6248.7866210938 -81.1698608398 
6270.4287109375 -81.0970687866 
6292.1459960938 -81.0895843506 
6313.9384765625 -81.1343612671 
6335.8066406250 -81.1920547485 
6357.7470703125 -81.2188110352 
6379.7666015625 -81.2334213257 
6401.8627929688 -81.2359161377 
6424.0351562500 -81.2329330444 
6446.2812500000 -81.2388534546 
6468.6074218750 -81.2591171265 
6491.0112304688 -81.2750091553 
6513.4926757813 -81.2750396729 
6536.0483398438 -81.2563858032 
6558.6855468750 -81.2258148193 
6581.4013671875 -81.2080383301 
6604.1958007813 -81.2045593262 
6627.0654296875 -81.2274703979 
6650.0175781250 -81.2479476929 
6673.0498046875 -81.2413558960 
6696.1616210938 -81.1814193726 
6719.3496093750 -81.1016540527 
6742.6220703125 -81.0665817261 
6765.9746093750 -81.0930709839 
6789.4082031250 -81.1834259033 
6812.9194335938 -81.2553558350 
6836.5156250000 -81.2474594116 
6860.1938476563 -81.1714477539 
6883.9536132813 -81.1152114868 
6907.7919921875 -81.1379623413 
6931.7167968750 -81.1788940430 
6955.7246093750 -81.1939697266 
6979.8154296875 -81.2036437988 
7003.9858398438 -81.2002029419 
7028.2436523438 -81.1704559326 
7052.5859375000 -81.1432495117 
7077.0122070313 -81.1555633545 
7101.5190429688 -81.1881484985 
7126.1147460938 -81.2129364014 
7150.7958984375 -81.2273864746 
7175.5625000000 -81.2222366333 
7200.4106445313 -81.1533889771 
7225.3491210938 -81.0350875854 
7250.3735351563 -80.9548492432 
7275.4848632813 -80.9544067383 
7300.6791992188 -80.9998550415 
7325.9648437500 -81.0290527344 
7351.3378906250 -81.0590133667 
7376.7988281250 -81.1097488403 
7402.3442382813 -81.1258773804 
7427.9819335938 -81.0935287476 
7453.7080078125 -81.0918197632 
7479.5239257813 -81.1693191528 
7505.4248046875 -81.3072662354 
7531.4194335938 -81.4435348511 
7557.5039062500 -81.5222854614 
7583.6791992188 -81.4567413330 
7609.9409179688 -81.2926101685 
7636.2973632813 -81.1422729492 
7662.7451171875 -81.0801925659 
7689.2851562500 -81.1207351685 
7715.9121093750 -81.1748275757 
7742.6357421875 -81.1783065796 
7769.4521484375 -81.1597518921 
7796.3613281250 -81.1752777100 
7823.3593750000 -81.2010803223 
7850.4550781250 -81.2054824829 
7877.6450195313 -81.1878433228 
7904.9287109375 -81.1465911865 
7932.3027343750 -81.1016693115 
7959.7758789063 -81.0769653320 
7987.3442382813 -81.0917663574 
8015.0078125000 -81.1140670776 
8042.7675781250 -81.0679016113 
8070.6191406250 -81.0269622803 
8098.5712890625 -81.0935363770 
8126.6201171875 -81.2674865723 
8154.7666015625 -81.3312683105 
8183.0053710938 -81.2716445923 
8211.3466796875 -81.1668167114 
8239.7871093750 -81.1695098877 
8268.3251953125 -81.2429199219 
8296.9570312500 -81.3094253540 
8325.6933593750 -81.3295211792 
8354.5292968750 -81.3302383423 
8383.4648437500 -81.2231292725 
8412.4960937500 -81.0658111572 
8441.6318359375 -81.0282821655 
8470.8691406250 -81.0561904907 
8500.2080078125 -81.0948410034 
8529.6425781250 -81.1099472046 
8559.1845703125 -81.1001129150 
8588.8291015625 -81.0753250122 
8618.5761718750 -81.0891189575 
8648.4218750000 -81.1256561279 
8678.3750000000 -81.1831283569 
8708.4326171875 -81.2681503296 
8738.5937500000 -81.3009338379 
8768.8544921875 -81.2564086914 
8799.2246093750 -81.2414016724 
8829.7001953125 -81.3046417236 
8860.2822265625 -81.3953247070 
8890.9638671875 -81.3694229126 
8921.7578125000 -81.2682571411 
8952.6582031250 -81.2186279297 
8983.6650390625 -81.2318801880 
9014.7744140625 -81.2898101807 
9045.9970703125 -81.3219528198 
9077.3271484375 -81.2723999023 
9108.7656250000 -81.1710052490 
9140.3085937500 -81.1175918579 
9171.9658203125 -81.1210708618 
9203.7324218750 -81.1248931885 
9235.6093750000 -81.0990142822 
9267.5908203125 -81.0546569824 
9299.6894531250 -81.0757522583 
9331.8984375000 -81.1784057617 
9364.2187500000 -81.2039489746 
9396.6464843750 -81.1325302124 
9429.1914062500 -81.0604934692 
9461.8486328125 -80.9962234497 
9494.6191406250 -80.9991378784 
9527.4980468750 -81.0927886963 
9560.4960937500 -81.2008132935 
9593.6083984375 -81.1727066040 
9626.8359375000 -81.1606140137 
9660.1718750000 -81.2024383545 
9693.6298828125 -81.1706008911 
9727.2031250000 -81.1562423706 
9760.8935546875 -81.2170562744 
9794.6943359375 -81.2011489868 
9828.6171875000 -81.1366424561 
9862.6582031250 -81.1506271362 
9896.8173828125 -81.2113647461 
9931.0888671875 -81.2390213013 
9965.4853515625 -81.1782302856 
10000.0000000000 -81.2600784302 
10034.6347656250 -81.2312088013 
10069.3886718750 -81.2059173584 
10104.2636718750 -81.1961898804 
10139.2597656250 -81.1961593628 
10174.3652343750 -81.2056884766 
10209.6035156250 -81.2259597778 
10244.9638671875 -81.2466735840 
10280.4472656250 -81.2666015625 
10316.0527343750 -81.2814483643 
10351.7822265625 -81.2936248779 
10387.6347656250 -81.3068161011 
10423.6123046875 -81.3240432739 
10459.7021484375 -81.3521652222 
10495.9287109375 -81.3834915161 
10532.2812500000 -81.4151916504 
10568.7597656250 -81.4318389893 
10605.3642578125 -81.4228363037 
10642.0947265625 -81.3915481567 
10678.9531250000 -81.3354644775 
10715.9394531250 -81.2652282715 
10753.0419921875 -81.2013092041 
10790.2841796875 -81.1487197876 
10827.6562500000 -81.1197433472 
10865.1572265625 -81.1160125732 
10902.7880859375 -81.1275711060 
10940.5498046875 -81.1519012451 
10978.4414062500 -81.1868972778 
11016.4648437500 -81.2262649536 
11054.6074218750 -81.2662811279 
11092.8945312500 -81.3046112061 
11131.3144531250 -81.3352584839 
11169.8671875000 -81.3538513184 
11208.5537109375 -81.3614654541 
11247.3740234375 -81.3582382202 
11286.3291015625 -81.3438873291 
11325.4189453125 -81.3223800659 
11364.6308593750 -81.2983322144 
11403.9921875000 -81.2741012573 
11443.4892578125 -81.2523803711 
11483.1230468750 -81.2394943237 
11522.8945312500 -81.2348556519 
11562.8037109375 -81.2375717163 
11602.8505859375 -81.2460403442 
11643.0371093750 -81.2570114136 
11683.3486328125 -81.2654113770 
11723.8134765625 -81.2710342407 
11764.4189453125 -81.2753677368 
11805.1640625000 -81.2807083130 
11846.0507812500 -81.2910003662 
11887.0791015625 -81.3056793213 
11928.2490234375 -81.3183517456 
11969.5625000000 -81.3227996826 
12011.0048828125 -81.3133010864 
12052.6044921875 -81.2849807739 
12094.3486328125 -81.2402572632 
12136.2363281250 -81.1923675537 
12178.2695312500 -81.1481552124 
12220.4492187500 -81.1115188599 
12262.7734375000 -81.0828933716 
12305.2451171875 -81.0583877563 
12347.8505859375 -81.0321807861 
12390.6162109375 -81.0058670044 
12433.5312500000 -80.9855651855 
12476.5937500000 -80.9783325195 
12519.8056640625 -80.9893188477 
12563.1679687500 -81.0183105469 
12606.6796875000 -81.0541458130 
12650.3427734375 -81.0794754028 
12694.1562500000 -81.0887298584 
12738.1074218750 -81.0852432251 
12782.2255859375 -81.0785140991 
12826.4960937500 -81.0798034668 
12870.9199218750 -81.0963592529 
12915.4980468750 -81.1265792847 
12960.2304687500 -81.1561965942 
13005.1171875000 -81.1730041504 
13050.1601562500 -81.1715393066 
13095.3447265625 -81.1525726318 
13140.6992187500 -81.1211853027 
13186.2119140625 -81.0839920044 
13231.8818359375 -81.0469512939 
13277.7099609375 -81.0151138306 
13323.6962890625 -80.9949951172 
13369.8427734375 -80.9941558838 
13416.1484375000 -81.0159835815 
13462.5996093750 -81.0595932007 
13509.2265625000 -81.1188964844 
13556.0156250000 -81.1848449707 
13602.9658203125 -81.2489395142 
13650.0791015625 -81.3055572510 
13697.3554687500 -81.3515014648 
13744.7958984375 -81.3833694458 
13792.4003906250 -81.3954162598 
13840.1542968750 -81.3812942505 
13888.0888671875 -81.3395690918 
13936.1904296875 -81.2786331177 
13984.4570312500 -81.2164840698 
14032.8916015625 -81.1710357666 
14081.4941406250 -81.1507034302 
14130.2646484375 -81.1529846191 
14179.2041015625 -81.1669769287 
14228.2978515625 -81.1791381836 
14277.5771484375 -81.1792297363 
14327.0263671875 -81.1633224487 
14376.6474609375 -81.1333847046 
14426.4404296875 -81.0949325562 
14476.4052734375 -81.0545425415 
14526.5439453125 -81.0174789429 
14576.8564453125 -80.9856414795 
14627.3261718750 -80.9577865601 
14677.9873046875 -80.9331665039 
14728.8242187500 -80.9102249146 
14779.8369140625 -80.9165115356 
14831.0253906250 -80.9466171265 
14882.3925781250 -80.9948196411 
14933.9365234375 -81.0474472046 
14985.6601562500 -81.0894393921 
15037.5458984375 -81.1107711792 
15089.6269531250 -81.1103057861 
15141.8896484375 -81.0960769653 
15194.3330078125 -81.0809707642 
15246.9580078125 -81.0754394531 
15299.7646484375 -81.0823974609 
15352.7548828125 -81.0985946655 
15405.9287109375 -81.1205139160 
15459.2695312500 -81.1478576660 
15512.8115234375 -81.1805114746 
15566.5390625000 -81.2132873535 
15620.4531250000 -81.2359313965 
15674.5546875000 -81.2401199341 
15728.8427734375 -81.2265472412 
15783.3183593750 -81.2043609619 
15837.9833984375 -81.1834182739 
15892.8369140625 -81.1594772339 
15947.8642578125 -81.1309738159 
16003.0986328125 -81.1016464233 
16058.5244140625 -81.0667266846 
16114.1425781250 -81.0336608887 
16169.9531250000 -81.0101470947 
16225.9570312500 -80.9997787476 
16282.1552734375 -81.0003890991 
16338.5478515625 -81.0063018799 
16395.1171875000 -81.0130920410 
16451.9003906250 -81.0273742676 
16508.8808593750 -81.0543594360 
16566.0585937500 -81.0804901123 
16623.4355468750 -81.1055755615 
16681.0097656250 -81.1237869263 
16738.7832031250 -81.1348495483 
16796.7578125000 -81.1431045532 
16854.9140625000 -81.1512298584 
16913.2890625000 -81.1502609253 
16971.8691406250 -81.1175918579 
17030.6503906250 -81.0766296387 
17089.6347656250 -81.0361557007 
17148.8242187500 -81.0089416504 
17208.2167968750 -81.0000381470 
17267.8183593750 -81.0146026611 
17327.6054687500 -81.0403823853 
17387.6191406250 -81.0546035767 
17447.8398437500 -81.0631484985 
17508.2695312500 -81.0709915161 
17568.9082031250 -81.1075592041 
17629.7578125000 -81.1802597046 
17690.8164062500 -81.2355804443 
17752.0878906250 -81.2716751099 
17813.5527343750 -81.2767944336 
17875.2500000000 -81.2411041260 
17937.1582031250 -81.2070693970 
17999.2832031250 -81.2056350708 
18061.6230468750 -81.2162017822 
18124.1796875000 -81.2259063721 
18186.9511718750 -81.2239379883 
18249.9414062500 -81.2181320190 
18313.1289062500 -81.2203521729 
18376.5546875000 -81.2205352783 
18440.2011718750 -81.1915130615 
18504.0683593750 -81.1349563599 
18568.1562500000 -81.0979232788 
18632.4667968750 -81.0734405518 
18697.0000000000 -81.0584869385 
18761.7558593750 -81.0582275391 
18826.7148437500 -81.0714874268 
18891.9199218750 -81.1168899536 
18957.3515625000 -81.1709060669 
19023.0097656250 -81.1939468384 
19088.8945312500 -81.1969070435 
19155.0078125000 -81.1571273804 
19221.3515625000 -81.0818405151 
19287.9238281250 -81.0227813721 
19354.7050781250 -80.9605865479 
19421.7382812500 -80.9518661499 
19489.0058593750 -80.9880676270 
19556.5039062500 -81.0897445679 
19624.2382812500 -81.2076721191 
19692.2050781250 -81.2700576782 
19760.4082031250 -81.3045654297 
19828.8476562500 -81.2857589722 
19897.5019531250 -81.2604293823 
19966.4160156250 -81.2382659912 
20035.5683593750 -81.2297286987 
20104.9609375000 -81.2222747803 
20174.5937500000 -81.2045593262 
20244.4667968750 -81.1919555664 
20314.5839843750 -81.1908340454 
20384.9414062500 -81.1833343506 
20455.5449218750 -81.1655349731 
20526.3691406250 -81.1305618286 
20597.4609375000 -81.1065063477 
20668.7988281250 -81.0898818970 
20740.3847656250 -81.0464630127 
20812.2187500000 -80.9915466309 
20884.3007812500 -80.9131698608 
20956.6328125000 -80.8932113647 
21029.2148437500 -80.9676361084 
21102.0253906250 -81.0730819702 
21175.1113281250 -81.1364746094 
21248.4492187500 -81.1430816650 
21322.0429687500 -81.1278915405 
21395.8906250000 -81.1205749512 
21469.9941406250 -81.1372833252 
21544.3554687500 -81.1562881470 
21618.9726562500 -81.1564102173 
21693.8242187500 -81.1394805908 
21768.9609375000 -81.1263809204 
21844.3574218750 -81.1325302124 
21920.0136718750 -81.1640625000 
21995.9316406250 -81.2349395752 
22072.1152343750 -81.3140869141 
22148.5605468750 -81.3436279297 
22225.2714843750 -81.3157424927 
22302.2226562500 -81.2468948364 
22379.4648437500 -81.1742095947 
22456.9746093750 -81.1229095459 
22534.7539062500 -81.1009292603 
22612.8027343750 -81.1181182861 
22691.1210937500 -81.1726531982 
22769.7109375000 -81.2675552368 
22848.5722656250 -81.3524246216 
22927.6816406250 -81.3496627808 
23007.0898437500 -81.2068023682 
23086.7753906250 -81.0545120239 
23166.7343750000 -80.9524765015 
23246.9707031250 -80.9304275513 
23327.4863281250 -80.9889068604 
23408.2792968750 -81.0885925293 
23489.3535156250 -81.1311950684 
23570.6816406250 -81.1157379150 
23652.3183593750 -81.0669784546 
23734.2363281250 -81.0190734863 
23816.4394531250 -80.9901275635 
23898.9257812500 -80.9905166626 
23981.6992187500 -81.0164184570 
24064.7578125000 -81.0630340576 
24148.1054687500 -81.1053543091 
24231.7148437500 -81.1042404175 
24315.6406250000 -81.0517120361 
24399.8574218750 -80.9724121094 
24484.3652343750 -80.9061813354 
24569.1640625000 -80.9302139282 
24654.2597656250 -81.0322341919 
24739.6484375000 -81.1931457520 
24825.3320312500 -81.2690353394 
24911.2871093750 -81.2748107910 
24997.5664062500 -81.2340087891 
25084.1445312500 -81.2152328491 
25171.0214843750 -81.2481079102 
25258.1992187500 -81.3029327393 
25345.6816406250 -81.3167953491 
25433.4648437500 -81.2543869019 
25521.5527343750 -81.1446914673 
25609.9453125000 -81.0213699341 
25698.6152343750 -81.0045013428 
25787.6210937500 -81.0462112427 
25876.9355468750 -81.0872955322 
25966.5585937500 -81.0978393555 
26056.4941406250 -81.0575180054 
26146.7382812500 -81.0360260010 
26237.2968750000 -81.0609512329 
26328.1679687500 -81.1185302734 
26419.3261718750 -81.1476364136 
26510.8281250000 -81.1506881714 
26602.6464843750 -81.1364746094 
26694.7832031250 -81.1060867310 
26787.2402343750 -81.0990371704 
26880.0156250000 -81.1710510254 
26973.1132812500 -81.2587356567 
27066.5351562500 -81.2965621948 
27160.2480468750 -81.2806930542 
27254.3164062500 -81.2049636841 
27348.7109375000 -81.0631103516 
27443.4316406250 -81.0004577637 
27538.4804687500 -81.0873184204 
27633.8593750000 -81.1922225952 
27729.5683593750 -81.1530075073 
27825.6074218750 -81.0354995728 
27921.9492187500 -80.9772415161 
28018.6562500000 -80.9664077759 
28115.6972656250 -81.0014801025 
28213.0742187500 -81.0790939331 
28310.7890625000 -81.1311798096 
28408.8417968750 -81.1110229492 
28507.2343750000 -81.0771102905 
28605.9687500000 -81.0627517700 
28705.0136718750 -81.0450820923 
28804.4316406250 -81.0531082153 
28904.1933593750 -81.0959930420 
29004.3027343750 -81.1070251465 
29104.7578125000 -81.1247406006 
29205.5605468750 -81.2022171021 
29306.7128906250 -81.2177810669 
29408.2148437500 -81.1308212280 
29510.0371093750 -81.0688781738 
29612.2441406250 -81.0735473633 
29714.8046875000 -81.1023178101 
29817.7207031250 -81.1116256714 
29920.9921875000 -81.1035690308 
30024.6230468750 -81.1503295898 
30128.6113281250 -81.1434478760 
30232.9609375000 -81.1308593750 
30337.6367187500 -81.1130447388 
30442.7109375000 -81.0937042236 
30548.1464843750 -81.0770950317 
30653.9492187500 -81.0676116943 
30760.1171875000 -81.0679244995 
30866.6542968750 -81.0736160278 
30973.5585937500 -81.0881958008 
31080.8339843750 -81.1053161621 
31188.4472656250 -81.1248779297 
31296.4667968750 -81.1489639282 
31404.8613281250 -81.1743087769 
31513.6308593750 -81.2012710571 
31622.7773437500 -81.2201080322 
31732.3007812500 -81.2299880981 
31842.2031250000 -81.2194366455 
31952.4882812500 -81.1853485107 
32063.1542968750 -81.1383590698 
32174.1679687500 -81.0757598877 
32285.6015625000 -81.0173416138 
32397.4218750000 -80.9651718140 
32509.6289062500 -80.9390716553 
32622.2246093750 -80.9399795532 
32735.2089843750 -80.9622650146 
32848.5859375000 -81.0212097168 
32962.3554687500 -81.0942840576 
33076.4843750000 -81.1746978760 
33191.0429687500 -81.2481460571 
33305.9960937500 -81.2996597290 
33421.3515625000 -81.3331832886 
33537.1054687500 -81.3379287720 
33653.2578125000 -81.3318557739 
33769.8164062500 -81.3235321045 
33886.7773437500 -81.3204956055 
34004.1054687500 -81.3262634277 
34121.8750000000 -81.3320465088 
34240.0546875000 -81.3345031738 
34358.6445312500 -81.3154830933 
34477.6445312500 -81.2828063965 
34597.0546875000 -81.2374114990 
34716.8789062500 -81.1825790405 
34837.1210937500 -81.1298141479 
34957.7382812500 -81.0802764893 
35078.8125000000 -81.0368270874 
35200.3085937500 -81.0013504028 
35322.2226562500 -80.9715499878 
35444.5585937500 -80.9473495483 
35567.3203125000 -80.9298477173 
35690.5039062500 -80.9144515991 
35814.1171875000 -80.9008255005 
35938.1171875000 -80.8889770508 
36062.5898437500 -80.8879852295 
36187.4921875000 -80.9024124146 
36312.8242187500 -80.9350662231 
36438.5898437500 -80.9930343628 
36564.7968750000 -81.0776824951 
36691.4375000000 -81.1731338501 
36818.5156250000 -81.2732009888 
36945.9921875000 -81.3675613403 
37073.9531250000 -81.4375305176 
37202.3593750000 -81.4799957275 
37331.2070312500 -81.4909286499 
37460.5000000000 -81.4631958008 
37590.2460937500 -81.3919143677 
37720.4375000000 -81.3010940552 
37851.0781250000 -81.2014617920 
37982.1328125000 -81.1047439575 
38113.6835937500 -81.0354232788 
38245.6875000000 -80.9967727661 
38378.1484375000 -80.9862518311 
38511.0703125000 -81.0008544922 
38644.4531250000 -81.0356140137 
38778.2968750000 -81.0788879395 
38912.6015625000 -81.1218795776 
39047.3320312500 -81.1615219116 
39182.5703125000 -81.1954040527 
39318.2773437500 -81.2198944092 
39454.4531250000 -81.2296905518 
39591.1015625000 -81.2230606079 
39728.2265625000 -81.1993637085 
39865.8203125000 -81.1607055664 
40003.8945312500 -81.1137084961 
40142.4453125000 -81.0755157471 
40281.4335937500 -81.0540542603 
40420.9453125000 -81.0480957031 
40560.9414062500 -81.0512695313 
40701.4257812500 -81.0531616211 
40842.3906250000 -81.0408096313 
40983.8476562500 -81.0171508789 
41125.7929687500 -80.9949874878 
41268.2304687500 -80.9837951660 
41411.1171875000 -80.9889221191 
41554.5390625000 -81.0103302002 
41698.4648437500 -81.0431518555 
41842.8828125000 -81.0805892944 
41987.8046875000 -81.1185607910 
42133.2265625000 -81.1534805298 
42279.1523437500 -81.1804351807 
42425.5859375000 -81.1946182251 
42572.4765625000 -81.1935806274 
42719.9257812500 -81.1798706055 
42867.8828125000 -81.1619873047 
43016.3554687500 -81.1455078125 
43165.3398437500 -81.1299896240 
43314.8437500000 -81.1154403687 
43464.8593750000 -81.1064834595 
43615.3984375000 -81.1125488281 
43766.4101562500 -81.1430053711 
43917.9960937500 -81.1977615356 
44070.1015625000 -81.2566070557 
44222.7382812500 -81.2858581543 
44375.9023437500 -81.2725524902 
44529.5937500000 -81.2270584106 
44683.8203125000 -81.1731338501 
44838.5820312500 -81.1331253052 
44993.8281250000 -81.1173019409 
45149.6601562500 -81.1222686768 
45306.0351562500 -81.1380996704 
45462.9492187500 -81.1584091187 
45620.4101562500 -81.1850891113 
45778.4140625000 -81.2225036621 
45936.9648437500 -81.2667007446 
46096.0664062500 -81.3034362793 
46255.6679687500 -81.3216400146 
46415.8710937500 -81.3182907104 
46576.6289062500 -81.2956237793 
46737.9453125000 -81.2575607300 
46899.8203125000 -81.2103500366 
47062.2578125000 -81.1654052734 
47225.2539062500 -81.1382446289 
47388.8164062500 -81.1410827637 
47552.8945312500 -81.1736984253 
47717.5898437500 -81.2215270996 
47882.8593750000 -81.2646865845 
48048.6992187500 -81.2913894653 
48215.1132812500 -81.3030395508 
48382.1054687500 -81.3073043823 
48549.6718750000 -81.3083419800 
48717.8242187500 -81.3041152954 
48886.5000000000 -81.2908706665 
49055.8164062500 -81.2776412964 
49225.7187500000 -81.2506256104 
49396.2109375000 -81.2247772217 
49567.2929687500 -81.2071456909 
49738.9648437500 -81.1981811523 
49911.2343750000 -81.1903305054 
50084.1015625000 -81.1730651855 
50257.5664062500 -81.1408996582 
50431.5742187500 -81.0980224609 
50606.2421875000 -81.0422668457 
50781.5156250000 -81.0219039917 
50957.3945312500 -81.0356140137 
51133.8828125000 -81.0600509644 
51310.9804687500 -81.0830993652 
51488.6953125000 -81.0988845825 
51667.0234375000 -81.1123733521 
51845.9140625000 -81.1314163208 
52025.4804687500 -81.1519241333 
52205.6679687500 -81.1550064087 
52386.4804687500 -81.1245651245 
52567.9179687500 -81.0676345825 
52749.9843750000 -81.0127716064 
52932.6796875000 -80.9882125854 
53116.0117187500 -81.0026397705 
53299.9179687500 -81.0425415039 
53484.5195312500 -81.0940399170 
53669.7617187500 -81.1009368896 
53855.6445312500 -81.0810928345 
54042.1679687500 -81.0607376099 
54229.3398437500 -81.0500640869 
54417.1640625000 -81.0473937988 
54605.6328125000 -81.0437774658 
54794.6992187500 -81.0359115601 
54984.4765625000 -81.0336074829 
55174.9140625000 -81.0511703491 
55366.0078125000 -81.1124343872 
55557.7656250000 -81.1590118408 
55750.1875000000 -81.1507415771 
55943.2773437500 -81.1146697998 
56137.0351562500 -81.0673522949 
56331.3984375000 -81.0272674561 
56526.5000000000 -81.0082550049 
56722.2773437500 -81.0218505859 
56918.7343750000 -81.0337295532 
57115.8671875000 -81.0053405762 
57313.6875000000 -80.9522933960 
57512.1914062500 -80.9071655273 
57711.3789062500 -80.9057540894 
57911.1992187500 -81.0186767578 
58111.7695312500 -81.2004776001 
58313.0390625000 -81.3074264526 
58515.0039062500 -81.3686447144 
58717.6679687500 -81.3866271973 
58921.0312500000 -81.3887863159 
59125.1015625000 -81.3993453979 
59329.8789062500 -81.3950271606 
59535.3007812500 -81.3704833984 
59741.5000000000 -81.3389663696 
59948.4101562500 -81.3121566772 
60156.0390625000 -81.2841567993 
60364.3867187500 -81.2323608398 
60573.4570312500 -81.1548309326 
60783.2500000000 -81.0546035767 
60993.7695312500 -81.0277709961 
61204.9531250000 -81.0559692383 
61416.9335937500 -81.0918350220 
61629.6484375000 -81.1214065552 
61843.0976562500 -81.1281051636 
62057.2890625000 -81.1263504028 
62272.2226562500 -81.1193923950 
62487.8984375000 -81.0982360840 
62704.3203125000 -81.0934219360 
62921.4257812500 -81.1284561157 
63139.3515625000 -81.2395706177 
63358.0312500000 -81.3482284546 
63577.4687500000 -81.3726654053 
63797.6679687500 -81.3535614014 
64018.6289062500 -81.2850341797 
64240.3554687500 -81.2225952148 
64462.8476562500 -81.1984863281 
64686.1093750000 -81.1891403198 
64910.0781250000 -81.1902389526 
65134.8906250000 -81.1787109375 
65360.4804687500 -81.1233673096 
65586.8515625000 -81.0481567383 
65814.0156250000 -81.0107727051 
66041.9531250000 -81.0123901367 
66270.6875000000 -81.0712661743 
66500.2109375000 -81.1278915405 
66730.4609375000 -81.1816101074 
66961.5781250000 -81.1738510132 
67193.5000000000 -81.1198883057 
67426.2187500000 -81.0885391235 
67659.7500000000 -81.1008300781 
67894.0859375000 -81.1567001343 
68129.2343750000 -81.2132797241 
68365.1953125000 -81.2159576416 
68601.8984375000 -81.1401977539 
68839.5000000000 -81.0392379761 
69077.9218750000 -81.0168762207 
69317.1718750000 -81.0729904175 
69557.2421875000 -81.1211471558 
69798.1562500000 -81.1187896729 
70039.8984375000 -81.0287704468 
70282.4765625000 -80.9292144775 
70525.8203125000 -80.9082260132 
70770.0859375000 -80.9737930298 
71015.1875000000 -81.0513610840 
71261.1484375000 -81.1135864258 
71507.9609375000 -81.1562805176 
71755.6250000000 -81.1575851440 
72004.1484375000 -81.1159210205 
72253.5312500000 -81.0698623657 
72503.6953125000 -81.0609817505 
72754.8125000000 -81.0671768188 
73006.7890625000 -81.0825042725 
73259.6484375000 -81.1250610352 
73513.3828125000 -81.1711654663 
73767.9921875000 -81.1818008423 
74023.4843750000 -81.1968002319 
74279.8593750000 -81.2496185303 
74537.0390625000 -81.2761001587 
74795.1953125000 -81.2389678955 
75054.2500000000 -81.1911315918 
75314.1953125000 -81.1813507080 
75575.0390625000 -81.1752090454 
75836.7890625000 -81.1156768799 
76099.4453125000 -81.0761413574 
76363.0156250000 -81.0895080566 
76627.4140625000 -81.1297225952 
76892.8046875000 -81.1739883423 
77159.1250000000 -81.2252502441 
77426.3593750000 -81.2918395996 
77694.5234375000 -81.3393173218 
77963.6093750000 -81.3022537231 
78233.6328125000 -81.2216033936 
78504.5937500000 -81.1579132080 
78776.4062500000 -81.1425781250 
79049.2421875000 -81.1538391113 
79323.0234375000 -81.1604156494 
79597.7578125000 -81.1588745117 
79873.4453125000 -81.1529312134 
80150.0781250000 -81.1525268555 
80427.6796875000 -81.1641921997 
80706.2343750000 -81.1392059326 
80985.7578125000 -81.0289001465 
81266.1562500000 -80.8658065796 
81547.6171875000 -80.8373107910 
81830.0546875000 -80.9182357788 
82113.4687500000 -81.0365600586 
82397.8671875000 -81.0815734863 
82683.2500000000 -81.1302947998 
82969.6171875000 -81.2070312500 
83256.9765625000 -81.2280197144 
83545.2421875000 -81.2498016357 
83834.6015625000 -81.3205108643 
84124.9531250000 -81.3264770508 
84416.3203125000 -81.2690734863 
84708.6875000000 -81.2016143799 
85002.0781250000 -81.1213455200 
85296.4765625000 -81.0650482178 
85591.8984375000 -81.0069046021 
85888.2500000000 -80.9206466675 
86185.7187500000 -80.8848724365 
86484.2187500000 -80.9350128174 
86783.7500000000 -81.0141906738 
87084.3203125000 -81.0693740845 
87385.9375000000 -81.1126480103 
87688.5937500000 -81.1703338623 
87992.2968750000 -81.1574478149 
88296.9609375000 -81.0887298584 
88602.7734375000 -81.0389709473 
88909.6406250000 -81.0479354858 
89217.5781250000 -81.0278472900 
89526.5781250000 -80.9914321899 
89836.6484375000 -80.9833984375 
90147.7968750000 -81.0558929443 
90460.0156250000 -81.1459884644 
90773.2187500000 -81.1888122559 
91087.6093750000 -81.2218551636 
91403.0859375000 -81.2251281738 
91719.6562500000 -81.2008514404 
92037.3281250000 -81.1501388550 
92356.0937500000 -81.0580444336 
92675.9609375000 -81.0135574341 
92996.9453125000 -81.0547180176 
93318.9296875000 -81.0971984863 
93642.1328125000 -81.1018295288 
93966.4609375000 -81.0512390137 
94291.9062500000 -80.9812698364 
94618.4843750000 -80.9844741821 
94946.1953125000 -81.0171203613 
95275.0312500000 -81.0322570801 
95605.0156250000 -81.0388107300 
95936.0312500000 -81.0837783813 
96268.3046875000 -81.0975189209 
96601.7265625000 -81.0678024292 
96936.2968750000 -81.1380615234 
97272.0312500000 -81.2725143433 
97608.9296875000 -81.3407211304 
97946.9921875000 -81.3028564453 
98286.2265625000 -81.1685791016 
98626.5312500000 -81.0161666870 
98968.1171875000 -80.9463958740 
99310.8906250000 -80.9933471680 
99654.8515625000 -81.0895004272 
100000.0000000000 -80.9838104248 
100346.3437500000 -81.0267181396 
100693.8906250000 -81.0739212036 
101042.6406250000 -81.1176681519 
101392.5937500000 -81.1551132202 
101743.6562500000 -81.1854629517 
102096.0390625000 -81.1978454590 
102449.6406250000 -81.1967086792 
102804.4687500000 -81.1837158203 
103160.5312500000 -81.1555480957 
103517.8203125000 -81.1225357056 
103876.3515625000 -81.0909881592 
104236.1250000000 -81.0659179688 
104597.0234375000 -81.0619277954 
104959.2890625000 -81.0743103027 
105322.8125000000 -81.1032028198 
105687.5937500000 -81.1529235840 
106053.6406250000 -81.2089538574 
106420.9531250000 -81.2644424438 
106789.5312500000 -81.3132934570 
107159.3906250000 -81.3375625610 
107530.4218750000 -81.3411483765 
107902.8437500000 -81.3240966797 
108276.5625000000 -81.2828903198 
108651.5703125000 -81.2266006470 
109027.8828125000 -81.1658020020 
109405.4921875000 -81.1046142578 
109784.4140625000 -81.0517272949 
110164.6484375000 -81.0139541626 
110546.0781250000 -80.9915084839 
110928.9453125000 -80.9858474731 
111313.1484375000 -81.0026931763 
111698.6718750000 -81.0354461670 
112085.5390625000 -81.0758438110 
112473.7421875000 -81.1191101074 
112863.2890625000 -81.1572036743 
113254.1875000000 -81.1814880371 
113646.3125000000 -81.1935119629 
114039.9218750000 -81.1940994263 
114434.8906250000 -81.1848373413 
114831.2343750000 -81.1687088013 
115228.9453125000 -81.1517257690 
115628.0312500000 -81.1359634399 
116028.5078125000 -81.1233520508 
116430.3671875000 -81.1166305542 
116833.4921875000 -81.1167373657 
117238.1406250000 -81.1202850342 
117644.1875000000 -81.1242980957 
118051.6406250000 -81.1255187988 
118460.5078125000 -81.1194686890 
118870.7890625000 -81.1072082520 
119282.4921875000 -81.0950546265 
119695.6250000000 -81.0884246826 
120110.0546875000 -81.0923461914 
120526.0468750000 -81.1113433838 
120943.4843750000 -81.1459579468 
121362.3671875000 -81.1872406006 
121782.6953125000 -81.2302246094 
122204.4843750000 -81.2713088989 
122627.7343750000 -81.3086624146 
123052.4531250000 -81.3427352905 
123478.5000000000 -81.3747177124 
123906.1640625000 -81.4022827148 
124335.3125000000 -81.4202651978 
124765.9375000000 -81.4229202271 
125198.0625000000 -81.4053573608 
125631.6796875000 -81.3654022217 
126066.7968750000 -81.3031997681 
126503.4218750000 -81.2315902710 
126941.5625000000 -81.1595458984 
127381.0781250000 -81.0951156616 
127822.2578125000 -81.0439605713 
128264.9609375000 -81.0085906982 
128709.2031250000 -80.9882507324 
129154.9843750000 -80.9821472168 
129602.3046875000 -80.9916992188 
130051.1796875000 -81.0218276978 
130501.6015625000 -81.0775222778 
130953.4453125000 -81.1585617065 
131407.0000000000 -81.2571640015 
131862.1250000000 -81.3583831787 
132318.8125000000 -81.4442901611 
132777.0937500000 -81.5006866455 
133236.9687500000 -81.5216064453 
133698.4218750000 -81.5133972168 
134161.4843750000 -81.4837265015 
134626.0000000000 -81.4328994751 
135092.2656250000 -81.3586807251 
135560.1562500000 -81.2622604370 
136029.6562500000 -81.1522750854 
136500.7968750000 -81.0441284180 
136973.5625000000 -80.9552383423 
137447.9531250000 -80.8994445801 
137924.0000000000 -80.8840179443 
138401.5468750000 -80.9093856812 
138880.8906250000 -80.9697113037 
139361.9062500000 -81.0521316528 
139844.5781250000 -81.1354446411 
140328.9218750000 -81.1975173950 
140814.9375000000 -81.2271041870 
141302.6406250000 -81.2285537720 
141792.0468750000 -81.2175827026 
142282.9843750000 -81.2098999023 
142775.7656250000 -81.2116622925 
143270.2656250000 -81.2183609009 
143766.4687500000 -81.2218704224 
144264.4062500000 -81.2189559937 
144764.0625000000 -81.2137527466 
145265.4375000000 -81.2126998901 
145768.5625000000 -81.2178726196 
146273.2656250000 -81.2257995605 
146779.8750000000 -81.2323379517 
147288.2343750000 -81.2390747070 
147798.3593750000 -81.2442779541 
148310.2500000000 -81.2447204590 
148823.9218750000 -81.2287750244 
149339.3750000000 -81.1888580322 
149856.5937500000 -81.1311416626 
150375.4531250000 -81.0750579834 
150896.2656250000 -81.0427551270 
151418.8906250000 -81.0471649170 
151943.3281250000 -81.0862426758 
152469.5781250000 -81.1451034546 
152997.6406250000 -81.2037048340 
153527.5468750000 -81.2456436157 
154059.2812500000 -81.2633819580 
154592.6875000000 -81.2584381104 
155128.1093750000 -81.2387084961 
155665.3906250000 -81.2153244019 
156204.5312500000 -81.1988830566 
156745.5468750000 -81.1944580078 
157288.4218750000 -81.1981353760 
157833.1875000000 -81.1994857788 
158379.8281250000 -81.1904067993 
158928.3750000000 -81.1658706665 
159478.6406250000 -81.1574478149 
160030.9843750000 -81.1699295044 
160585.2500000000 -81.1868591309 
161141.4218750000 -81.1963272095 
161699.5312500000 -81.1912689209 
162259.5781250000 -81.1721954346 
162821.5468750000 -81.1453094482 
163385.4687500000 -81.1184234619 
163951.1718750000 -81.0974273682 
164519.0156250000 -81.0849990845 
165088.8125000000 -81.0979614258 
165660.5937500000 -81.1271438599 
166234.3437500000 -81.1686325073 
166810.0937500000 -81.2126922607 
167387.8281250000 -81.2471847534 
167967.5781250000 -81.2629623413 
168549.1406250000 -81.2569274902 
169132.9062500000 -81.2164077759 
169718.6875000000 -81.1731491089 
170306.5000000000 -81.1642532349 
170896.3437500000 -81.1790237427 
171488.2343750000 -81.2134704590 
172082.1718750000 -81.2562103271 
172678.1718750000 -81.3016128540 
173276.0468750000 -81.3029479980 
173876.1875000000 -81.2753982544 
174478.3906250000 -81.2438735962 
175082.6875000000 -81.2277908325 
175689.0781250000 -81.2551574707 
176297.5781250000 -81.3107376099 
176908.1718750000 -81.3339996338 
177520.8906250000 -81.3273162842 
178135.5312500000 -81.2874374390 
178752.4843750000 -81.1802444458 
179371.5937500000 -81.0611495972 
179992.8437500000 -80.9999313354 
180616.2343750000 -80.9689102173 
181241.7968750000 -80.9745407104 
181869.5156250000 -81.0509109497 
182499.4062500000 -81.1700744629 
183131.2812500000 -81.2488861084 
183765.5468750000 -81.3002166748 
184402.0156250000 -81.2863693237 
185040.6875000000 -81.1958694458 
185681.5625000000 -81.1243286133 
186324.6718750000 -81.0747833252 
186969.9843750000 -81.0553512573 
187617.5468750000 -81.0685195923 
188267.1562500000 -81.0850830078 
188919.2031250000 -81.1193161011 
189573.5156250000 -81.1619644165 
190230.0937500000 -81.1857452393 
190888.9531250000 -81.1946105957 
191550.0937500000 -81.1749496460 
192213.5156250000 -81.1512298584 
192879.2343750000 -81.1615600586 
193547.0468750000 -81.2303161621 
194217.3906250000 -81.3094406128 
194890.0468750000 -81.3273620605 
195565.0468750000 -81.2790069580 
196242.3750000000 -81.2035369873 
196922.0468750000 -81.1781463623 
197604.0781250000 -81.1987762451 
198288.4843750000 -81.2343139648 
198975.0156250000 -81.2327651978 
199664.1562500000 -81.1927947998 
200355.6875000000 -81.1644897461 
201049.6093750000 -81.1772766113 
201745.9375000000 -81.2203063965 
202444.6718750000 -81.2363891602 
203145.8281250000 -81.1832656860 
203849.4218750000 -81.0997161865 
204555.4375000000 -81.0535125732 
205263.6875000000 -81.0433502197 
205974.6093750000 -81.0962066650 
206688.0000000000 -81.1706695557 
207403.8437500000 -81.2041473389 
208122.1875000000 -81.1883697510 
208843.0000000000 -81.1381454468 
209566.3125000000 -81.1004104614 
210292.1406250000 -81.1069412231 
211020.2500000000 -81.1364822388 
211751.1093750000 -81.1580200195 
212484.5000000000 -81.1553573608 
213220.4218750000 -81.1363830566 
213958.9062500000 -81.0950469971 
214699.9375000000 -81.0632247925 
215443.5468750000 -81.0637741089 
216189.7343750000 -81.0749816895 
216938.2500000000 -81.0720214844 
217689.6093750000 -81.0755538940 
218443.5625000000 -81.1410446167 
219200.1406250000 -81.2622833252 
219959.3281250000 -81.3904647827 
220721.1406250000 -81.4701766968 
221485.5937500000 -81.4604873657 
222252.7031250000 -81.3865280151 
223022.2187500000 -81.2843170166 
223794.6562500000 -81.2167282104 
224569.7500000000 -81.2149810791 
225347.5468750000 -81.2280426025 
226128.0156250000 -81.2107849121 
226911.2031250000 -81.1862258911 
227697.0937500000 -81.1923370361 
228485.7187500000 -81.2084655762 
229276.8125000000 -81.2041931152 
230070.9062500000 -81.1933288574 
230867.7500000000 -81.1877136230 
231667.3437500000 -81.1625061035 
232469.7187500000 -81.1424560547 
233274.8593750000 -81.1826705933 
234082.7968750000 -81.2836456299 
234893.5312500000 -81.3162994385 
235706.8281250000 -81.2802124023 
236523.1875000000 -81.2284545898 
237342.3750000000 -81.1970138550 
238164.3906250000 -81.1806869507 
238989.2656250000 -81.1661453247 
239816.9843750000 -81.1413803101 
240647.5937500000 -81.1199111938 
241481.0625000000 -81.1165618896 
242317.1562500000 -81.1603012085 
243156.4062500000 -81.2306823730 
243998.5625000000 -81.2897644043 
244843.6406250000 -81.3181991577 
245691.6562500000 -81.3346023560 
246542.5937500000 -81.3614883423 
247396.4843750000 -81.3604049683 
248253.3281250000 -81.3144302368 
249112.8593750000 -81.2509765625 
249975.6562500000 -81.1909637451 
250841.4375000000 -81.1661071777 
251710.2187500000 -81.1671371460 
252582.0000000000 -81.2039108276 
253456.8125000000 -81.3152847290 
254334.6406250000 -81.4220657349 
255215.5156250000 -81.4826278687 
256099.4531250000 -81.4341659546 
256986.1562500000 -81.2947158813 
257876.2187500000 -81.2304306030 
258769.3593750000 -81.2647552490 
259665.5937500000 -81.3736190796 
260564.9375000000 -81.3992767334 
261467.3906250000 -81.3372421265 
262372.9687500000 -81.2595596313 
263281.6875000000 -81.1881790161 
264193.2500000000 -81.1170196533 
265108.2812500000 -81.0354461670 
266026.4687500000 -81.0103378296 
266947.8437500000 -81.0405044556 
267872.4062500000 -81.0831909180 
268800.1562500000 -81.0559234619 
269731.1562500000 -81.0152053833 
270665.3437500000 -81.0608139038 
271602.4687500000 -81.1472320557 
272543.1562500000 -81.2116394043 
273487.0937500000 -81.2145614624 
274434.3125000000 -81.2006301880 
275384.8125000000 -81.2164077759 
276338.5937500000 -81.1700668335 
277295.6875000000 -81.0322570801 
278256.0625000000 -80.9345474243 
279219.5000000000 -80.9483871460 
280186.5625000000 -81.0098266602 
281156.9687500000 -81.0580596924 
282130.7500000000 -81.0652999878 
283107.9062500000 -81.0874862671 
284088.4375000000 -81.1098251343 
285072.3437500000 -81.1053924561 
286059.6875000000 -81.1219558716 
287050.1250000000 -81.1768188477 
288044.3125000000 -81.1924591064 
289041.9375000000 -81.1367950439 
290043.0312500000 -81.0784378052 
291047.5625000000 -81.0667800903 
292055.5937500000 -81.0748672485 
293067.1250000000 -81.0779037476 
294082.1562500000 -81.0764160156 
295100.3750000000 -81.0690078735 
296122.4375000000 -81.0966186523 
297148.0312500000 -81.2061157227 
298177.1875000000 -81.3148040771 
299209.9062500000 -81.3142623901 
300246.2187500000 -81.2972030640 
301286.1250000000 -81.2399749756 
302329.5937500000 -81.1763992310 
303376.3750000000 -81.1153411865 
304427.0937500000 -81.0710525513 
305481.4687500000 -81.0414581299 
306539.5000000000 -81.0334472656 
307601.1875000000 -81.0473098755 
308666.5312500000 -81.0708847046 
309735.5937500000 -81.1026840210 
310808.3437500000 -81.1356124878 
311884.4687500000 -81.1640014648 
312964.6875000000 -81.1870651245 
314048.6250000000 -81.1997756958 
315136.3125000000 -81.2039718628 
316227.7812500000 -81.2025299072 
317323.0000000000 -81.1959457397 
318422.0312500000 -81.1864089966 
319524.8750000000 -81.1767730713 
320631.5312500000 -81.1672515869 
321741.6875000000 -81.1580276489 
322856.0312500000 -81.1470642090 
323974.2187500000 -81.1335678101 
325096.2812500000 -81.1170578003 
326222.2500000000 -81.0968780518 
327352.0937500000 -81.0784835815 
328485.8750000000 -81.0653533936 
329623.5625000000 -81.0605545044 
330764.8437500000 -81.0746917725 
331910.4062500000 -81.1013107300 
333059.9687500000 -81.1358032227 
334213.5312500000 -81.1740722656 
335371.0625000000 -81.2036437988 
336532.5937500000 -81.2198562622 
337698.1562500000 -81.2247085571 
338867.7500000000 -81.2204437256 
340041.0312500000 -81.2145996094 
341218.7500000000 -81.2176589966 
342400.5625000000 -81.2295455933 
343586.4375000000 -81.2481613159 
344776.4375000000 -81.2679595947 
345970.5625000000 -81.2722396851 
347168.8125000000 -81.2564620972 
348371.2187500000 -81.2204971313 
349577.4062500000 -81.1666717529 
350788.1250000000 -81.1018753052 
352003.0625000000 -81.0411605835 
353222.2187500000 -80.9912567139 
354445.5937500000 -80.9553604126 
355673.1875000000 -80.9350814819 
356905.0625000000 -80.9320831299 
358141.1875000000 -80.9430007935 
359381.1875000000 -80.9629821777 
360625.9062500000 -80.9890823364 
361874.9062500000 -81.0179672241 
363128.2500000000 -81.0457229614 
364385.9062500000 -81.0660324097 
365647.9375000000 -81.0773010254 
366914.3437500000 -81.0792922974 
368185.1562500000 -81.0733947754 
369459.9375000000 -81.0626449585 
370739.5312500000 -81.0519409180 
372023.5937500000 -81.0491256714 
373312.0625000000 -81.0565719604 
374605.0312500000 -81.0731964111 
375902.4375000000 -81.0948486328 
377204.3750000000 -81.1154785156 
378510.7812500000 -81.1289520264 
379821.3437500000 -81.1319427490 
381136.8125000000 -81.1314086914 
382456.8750000000 -81.1364974976 
383781.5000000000 -81.1520004272 
385110.7187500000 -81.1774215698 
386444.5312500000 -81.2072753906 
387782.9687500000 -81.2334060669 
389126.0312500000 -81.2487640381 
390473.3125000000 -81.2499694824 
391825.6875000000 -81.2423553467 
393182.7812500000 -81.2309341431 
394544.5312500000 -81.2198410034 
395911.0312500000 -81.2120437622 
397282.2500000000 -81.2086029053 
398658.2187500000 -81.2081298828 
400038.9375000000 -81.2072372437 
401424.4687500000 -81.2027359009 
402814.3437500000 -81.1952362061 
404209.4687500000 -81.1923446655 
405609.4375000000 -81.2024307251 
407014.2500000000 -81.2289199829 
408423.9062500000 -81.2688293457 
409838.4687500000 -81.3145675659 
411257.9375000000 -81.3574752808 
412682.3125000000 -81.3905944824 
414111.1562500000 -81.4094085693 
415545.4062500000 -81.4112243652 
416984.6250000000 -81.3952102661 
418428.8437500000 -81.3641738892 
419878.0625000000 -81.3266296387 
421332.2812500000 -81.2956314087 
422791.5312500000 -81.2833175659 
424255.8750000000 -81.2941513062 
425724.7812500000 -81.3220291138 
427199.2500000000 -81.3533477783 
428678.8437500000 -81.3747406006 
430163.5625000000 -81.3801651001 
431653.4062500000 -81.3710937500 
433148.4062500000 -81.3535766602 
434648.5937500000 -81.3338699341 
436154.0000000000 -81.3150024414 
437664.1250000000 -81.2952957153 
439179.9375000000 -81.2686538696 
440701.0312500000 -81.2272796631 
442227.3750000000 -81.1553878784 
443759.0000000000 -81.0792617798 
445295.9375000000 -81.0078353882 
446838.2187500000 -80.9603729248 
448385.8125000000 -80.9496002197 
449938.2812500000 -80.9777679443 
451496.6250000000 -81.0382614136 
453060.3437500000 -81.1188964844 
454629.5000000000 -81.2043991089 
456204.0937500000 -81.2783813477 
457784.1562500000 -81.3264389038 
459369.6562500000 -81.3400878906 
460960.6562500000 -81.3199691772 
462556.6562500000 -81.2767791748 
464158.7187500000 -81.2285766602 
465766.3125000000 -81.1946868896 
467379.4687500000 -81.1886901855 
468998.2187500000 -81.2136688232 
470622.5625000000 -81.2613525391 
472252.5625000000 -81.3358612061 
473888.1875000000 -81.3739089966 
475528.9375000000 -81.3653640747 
477175.9062500000 -81.3372879028 
478828.5937500000 -81.2969360352 
480487.0000000000 -81.2494049072 
482151.1250000000 -81.1995849609 
483821.0312500000 -81.1541213989 
485496.7500000000 -81.1189117432 
487178.2187500000 -81.0951843262 
488865.0000000000 -81.0794372559 
490558.1875000000 -81.0642242432 
492257.1875000000 -81.0608749390 
493962.1250000000 -81.0717163086 
495672.9375000000 -81.0910034180 
497389.6562500000 -81.1100158691 
499112.3437500000 -81.1170043945 
500841.0000000000 -81.1058502197 
502575.6562500000 -81.0836410522 
504315.7500000000 -81.0724716187 
506062.4062500000 -81.1095123291 
507815.1250000000 -81.1525573730 
509573.9375000000 -81.1848678589 
511338.8125000000 -81.1936950684 
513109.8125000000 -81.1799316406 
514886.9375000000 -81.1382904053 
516670.2500000000 -81.0958175659 
518459.1250000000 -81.0698623657 
520254.7812500000 -81.0424423218 
522056.6562500000 -81.0132369995 
523864.7812500000 -80.9888381958 
525679.1875000000 -80.9897460938 
527499.8125000000 -81.0432739258 
529326.8125000000 -81.1072311401 
531160.1250000000 -81.1791839600 
532999.1875000000 -81.2479476929 
534845.1875000000 -81.3192901611 
536697.6250000000 -81.3392410278 
538556.4375000000 -81.3170013428 
540421.6875000000 -81.2795486450 
542293.4375000000 -81.2236557007 
544171.6250000000 -81.1815185547 
546056.3125000000 -81.1599426270 
547947.0000000000 -81.1412506104 
549844.7500000000 -81.1285018921 
551749.1250000000 -81.1312408447 
553660.0625000000 -81.1562194824 
555577.6875000000 -81.1830368042 
557501.8750000000 -81.2148361206 
559432.7500000000 -81.2682876587 
561370.3125000000 -81.3189697266 
563314.0000000000 -81.3442916870 
565265.0000000000 -81.3644714355 
567222.7500000000 -81.3694152832 
569187.3125000000 -81.3684082031 
571158.6875000000 -81.3709030151 
573136.8750000000 -81.3891525269 
575121.8750000000 -81.4143447876 
577113.8125000000 -81.4206237793 
579112.0000000000 -81.3838729858 
581117.6875000000 -81.2957611084 
583130.3750000000 -81.2166442871 
585150.0000000000 -81.1044616699 
587176.6875000000 -81.0151367188 
589210.3125000000 -80.9754104614 
591251.0000000000 -80.9631042480 
593298.8125000000 -81.0062713623 
595353.0000000000 -81.0584640503 
597415.0000000000 -81.1204833984 
599484.1250000000 -81.1383666992 
601560.3750000000 -81.1235198975 
603643.8750000000 -81.0969161987 
605734.5625000000 -81.0959930420 
607832.5000000000 -81.1398391724 
609937.6875000000 -81.2002334595 
612049.5000000000 -81.2311859131 
614169.3125000000 -81.2402954102 
616296.4375000000 -81.2216949463 
618431.0000000000 -81.2085037231 
620572.8750000000 -81.2068405151 
622722.1875000000 -81.2155456543 
624879.0000000000 -81.2111587524 
627043.2500000000 -81.1847305298 
629214.2500000000 -81.1460266113 
631393.5000000000 -81.1229782104 
633580.3125000000 -81.1254348755 
635774.6875000000 -81.1428375244 
637976.6875000000 -81.1585769653 
640186.2500000000 -81.1716232300 
642403.5625000000 -81.1945114136 
644628.5000000000 -81.2366638184 
646861.1250000000 -81.2800445557 
649100.7500000000 -81.2907333374 
651348.8750000000 -81.2709045410 
653604.8125000000 -81.2474899292 
655868.5625000000 -81.2423553467 
658140.1250000000 -81.2617340088 
660419.5625000000 -81.2949142456 
662706.8750000000 -81.3263244629 
665002.1250000000 -81.3458786011 
667304.6250000000 -81.3626556396 
669615.8125000000 -81.3757934570 
671935.0000000000 -81.3345489502 
674262.1875000000 -81.2199935913 
676597.5000000000 -81.0775909424 
678940.8125000000 -81.0076828003 
681292.3125000000 -81.0594787598 
683651.9375000000 -81.1418991089 
686019.0000000000 -81.1740875244 
688395.0000000000 -81.1709289551 
690779.1875000000 -81.1792221069 
693171.6875000000 -81.2182235718 
695572.4375000000 -81.2335357666 
697981.5625000000 -81.2123184204 
700398.9375000000 -81.1798095703 
702824.7500000000 -81.1698760986 
705258.1875000000 -81.1923065186 
707700.8125000000 -81.2469482422 
710151.9375000000 -81.3226852417 
712611.5000000000 -81.3382949829 
715079.5625000000 -81.2853927612 
717556.2500000000 -81.1889801025 
720041.4375000000 -81.1371917725 
722535.3125000000 -81.0941162109 
725036.9375000000 -81.0569992065 
727548.0625000000 -81.0569686890 
730067.9375000000 -81.0981292725 
732596.5000000000 -81.1214141846 
735133.8125000000 -81.1264572144 
737679.8750000000 -81.1425933838 
740234.8125000000 -81.1647415161 
742798.5625000000 -81.1775512695 
745370.4375000000 -81.1711578369 
747952.0000000000 -81.1581726074 
750542.4375000000 -81.1799468994 
753141.9375000000 -81.2642517090 
755750.4375000000 -81.4006271362 
758367.9375000000 -81.4419479370 
760994.5000000000 -81.3945999146 
763630.1875000000 -81.3193359375 
766274.1250000000 -81.3093414307 
768928.0625000000 -81.2872848511 
771591.1875000000 -81.1939849854 
774263.5625000000 -81.0504302979 
776945.1875000000 -80.9784393311 
779636.1250000000 -80.9710311890 
782336.3750000000 -81.0190734863 
785045.9375000000 -81.1920242310 
787764.0625000000 -81.4031143188 
790492.4375000000 -81.4711151123 
793230.2500000000 -81.4079742432 
795977.5625000000 -81.2541961670 
798734.4375000000 -81.1820068359 
801500.8125000000 -81.2205352783 
804276.7500000000 -81.2292175293 
807062.3125000000 -81.1820907593 
809857.5625000000 -81.1292037964 
812661.5625000000 -81.1053543091 
815476.1875000000 -81.1682739258 
818300.5625000000 -81.2853088379 
821134.6875000000 -81.3140335083 
823978.6875000000 -81.2727584839 
826832.5000000000 -81.2561416626 
829696.1875000000 -81.2823028564 
832569.8125000000 -81.2818832397 
835452.4375000000 -81.2492599487 
838346.0000000000 -81.2720947266 
841249.5625000000 -81.3691253662 
844163.1875000000 -81.4465179443 
847086.9375000000 -81.4239807129 
850020.7500000000 -81.3238601685 
852964.7500000000 -81.2553863525 
855919.0000000000 -81.2431335449 
858882.4375000000 -81.2962875366 
861857.1875000000 -81.3572998047 
864842.1875000000 -81.3302764893 
867837.5000000000 -81.2016448975 
870843.2500000000 -81.0704040527 
873859.3750000000 -81.0271148682 
876885.9375000000 -81.0903015137 
879923.0000000000 -81.2190017700 
882969.5625000000 -81.3001937866 
886027.6875000000 -81.2644805908 
889096.4375000000 -81.2063827515 
892175.7500000000 -81.1960525513 
895265.7500000000 -81.1989135742 
898366.5000000000 -81.2020187378 
901477.9375000000 -81.1977539063 
904600.1875000000 -81.1786651611 
907732.1875000000 -81.1962051392 
910876.1250000000 -81.2489624023 
914030.8750000000 -81.2779846191 
917196.5625000000 -81.2872238159 
920373.2500000000 -81.2780609131 
923560.9375000000 -81.2304382324 
926759.6250000000 -81.2094726563 
929969.4375000000 -81.2863845825 
933189.3125000000 -81.3981628418 
936421.3750000000 -81.3775482178 
939664.6250000000 -81.2369003296 
942919.0625000000 -81.1985855103 
946184.8750000000 -81.2950210571 
949461.9375000000 -81.3167877197 
952750.3125000000 -81.3075714111 
956050.1250000000 -81.3086776733 
959360.3125000000 -81.2973327637 
962683.0000000000 -81.3179931641 
966017.2500000000 -81.4037475586 
969363.0000000000 -81.3864364624 
972720.3125000000 -81.2596054077 
976089.3125000000 -81.1627120972 
979469.9375000000 -81.1334381104 
982862.3125000000 -81.1794891357 
986265.3125000000 -81.2624282837 
989681.1875000000 -81.3013916016 
993108.9375000000 -81.2710037231 
996548.5000000000 -81.1921081543 
1000000.0000000000 -81.3397369385 
1003463.4375000000 -81.3017578125 
1006938.8750000000 -81.2608871460 
1010426.3750000000 -81.2215805054 
1013925.9375000000 -81.1849212646 
1017436.5000000000 -81.1578826904 
1020960.3750000000 -81.1393508911 
1024496.4375000000 -81.1302566528 
1028044.6875000000 -81.1368560791 
1031605.3125000000 -81.1494369507 
1035178.1875000000 -81.1833419800 
1038763.5000000000 -81.2228698730 
1042361.2500000000 -81.2740936279 
1045970.2500000000 -81.3274230957 
1049592.8750000000 -81.3820343018 
1053228.1250000000 -81.4223175049 
1056875.8750000000 -81.4545516968 
1060536.3750000000 -81.4669494629 
1064209.5000000000 -81.4635925293 
1067895.3750000000 -81.4496307373 
1071594.0000000000 -81.4177551270 
1075304.1250000000 -81.3816909790 
1079028.5000000000 -81.3381652832 
1082765.6250000000 -81.2949295044 
1086515.7500000000 -81.2521514893 
1090278.8750000000 -81.2215423584 
1094055.0000000000 -81.1982879639 
1097844.1250000000 -81.1858901978 
1101646.5000000000 -81.1857681274 
1105460.7500000000 -81.1910934448 
1109289.5000000000 -81.2059326172 
1113131.5000000000 -81.2281570435 
1116986.7500000000 -81.2555313110 
1120855.3750000000 -81.2955017090 
1124737.3750000000 -81.3387451172 
1128632.8750000000 -81.3862457275 
1132541.8750000000 -81.4336776733 
1136463.1250000000 -81.4794692993 
1140399.2500000000 -81.5216445923 
1144348.8750000000 -81.5568771362 
1148312.3750000000 -81.5869979858 
1152289.5000000000 -81.6065826416 
1156280.3750000000 -81.6163711548 
1160285.1250000000 -81.6200714111 
1164303.6250000000 -81.6156082153 
1168334.8750000000 -81.6096572876 
1172381.3750000000 -81.6033935547 
1176441.8750000000 -81.6009521484 
1180516.3750000000 -81.6050567627 
1184605.1250000000 -81.6146621704 
1188707.8750000000 -81.6348266602 
1192824.8750000000 -81.6557235718 
1196956.2500000000 -81.6738128662 
1201100.5000000000 -81.6751098633 
1205260.5000000000 -81.6544723511 
1209434.8750000000 -81.6196975708 
1213623.6250000000 -81.5702896118 
1217827.0000000000 -81.5272521973 
1222044.8750000000 -81.4945755005 
1226277.3750000000 -81.4799880981 
1230524.5000000000 -81.4872894287 
1234785.0000000000 -81.5017471313 
1239061.6250000000 -81.5212631226 
1243353.1250000000 -81.5319595337 
1247659.3750000000 -81.5323410034 
1251980.6250000000 -81.5236816406 
1256316.7500000000 -81.5062789917 
1260668.0000000000 -81.4927673340 
1265034.2500000000 -81.4857254028 
1269415.6250000000 -81.4877777100 
1273810.7500000000 -81.4981613159 
1278222.6250000000 -81.5056838989 
1282649.6250000000 -81.5085601807 
1287092.0000000000 -81.5018997192 
1291549.8750000000 -81.4898071289 
1296023.0000000000 -81.4770584106 
1300511.7500000000 -81.4649124146 
1305016.0000000000 -81.4535369873 
1309534.5000000000 -81.4411697388 
1314070.0000000000 -81.4306564331 
1318621.1250000000 -81.4245071411 
1323188.1250000000 -81.4358825684 
1327771.0000000000 -81.4633789063 
1332369.6250000000 -81.5003204346 
1336984.2500000000 -81.5412826538 
1341614.8750000000 -81.5686874390 
1346260.0000000000 -81.5745086670 
1350922.6250000000 -81.5621261597 
1355601.5000000000 -81.5344161987 
1360296.6250000000 -81.4988098145 
1365007.8750000000 -81.4678039551 
1369735.6250000000 -81.4427108765 
1374479.6250000000 -81.4232101440 
1379240.0000000000 -81.4077072144 
1384015.5000000000 -81.3972625732 
1388808.8750000000 -81.3966751099 
1393619.0000000000 -81.4101562500 
1398445.7500000000 -81.4404907227 
1403289.1250000000 -81.4894561768 
1408149.3750000000 -81.5489273071 
1413026.5000000000 -81.6113128662 
1417920.3750000000 -81.6737670898 
1422829.7500000000 -81.7334823608 
1427757.6250000000 -81.7850952148 
1432702.6250000000 -81.8153762817 
1437664.7500000000 -81.8179702759 
1442644.0000000000 -81.7903366089 
1447640.6250000000 -81.7352142334 
1452654.3750000000 -81.6618957520 
1457685.6250000000 -81.5926818848 
1462732.6250000000 -81.5419464111 
1467798.7500000000 -81.5095138550 
1472882.3750000000 -81.4903640747 
1477983.6250000000 -81.4767074585 
1483102.6250000000 -81.4608993530 
1488239.2500000000 -81.4395751953 
1493393.6250000000 -81.4194412231 
1498566.0000000000 -81.4077911377 
1503754.5000000000 -81.4095153809 
1508962.7500000000 -81.4251022339 
1514189.0000000000 -81.4498291016 
1519433.2500000000 -81.4754943848 
1524695.7500000000 -81.4989166260 
1529976.5000000000 -81.5233764648 
1535275.5000000000 -81.5485839844 
1540592.8750000000 -81.5700302124 
1545926.8750000000 -81.5823287964 
1551281.1250000000 -81.5836486816 
1556654.0000000000 -81.5792770386 
1562045.3750000000 -81.5806884766 
1567455.3750000000 -81.5949249268 
1572884.2500000000 -81.6207199097 
1578331.8750000000 -81.6539840698 
1583798.3750000000 -81.6879196167 
1589283.7500000000 -81.7132873535 
1594786.3750000000 -81.7209396362 
1600309.8750000000 -81.7067718506 
1605852.5000000000 -81.6765747070 
1611414.2500000000 -81.6450958252 
1616995.3750000000 -81.6276626587 
1622595.7500000000 -81.6230926514 
1628215.5000000000 -81.6189270020 
1633854.7500000000 -81.6038665771 
1639511.7500000000 -81.5758209229 
1645190.1250000000 -81.5406875610 
1650888.1250000000 -81.5055160522 
1656605.8750000000 -81.4740524292 
1662343.5000000000 -81.4472885132 
1668101.0000000000 -81.4255523682 
1673878.3750000000 -81.4085540771 
1679675.7500000000 -81.3958358765 
1685491.3750000000 -81.3895416260 
1691329.0000000000 -81.3948440552 
1697186.8750000000 -81.4149093628 
1703065.0000000000 -81.4474563599 
1708963.5000000000 -81.4879760742 
1714882.3750000000 -81.5336456299 
1720821.7500000000 -81.5817947388 
1726781.7500000000 -81.6297531128 
1732760.5000000000 -81.6785659790 
1738761.8750000000 -81.7336120605 
1744784.0000000000 -81.7952270508 
1750826.8750000000 -81.8479309082 
1756890.8750000000 -81.8641052246 
1762975.7500000000 -81.8244552612 
1769081.7500000000 -81.7231750488 
1775208.8750000000 -81.6239852905 
1781355.2500000000 -81.5601272583 
1787524.8750000000 -81.5492858887 
1793715.8750000000 -81.5795669556 
1799928.3750000000 -81.6249694824 
1806162.3750000000 -81.6682434082 
1812417.8750000000 -81.7065811157 
1818695.1250000000 -81.7368698120 
1824994.1250000000 -81.7468109131 
1831312.8750000000 -81.7282409668 
1837655.5000000000 -81.6920471191 
1844020.1250000000 -81.6593933105 
1850406.8750000000 -81.6403274536 
1856815.6250000000 -81.6279449463 
1863246.6250000000 -81.6119842529 
1869699.8750000000 -81.5914611816 
1876175.5000000000 -81.5739517212 
1882671.5000000000 -81.5682220459 
1889192.0000000000 -81.5934448242 
1895735.2500000000 -81.6440505981 
1902301.0000000000 -81.6744842529 
1908889.5000000000 -81.6825942993 
1915500.8750000000 -81.6622085571 
1922135.1250000000 -81.6232833862 
1928792.3750000000 -81.5845413208 
1935470.5000000000 -81.5610885620 
1942173.8750000000 -81.5601196289 
1948900.5000000000 -81.5818786621 
1955650.5000000000 -81.6169738770 
1962423.7500000000 -81.6504745483 
1969220.5000000000 -81.6434555054 
1976040.8750000000 -81.6293945313 
1982884.7500000000 -81.6263198853 
1989750.2500000000 -81.6396942139 
1996641.6250000000 -81.6710739136 
2003556.8750000000 -81.7174377441 
2010496.1250000000 -81.7638473511 
2017459.3750000000 -81.7804260254 
2024446.7500000000 -81.7416992188 
2031458.3750000000 -81.7235183716 
2038494.2500000000 -81.7426910400 
2045554.5000000000 -81.7916030884 
2052636.8750000000 -81.8407669067 
2059746.1250000000 -81.8657531738 
2066879.8750000000 -81.8432769775 
2074038.5000000000 -81.8074569702 
2081221.7500000000 -81.7697143555 
2088430.0000000000 -81.7487182617 
2095663.2500000000 -81.7560043335 
2102921.5000000000 -81.8086700439 
2110202.5000000000 -81.8771057129 
2117511.0000000000 -81.9249267578 
2124845.0000000000 -81.9748001099 
2132204.2500000000 -82.0289001465 
2139589.0000000000 -82.1003494263 
2146999.5000000000 -82.1153869629 
2154435.5000000000 -82.0698852539 
2161897.2500000000 -82.0029907227 
2169382.5000000000 -81.9417724609 
2176896.0000000000 -81.9611282349 
2184435.7500000000 -82.0153884888 
2192001.2500000000 -82.0808563232 
2199593.2500000000 -82.1722106934 
2207211.5000000000 -82.2255477905 
2214856.0000000000 -82.2285003662 
2222527.0000000000 -82.2314758301 
2230222.2500000000 -82.3086090088 
2237946.5000000000 -82.4710235596 
2245697.5000000000 -82.5898437500 
2253475.5000000000 -82.6640930176 
2261280.2500000000 -82.6615600586 
2269112.0000000000 -82.6300582886 
2276971.0000000000 -82.6578674316 
2284857.2500000000 -82.7369918823 
2292768.2500000000 -82.9150924683 
2300709.0000000000 -83.0982666016 
2308677.5000000000 -83.1923141479 
2316673.5000000000 -83.2902374268 
2324697.2500000000 -83.3945388794 
2332748.7500000000 -83.4962081909 
2340828.0000000000 -83.6843795776 
2348935.2500000000 -83.8751907349 
2357068.2500000000 -83.9878311157 
2365231.7500000000 -84.1288909912 
2373423.7500000000 -84.2651901245 
2381644.0000000000 -84.3821716309 
2389892.7500000000 -84.6193313599 
2398170.0000000000 -84.8803787231 
2406475.7500000000 -85.0320816040 
2414810.5000000000 -85.2199249268 
2423171.5000000000 -85.4060058594 
2431564.0000000000 -85.6326522827 
2439985.7500000000 -85.9015350342 
2448436.5000000000 -86.0913162231 
2456916.5000000000 -86.3528137207 
2465426.0000000000 -86.5972518921 
2473964.7500000000 -86.8607940674 
2482533.2500000000 -87.1505661011 
2491128.7500000000 -87.3497619629 
2499756.5000000000 -87.6718750000 
2508414.2500000000 -88.0442276001 
2517102.2500000000 -88.4540786743 
2525820.0000000000 -88.8803253174 
2534568.0000000000 -89.1778335571 
2543346.5000000000 -89.6464843750 
2552155.2500000000 -90.1182250977 
2560994.5000000000 -90.5610122681 
2569861.5000000000 -91.0208740234 
2578762.2500000000 -91.5281448364 
2587693.5000000000 -92.0795135498 
2596656.0000000000 -92.6251449585 
2605649.2500000000 -93.1446151733 
2614673.7500000000 -93.6377716064 
2623729.7500000000 -94.1820449829 
2632816.7500000000 -94.7965011597 
2641932.5000000000 -95.4445571899 
2651082.7500000000 -96.0644760132 
2660264.7500000000 -96.6741333008 
2669478.5000000000 -97.2813034058 
2678724.0000000000 -97.9511184692 
2688001.7500000000 -98.6796875000 
2697311.5000000000 -99.4171524048 
2706653.5000000000 -100.0834274292 
2716024.7500000000 -100.7474060059 
2725431.7500000000 -101.4654617310 
2734871.0000000000 -102.3031616211 
2744343.2500000000 -103.2064056396 
2753848.0000000000 -104.0591354370 
2763386.0000000000 -104.7294082642 
2772956.7500000000 -105.6316757202 
2782560.7500000000 -106.4518661499 
2792195.0000000000 -107.3273162842 
2801865.5000000000 -108.1796417236 
2811569.7500000000 -108.9552383423 
2821307.5000000000 -109.9916000366 
2831079.0000000000 -110.7835845947 
2840884.2500000000 -111.5622482300 
2850723.5000000000 -112.3102264404 
2860597.0000000000 -112.8924942017 
2870501.2500000000 -113.4509506226 
2880443.2500000000 -113.7878570557 
2890419.5000000000 -114.1378936768 
2900430.2500000000 -114.6580276489 
2910475.7500000000 -115.0610656738 
2920556.0000000000 -115.3952178955 
2930671.2500000000 -115.6225509644 
2940821.5000000000 -115.7532653809 
2951003.7500000000 -115.9231796265 
2961224.2500000000 -116.0670242310 
2971480.5000000000 -116.1396560669 
2981772.0000000000 -116.1680908203 
2992099.2500000000 -116.1083145142 
3002462.2500000000 -116.1698913574 
3012861.0000000000 -116.2058334351 
3023296.0000000000 -116.2378463745 
3033763.7500000000 -116.2679443359 
3044271.0000000000 -116.2968826294 
3054814.7500000000 -116.3246841431 
3065395.0000000000 -116.3514099121 
3076011.7500000000 -116.3778457642 
3086665.5000000000 -116.4066543579 
3097356.0000000000 -116.4404067993 
3108083.5000000000 -116.4811630249 
3118844.7500000000 -116.5299987793 
3129646.7500000000 -116.5868301392 
3140486.2500000000 -116.6503982544 
3151363.0000000000 -116.7186889648 
3162277.7500000000 -116.7895126343 
3173230.0000000000 -116.8613510132 
3184220.5000000000 -116.9339904785 
3195248.7500000000 -117.0081253052 
3206315.5000000000 -117.0843811035 
3217416.7500000000 -117.1625823975 
3228560.2500000000 -117.2417907715 
3239742.2500000000 -117.3204803467 
3250962.7500000000 -117.3972244263 
3262222.5000000000 -117.4711074829 
3273521.0000000000 -117.5418624878 
3284858.7500000000 -117.6096878052 
3296235.5000000000 -117.6750106812 
3307648.2500000000 -117.7383422852 
3319104.2500000000 -117.8003997803 
3330599.7500000000 -117.8612594604 
3342135.2500000000 -117.9199676514 
3353710.5000000000 -117.9745101929 
3365326.0000000000 -118.0227127075 
3376981.5000000000 -118.0635375977 
3388677.5000000000 -118.0980682373 
3400410.5000000000 -118.1292419434 
3412187.5000000000 -118.1602783203 
3424005.5000000000 -118.1926651001 
3435864.5000000000 -118.2251358032 
3447764.2500000000 -118.2544937134 
3459705.5000000000 -118.2780380249 
3471688.0000000000 -118.2961807251 
3483712.0000000000 -118.3135910034 
3495774.0000000000 -118.3379058838 
3507881.5000000000 -118.3767471313 
3520030.7500000000 -118.4344863892 
3532222.2500000000 -118.4795532227 
3544456.0000000000 -118.5658798218 
3556732.0000000000 -118.6609649658 
3569050.5000000000 -118.7576065063 
3581411.7500000000 -118.8504028320 
3593812.0000000000 -118.9359817505 
3606259.0000000000 -119.0116958618 
3618749.0000000000 -119.0745620728 
3631282.5000000000 -119.1216506958 
3643859.2500000000 -119.1610946655 
3656479.5000000000 -119.1831054688 
3669143.5000000000 -119.2020034790 
3681851.5000000000 -119.2352294922 
3694599.2500000000 -119.2861938477 
3707395.5000000000 -119.3524093628 
3720235.7500000000 -119.4275970459 
3733120.7500000000 -119.5057144165 
3746050.2500000000 -119.5845947266 
3759024.5000000000 -119.6667785645 
3772043.7500000000 -119.7570037842 
3785108.0000000000 -119.8577880859 
3798213.2500000000 -119.9658279419 
3811368.2500000000 -120.0716629028 
3824568.7500000000 -120.1631622314 
3837815.0000000000 -120.2311935425 
3851107.0000000000 -120.2858657837 
3864445.2500000000 -120.3124618530 
3877829.5000000000 -120.3272705078 
3891260.2500000000 -120.3470840454 
3904733.2500000000 -120.3725891113 
3918257.0000000000 -120.4025192261 
3931827.7500000000 -120.4361877441 
3945445.5000000000 -120.4746017456 
3959110.2500000000 -120.5197677612 
3972822.5000000000 -120.6034240723 
3986582.2500000000 -120.6997833252 
4000389.5000000000 -120.7668914795 
4014244.7500000000 -120.8323211670 
4028143.5000000000 -120.8949508667 
4042094.7500000000 -120.9553680420 
4056094.2500000000 -121.0144805908 
4070142.5000000000 -121.0984954834 
4084239.2500000000 -121.1721649170 
4098384.7500000000 -121.2122268677 
4112579.2500000000 -121.2492523193 
4126823.0000000000 -121.2902832031 
4141111.5000000000 -121.3425674438 
4155454.0000000000 -121.4502868652 
4169846.2500000000 -121.5796279907 
4184288.5000000000 -121.6677246094 
4198780.5000000000 -121.7482299805 
4213323.0000000000 -121.8171539307 
4227915.5000000000 -121.8741760254 
4242558.5000000000 -121.9445953369 
4257248.0000000000 -122.0152816772 
4271992.5000000000 -122.0732421875 
4286788.5000000000 -122.1437454224 
4301635.5000000000 -122.2241821289 
4316534.0000000000 -122.3438873291 
4331484.0000000000 -122.4414443970 
4346486.0000000000 -122.4866027832 
4361540.0000000000 -122.5232238770 
4376641.0000000000 -122.5820083618 
4391799.5000000000 -122.6549911499 
4407010.0000000000 -122.7084732056 
4422273.5000000000 -122.7566375732 
4437590.0000000000 -122.8028793335 
4452959.5000000000 -122.8192825317 
4468382.0000000000 -122.8157272339 
4483858.0000000000 -122.8092727661 
4499383.0000000000 -122.8115386963 
4514966.0000000000 -122.8398437500 
4530603.5000000000 -122.8807220459 
4546295.0000000000 -122.9712448120 
4562041.0000000000 -123.0787277222 
4577841.5000000000 -123.1486282349 
4593696.5000000000 -123.2057723999 
4609606.5000000000 -123.2465438843 
4625566.5000000000 -123.2361297607 
4641587.0000000000 -123.2034530640 
4657663.0000000000 -123.1502380371 
4673794.5000000000 -123.1211318970 
4689982.0000000000 -123.1275711060 
4706225.5000000000 -123.1710739136 
4722525.5000000000 -123.2330245972 
4738881.5000000000 -123.2759094238 
4755289.5000000000 -123.3320999146 
4771759.0000000000 -123.3813858032 
4788286.0000000000 -123.4147949219 
4804870.0000000000 -123.4748992920 
4821511.5000000000 -123.5418090820 
4838210.5000000000 -123.5890426636 
4854967.5000000000 -123.5938796997 
4871782.5000000000 -123.5644149780 
4888650.0000000000 -123.4912490845 
4905581.5000000000 -123.4156036377 
4922572.0000000000 -123.3755035400 
4939621.0000000000 -123.3351898193 
4956729.5000000000 -123.3115692139 
4973896.5000000000 -123.3097381592 
4991123.5000000000 -123.3297042847 
5008410.0000000000 -123.3561630249 
5025756.5000000000 -123.3993682861 
5043157.5000000000 -123.4290771484 
5060624.0000000000 -123.4365692139 
5078151.5000000000 -123.4453277588 
5095739.5000000000 -123.4881896973 
5113388.0000000000 -123.5639114380 
5131098.0000000000 -123.6459732056 
5148869.5000000000 -123.6970825195 
5166702.5000000000 -123.7028961182 
5184591.5000000000 -123.6950149536 
5202548.0000000000 -123.7097473145 
5220566.5000000000 -123.7919082642 
5238648.0000000000 -123.9217376709 
5256791.5000000000 -124.0521545410 
5274998.5000000000 -124.1349563599 
5293268.0000000000 -124.1512680054 
5311601.0000000000 -124.1534500122 
5329991.5000000000 -124.1955337524 
5348452.0000000000 -124.2834625244 
5366976.0000000000 -124.3938140869 
5385564.5000000000 -124.4871292114 
5404217.0000000000 -124.5519866943 
5422934.0000000000 -124.6502304077 
5441716.5000000000 -124.7601547241 
5460563.5000000000 -124.8988189697 
5479470.0000000000 -125.0439224243 
5498447.5000000000 -125.1862869263 
5517491.5000000000 -125.3244628906 
5536601.0000000000 -125.4385910034 
5555776.5000000000 -125.5119094849 
5575019.0000000000 -125.5270156860 
5594327.5000000000 -125.5226364136 
5613703.5000000000 -125.5539779663 
5633140.0000000000 -125.6560897827 
5652650.0000000000 -125.8088989258 
5672228.0000000000 -125.9885177612 
5691873.5000000000 -126.2115020752 
5711587.0000000000 -126.3506698608 
5731368.5000000000 -126.4669799805 
5751219.0000000000 -126.5749053955 
5771138.0000000000 -126.6726760864 
5791120.0000000000 -126.7764282227 
5811177.0000000000 -126.8298034668 
5831304.0000000000 -126.8678741455 
5851500.0000000000 -126.9176788330 
5871766.5000000000 -126.9630966187 
5892103.0000000000 -127.0223236084 
5912510.5000000000 -127.1211471558 
5932988.0000000000 -127.2082824707 
5953530.0000000000 -127.3091354370 
5974150.0000000000 -127.4691467285 
5994841.0000000000 -127.6056365967 
6015604.0000000000 -127.7396011353 
6036438.5000000000 -127.8925704956 
6057345.5000000000 -128.0220947266 
6078325.0000000000 -128.1228332520 
6099377.0000000000 -128.2394256592 
6120495.0000000000 -128.4199676514 
6141693.0000000000 -128.5730438232 
6162964.5000000000 -128.7352600098 
6184310.0000000000 -128.9435424805 
6205729.0000000000 -129.1190643311 
6227222.0000000000 -129.2633056641 
6248790.0000000000 -129.3693847656 
6270432.0000000000 -129.4985961914 
6292142.5000000000 -129.7281036377 
6313935.0000000000 -130.0145416260 
6335803.0000000000 -130.2319335938 
6357747.0000000000 -130.4167327881 
6379767.0000000000 -130.6206970215 
6401863.0000000000 -130.8028106689 
6424035.5000000000 -130.9809265137 
6446284.5000000000 -131.1118469238 
6468611.0000000000 -131.2450561523 
6491007.5000000000 -131.4455413818 
6513489.0000000000 -131.6794281006 
6536048.0000000000 -131.9174194336 
6558685.5000000000 -132.1320953369 
6581401.0000000000 -132.3393707275 
6604195.5000000000 -132.5083923340 
6627069.0000000000 -132.6977539063 
6650021.5000000000 -132.9763946533 
6673046.0000000000 -133.2740325928 
6696158.0000000000 -133.5687713623 
6719350.0000000000 -133.8412780762 
6742622.0000000000 -134.0918731689 
6765974.5000000000 -134.3389587402 
6789408.5000000000 -134.5985260010 
6812923.0000000000 -134.8530426025 
6836519.5000000000 -135.0578765869 
6860190.0000000000 -135.1792907715 
6883950.0000000000 -135.3099822998 
6907792.0000000000 -135.5532531738 
6931717.0000000000 -135.8716583252 
6955724.5000000000 -136.1905822754 
6979815.5000000000 -136.4515380859 
7003989.5000000000 -136.6581878662 
7028247.5000000000 -136.8473968506 
7052582.0000000000 -137.0618591309 
7077008.0000000000 -137.3185424805 
7101519.0000000000 -137.5874633789 
7126115.0000000000 -137.8405456543 
7150796.0000000000 -138.0913238525 
7175562.5000000000 -138.3533020020 
7200414.5000000000 -138.6129608154 
7225353.0000000000 -138.8624114990 
7250369.5000000000 -139.1145935059 
7275481.0000000000 -139.4462738037 
7300679.0000000000 -139.7957305908 
7325965.0000000000 -140.0847930908 
7351338.0000000000 -140.3747558594 
7376799.0000000000 -140.6614074707 
7402348.0000000000 -140.9370117188 
7427986.0000000000 -141.1832733154 
7453704.0000000000 -141.4004211426 
7479519.5000000000 -141.6258087158 
7505424.5000000000 -141.9072723389 
7531419.5000000000 -142.3560180664 
7557504.0000000000 -142.8228302002 
7583679.0000000000 -143.1107940674 
7609945.0000000000 -143.3106536865 
7636301.5000000000 -143.4682159424 
7662741.0000000000 -143.5949249268 
7689280.5000000000 -143.6507873535 
7715912.0000000000 -143.6284942627 
7742636.0000000000 -143.6500854492 
7769452.0000000000 -143.7894134521 
7796361.5000000000 -143.9893951416 
7823363.5000000000 -144.1224517822 
7850459.5000000000 -144.1067504883 
7877640.5000000000 -144.0294799805 
7904924.5000000000 -144.0016632080 
7932302.5000000000 -143.9868469238 
7959776.0000000000 -143.9352264404 
7987344.0000000000 -143.8484954834 
8015008.0000000000 -143.7823791504 
8042767.5000000000 -143.7922515869 
8070623.5000000000 -143.9272308350 
8098575.5000000000 -144.0546875000 
8126615.5000000000 -144.1153869629 
8154762.0000000000 -144.1312408447 
8183005.5000000000 -144.1806488037 
8211347.0000000000 -144.2564544678 
8239786.5000000000 -144.3191680908 
8268325.0000000000 -144.2975311279 
8296961.5000000000 -144.2530212402 
8325698.0000000000 -144.2463073730 
8354524.5000000000 -144.2656402588 
8383460.0000000000 -144.2702178955 
8412496.0000000000 -144.2843322754 
8441632.0000000000 -144.3112640381 
8470869.0000000000 -144.3096618652 
8500208.0000000000 -144.2637481689 
8529648.0000000000 -144.2276611328 
8559190.0000000000 -144.2403869629 
8588825.0000000000 -144.3014984131 
8618572.0000000000 -144.3603668213 
8648422.0000000000 -144.3514099121 
8678375.0000000000 -144.2985839844 
8708432.0000000000 -144.3069305420 
8738593.0000000000 -144.3269653320 
8768859.0000000000 -144.2568817139 
8799230.0000000000 -144.2026367188 
8829696.0000000000 -144.2702484131 
8860277.0000000000 -144.3763427734 
8890964.0000000000 -144.4342803955 
8921758.0000000000 -144.4341583252 
8952658.0000000000 -144.3933410645 
8983665.0000000000 -144.4041137695 
9014779.0000000000 -144.5115814209 
9046002.0000000000 -144.6141510010 
9077322.0000000000 -144.6099700928 
9108761.0000000000 -144.5475006104 
9140309.0000000000 -144.5001220703 
9171966.0000000000 -144.4788970947 
9203732.0000000000 -144.4524230957 
9235609.0000000000 -144.4044189453 
9267596.0000000000 -144.3890991211 
9299694.0000000000 -144.5150299072 
9331893.0000000000 -144.6704101563 
9364214.0000000000 -144.7161560059 
9396646.0000000000 -144.5863189697 
9429191.0000000000 -144.4165802002 
9461849.0000000000 -144.3319702148 
9494619.0000000000 -144.3607940674 
9527503.0000000000 -144.4340057373 
9560501.0000000000 -144.5176696777 
9593603.0000000000 -144.6205139160 
9626830.0000000000 -144.6923217773 
9660172.0000000000 -144.7406463623 
9693630.0000000000 -144.7149963379 
9727203.0000000000 -144.5558624268 
9760893.0000000000 -144.4106903076 
9794699.0000000000 -144.4430847168 
9828623.0000000000 -144.6638946533 
9862653.0000000000 -144.7780456543 
9896812.0000000000 -144.7511291504 
9931089.0000000000 -144.6600494385 
9965485.0000000000 -144.4389343262 
10000000.0000000000 -144.1795196533 
%Trace 6 
%Trace Mode CLR/WRITE 
%Trace Result PN 
%Smoothing OFF 
%Smoothing Value 1.0000000000 %
%Spurious Removal OFF 
%Spurious Removal Threshold 6.0000000000 dB
%Trace Offset OFF 
%Trace Offset 0.0000000000 dB
%Trace Label OFF 
%Trace Label Trace 6 
%x-Unit Hz 
%y-Unit dBc/Hz 
%Values 4663 
%1.0000000000 #N/A 
%1.0034632683 #N/A 
%1.0069385767 #N/A 
%1.0104259253 #N/A 
%1.0139254332 #N/A 
%1.0174369812 #N/A 
%1.0209606886 #N/A 
%1.0244965553 #N/A 
%1.0280447006 #N/A 
%1.0316051245 #N/A 
%1.0351779461 #N/A 
%1.0387630463 #N/A 
%1.0423606634 #N/A 
%1.0459706783 #N/A 
%1.0495932102 #N/A 
%1.0532282591 #N/A 
%1.0568759441 #N/A 
%1.0605362654 #N/A 
%1.0642092228 #N/A 
%1.0678949356 #N/A 
%1.0715934038 #N/A 
%1.0753046274 #N/A 
%1.0790288448 #N/A 
%1.0827658176 #N/A 
%1.0865157843 #N/A 
%1.0902787447 #N/A 
%1.0940546989 #N/A 
%1.0978437662 #N/A 
%1.1016459465 #N/A 
%1.1054613590 #N/A 
%1.1092898846 #N/A 
%1.1131316423 #N/A 
%1.1169868708 #N/A 
%1.1208553314 #N/A 
%1.1247371435 #N/A 
%1.1286325455 #N/A 
%1.1325412989 #N/A 
%1.1364636421 #N/A 
%1.1403995752 #N/A 
%1.1443492174 #N/A 
%1.1483124495 #N/A 
%1.1522893906 #N/A 
%1.1562801600 #N/A 
%1.1602846384 #N/A 
%1.1643031836 #N/A 
%1.1683354378 #N/A 
%1.1723817587 #N/A 
%1.1764421463 #N/A 
%1.1805164814 #N/A 
%1.1846050024 #N/A 
%1.1887077093 #N/A 
%1.1928246021 #N/A 
%1.1969556808 #N/A 
%1.2011011839 #N/A 
%1.2052608728 #N/A 
%1.2094351053 #N/A 
%1.2136237621 #N/A 
%1.2178269625 #N/A 
%1.2220447063 #N/A 
%1.2262769938 #N/A 
%1.2305239439 #N/A 
%1.2347856760 #N/A 
%1.2390621901 #N/A 
%1.2433534861 #N/A 
%1.2476595640 #N/A 
%1.2519805431 #N/A 
%1.2563166618 #N/A 
%1.2606676817 #N/A 
%1.2650337219 #N/A 
%1.2694149017 #N/A 
%1.2738113403 #N/A 
%1.2782229185 #N/A 
%1.2826498747 #N/A 
%1.2870920897 #N/A 
%1.2915496826 #N/A 
%1.2960226536 #N/A 
%1.3005112410 #N/A 
%1.3050153255 #N/A 
%1.3095350266 #N/A 
%1.3140703440 #N/A 
%1.3186213970 #N/A 
%1.3231881857 #N/A 
%1.3277708292 #N/A 
%1.3323693275 #N/A 
%1.3369836807 #N/A 
%1.3416141272 #N/A 
%1.3462605476 #N/A 
%1.3509230614 #N/A 
%1.3556017876 #N/A 
%1.3602966070 #N/A 
%1.3650077581 #N/A 
%1.3697352409 #N/A 
%1.3744791746 #N/A 
%1.3792393208 #N/A 
%1.3840161562 #N/A 
%1.3888094425 #N/A 
%1.3936192989 #N/A 
%1.3984458447 #N/A 
%1.4032890797 #N/A 
%1.4081491232 #N/A 
%1.4130259752 #N/A 
%1.4179197550 #N/A 
%1.4228304625 #N/A 
%1.4277582169 #N/A 
%1.4327028990 #N/A 
%1.4376648664 #N/A 
%1.4426438808 #N/A 
%1.4476402998 #N/A 
%1.4526538849 #N/A 
%1.4576849937 #N/A 
%1.4627333879 #N/A 
%1.4677993059 #N/A 
%1.4728827477 #N/A 
%1.4779838324 #N/A 
%1.4831025600 #N/A 
%1.4882389307 #N/A 
%1.4933931828 #N/A 
%1.4985653162 #N/A 
%1.5037553310 #N/A 
%1.5089633465 #N/A 
%1.5141893625 #N/A 
%1.5194333792 #N/A 
%1.5246957541 #N/A 
%1.5299762487 #N/A 
%1.5352749825 #N/A 
%1.5405921936 #N/A 
%1.5459277630 #N/A 
%1.5512818098 #N/A 
%1.5566543341 #N/A 
%1.5620455742 #N/A 
%1.5674554110 #N/A 
%1.5728839636 #N/A 
%1.5783313513 #N/A 
%1.5837976933 #N/A 
%1.5892828703 #N/A 
%1.5947870016 #N/A 
%1.6003103256 #N/A 
%1.6058527231 #N/A 
%1.6114143133 #N/A 
%1.6169950962 #N/A 
%1.6225953102 #N/A 
%1.6282148361 #N/A 
%1.6338539124 #N/A 
%1.6395124197 #N/A 
%1.6451905966 #N/A 
%1.6508884430 #N/A 
%1.6566059589 #N/A 
%1.6623432636 #N/A 
%1.6681005955 #N/A 
%1.6738777161 #N/A 
%1.6796748638 #N/A 
%1.6854921579 #N/A 
%1.6913294792 #N/A 
%1.6971870661 #N/A 
%1.7030650377 #N/A 
%1.7089632750 #N/A 
%1.7148818970 #N/A 
%1.7208211422 #N/A 
%1.7267808914 #N/A 
%1.7327612638 #N/A 
%1.7387623787 #N/A 
%1.7447843552 #N/A 
%1.7508270741 #N/A 
%1.7568907738 #N/A 
%1.7629753351 #N/A 
%1.7690811157 #N/A 
%1.7752079964 #N/A 
%1.7813560963 #N/A 
%1.7875255346 #N/A 
%1.7937163115 #N/A 
%1.7999285460 #N/A 
%1.8061622381 #N/A 
%1.8124175072 #N/A 
%1.8186944723 #N/A 
%1.8249932528 #N/A 
%1.8313137293 #N/A 
%1.8376561403 #N/A 
%1.8440206051 #N/A 
%1.8504070044 #N/A 
%1.8568155766 #N/A 
%1.8632462025 #N/A 
%1.8696992397 #N/A 
%1.8761746883 #N/A 
%1.8826724291 #N/A 
%1.8891928196 #N/A 
%1.8957357407 #N/A 
%1.9023011923 #N/A 
%1.9088895321 #N/A 
%1.9155006409 #N/A 
%1.9221346378 #N/A 
%1.9287915230 #N/A 
%1.9354715347 #N/A 
%1.9421746731 #N/A 
%1.9489010572 #N/A 
%1.9556506872 #N/A 
%1.9624238014 #N/A 
%1.9692202806 #N/A 
%1.9760403633 #N/A 
%1.9828839302 #N/A 
%1.9897513390 #N/A 
%1.9966424704 #N/A 
%2.0035574436 #N/A 
%2.0104963779 #N/A 
%2.0174593925 #N/A 
%2.0244464874 #N/A 
%2.0314579010 #N/A 
%2.0384933949 #N/A 
%2.0455532074 #N/A 
%2.0526378155 #N/A 
%2.0597467422 #N/A 
%2.0668802261 #N/A 
%2.0740385056 #N/A 
%2.0812215805 #N/A 
%2.0884294510 #N/A 
%2.0956623554 #N/A 
%2.1029202938 #N/A 
%2.1102032661 #N/A 
%2.1175117493 #N/A 
%2.1248455048 #N/A 
%2.1322045326 #N/A 
%2.1395888329 #N/A 
%2.1469991207 #N/A 
%2.1544346809 #N/A 
%2.1618962288 #N/A 
%2.1693835258 #N/A 
%2.1768968105 #N/A 
%2.1844360828 #N/A 
%2.1920015812 #N/A 
%2.1995930672 #N/A 
%2.2072110176 #N/A 
%2.2148551941 #N/A 
%2.2225260735 #N/A 
%2.2302234173 #N/A 
%2.2379472256 #N/A 
%2.2456979752 #N/A 
%2.2534756660 #N/A 
%2.2612800598 #N/A 
%2.2691116333 #N/A 
%2.2769701481 #N/A 
%2.2848560810 #N/A 
%2.2927691936 #N/A 
%2.3007099628 #N/A 
%2.3086779118 #N/A 
%2.3166735172 #N/A 
%2.3246970177 #N/A 
%2.3327481747 #N/A 
%2.3408272266 #N/A 
%2.3489341736 #N/A 
%2.3570692539 #N/A 
%2.3652327061 #N/A 
%2.3734242916 #N/A 
%2.3816442490 #N/A 
%2.3898925781 #N/A 
%2.3981695175 #N/A 
%2.4064753056 #N/A 
%2.4148097038 #N/A 
%2.4231729507 #N/A 
%2.4315650463 #N/A 
%2.4399862289 #N/A 
%2.4484367371 #N/A 
%2.4569165707 #N/A 
%2.4654254913 #N/A 
%2.4739642143 #N/A 
%2.4825322628 #N/A 
%2.4911301136 #N/A 
%2.4997575283 #N/A 
%2.5084149837 #N/A 
%2.5171024799 #N/A 
%2.5258200169 #N/A 
%2.5345678329 #N/A 
%2.5433456898 #N/A 
%2.5521540642 #N/A 
%2.5609929562 #N/A 
%2.5698626041 #N/A 
%2.5787627697 #N/A 
%2.5876939297 #N/A 
%2.5966558456 #N/A 
%2.6056489944 #N/A 
%2.6146731377 #N/A 
%2.6237285137 #N/A 
%2.6328153610 #N/A 
%2.6419336796 #N/A 
%2.6510834694 #N/A 
%2.6602649689 #N/A 
%2.6694786549 #N/A 
%2.6787238121 #N/A 
%2.6880011559 #N/A 
%2.6973104477 #N/A 
%2.7066521645 #N/A 
%2.7160260677 #N/A 
%2.7254326344 #N/A 
%2.7348716259 #N/A 
%2.7443432808 #N/A 
%2.7538478374 #N/A 
%2.7633852959 #N/A 
%2.7729558945 #N/A 
%2.7825593948 #N/A 
%2.7921962738 #N/A 
%2.8018665314 #N/A 
%2.8115704060 #N/A 
%2.8213076591 #N/A 
%2.8310787678 #N/A 
%2.8408837318 #N/A 
%2.8507225513 #N/A 
%2.8605954647 #N/A 
%2.8705027103 #N/A 
%2.8804440498 #N/A 
%2.8904199600 #N/A 
%2.9004304409 #N/A 
%2.9104754925 #N/A 
%2.9205553532 #N/A 
%2.9306702614 #N/A 
%2.9408199787 #N/A 
%2.9510049820 #N/A 
%2.9612252712 #N/A 
%2.9714810848 #N/A 
%2.9817721844 #N/A 
%2.9920992851 #N/A 
%3.0024619102 #N/A 
%3.0128602982 #N/A 
%3.0232946873 #N/A 
%3.0337653160 #N/A 
%3.0442721844 #N/A 
%3.0548155308 #N/A 
%3.0653953552 #N/A 
%3.0760118961 #N/A 
%3.0866649151 #N/A 
%3.0973551273 #N/A 
%3.1080822945 #N/A 
%3.1188464165 #N/A 
%3.1296479702 #N/A 
%3.1404869556 #N/A 
%3.1513633728 #N/A 
%3.1622776985 #N/A 
%3.1732296944 #N/A 
%3.1842195988 #N/A 
%3.1952474117 #N/A 
%3.2063136101 #N/A 
%3.2174181938 #N/A 
%3.2285611629 #N/A 
%3.2397425175 #N/A 
%3.2509627342 #N/A 
%3.2622220516 #N/A 
%3.2735199928 #N/A 
%3.2848572731 #N/A 
%3.2962338924 #N/A 
%3.3076496124 #N/A 
%3.3191051483 #N/A 
%3.3306002617 #N/A 
%3.3421351910 #N/A 
%3.3537099361 #N/A 
%3.3653249741 #N/A 
%3.3769800663 #N/A 
%3.3886756897 #N/A 
%3.4004118443 #N/A 
%3.4121885300 #N/A 
%3.4240059853 #N/A 
%3.4358644485 #N/A 
%3.4477639198 #N/A 
%3.4597046375 #N/A 
%3.4716866016 #N/A 
%3.4837102890 #N/A 
%3.4957754612 #N/A 
%3.5078823566 #N/A 
%3.5200312138 #N/A 
%3.5322222710 #N/A 
%3.5444555283 #N/A 
%3.5567314625 #N/A 
%3.5690495968 #N/A 
%3.5814104080 #N/A 
%3.5938138962 #N/A 
%3.6062602997 #N/A 
%3.6187500954 #N/A 
%3.6312828064 #N/A 
%3.6438591480 #N/A 
%3.6564791203 #N/A 
%3.6691424847 #N/A 
%3.6818499565 #N/A 
%3.6946012974 #N/A 
%3.7073969841 #N/A 
%3.7202367783 #N/A 
%3.7331211567 #N/A 
%3.7460501194 #N/A 
%3.7590239048 #N/A 
%3.7720425129 #N/A 
%3.7851064205 #N/A 
%3.7982153893 #N/A 
%3.8113698959 #N/A 
%3.8245697021 #N/A 
%3.8378155231 #N/A 
%3.8511071205 #N/A 
%3.8644447327 #N/A 
%3.8778283596 #N/A 
%3.8912587166 #N/A 
%3.9047353268 #N/A 
%3.9182586670 #N/A 
%3.9318287373 #N/A 
%3.9454460144 #N/A 
%3.9591102600 #N/A 
%3.9728219509 #N/A 
%3.9865810871 #N/A 
%4.0003876686 #N/A 
%4.0142426491 #N/A 
%4.0281448364 #N/A 
%4.0420956612 #N/A 
%4.0560946465 #N/A 
%4.0701422691 #N/A 
%4.0842385292 #N/A 
%4.0983834267 #N/A 
%4.1125774384 #N/A 
%4.1268205643 #N/A 
%4.1411132813 #N/A 
%4.1554551125 #N/A 
%4.1698470116 #N/A 
%4.1842885017 #N/A 
%4.1987800598 #N/A 
%4.2133216858 #N/A 
%4.2279138565 #N/A 
%4.2425560951 #N/A 
%4.2572493553 #N/A 
%4.2719936371 #N/A 
%4.2867889404 #N/A 
%4.3016357422 #N/A 
%4.3165335655 #N/A 
%4.3314828873 #N/A 
%4.3464841843 #N/A 
%4.3615374565 #N/A 
%4.3766427040 #N/A 
%4.3918004036 #N/A 
%4.4070110321 #N/A 
%4.4222736359 #N/A 
%4.4375896454 #N/A 
%4.4529581070 #N/A 
%4.4683809280 #N/A 
%4.4838562012 #N/A 
%4.4993853569 #N/A 
%4.5149679184 #N/A 
%4.5306048393 #N/A 
%4.5462956429 #N/A 
%4.5620408058 #N/A 
%4.5778408051 #N/A 
%4.5936951637 #N/A 
%4.6096048355 #N/A 
%4.6255693436 #N/A 
%4.6415891647 #N/A 
%4.6576642990 #N/A 
%4.6737952232 #N/A 
%4.6899819374 #N/A 
%4.7062249184 #N/A 
%4.7225241661 #N/A 
%4.7388796806 #N/A 
%4.7552919388 #N/A 
%4.7717609406 #N/A 
%4.7882871628 #N/A 
%4.8048706055 #N/A 
%4.8215112686 #N/A 
%4.8382096291 #N/A 
%4.8549661636 #N/A 
%4.8717803955 #N/A 
%4.8886528015 #N/A 
%4.9055838585 #N/A 
%4.9225735664 #N/A 
%4.9396219254 #N/A 
%4.9567294121 #N/A 
%4.9738960266 #N/A 
%4.9911222458 #N/A 
%5.0084080696 #N/A 
%5.0257534981 #N/A 
%5.0431594849 #N/A 
%5.0606255531 #N/A 
%5.0781521797 #N/A 
%5.0957393646 #N/A 
%5.1133875847 #N/A 
%5.1310968399 #N/A 
%5.1488671303 #N/A 
%5.1666994095 #N/A 
%5.1845936775 #N/A 
%5.2025494576 #N/A 
%5.2205672264 #N/A 
%5.2386479378 #N/A 
%5.2567911148 #N/A 
%5.2749967575 #N/A 
%5.2932658195 #N/A 
%5.3115983009 #N/A 
%5.3299937248 #N/A 
%5.3484535217 #N/A 
%5.3669767380 #N/A 
%5.3855643272 #N/A 
%5.4042162895 #N/A 
%5.4229326248 #N/A 
%5.4417138100 #N/A 
%5.4605603218 #N/A 
%5.4794721603 #N/A 
%5.4984493256 #N/A 
%5.5174922943 #N/A 
%5.5366010666 #N/A 
%5.5557761192 #N/A 
%5.5750174522 #N/A 
%5.5943255424 #N/A 
%5.6137003899 #N/A 
%5.6331429482 #N/A 
%5.6526522636 #N/A 
%5.6722292900 #N/A 
%5.6918740273 #N/A 
%5.7115869522 #N/A 
%5.7313680649 #N/A 
%5.7512173653 #N/A 
%5.7711358070 #N/A 
%5.7911229134 #N/A 
%5.8111796379 #N/A 
%5.8313055038 #N/A 
%5.8515009880 #N/A 
%5.8717665672 #N/A 
%5.8921022415 #N/A 
%5.9125084877 #N/A 
%5.9329853058 #N/A 
%5.9535331726 #N/A 
%5.9741520882 #N/A 
%5.9948425293 #N/A 
%6.0156044960 #N/A 
%6.0364384651 #N/A 
%6.0573449135 #N/A 
%6.0783233643 #N/A 
%6.0993742943 #N/A 
%6.1204986572 #N/A 
%6.1416954994 #N/A 
%6.1629662514 #N/A 
%6.1843104362 #N/A 
%6.2057290077 #N/A 
%6.2272214890 #N/A 
%6.2487878799 #N/A 
%6.2704296112 #N/A 
%6.2921462059 #N/A 
%6.3139376640 #N/A 
%6.3358049393 #N/A 
%6.3577480316 #N/A 
%6.3797669411 #N/A 
%6.4018621445 #N/A 
%6.4240336418 #N/A 
%6.4462819099 #N/A 
%6.4686074257 #N/A 
%6.4910101891 #N/A 
%6.5134906769 #N/A 
%6.5360488892 #N/A 
%6.5586853027 #N/A 
%6.5814003944 #N/A 
%6.6041936874 #N/A 
%6.6270661354 #N/A 
%6.6500177383 #N/A 
%6.6730489731 #N/A 
%6.6961598396 #N/A 
%6.7193508148 #N/A 
%6.7426218987 #N/A 
%6.7659740448 #N/A 
%6.7894062996 #N/A 
%6.8129205704 #N/A 
%6.8365159035 #N/A 
%6.8601927757 #N/A 
%6.8839516640 #N/A 
%6.9077930450 #N/A 
%6.9317169189 #N/A 
%6.9557237625 #N/A 
%6.9798135757 #N/A 
%7.0039868355 #N/A 
%7.0282440186 #N/A 
%7.0525846481 #N/A 
%7.0770101547 #N/A 
%7.1015210152 #N/A 
%7.1261157990 #N/A 
%7.1507959366 #N/A 
%7.1755614281 #N/A 
%7.2004127502 #N/A 
%7.2253499031 #N/A 
%7.2503733635 #N/A 
%7.2754840851 #N/A 
%7.3006811142 #N/A 
%7.3259658813 #N/A 
%7.3513379097 #N/A 
%7.3767981529 #N/A 
%7.4023461342 #N/A 
%7.4279828072 #N/A 
%7.4537081718 #N/A 
%7.4795227051 #N/A 
%7.5054268837 #N/A 
%7.5314202309 #N/A 
%7.5575041771 #N/A 
%7.5836782455 #N/A 
%7.6099429131 #N/A 
%7.6362986565 #N/A 
%7.6627454758 #N/A 
%7.6892838478 #N/A 
%7.7159142494 #N/A 
%7.7426371574 #N/A 
%7.7694520950 #N/A 
%7.7963600159 #N/A 
%7.8233613968 #N/A 
%7.8504562378 #N/A 
%7.8776450157 #N/A 
%7.9049277306 #N/A 
%7.9323048592 #N/A 
%7.9597768784 #N/A 
%7.9873442650 #N/A 
%8.0150070190 #N/A 
%8.0427656174 #N/A 
%8.0706205368 #N/A 
%8.0985708237 #N/A 
%8.1266193390 #N/A 
%8.1547641754 #N/A 
%8.1830062866 #N/A 
%8.2113466263 #N/A 
%8.2397851944 #N/A 
%8.2683229446 #N/A 
%8.2969579697 #N/A 
%8.3256931305 #N/A 
%8.3545274734 #N/A 
%8.3834619522 #N/A 
%8.4124965668 #N/A 
%8.4416322708 #N/A 
%8.4708681107 #N/A 
%8.5002050400 #N/A 
%8.5296440125 #N/A 
%8.5591850281 #N/A 
%8.5888280869 #N/A 
%8.6185741425 #N/A 
%8.6484231949 #N/A 
%8.6783752441 #N/A 
%8.7084312439 #N/A 
%8.7385911942 #N/A 
%8.7688560486 #N/A 
%8.7992248535 #N/A 
%8.8296995163 #N/A 
%8.8602790833 #N/A 
%8.8909654617 #N/A 
%8.9217586517 #N/A 
%8.9526576996 #N/A 
%8.9836635590 #N/A 
%9.0147771835 #N/A 
%9.0459976196 #N/A 
%9.0773267746 #N/A 
%9.1087646484 #N/A 
%9.1403112411 #N/A 
%9.1719665527 #N/A 
%9.2037324905 #N/A 
%9.2356081009 #N/A 
%9.2675933838 #N/A 
%9.2996902466 #N/A 
%9.3318977356 #N/A 
%9.3642177582 #N/A 
%9.3966484070 #N/A 
%9.4291925430 #N/A 
%9.4618482590 #N/A 
%9.4946174622 #N/A 
%9.5275011063 #N/A 
%9.5604972839 #N/A 
%9.5936088562 #N/A 
%9.6268339157 #N/A 
%9.6601753235 #N/A 
%9.6936311722 #N/A 
%9.7272033691 #N/A 
%9.7608919144 #N/A 
%9.7946968079 #N/A 
%9.8286190033 #N/A 
%9.8626585007 #N/A 
%9.8968162537 #N/A 
%9.9310922623 #N/A 
%9.9654865265 #N/A 
%10.0000000000 #N/A 
%10.0346345901 #N/A 
%10.0693864822 #N/A 
%10.1042613983 #N/A 
%10.1392536163 #N/A 
%10.1743707657 #N/A 
%10.2096061707 #N/A 
%10.2449674606 #N/A 
%10.2804470062 #N/A 
%10.3160533905 #N/A 
%10.3517789841 #N/A 
%10.3876323700 #N/A 
%10.4236068726 #N/A 
%10.4597082138 #N/A 
%10.4959316254 #N/A 
%10.5322837830 #N/A 
%10.5687589645 #N/A 
%10.6053638458 #N/A 
%10.6420917511 #N/A 
%10.6789503098 #N/A 
%10.7159337997 #N/A 
%10.7530479431 #N/A 
%10.7902870178 #N/A 
%10.8276586533 #N/A 
%10.8651571274 #N/A 
%10.9027881622 #N/A 
%10.9405460358 #N/A 
%10.9784383774 #N/A 
%11.0164585114 #N/A 
%11.0546140671 #N/A 
%11.0928983688 #N/A 
%11.1313180923 #N/A 
%11.1698675156 #N/A 
%11.2085533142 #N/A 
%11.2473707199 #N/A 
%11.2863254547 #N/A 
%11.3254127502 #N/A 
%11.3646373749 #N/A 
%11.4039955139 #N/A 
%11.4434919357 #N/A 
%11.4831228256 #N/A 
%11.5228948593 #N/A 
%11.5628004074 #N/A 
%11.6028470993 #N/A 
%11.6430301666 #N/A 
%11.6833553314 #N/A 
%11.7238168716 #N/A 
%11.7644214630 #N/A 
%11.8051643372 #N/A 
%11.8460512161 #N/A 
%11.8870754242 #N/A 
%11.9282464981 #N/A 
%11.9695558548 #N/A 
%12.0110120773 #N/A 
%12.0526084900 #N/A 
%12.0943517685 #N/A 
%12.1362361908 #N/A 
%12.1782703400 #N/A 
%12.2204456329 #N/A 
%12.2627706528 #N/A 
%12.3052387238 #N/A 
%12.3478574753 #N/A 
%12.3906202316 #N/A 
%12.4335346222 #N/A 
%12.4765939713 #N/A 
%12.5198059082 #N/A 
%12.5631647110 #N/A 
%12.6066761017 #N/A 
%12.6503391266 #N/A 
%12.6941490173 #N/A 
%12.7381153107 #N/A 
%12.7822294235 #N/A 
%12.8264999390 #N/A 
%12.8709201813 #N/A 
%12.9154977798 #N/A 
%12.9602270126 #N/A 
%13.0051136017 #N/A 
%13.0501527786 #N/A 
%13.0953512192 #N/A 
%13.1407032013 #N/A 
%13.1862154007 #N/A 
%13.2318820953 #N/A 
%13.2777099609 #N/A 
%13.3236923218 #N/A 
%13.3698387146 #N/A 
%13.4161405563 #N/A 
%13.4626073837 #N/A 
%13.5092306137 #N/A 
%13.5560188293 #N/A 
%13.6029663086 #N/A 
%13.6500797272 #N/A 
%13.6973524094 #N/A 
%13.7447919846 #N/A 
%13.7923927307 #N/A 
%13.8401622772 #N/A 
%13.8880929947 #N/A 
%13.9361934662 #N/A 
%13.9844570160 #N/A 
%14.0328922272 #N/A 
%14.0814905167 #N/A 
%14.1302604675 #N/A 
%14.1791963577 #N/A 
%14.2283058167 #N/A 
%14.2775802612 #N/A 
%14.3270301819 #N/A 
%14.3766469955 #N/A 
%14.4264402390 #N/A 
%14.4764013290 #N/A 
%14.5265398026 #N/A 
%14.5768480301 #N/A 
%14.6273345947 #N/A 
%14.6779909134 #N/A 
%14.7288274765 #N/A 
%14.7798366547 #N/A 
%14.8310260773 #N/A 
%14.8823881149 #N/A 
%14.9339323044 #N/A 
%14.9856519699 #N/A 
%15.0375537872 #N/A 
%15.0896310806 #N/A 
%15.1418933868 #N/A 
%15.1943330765 #N/A 
%15.2469577789 #N/A 
%15.2997608185 #N/A 
%15.3527507782 #N/A 
%15.4059200287 #N/A 
%15.4592771530 #N/A 
%15.5128154755 #N/A 
%15.5665435791 #N/A 
%15.6204538345 #N/A 
%15.6745538712 #N/A 
%15.7288379669 #N/A 
%15.7833137512 #N/A 
%15.8379745483 #N/A 
%15.8928289413 #N/A 
%15.9478731155 #N/A 
%16.0031032562 #N/A 
%16.0585289001 #N/A 
%16.1141433716 #N/A 
%16.1699523926 #N/A 
%16.2259521484 #N/A 
%16.2821502686 #N/A 
%16.3385391235 #N/A 
%16.3951263428 #N/A 
%16.4519062042 #N/A 
%16.5088863373 #N/A 
%16.5660591125 #N/A 
%16.6234340668 #N/A 
%16.6810054779 #N/A 
%16.7387790680 #N/A 
%16.7967472076 #N/A 
%16.8549232483 #N/A 
%16.9132938385 #N/A 
%16.9718723297 #N/A 
%17.0306491852 #N/A 
%17.0896339417 #N/A 
%17.1488189697 #N/A 
%17.2082138062 #N/A 
%17.2678089142 #N/A 
%17.3276138306 #N/A 
%17.3876228333 #N/A 
%17.4478435516 #N/A 
%17.5082683563 #N/A 
%17.5689086914 #N/A 
%17.6297531128 #N/A 
%17.6908130646 #N/A 
%17.7520790100 #N/A 
%17.8135623932 #N/A 
%17.8752536774 #N/A 
%17.9371643066 #N/A 
%17.9992828369 #N/A 
%18.0616226196 #N/A 
%18.1241741180 #N/A 
%18.1869468689 #N/A 
%18.2499313354 #N/A 
%18.3131389618 #N/A 
%18.3765602112 #N/A 
%18.4402065277 #N/A 
%18.5040683746 #N/A 
%18.5681571960 #N/A 
%18.6324615479 #N/A 
%18.6969947815 #N/A 
%18.7617454529 #N/A 
%18.8267250061 #N/A 
%18.8919258118 #N/A 
%18.9573574066 #N/A 
%19.0230102539 #N/A 
%19.0888957977 #N/A 
%19.1550025940 #N/A 
%19.2213459015 #N/A 
%19.2879123688 #N/A 
%19.3547153473 #N/A 
%19.4217453003 #N/A 
%19.4890098572 #N/A 
%19.5565052032 #N/A 
%19.6242370605 #N/A 
%19.6921997070 #N/A 
%19.7604026794 #N/A 
%19.8288364410 #N/A 
%19.8975124359 #N/A 
%19.9664268494 #N/A 
%20.0355739594 #N/A 
%20.1049671173 #N/A 
%20.1745929718 #N/A 
%20.2444667816 #N/A 
%20.3145771027 #N/A 
%20.3849372864 #N/A 
%20.4555339813 #N/A 
%20.5263805389 #N/A 
%20.5974674225 #N/A 
%20.6688041687 #N/A 
%20.7403850555 #N/A 
%20.8122177124 #N/A 
%20.8842945099 #N/A 
%20.9566268921 #N/A 
%21.0292034149 #N/A 
%21.1020374298 #N/A 
%21.1751174927 #N/A 
%21.2484550476 #N/A 
%21.3220424652 #N/A 
%21.3958911896 #N/A 
%21.4699878693 #N/A 
%21.5443496704 #N/A 
%21.6189613342 #N/A 
%21.6938362122 #N/A 
%21.7689666748 #N/A 
%21.8443622589 #N/A 
%21.9200134277 #N/A 
%21.9959316254 #N/A 
%22.0721073151 #N/A 
%22.1485538483 #N/A 
%22.2252578735 #N/A 
%22.3022346497 #N/A 
%22.3794708252 #N/A 
%22.4569816589 #N/A 
%22.5347537994 #N/A 
%22.6128025055 #N/A 
%22.6911144257 #N/A 
%22.7697048187 #N/A 
%22.8485603333 #N/A 
%22.9276943207 #N/A 
%23.0070972443 #N/A 
%23.0867805481 #N/A 
%23.1667346954 #N/A 
%23.2469711304 #N/A 
%23.3274803162 #N/A 
%23.4082736969 #N/A 
%23.4893398285 #N/A 
%23.5706958771 #N/A 
%23.6523246765 #N/A 
%23.7342433929 #N/A 
%23.8164386749 #N/A 
%23.8989257813 #N/A 
%23.9816932678 #N/A 
%24.0647525787 #N/A 
%24.1480922699 #N/A 
%24.2317276001 #N/A 
%24.3156471252 #N/A 
%24.3998641968 #N/A 
%24.4843635559 #N/A 
%24.5691642761 #N/A 
%24.6542530060 #N/A 
%24.7396411896 #N/A 
%24.8253192902 #N/A 
%24.9113006592 #N/A 
%24.9975719452 #N/A 
%25.0841503143 #N/A 
%25.1710281372 #N/A 
%25.2581996918 #N/A 
%25.3456802368 #N/A 
%25.4334583282 #N/A 
%25.5215454102 #N/A 
%25.6099300385 #N/A 
%25.6986293793 #N/A 
%25.7876281738 #N/A 
%25.8769435883 #N/A 
%25.9665584564 #N/A 
%26.0564937592 #N/A 
%26.1467323303 #N/A 
%26.2372894287 #N/A 
%26.3281536102 #N/A 
%26.4193401337 #N/A 
%26.5108356476 #N/A 
%26.6026535034 #N/A 
%26.6947841644 #N/A 
%26.7872409821 #N/A 
%26.8800086975 #N/A 
%26.9731063843 #N/A 
%27.0665187836 #N/A 
%27.1602630615 #N/A 
%27.2543239594 #N/A 
%27.3487186432 #N/A 
%27.4434318542 #N/A 
%27.5384807587 #N/A 
%27.6338520050 #N/A 
%27.7295608521 #N/A 
%27.8255920410 #N/A 
%27.9219646454 #N/A 
%28.0186634064 #N/A 
%28.1157054901 #N/A 
%28.2130756378 #N/A 
%28.3107891083 #N/A 
%28.4088344574 #N/A 
%28.5072269440 #N/A 
%28.6059532166 #N/A 
%28.7050285339 #N/A 
%28.8044395447 #N/A 
%28.9042015076 #N/A 
%29.0043029785 #N/A 
%29.1047573090 #N/A 
%29.2055530548 #N/A 
%29.3067054749 #N/A 
%29.4081993103 #N/A 
%29.5100536346 #N/A 
%29.6122512817 #N/A 
%29.7148113251 #N/A 
%29.8177204132 #N/A 
%29.9209918976 #N/A 
%30.0246143341 #N/A 
%30.1286029816 #N/A 
%30.2329425812 #N/A 
%30.3376541138 #N/A 
%30.4427185059 #N/A 
%30.5481548309 #N/A 
%30.6539497375 #N/A 
%30.7601184845 #N/A 
%30.8666458130 #N/A 
%30.9735507965 #N/A 
%31.0808181763 #N/A 
%31.1884651184 #N/A 
%31.2964763641 #N/A 
%31.4048690796 #N/A 
%31.5136299133 #N/A 
%31.6227760315 #N/A 
%31.7322998047 #N/A 
%31.8421955109 #N/A 
%31.9524784088 #N/A 
%32.0631370544 #N/A 
%32.1741867065 #N/A 
%32.2856101990 #N/A 
%32.3974304199 #N/A 
%32.5096282959 #N/A 
%32.6222229004 #N/A 
%32.7351989746 #N/A 
%32.8485755920 #N/A 
%32.9623374939 #N/A 
%33.0764999390 #N/A 
%33.1910514832 #N/A 
%33.3060073853 #N/A 
%33.4213523865 #N/A 
%33.5371055603 #N/A 
%33.6532516479 #N/A 
%33.7698059082 #N/A 
%33.8867568970 #N/A 
%34.0041236877 #N/A 
%34.1218833923 #N/A 
%34.2400627136 #N/A 
%34.3586425781 #N/A 
%34.4776420593 #N/A 
%34.5970458984 #N/A 
%34.7168693542 #N/A 
%34.8371009827 #N/A 
%34.9577598572 #N/A 
%35.0788230896 #N/A 
%35.2003173828 #N/A 
%35.3222236633 #N/A 
%35.4445610046 #N/A 
%35.5673103333 #N/A 
%35.6904945374 #N/A 
%35.8140983582 #N/A 
%35.9381370544 #N/A 
%36.0625991821 #N/A 
%36.1875000000 #N/A 
%36.3128242493 #N/A 
%36.4385910034 #N/A 
%36.5647850037 #N/A 
%36.6914253235 #N/A 
%36.8184928894 #N/A 
%36.9460144043 #N/A 
%37.0739631653 #N/A 
%37.2023696899 #N/A 
%37.3312072754 #N/A 
%37.4605026245 #N/A 
%37.5902328491 #N/A 
%37.7204246521 #N/A 
%37.8510589600 #N/A 
%37.9821548462 #N/A 
%38.1136932373 #N/A 
%38.2456970215 #N/A 
%38.3781509399 #N/A 
%38.5110702515 #N/A 
%38.6444396973 #N/A 
%38.7782859802 #N/A 
%38.9125823975 #N/A 
%39.0473518372 #N/A 
%39.1825790405 #N/A 
%39.3182868958 #N/A 
%39.4544525146 #N/A 
%39.5911026001 #N/A 
%39.7282142639 #N/A 
%39.8658103943 #N/A 
%40.0038833618 #N/A 
%40.1424255371 #N/A 
%40.2814559937 #N/A 
%40.4209594727 #N/A 
%40.5609550476 #N/A 
%40.7014236450 #N/A 
%40.8423919678 #N/A 
%40.9838371277 #N/A 
%41.1257820129 #N/A 
%41.2682075500 #N/A 
%41.4111366272 #N/A 
%41.5545539856 #N/A 
%41.6984748840 #N/A 
%41.8428840637 #N/A 
%41.9878044128 #N/A 
%42.1332168579 #N/A 
%42.2791442871 #N/A 
%42.4255638123 #N/A 
%42.5725021362 #N/A 
%42.7199363708 #N/A 
%42.8678970337 #N/A 
%43.0163574219 #N/A 
%43.1653404236 #N/A 
%43.3148307800 #N/A 
%43.4648475647 #N/A 
%43.6153755188 #N/A 
%43.7664337158 #N/A 
%43.9180068970 #N/A 
%44.0701141357 #N/A 
%44.2227363586 #N/A 
%44.3759002686 #N/A 
%44.5295829773 #N/A 
%44.6838073730 #N/A 
%44.8385581970 #N/A 
%44.9938507080 #N/A 
%45.1496734619 #N/A 
%45.3060493469 #N/A 
%45.4629516602 #N/A 
%45.6204109192 #N/A 
%45.7784004211 #N/A 
%45.9369544983 #N/A 
%46.0960426331 #N/A 
%46.2556915283 #N/A 
%46.4158859253 #N/A 
%46.5766448975 #N/A 
%46.7379455566 #N/A 
%46.8998222351 #N/A 
%47.0622444153 #N/A 
%47.2252426147 #N/A 
%47.3887901306 #N/A 
%47.5529212952 #N/A 
%47.7176055908 #N/A 
%47.8828735352 #N/A 
%48.0486984253 #N/A 
%48.2151145935 #N/A 
%48.3820915222 #N/A 
%48.5496597290 #N/A 
%48.7177963257 #N/A 
%48.8865280151 #N/A 
%49.0558319092 #N/A 
%49.2257347107 #N/A 
%49.3962097168 #N/A 
%49.5672912598 #N/A 
%49.7389526367 #N/A 
%49.9112205505 #N/A 
%50.0840721130 #N/A 
%50.2575378418 #N/A 
%50.4316024780 #N/A 
%50.6062545776 #N/A 
%50.7815284729 #N/A 
%50.9573936462 #N/A 
%51.1338806152 #N/A 
%51.3109664917 #N/A 
%51.4886817932 #N/A 
%51.6669960022 #N/A 
%51.8459396362 #N/A 
%52.0254936218 #N/A 
%52.2056808472 #N/A 
%52.3864784241 #N/A 
%52.5679168701 #N/A 
%52.7499694824 #N/A 
%52.9326667786 #N/A 
%53.1159820557 #N/A 
%53.2999458313 #N/A 
%53.4845352173 #N/A 
%53.6697731018 #N/A 
%53.8556442261 #N/A 
%54.0421676636 #N/A 
%54.2293281555 #N/A 
%54.4171485901 #N/A 
%54.6056022644 #N/A 
%54.7947273254 #N/A 
%54.9844932556 #N/A 
%55.1749267578 #N/A 
%55.3660087585 #N/A 
%55.5577659607 #N/A 
%55.7501716614 #N/A 
%55.9432601929 #N/A 
%56.1370010376 #N/A 
%56.3314323425 #N/A 
%56.5265159607 #N/A 
%56.7222938538 #N/A 
%56.9187316895 #N/A 
%57.1158676147 #N/A 
%57.3136711121 #N/A 
%57.5121726990 #N/A 
%57.7113494873 #N/A 
%57.9112281799 #N/A 
%58.1117858887 #N/A 
%58.3130531311 #N/A 
%58.5150032043 #N/A 
%58.7176666260 #N/A 
%58.9210166931 #N/A 
%59.1250877380 #N/A 
%59.3298454285 #N/A 
%59.5353317261 #N/A 
%59.7415161133 #N/A 
%59.9484252930 #N/A 
%60.1560401917 #N/A 
%60.3643875122 #N/A 
%60.5734405518 #N/A 
%60.7832336426 #N/A 
%60.9937362671 #N/A 
%61.2049865723 #N/A 
%61.4169502258 #N/A 
%61.6296615601 #N/A 
%61.8430976868 #N/A 
%62.0572891235 #N/A 
%62.2722053528 #N/A 
%62.4878807068 #N/A 
%62.7042884827 #N/A 
%62.9214630127 #N/A 
%63.1393852234 #N/A 
%63.3580513000 #N/A 
%63.5774879456 #N/A 
%63.7976684570 #N/A 
%64.0186309814 #N/A 
%64.2403335571 #N/A 
%64.4628295898 #N/A 
%64.6860733032 #N/A 
%64.9101104736 #N/A 
%65.1349105835 #N/A 
%65.3604965210 #N/A 
%65.5868530273 #N/A 
%65.8140106201 #N/A 
%66.0419387817 #N/A 
%66.2706680298 #N/A 
%66.5001754761 #N/A 
%66.7304992676 #N/A 
%66.9616012573 #N/A 
%67.1935195923 #N/A 
%67.4262161255 #N/A 
%67.6597442627 #N/A 
%67.8940658569 #N/A 
%68.1292114258 #N/A 
%68.3651580811 #N/A 
%68.6019363403 #N/A 
%68.8395156860 #N/A 
%69.0779418945 #N/A 
%69.3171691895 #N/A 
%69.5572433472 #N/A 
%69.7981338501 #N/A 
%70.0398788452 #N/A 
%70.2824401855 #N/A 
%70.5258560181 #N/A 
%70.7701034546 #N/A 
%71.0152130127 #N/A 
%71.2611465454 #N/A 
%71.5079574585 #N/A 
%71.7555999756 #N/A 
%72.0041275024 #N/A 
%72.2534866333 #N/A 
%72.5037384033 #N/A 
%72.7548294067 #N/A 
%73.0068130493 #N/A 
%73.2596511841 #N/A 
%73.5133819580 #N/A 
%73.7679672241 #N/A 
%74.0234603882 #N/A 
%74.2798156738 #N/A 
%74.5370788574 #N/A 
%74.7952194214 #N/A 
%75.0542678833 #N/A 
%75.3141937256 #N/A 
%75.5750427246 #N/A 
%75.8367691040 #N/A 
%76.0994262695 #N/A 
%76.3629760742 #N/A 
%76.6274566650 #N/A 
%76.8928298950 #N/A 
%77.1591415405 #N/A 
%77.4263610840 #N/A 
%77.6945190430 #N/A 
%77.9635925293 #N/A 
%78.2336120605 #N/A 
%78.5045547485 #N/A 
%78.7764511108 #N/A 
%79.0492630005 #N/A 
%79.3230514526 #N/A 
%79.5977783203 #N/A 
%79.8734436035 #N/A 
%80.1500778198 #N/A 
%80.4276504517 #N/A 
%80.7062149048 #N/A 
%80.9857101440 #N/A 
%81.2662048340 #N/A 
%81.5476379395 #N/A 
%81.8300781250 #N/A 
%82.1134719849 #N/A 
%82.3978652954 #N/A 
%82.6832275391 #N/A 
%82.9695968628 #N/A 
%83.2569351196 #N/A 
%83.5452880859 #N/A 
%83.8346252441 #N/A 
%84.1249771118 #N/A 
%84.4163208008 #N/A 
%84.7086944580 #N/A 
%85.0020523071 #N/A 
%85.2964553833 #N/A 
%85.5918502808 #N/A 
%85.8882904053 #N/A 
%86.1857376099 #N/A 
%86.4842376709 #N/A 
%86.7837524414 #N/A 
%87.0843200684 #N/A 
%87.3859100342 #N/A 
%87.6885681152 #N/A 
%87.9922485352 #N/A 
%88.2970046997 #N/A 
%88.6027908325 #N/A 
%88.9096679688 #N/A 
%89.2175750732 #N/A 
%89.5265808105 #N/A 
%89.8366241455 #N/A 
%90.1477661133 #N/A 
%90.4599685669 #N/A 
%90.7732696533 #N/A 
%91.0876312256 #N/A 
%91.4031143188 #N/A 
%91.7196578979 #N/A 
%92.0373229980 #N/A 
%92.3560638428 #N/A 
%92.6759338379 #N/A 
%92.9968872070 #N/A 
%93.3189773560 #N/A 
%93.6421585083 #N/A 
%93.9664840698 #N/A 
%94.2919082642 #N/A 
%94.6184844971 #N/A 
%94.9461669922 #N/A 
%95.2750091553 #N/A 
%95.6049652100 #N/A 
%95.9360885620 #N/A 
%96.2683258057 #N/A 
%96.6017532349 #N/A 
%96.9363021851 #N/A 
%97.2720336914 #N/A 
%97.6089019775 #N/A 
%97.9469680786 #N/A 
%98.2861785889 #N/A 
%98.6265869141 #N/A 
%98.9681472778 #N/A 
%99.3109207153 #N/A 
%99.6548461914 #N/A 
%100.0000000000 #N/A 
%100.3463439941 #N/A 
%100.6938934326 #N/A 
%101.0425872803 #N/A 
%101.3925399780 #N/A 
%101.7437057495 #N/A 
%102.0960922241 #N/A 
%102.4496383667 #N/A 
%102.8044738770 #N/A 
%103.1605300903 #N/A 
%103.5178222656 #N/A 
%103.8762969971 #N/A 
%104.2360610962 #N/A 
%104.5970840454 #N/A 
%104.9593505859 #N/A 
%105.3228149414 #N/A 
%105.6875915527 #N/A 
%106.0536346436 #N/A 
%106.4209518433 #N/A 
%106.7894744873 #N/A 
%107.1593322754 #N/A 
%107.5304794312 #N/A 
%107.9029006958 #N/A 
%108.2765579224 #N/A 
%108.6515731812 #N/A 
%109.0278854370 #N/A 
%109.4054946899 #N/A 
%109.7843551636 #N/A 
%110.1645889282 #N/A 
%110.5461349487 #N/A 
%110.9290084839 #N/A 
%111.3131484985 #N/A 
%111.6986770630 #N/A 
%112.0855407715 #N/A 
%112.4737396240 #N/A 
%112.8632278442 #N/A 
%113.2541198730 #N/A 
%113.6463699341 #N/A 
%114.0399856567 #N/A 
%114.4348907471 #N/A 
%114.8312301636 #N/A 
%115.2289428711 #N/A 
%115.6280364990 #N/A 
%116.0284423828 #N/A 
%116.4303054810 #N/A 
%116.8335571289 #N/A 
%117.2382049561 #N/A 
%117.6441879272 #N/A 
%118.0516433716 #N/A 
%118.4605102539 #N/A 
%118.8707885742 #N/A 
%119.2824249268 #N/A 
%119.6955566406 #N/A 
%120.1101150513 #N/A 
%120.5261154175 #N/A 
%120.9434814453 #N/A 
%121.3623657227 #N/A 
%121.7826995850 #N/A 
%122.2044906616 #N/A 
%122.6276702881 #N/A 
%123.0523834229 #N/A 
%123.4785690308 #N/A 
%123.9062347412 #N/A 
%124.3353118896 #N/A 
%124.7659378052 #N/A 
%125.1980590820 #N/A 
%125.6316757202 #N/A 
%126.0667953491 #N/A 
%126.5033569336 #N/A 
%126.9414901733 #N/A 
%127.3811492920 #N/A 
%127.8223266602 #N/A 
%128.2649688721 #N/A 
%128.7091979980 #N/A 
%129.1549835205 #N/A 
%129.6023101807 #N/A 
%130.0511016846 #N/A 
%130.5015258789 #N/A 
%130.9535217285 #N/A 
%131.4070739746 #N/A 
%131.8621215820 #N/A 
%132.3188171387 #N/A 
%132.7770996094 #N/A 
%133.2369689941 #N/A 
%133.6983489990 #N/A 
%134.1614074707 #N/A 
%134.6260681152 #N/A 
%135.0923461914 #N/A 
%135.5601501465 #N/A 
%136.0296630859 #N/A 
%136.5007934570 #N/A 
%136.9735565186 #N/A 
%137.4478759766 #N/A 
%137.9239349365 #N/A 
%138.4016265869 #N/A 
%138.8809661865 #N/A 
%139.3618927002 #N/A 
%139.8445739746 #N/A 
%140.3289184570 #N/A 
%140.8149414063 #N/A 
%141.3025665283 #N/A 
%141.7919616699 #N/A 
%142.2830505371 #N/A 
%142.7758483887 #N/A 
%143.2702636719 #N/A 
%143.7664794922 #N/A 
%144.2644042969 #N/A 
%144.7640533447 #N/A 
%145.2653656006 #N/A 
%145.7684783936 #N/A 
%146.2733459473 #N/A 
%146.7799530029 #N/A 
%147.2882385254 #N/A 
%147.7983703613 #N/A 
%148.3102569580 #N/A 
%148.8239288330 #N/A 
%149.3392791748 #N/A 
%149.8565216064 #N/A 
%150.3755340576 #N/A 
%150.8963623047 #N/A 
%151.4188995361 #N/A 
%151.9433288574 #N/A 
%152.4695739746 #N/A 
%152.9976501465 #N/A 
%153.5274658203 #N/A 
%154.0592041016 #N/A 
%154.5927734375 #N/A 
%155.1282043457 #N/A 
%155.6653900146 #N/A 
%156.2045288086 #N/A 
%156.7455444336 #N/A 
%157.2884216309 #N/A 
%157.8330993652 #N/A 
%158.3797454834 #N/A 
%158.9282836914 #N/A 
%159.4787292480 #N/A 
%160.0310668945 #N/A 
%160.5852508545 #N/A 
%161.1414337158 #N/A 
%161.6995391846 #N/A 
%162.2595672607 #N/A 
%162.8214569092 #N/A 
%163.3853912354 #N/A 
%163.9512634277 #N/A 
%164.5191040039 #N/A 
%165.0888214111 #N/A 
%165.6605987549 #N/A 
%166.2343444824 #N/A 
%166.8100891113 #N/A 
%167.3877410889 #N/A 
%167.9674835205 #N/A 
%168.5492248535 #N/A 
%169.1329956055 #N/A 
%169.7186889648 #N/A 
%170.3064880371 #N/A 
%170.8963470459 #N/A 
%171.4882354736 #N/A 
%172.0820770264 #N/A 
%172.6780853271 #N/A 
%173.2761383057 #N/A 
%173.8762817383 #N/A 
%174.4783935547 #N/A 
%175.0826873779 #N/A 
%175.6890869141 #N/A 
%176.2975769043 #N/A 
%176.9080810547 #N/A 
%177.5207824707 #N/A 
%178.1356201172 #N/A 
%178.7525939941 #N/A 
%179.3715972900 #N/A 
%179.9928436279 #N/A 
%180.6162414551 #N/A 
%181.2417907715 #N/A 
%181.8694152832 #N/A 
%182.4993133545 #N/A 
%183.1313934326 #N/A 
%183.7656555176 #N/A 
%184.4020233154 #N/A 
%185.0406799316 #N/A 
%185.6815643311 #N/A 
%186.3246612549 #N/A 
%186.9698944092 #N/A 
%187.6174468994 #N/A 
%188.2672576904 #N/A 
%188.9193115234 #N/A 
%189.5735168457 #N/A 
%190.2301025391 #N/A 
%190.8889465332 #N/A 
%191.5500793457 #N/A 
%192.2134094238 #N/A 
%192.8791351318 #N/A 
%193.5471496582 #N/A 
%194.2174987793 #N/A 
%194.8900604248 #N/A 
%195.5650482178 #N/A 
%196.2423706055 #N/A 
%196.9220581055 #N/A 
%197.6039733887 #N/A 
%198.2883758545 #N/A 
%198.9751281738 #N/A 
%199.6642761230 #N/A 
%200.3558044434 #N/A 
%201.0496063232 #N/A 
%201.7459411621 #N/A 
%202.4446716309 #N/A 
%203.1458282471 #N/A 
%203.8493041992 #N/A 
%204.5553283691 #N/A 
%205.2637939453 #N/A 
%205.9747161865 #N/A 
%206.6879882813 #N/A 
%207.4038391113 #N/A 
%208.1221771240 #N/A 
%208.8430023193 #N/A 
%209.5662078857 #N/A 
%210.2920227051 #N/A 
%211.0203704834 #N/A 
%211.7512207031 #N/A 
%212.4844970703 #N/A 
%213.2204284668 #N/A 
%213.9589080811 #N/A 
%214.6999511719 #N/A 
%215.4434356689 #N/A 
%216.1896057129 #N/A 
%216.9383697510 #N/A 
%217.6897277832 #N/A 
%218.4435577393 #N/A 
%219.2001342773 #N/A 
%219.9593200684 #N/A 
%220.7211456299 #N/A 
%221.4854736328 #N/A 
%222.2525787354 #N/A 
%223.0223388672 #N/A 
%223.7947692871 #N/A 
%224.5697479248 #N/A 
%225.3475341797 #N/A 
%226.1280212402 #N/A 
%226.9112091064 #N/A 
%227.6969757080 #N/A 
%228.4855957031 #N/A 
%229.2769470215 #N/A 
%230.0710296631 #N/A 
%230.8677520752 #N/A 
%231.6673431396 #N/A 
%232.4697113037 #N/A 
%233.2748718262 #N/A 
%234.0826721191 #N/A 
%234.8934020996 #N/A 
%235.7069549561 #N/A 
%236.5233154297 #N/A 
%237.3423614502 #N/A 
%238.1643981934 #N/A 
%238.9892578125 #N/A 
%239.8169860840 #N/A 
%240.6474609375 #N/A 
%241.4809265137 #N/A 
%242.3172912598 #N/A 
%243.1565399170 #N/A 
%243.9985656738 #N/A 
%244.8436431885 #N/A 
%245.6916503906 #N/A 
%246.5425872803 #N/A 
%247.3963470459 #N/A 
%248.2531890869 #N/A 
%249.1130065918 #N/A 
%249.9757995605 #N/A 
%250.8414306641 #N/A 
%251.7102203369 #N/A 
%252.5820007324 #N/A 
%253.4568023682 #N/A 
%254.3346405029 #N/A 
%255.2153778076 #N/A 
%256.0993041992 #N/A 
%256.9862976074 #N/A 
%257.8763427734 #N/A 
%258.7693481445 #N/A 
%259.6655883789 #N/A 
%260.5649414063 #N/A 
%261.4673767090 #N/A 
%262.3728332520 #N/A 
%263.2815246582 #N/A 
%264.1933898926 #N/A 
%265.1084289551 #N/A 
%266.0264587402 #N/A 
%266.9478454590 #N/A 
%267.8724060059 #N/A 
%268.8001708984 #N/A 
%269.7309875488 #N/A 
%270.6651916504 #N/A 
%271.6026306152 #N/A 
%272.5433044434 #N/A 
%273.4870910645 #N/A 
%274.4343261719 #N/A 
%275.3847961426 #N/A 
%276.3385925293 #N/A 
%277.2955322266 #N/A 
%278.2559204102 #N/A 
%279.2196350098 #N/A 
%280.1867065430 #N/A 
%281.1569824219 #N/A 
%282.1307373047 #N/A 
%283.1079101563 #N/A 
%284.0884399414 #N/A 
%285.0722045898 #N/A 
%286.0595397949 #N/A 
%287.0502929688 #N/A 
%288.0444641113 #N/A 
%289.0419311523 #N/A 
%290.0430297852 #N/A 
%291.0475769043 #N/A 
%292.0556030273 #N/A 
%293.0669555664 #N/A 
%294.0820007324 #N/A 
%295.1005249023 #N/A 
%296.1225891113 #N/A 
%297.1480407715 #N/A 
%298.1771850586 #N/A 
%299.2099304199 #N/A 
300.2462158203 -81.7953872681 
301.2859497070 -81.5330200195 
302.3294372559 -81.0476379395 
303.3765258789 -80.3576126099 
304.4272766113 -79.6792297363 
305.4814758301 -79.0929946899 
306.5394897461 -78.7292785645 
307.6011657715 -78.6327209473 
308.6665344238 -78.6887588501 
309.7354125977 -79.0446701050 
310.8081665039 -79.4889907837 
311.8846435547 -80.0186614990 
312.9648437500 -80.5304718018 
314.0486145020 -81.0107421875 
315.1362915039 -81.4384994507 
316.2277526855 -81.8950653076 
317.3229980469 -82.3964080811 
318.4220275879 -83.0083694458 
319.5247192383 -83.6905364990 
320.6313781738 -84.3927230835 
321.7418518066 -85.0555801392 
322.8562011719 -85.6805038452 
323.9742126465 -86.2946014404 
325.0962829590 -86.9715423584 
326.2222290039 -87.5413513184 
327.3520812988 -87.8849105835 
328.4856872559 -87.0462875366 
329.6233825684 -85.2999801636 
330.7650146484 -82.9915466309 
331.9106140137 -80.5703201294 
333.0599670410 -78.4208221436 
334.2135314941 -76.5020523071 
335.3710632324 -74.9775772095 
336.5325927734 -73.7949295044 
337.6979675293 -72.8640594482 
338.8675842285 -72.2664184570 
340.0412292480 -72.0167236328 
341.2189331055 -71.9876632690 
342.4005432129 -72.1972503662 
343.5864257813 -72.6926727295 
344.7764282227 -73.3147277832 
345.9705505371 -74.0521163940 
347.1686096191 -74.9107437134 
348.3710327148 -75.8110733032 
349.5775756836 -76.6774215698 
350.7883300781 -77.3942031860 
352.0030822754 -77.3310012817 
353.2222290039 -76.6010360718 
354.4455871582 -75.2292098999 
355.6731872559 -73.5329284668 
356.9048461914 -72.0327911377 
358.1409912109 -70.7728958130 
359.3813781738 -69.8348312378 
360.6260986328 -69.3953399658 
361.8749084473 -69.2822113037 
363.1282348633 -69.4888916016 
364.3859252930 -70.0516433716 
365.6479492188 -70.9497833252 
366.9141540527 -71.9672241211 
368.1849365234 -72.9978942871 
369.4601440430 -73.8433609009 
370.7397460938 -74.2448043823 
372.0235900879 -74.4239349365 
373.3120727539 -74.5052261353 
374.6050109863 -74.6791076660 
375.9024353027 -75.2360076904 
377.2041625977 -76.1389846802 
378.5105895996 -77.3519668579 
379.8215332031 -78.8083953857 
381.1370239258 -80.1550750732 
382.4568786621 -81.1030273438 
383.7814941406 -81.8237533569 
385.1107177734 -82.4477081299 
386.4445190430 -83.1151123047 
387.7827453613 -82.9442291260 
389.1258239746 -81.7336730957 
390.4735412598 -79.9417953491 
391.8259277344 -78.1286849976 
393.1827697754 -76.8180084229 
394.5445556641 -76.0701522827 
395.9110412598 -75.7150726318 
397.2822570801 -75.6596755981 
398.6582031250 -75.8022003174 
400.0387268066 -76.0365447998 
401.4242553711 -76.3130722046 
402.8145751953 -76.6860580444 
404.2096862793 -77.2026443481 
405.6094360352 -77.8420639038 
407.0142517090 -78.4857864380 
408.4239196777 -78.7136077881 
409.8384704590 -78.2491989136 
411.2576904297 -77.4262542725 
412.6820678711 -76.5502700806 
414.1113891602 -75.8620529175 
415.5456237793 -75.4904403687 
416.9846191406 -75.5042419434 
418.4288330078 -75.9289932251 
419.8780517578 -76.7008590698 
421.3322753906 -77.7726440430 
422.7913208008 -78.9990997314 
424.2556152344 -80.0760726929 
425.7250061035 -80.5627822876 
427.1994934082 -80.0998611450 
428.6788330078 -79.1825332642 
430.1635437012 -78.5006790161 
431.6534118652 -78.3379135132 
433.1484069824 -78.8542785645 
434.6483764648 -80.1344833374 
436.1537475586 -82.1404266357 
437.6643676758 -84.4721298218 
439.1801757813 -85.9624633789 
440.7010192871 -85.2603988647 
442.2273559570 -83.9585494995 
443.7590026855 -82.8028488159 
445.2959289551 -81.7414932251 
446.8379516602 -80.6577148438 
448.3855590820 -79.5680007935 
449.9385375977 -78.5891036987 
451.4968566895 -77.8346633911 
453.0603637695 -77.3633880615 
454.6295166016 -77.1962203979 
456.2041015625 -77.3463592529 
457.7841491699 -77.8180389404 
459.3694152832 -78.5595855713 
460.9604187012 -79.3247451782 
462.5569152832 -79.7993698120 
464.1589660645 -79.8799209595 
465.7662963867 -79.7451248169 
467.3794555664 -79.5817337036 
468.9981994629 -79.4038162231 
470.6225585938 -79.1335678101 
472.2522888184 -78.8028030396 
473.8879089355 -78.6187057495 
475.5292053223 -78.8498306274 
477.1761779785 -79.6779098511 
478.8285827637 -81.0325317383 
480.4869995117 -82.2954483032 
482.1511230469 -82.5074615479 
483.8210449219 -81.5643386841 
485.4964599609 -80.3905639648 
487.1779479980 -79.5159606934 
488.8652954102 -78.8863143921 
490.5584411621 -78.5238418579 
492.2572021484 -78.0848922729 
493.9620971680 -77.9766769409 
495.6729125977 -78.4325485229 
497.3896789551 -79.5670700073 
499.1120910645 -81.3219833374 
500.8407287598 -83.3940277100 
502.5753784180 -85.2904434204 
504.3160095215 -86.7883300781 
506.0626831055 -88.6629943848 
507.8151245117 -89.9664611816 
509.5739440918 -89.6257781982 
511.3388061523 -88.2071533203 
513.1098022461 -86.1793212891 
514.8866577148 -84.1673355103 
516.6699829102 -82.5658493042 
518.4594116211 -81.5605239868 
520.2550659180 -81.2522430420 
522.0566406250 -81.7067794800 
523.8648071289 -82.9145050049 
525.6791992188 -84.5804977417 
527.4998168945 -85.7438125610 
529.3265380859 -85.5466766357 
531.1597900391 -84.7649307251 
532.9994506836 -84.3175582886 
534.8454589844 -83.9902496338 
536.6975708008 -82.3760604858 
538.5563964844 -80.5483474731 
540.4216918945 -78.9988403320 
542.2933959961 -77.9854736328 
544.1713256836 -77.5113067627 
546.0560302734 -77.5236282349 
547.9472656250 -77.9915618896 
549.8450927734 -78.9042129517 
551.7491455078 -80.1889343262 
553.6600952148 -81.8147048950 
555.5776367188 -81.6168975830 
557.5018920898 -80.4992294312 
559.4324340820 -79.3615112305 
561.3700561523 -78.2986907959 
563.3143310547 -77.2723007202 
565.2653198242 -76.4174880981 
567.2227783203 -76.0416412354 
569.1873168945 -76.6148071289 
571.1586914063 -77.0082626343 
573.1368408203 -76.8925170898 
575.1215820313 -76.6317291260 
577.1134643555 -76.8784561157 
579.1123046875 -79.2605819702 
581.1180419922 -86.5413513184 
583.1303710938 -91.2678375244 
585.1500244141 -82.1991729736 
587.1766357422 -77.3916549683 
589.2103271484 -73.7513275146 
591.2507324219 -72.3629760742 
593.2984619141 -72.4111785889 
595.3533325195 -73.0009231567 
597.4152832031 -73.9208450317 
599.4841308594 -75.5450134277 
601.5603637695 -77.6058197021 
603.6438598633 -79.3601303101 
605.7345581055 -81.2075805664 
607.8321533203 -81.6882781982 
609.9373779297 -79.6575241089 
612.0498657227 -78.4373092651 
614.1696777344 -77.9729919434 
616.2964477539 -78.4757919312 
618.4309692383 -78.7697601318 
620.5728759766 -77.7227325439 
622.7222290039 -76.1698303223 
624.8786621094 -74.2866516113 
627.0429077148 -73.3274307251 
629.2145996094 -73.2383193970 
631.3938598633 -73.9095077515 
633.5806884766 -75.4565505981 
635.7747192383 -76.9302291870 
637.9766845703 -78.2806549072 
640.1862792969 -78.4716644287 
642.4035644531 -77.3045654297 
644.6281127930 -76.5361557007 
646.8607788086 -75.6464462280 
649.1011352539 -74.9182662964 
651.3492431641 -74.7184982300 
653.6047973633 -75.3706359863 
655.8685302734 -77.2639312744 
658.1401367188 -79.2819900513 
660.4195556641 -82.0652389526 
662.7065429688 -82.6502151489 
665.0017700195 -82.1836471558 
667.3049926758 -81.9435653687 
669.6161499023 -80.3133850098 
671.9349975586 -76.7789688110 
674.2622070313 -74.4825134277 
676.5974731445 -73.8888854980 
678.9408569336 -74.4378128052 
681.2919311523 -76.4496459961 
683.6515502930 -78.8611068726 
686.0193481445 -83.2523040771 
688.3953857422 -82.1301498413 
690.7792358398 -77.5339736938 
693.1716918945 -75.4319076538 
695.5724487305 -75.2344741821 
697.9815673828 -76.3910980225 
700.3985595703 -78.2676849365 
702.8244018555 -78.9317398071 
705.2586059570 -78.5570755005 
707.7012329102 -77.9003677368 
710.1519165039 -77.2414016724 
712.6115112305 -76.4316101074 
715.0795898438 -75.4472427368 
717.5562133789 -74.8931655884 
720.0410766602 -74.9126052856 
722.5349121094 -76.0690002441 
725.0373535156 -78.2147598267 
727.5484619141 -80.6480712891 
730.0679321289 -82.8568038940 
732.5964965820 -84.6861572266 
735.1337890625 -83.6675567627 
737.6798706055 -81.5211563110 
740.2344360352 -79.5174713135 
742.7981567383 -77.8833160400 
745.3708496094 -76.6894607544 
747.9523925781 -76.4260711670 
750.5424804688 -77.7697143555 
753.1419067383 -80.2956237793 
755.7504272461 -81.3576812744 
758.3679199219 -80.1863327026 
760.9940795898 -79.8334655762 
763.6297607422 -79.0784530640 
766.2745361328 -77.0920562744 
768.9284667969 -75.3714294434 
771.5912475586 -74.8536682129 
774.2636108398 -75.4648818970 
776.9451904297 -76.7381286621 
779.6361083984 -77.8544158936 
782.3359375000 -79.6434631348 
785.0455322266 -82.1214599609 
787.7644653320 -83.4591827393 
790.4928588867 -82.6190185547 
793.2302856445 -80.6265563965 
795.9776000977 -78.0462951660 
798.7344360352 -76.3239669800 
801.5007934570 -75.8954315186 
804.2767333984 -76.3397445679 
807.0618896484 -76.8549804688 
809.8571166992 -78.1674118042 
812.6620483398 -81.3267364502 
815.4766235352 -82.2870788574 
818.3005371094 -81.5828857422 
821.1347045898 -81.7883682251 
823.9786376953 -82.5302276611 
826.8324584961 -83.5771408081 
829.6957397461 -83.7242050171 
832.5693359375 -81.4858856201 
835.4528808594 -79.2609024048 
838.3464355469 -78.2450103760 
841.2495727539 -79.1156158447 
844.1632080078 -79.2777786255 
847.0869140625 -77.0642013550 
850.0207519531 -74.7437973022 
852.9642944336 -74.5714797974 
855.9185180664 -76.0988693237 
858.8829345703 -80.0385360718 
861.8576049805 -81.9250030518 
864.8421630859 -79.9984817505 
867.8375244141 -77.7216110229 
870.8432006836 -76.0793075562 
873.8593750000 -75.9097747803 
876.8854370117 -75.8286590576 
879.9224853516 -75.9867782593 
882.9700317383 -76.7541656494 
886.0281982422 -77.5135726929 
889.0964355469 -77.0392761230 
892.1757812500 -76.5473861694 
895.2657470703 -76.6443328857 
898.3664550781 -76.7491836548 
901.4774169922 -75.8375167847 
904.5996704102 -74.1675567627 
907.7327270508 -73.7733764648 
910.8765869141 -75.3668212891 
914.0308837891 -78.0084991455 
917.1965942383 -79.6599655151 
920.3732299805 -80.9460525513 
923.5609130859 -80.1432571411 
926.7590942383 -77.8505477905 
929.9689331055 -78.3728103638 
933.1898193359 -81.6999588013 
936.4218750000 -84.3965988159 
939.6646118164 -81.6835861206 
942.9190673828 -79.4511947632 
946.1848754883 -80.6854095459 
949.4619140625 -83.4772567749 
952.7498168945 -82.3092422485 
956.0496215820 -77.9051818848 
959.3608398438 -75.5613861084 
962.6835327148 -75.0709152222 
966.0172119141 -76.3327178955 
969.3629760742 -78.1499023438 
972.7203369141 -77.5681610107 
976.0892944336 -76.6154937744 
979.4694213867 -77.1830825806 
982.8617553711 -78.9827880859 
986.2658691406 -79.7923202515 
989.6817626953 -79.1975631714 
993.1088867188 -80.2607421875 
996.5485229492 -81.9808273315 
1000.0000000000 -76.7329406738 
1003.4634399414 -76.7701492310 
1006.9389038086 -76.8610229492 
1010.4258422852 -76.9870910645 
1013.9254150391 -77.0856704712 
1017.4370727539 -77.1489715576 
1020.9609375000 -77.0945510864 
1024.4964599609 -76.9832229614 
1028.0446777344 -76.8369445801 
1031.6053466797 -76.6976470947 
1035.1782226563 -76.6264953613 
1038.7629394531 -76.6129837036 
1042.3605957031 -76.6711273193 
1045.9708251953 -76.7878494263 
1049.5935058594 -76.9143600464 
1053.2281494141 -77.0417251587 
1056.8759765625 -77.1417388916 
1060.5363769531 -77.2022781372 
1064.2094726563 -77.2204132080 
1067.8947753906 -77.1832275391 
1071.5933837891 -77.0667343140 
1075.3048095703 -76.9272003174 
1079.0290527344 -76.7842864990 
1082.7656250000 -76.6833724976 
1086.5157470703 -76.6708297729 
1090.2788085938 -76.7201232910 
1094.0549316406 -76.8221588135 
1097.8435058594 -76.9555435181 
1101.6458740234 -77.0910339355 
1105.4614257813 -77.2433929443 
1109.2901611328 -77.4280014038 
1113.1314697266 -77.7008666992 
1116.9866943359 -78.0725250244 
1120.8553466797 -78.4959793091 
1124.7374267578 -78.9361419678 
1128.6323242188 -79.3164672852 
1132.5412597656 -79.5497360229 
1136.4637451172 -79.6579055786 
1140.3997802734 -79.6391601563 
1144.3488769531 -79.4909362793 
1148.3123779297 -79.1255950928 
1152.2894287109 -78.6014404297 
1156.2803955078 -77.9706573486 
1160.2844238281 -77.2979965210 
1164.3029785156 -76.6967010498 
1168.3355712891 -76.2817153931 
1172.3819580078 -76.0475311279 
1176.4418945313 -75.9898376465 
1180.5163574219 -76.0906677246 
1184.6051025391 -76.3232498169 
1188.7078857422 -76.6032943726 
1192.8243408203 -76.8635025024 
1196.9555664063 -77.0631866455 
1201.1011962891 -77.1700363159 
1205.2611083984 -77.1568298340 
1209.4348144531 -77.0139999390 
1213.6236572266 -76.8078536987 
1217.8270263672 -76.5901184082 
1222.0449218750 -76.4169616699 
1226.2767333984 -76.3430023193 
1230.5238037109 -76.4260025024 
1234.7857666016 -76.6600952148 
1239.0623779297 -76.9471054077 
1243.3531494141 -77.1821365356 
1247.6594238281 -77.2717437744 
1251.9805908203 -77.1649398804 
1256.3167724609 -76.8886032104 
1260.6679687500 -76.5535583496 
1265.0335693359 -76.2697677612 
1269.4149169922 -76.0700378418 
1273.8115234375 -75.9635848999 
1278.2232666016 -75.9469985962 
1282.6496582031 -76.0143585205 
1287.0920410156 -76.1651382446 
1291.5498046875 -76.4167556763 
1296.0230712891 -76.7780761719 
1300.5111083984 -77.2388153076 
1305.0152587891 -77.7720260620 
1309.5351562500 -78.3188705444 
1314.0706787109 -78.7887954712 
1318.6212158203 -79.0769195557 
1323.1881103516 -79.1016311646 
1327.7709960938 -78.8537902832 
1332.3696289063 -78.4212646484 
1336.9835205078 -77.9786605835 
1341.6141357422 -77.6673583984 
1346.2607421875 -77.5761947632 
1350.9234619141 -77.7442016602 
1355.6015625000 -78.1496124268 
1360.2966308594 -78.6948928833 
1365.0079345703 -79.2045822144 
1369.7355957031 -79.4737243652 
1374.4788818359 -79.3722763062 
1379.2392578125 -78.9343948364 
1384.0162353516 -78.3233947754 
1388.8096923828 -77.7139968872 
1393.6190185547 -77.2276458740 
1398.4456787109 -76.9300003052 
1403.2891845703 -76.8000183105 
1408.1494140625 -76.7747116089 
1413.0257568359 -76.7750320435 
1417.9196777344 -76.7583160400 
1422.8305664063 -76.7482070923 
1427.7584228516 -76.8100814819 
1432.7026367188 -76.9958343506 
1437.6647949219 -77.2996139526 
1442.6440429688 -77.6470336914 
1447.6405029297 -77.9303283691 
1452.6535644531 -78.0784378052 
1457.6848144531 -78.1040115356 
1462.7333984375 -78.0771331787 
1467.7995605469 -78.0589370728 
1472.8823242188 -78.0641250610 
1477.9836425781 -78.0402984619 
1483.1025390625 -77.9442138672 
1488.2392578125 -77.7679595947 
1493.3928222656 -77.5406570435 
1498.5651855469 -77.3174438477 
1503.7553710938 -77.1598587036 
1508.9635009766 -77.1087951660 
1514.1889648438 -77.1536331177 
1519.4332275391 -77.2136764526 
1524.6958007813 -77.1687774658 
1529.9764404297 -76.9585037231 
1535.2746582031 -76.6613616943 
1540.5920410156 -76.4438934326 
1545.9277343750 -76.4448776245 
1551.2819824219 -76.7054672241 
1556.6539306641 -77.1503601074 
1562.0452880859 -77.6048812866 
1567.4554443359 -77.8747406006 
1572.8842773438 -77.8700027466 
1578.3309326172 -77.6474075317 
1583.7974853516 -77.3352966309 
1589.2828369141 -76.9689865112 
1594.7872314453 -76.8236923218 
1600.3107910156 -76.7767333984 
1605.8524169922 -76.5868072510 
1611.4143066406 -76.1712875366 
1616.9953613281 -75.6256713867 
1622.5957031250 -75.1489868164 
1628.2145996094 -74.9059906006 
1633.8538818359 -74.9718170166 
1639.5125732422 -75.3398056030 
1645.1910400391 -76.2992706299 
1650.8881835938 -77.4717941284 
1656.6059570313 -78.2248001099 
1662.3435058594 -78.8629913330 
1668.1009521484 -79.2552261353 
1673.8774414063 -79.2626495361 
1679.6748046875 -78.8802490234 
1685.4923095703 -78.2877197266 
1691.3299560547 -77.5297012329 
1697.1867675781 -77.2316741943 
1703.0649414063 -77.3553695679 
1708.9635009766 -77.6275787354 
1714.8823242188 -77.9203720093 
1720.8208007813 -78.1129989624 
1726.7807617188 -77.9922409058 
1732.7614746094 -77.3424835205 
1738.7628173828 -76.6062393188 
1744.7839355469 -75.8418045044 
1750.8269042969 -75.2511978149 
1756.8908691406 -75.0149917603 
1762.9757080078 -75.4477157593 
1769.0808105469 -76.0002441406 
1775.2078857422 -76.5142974854 
1781.3562011719 -76.8517074585 
1787.5258789063 -77.0877532959 
1793.7159423828 -77.3110885620 
1799.9283447266 -77.5403060913 
1806.1623535156 -77.8292388916 
1812.4178466797 -78.1606521606 
1818.6940917969 -78.6728820801 
1824.9930419922 -79.0948944092 
1831.3138427734 -79.2231521606 
1837.6564941406 -79.1897201538 
1844.0201416016 -78.7884674072 
1850.4068603516 -78.1681518555 
1856.8156738281 -77.7718811035 
1863.2467041016 -77.5014877319 
1869.6988525391 -77.3555603027 
1876.1745605469 -77.3248748779 
1882.6726074219 -77.2652664185 
1889.1931152344 -77.0488662720 
1895.7352294922 -76.7990417480 
1902.3010253906 -76.6808319092 
1908.8895263672 -76.5884170532 
1915.5008544922 -76.2991867065 
1922.1340332031 -75.7771835327 
1928.7912597656 -75.4181747437 
1935.4715576172 -75.2771148682 
1942.1749267578 -75.6692504883 
1948.9005126953 -76.1925277710 
1955.6505126953 -76.8768463135 
1962.4238281250 -77.1185760498 
1969.2205810547 -77.0150146484 
1976.0397949219 -76.8267822266 
1982.8836669922 -76.7244338989 
1989.7513427734 -76.6502151489 
1996.6427001953 -76.3981323242 
2003.5579833984 -76.1144485474 
2010.4960937500 -76.0707626343 
2017.4593505859 -76.4417572021 
2024.4467773438 -77.2575759888 
2031.4583740234 -78.3837890625 
2038.4930419922 -79.6169204712 
2045.5533447266 -80.3528518677 
2052.6379394531 -80.9734573364 
2059.7473144531 -80.8105850220 
2066.8798828125 -79.8294143677 
2074.0385742188 -78.7127838135 
2081.2219238281 -78.0237808228 
2088.4299316406 -77.2426376343 
2095.6621093750 -76.8562774658 
2102.9201660156 -77.0553817749 
2110.2036132813 -77.6378097534 
2117.5122070313 -78.3878555298 
2124.8449707031 -79.1371688843 
2132.2043457031 -79.5493469238 
2139.5891113281 -79.7530136108 
2146.9995117188 -79.4938888550 
2154.4343261719 -79.1700897217 
2161.8959960938 -79.0636138916 
2169.3837890625 -78.8743438721 
2176.8972167969 -78.3244705200 
2184.4355468750 -77.6453552246 
2192.0014648438 -77.2876586914 
2199.5932617188 -77.4553985596 
2207.2114257813 -77.8857650757 
2214.8547363281 -78.1919784546 
2222.5258789063 -78.1745834351 
2230.2233886719 -78.0367660522 
2237.9477539063 -78.1430130005 
2245.6975097656 -78.6143341064 
2253.4753417969 -79.1737365723 
2261.2802734375 -79.4031219482 
2269.1120605469 -79.1040802002 
2276.9697265625 -78.3033981323 
2284.8559570313 -77.5933990479 
2292.7695312500 -77.3741531372 
2300.7104492188 -77.6964874268 
2308.6774902344 -78.1532745361 
2316.6735839844 -78.6621704102 
2324.6972656250 -79.2199554443 
2332.7485351563 -79.7728271484 
2340.8266601563 -80.4785003662 
2348.9340820313 -80.8307952881 
2357.0695800781 -80.6438217163 
2365.2331542969 -80.1171340942 
2373.4235839844 -79.5527038574 
2381.6440429688 -78.8530578613 
2389.8925781250 -78.2645187378 
2398.1699218750 -77.7824401855 
2406.4746093750 -77.5264205933 
2414.8093261719 -77.3844146729 
2423.1728515625 -77.1677703857 
2431.5654296875 -77.1021118164 
2439.9855957031 -77.1446228027 
2448.4365234375 -77.2577056885 
2456.9165039063 -77.4990463257 
2465.4260253906 -77.7892990112 
2473.9633789063 -77.3965072632 
2482.5319824219 -76.5140457153 
2491.1301269531 -75.8039703369 
2499.7580566406 -75.6463699341 
2508.4143066406 -76.2241363525 
2517.1020507813 -76.8279724121 
2525.8200683594 -77.3245391846 
2534.5681152344 -77.7469253540 
2543.3464355469 -77.8700103760 
2552.1538085938 -77.7059249878 
2560.9931640625 -77.1922073364 
2569.8630371094 -76.9703674316 
2578.7636718750 -77.2678909302 
2587.6936035156 -77.7655410767 
2596.6560058594 -77.8626327515 
2605.6494140625 -77.5471343994 
2614.6738281250 -77.8807067871 
2623.7282714844 -79.0257720947 
2632.8154296875 -80.3700180054 
2641.9340820313 -79.3754577637 
2651.0842285156 -77.1330947876 
2660.2646484375 -75.7503509521 
2669.4785156250 -75.1514053345 
2678.7241210938 -75.5741882324 
2688.0017089844 -76.6909561157 
2697.3100585938 -76.7929534912 
2706.6518554688 -76.0459289551 
2716.0263671875 -75.8832015991 
2725.4331054688 -76.3488845825 
2734.8710937500 -77.0602569580 
2744.3432617188 -77.1873168945 
2753.8481445313 -77.2914505005 
2763.3859863281 -77.7071304321 
2772.9553222656 -78.2051773071 
2782.5593261719 -78.5330734253 
2792.1965332031 -78.6024932861 
2801.8671875000 -78.5007858276 
2811.5698242188 -78.1480484009 
2821.3073730469 -77.6409225464 
2831.0788574219 -77.3136444092 
2840.8842773438 -77.3807983398 
2850.7219238281 -77.5137023926 
2860.5952148438 -77.4174804688 
2870.5029296875 -77.4345092773 
2880.4448242188 -77.6542663574 
2890.4194335938 -77.6644744873 
2900.4301757813 -77.6439514160 
2910.4758300781 -78.1036453247 
2920.5561523438 -78.1717910767 
2930.6696777344 -76.8848419189 
2940.8198242188 -75.7712631226 
2951.0053710938 -75.9548416138 
2961.2260742188 -77.2286224365 
2971.4804687500 -78.5158386230 
2981.7719726563 -79.1751251221 
2992.0991210938 -79.6836547852 
3002.4621582031 -77.9276275635 
3012.8593750000 -77.9270095825 
3023.2944335938 -77.8627777100 
3033.7653808594 -77.7401428223 
3044.2727050781 -77.5741577148 
3054.8146972656 -77.4099349976 
3065.3950195313 -77.2615890503 
3076.0117187500 -77.1503295898 
3086.6655273438 -77.0610122681 
3097.3542480469 -77.0208129883 
3108.0817871094 -77.0046997070 
3118.8464355469 -77.0118484497 
3129.6484375000 -77.0637435913 
3140.4860839844 -77.1356277466 
3151.3630371094 -77.2367324829 
3162.2775878906 -77.3498916626 
3173.2299804688 -77.4518127441 
3184.2204589844 -77.5123367310 
3195.2470703125 -77.4852371216 
3206.3137207031 -77.4027557373 
3217.4184570313 -77.2279434204 
3228.5620117188 -77.0440444946 
3239.7421875000 -76.8682708740 
3250.9628906250 -76.7770156860 
3262.2224121094 -76.7832107544 
3273.5209960938 -76.8652954102 
3284.8569335938 -77.0705108643 
3296.2338867188 -77.3019866943 
3307.6501464844 -77.5335159302 
3319.1059570313 -77.6672973633 
3330.5998535156 -77.6573944092 
3342.1352539063 -77.5438842773 
3353.7104492188 -77.3034133911 
3365.3259277344 -77.0731811523 
3376.9797363281 -76.8845367432 
3388.6757812500 -76.8001708984 
3400.4123535156 -76.8455429077 
3412.1894531250 -76.9504318237 
3424.0056152344 -77.1059951782 
3435.8645019531 -77.2362136841 
3447.7644042969 -77.3247680664 
3459.7055664063 -77.3702697754 
3471.6860351563 -77.3691177368 
3483.7102050781 -77.3664550781 
3495.7758789063 -77.3683700562 
3507.8833007813 -77.3849563599 
3520.0307617188 -77.4174346924 
3532.2221679688 -77.4590072632 
3544.4558105469 -77.5090026855 
3556.7319335938 -77.5700302124 
3569.0485839844 -77.6298370361 
3581.4099121094 -77.6763916016 
3593.8139648438 -77.6969375610 
3606.2609863281 -77.6395568848 
3618.7490234375 -77.5277252197 
3631.2824707031 -77.3732376099 
3643.8591308594 -77.1927719116 
3656.4794921875 -77.0445709229 
3669.1416015625 -76.9429855347 
3681.8493652344 -76.8917541504 
3694.6013183594 -76.8975219727 
3707.3974609375 -76.9383010864 
3720.2358398438 -76.9853897095 
3733.1206054688 -77.0287170410 
3746.0500488281 -77.0560760498 
3759.0244140625 -77.0504760742 
3772.0415039063 -77.0222854614 
3785.1059570313 -76.9824066162 
3798.2153320313 -76.9449844360 
3811.3703613281 -76.9598693848 
3824.5688476563 -77.0409393311 
3837.8149414063 -77.1758804321 
3851.1071777344 -77.3463134766 
3864.4453125000 -77.5133895874 
3877.8273925781 -77.6103210449 
3891.2580566406 -77.6370544434 
3904.7353515625 -77.6006698608 
3918.2590332031 -77.5137634277 
3931.8276367188 -77.3921661377 
3945.4453125000 -77.2624435425 
3959.1103515625 -77.1454238892 
3972.8225097656 -77.0534820557 
3986.5822753906 -76.9956970215 
4000.3872070313 -76.9789810181 
4014.2424316406 -77.0087966919 
4028.1455078125 -77.0762176514 
4042.0969238281 -77.1724777222 
4056.0942382813 -77.2787246704 
4070.1423339844 -77.3665924072 
4084.2392578125 -77.3904800415 
4098.3847656250 -77.3524780273 
4112.5771484375 -77.2974777222 
4126.8208007813 -77.2623367310 
4141.1137695313 -77.2701034546 
4155.4565429688 -77.3221130371 
4169.8461914063 -77.3927917480 
4184.2885742188 -77.4467010498 
4198.7802734375 -77.4866333008 
4213.3227539063 -77.5251922607 
4227.9130859375 -77.5633163452 
4242.5561523438 -77.5854721069 
4257.2500000000 -77.5650024414 
4271.9951171875 -77.4873046875 
4286.7885742188 -77.3957748413 
4301.6357421875 -77.3541412354 
4316.5341796875 -77.3836059570 
4331.4843750000 -77.4617004395 
4346.4838867188 -77.5332489014 
4361.5375976563 -77.5381698608 
4376.6435546875 -77.4469985962 
4391.8017578125 -77.2872924805 
4407.0102539063 -77.1349945068 
4422.2739257813 -77.0462112427 
4437.5898437500 -77.0057449341 
4452.9594726563 -76.9673004150 
4468.3793945313 -76.9000015259 
4483.8554687500 -76.8204421997 
4499.3852539063 -76.7845077515 
4514.9687500000 -76.8457641602 
4530.6035156250 -77.0082321167 
4546.2949218750 -77.2068481445 
4562.0410156250 -77.3341827393 
4577.8413085938 -77.3150939941 
4593.6938476563 -77.1774139404 
4609.6040039063 -77.0475997925 
4625.5693359375 -77.0323181152 
4641.5898437500 -77.1827774048 
4657.6630859375 -77.4748764038 
4673.7944335938 -77.8036117554 
4689.9819335938 -78.0250854492 
4706.2255859375 -78.0542831421 
4722.5229492188 -77.9272918701 
4738.8789062500 -77.7538146973 
4755.2919921875 -77.6230697632 
4771.7617187500 -77.5599517822 
4788.2861328125 -77.5434570313 
4804.8701171875 -77.5392303467 
4821.5112304688 -77.5149688721 
4838.2104492188 -77.4466781616 
4854.9648437500 -77.3344650269 
4871.7797851563 -77.2163085938 
4888.6528320313 -77.1507568359 
4905.5844726563 -77.1454544067 
4922.5717773438 -77.2219009399 
4939.6210937500 -77.3123168945 
4956.7294921875 -77.3216781616 
4973.8964843750 -77.2017211914 
4991.1206054688 -76.9852447510 
5008.4072265625 -76.7527084351 
5025.7539062500 -76.5847091675 
5043.1601562500 -76.5446929932 
5060.6269531250 -76.8294219971 
5078.1513671875 -77.4277572632 
5095.7392578125 -77.8749160767 
5113.3881835938 -78.1981964111 
5131.0981445313 -78.3485412598 
5148.8666992188 -78.3711929321 
5166.6997070313 -78.3198623657 
5184.5942382813 -78.2099075317 
5202.5507812500 -78.0588150024 
5220.5668945313 -77.9209136963 
5238.6479492188 -77.8497924805 
5256.7915039063 -77.8385543823 
5274.9985351563 -77.8098526001 
5293.2651367188 -77.6671066284 
5311.5981445313 -77.3619537354 
5329.9946289063 -76.9257965088 
5348.4545898438 -76.2785263062 
5366.9760742188 -75.9751892090 
5385.5644531250 -76.1251373291 
5404.2167968750 -76.4972457886 
5422.9340820313 -76.9226455688 
5441.7133789063 -77.1957931519 
5460.5605468750 -77.2344894409 
5479.4726562500 -77.1449279785 
5498.4506835938 -77.0987319946 
5517.4912109375 -77.2060394287 
5536.6010742188 -77.6868133545 
5555.7768554688 -78.3170776367 
5575.0190429688 -78.6140670776 
5594.3247070313 -78.6863479614 
5613.7001953125 -78.5585708618 
5633.1430664063 -78.3555450439 
5652.6533203125 -78.1901092529 
5672.2275390625 -78.0608520508 
5691.8730468750 -77.9394073486 
5711.5869140625 -77.7884826660 
5731.3686523438 -77.5619049072 
5751.2158203125 -77.2787704468 
5771.1347656250 -77.0065689087 
5791.1230468750 -76.8644714355 
5811.1801757813 -77.1475372314 
5831.3037109375 -77.6039199829 
5851.5000000000 -78.1637496948 
5871.7666015625 -78.7138748169 
5892.1030273438 -79.2731933594 
5912.5068359375 -79.4650039673 
5932.9848632813 -79.3930282593 
5953.5332031250 -79.2584533691 
5974.1533203125 -79.1045684814 
5994.8408203125 -78.7834472656 
6015.6040039063 -78.2515945435 
6036.4384765625 -77.7359542847 
6057.3457031250 -77.1918563843 
6078.3217773438 -76.5949172974 
6099.3735351563 -76.4195861816 
6120.4985351563 -76.6233825684 
6141.6967773438 -77.0144882202 
6162.9648437500 -77.5565567017 
6184.3095703125 -77.5755462646 
6205.7290039063 -77.2472305298 
6227.2221679688 -76.9357910156 
6248.7866210938 -76.8692398071 
6270.4287109375 -77.1679763794 
6292.1459960938 -77.4051895142 
6313.9384765625 -77.4508895874 
6335.8066406250 -77.2017898560 
6357.7470703125 -77.0331192017 
6379.7666015625 -77.0156707764 
6401.8627929688 -77.3113479614 
6424.0351562500 -77.6486282349 
6446.2812500000 -77.6571350098 
6468.6074218750 -77.4304275513 
6491.0112304688 -77.3476409912 
6513.4926757813 -77.5135421753 
6536.0483398438 -77.9395980835 
6558.6855468750 -78.3142395020 
6581.4013671875 -78.3795318604 
6604.1958007813 -78.0207595825 
6627.0654296875 -77.4261322021 
6650.0175781250 -77.1825866699 
6673.0498046875 -77.3437194824 
6696.1616210938 -77.8270568848 
6719.3496093750 -78.1067276001 
6742.6220703125 -78.0617141724 
6765.9746093750 -77.9577331543 
6789.4082031250 -77.9490585327 
6812.9194335938 -78.1124038696 
6836.5156250000 -78.2382736206 
6860.1938476563 -78.2183914185 
6883.9536132813 -77.9851226807 
6907.7919921875 -77.7840805054 
6931.7167968750 -77.7121505737 
6955.7246093750 -77.6507949829 
6979.8154296875 -77.5132064819 
7003.9858398438 -77.5106964111 
7028.2436523438 -77.7357711792 
7052.5859375000 -78.0076217651 
7077.0122070313 -78.1998138428 
7101.5190429688 -78.2587661743 
7126.1147460938 -78.1735458374 
7150.7958984375 -78.0946884155 
7175.5625000000 -78.0637969971 
7200.4106445313 -77.9115142822 
7225.3491210938 -77.5903854370 
7250.3735351563 -77.2307891846 
7275.4848632813 -76.9854049683 
7300.6791992188 -76.8984527588 
7325.9648437500 -77.0462722778 
7351.3378906250 -77.6192703247 
7376.7988281250 -78.3035202026 
7402.3442382813 -78.4844436646 
7427.9819335938 -78.2466354370 
7453.7080078125 -78.0447082520 
7479.5239257813 -78.1452560425 
7505.4248046875 -78.4305572510 
7531.4194335938 -78.4770431519 
7557.5039062500 -78.1150970459 
7583.6791992188 -77.6219177246 
7609.9409179688 -77.3938064575 
7636.2973632813 -77.3040924072 
7662.7451171875 -77.4587936401 
7689.2851562500 -78.0438995361 
7715.9121093750 -78.7773513794 
7742.6357421875 -79.0631561279 
7769.4521484375 -78.6818161011 
7796.3613281250 -78.2741088867 
7823.3593750000 -78.0306091309 
7850.4550781250 -77.7599639893 
7877.6450195313 -77.2928771973 
7904.9287109375 -76.8961944580 
7932.3027343750 -76.9389190674 
7959.7758789063 -76.9868316650 
7987.3442382813 -76.8986892700 
8015.0078125000 -76.8734893799 
8042.7675781250 -77.0362167358 
8070.6191406250 -77.1669616699 
8098.5712890625 -77.2984542847 
8126.6201171875 -77.6760177612 
8154.7666015625 -78.1489334106 
8183.0053710938 -78.5071640015 
8211.3466796875 -78.3648452759 
8239.7871093750 -78.0336303711 
8268.3251953125 -77.9269180298 
8296.9570312500 -78.0299758911 
8325.6933593750 -78.0233764648 
8354.5292968750 -77.8366394043 
8383.4648437500 -77.6392822266 
8412.4960937500 -77.5972061157 
8441.6318359375 -77.4917449951 
8470.8691406250 -77.3168563843 
8500.2080078125 -77.3279418945 
8529.6425781250 -77.5576248169 
8559.1845703125 -77.7012634277 
8588.8291015625 -77.7249984741 
8618.5761718750 -78.0542984009 
8648.4218750000 -78.2961730957 
8678.3750000000 -78.0550079346 
8708.4326171875 -77.5089263916 
8738.5937500000 -77.1827926636 
8768.8544921875 -77.0121765137 
8799.2246093750 -76.9654617310 
8829.7001953125 -77.0403213501 
8860.2822265625 -77.3506088257 
8890.9638671875 -77.9044265747 
8921.7578125000 -78.1932449341 
8952.6582031250 -77.8966751099 
8983.6650390625 -77.2904129028 
9014.7744140625 -76.6878509521 
9045.9970703125 -76.7186584473 
9077.3271484375 -77.3952331543 
9108.7656250000 -78.1919097900 
9140.3085937500 -78.4389877319 
9171.9658203125 -78.2986907959 
9203.7324218750 -78.1099548340 
9235.6093750000 -77.8654785156 
9267.5908203125 -77.6187667847 
9299.6894531250 -77.7081756592 
9331.8984375000 -78.1532516479 
9364.2187500000 -78.0210189819 
9396.6464843750 -77.2485046387 
9429.1914062500 -76.8501052856 
9461.8486328125 -77.2142868042 
9494.6191406250 -77.7235031128 
9527.4980468750 -78.1389083862 
9560.4960937500 -78.4893417358 
9593.6083984375 -78.4440536499 
9626.8359375000 -77.8063201904 
9660.1718750000 -77.1970138550 
9693.6298828125 -77.3471527100 
9727.2031250000 -77.8469543457 
9760.8935546875 -77.9940795898 
9794.6943359375 -77.8520202637 
9828.6171875000 -77.2608947754 
9862.6582031250 -76.7393188477 
9896.8173828125 -77.0921554565 
9931.0888671875 -77.7535476685 
9965.4853515625 -77.6973876953 
10000.0000000000 -77.4943466187 
10034.6347656250 -77.5293807983 
10069.3886718750 -77.5698547363 
10104.2636718750 -77.6101989746 
10139.2597656250 -77.6455154419 
10174.3652343750 -77.6748199463 
10209.6035156250 -77.6855239868 
10244.9638671875 -77.6791915894 
10280.4472656250 -77.6564559937 
10316.0527343750 -77.6077499390 
10351.7822265625 -77.5409545898 
10387.6347656250 -77.4667892456 
10423.6123046875 -77.3901062012 
10459.7021484375 -77.3338394165 
10495.9287109375 -77.2989959717 
10532.2812500000 -77.2868041992 
10568.7597656250 -77.3047714233 
10605.3642578125 -77.3305358887 
10642.0947265625 -77.3561935425 
10678.9531250000 -77.3748397827 
10715.9394531250 -77.3817443848 
10753.0419921875 -77.3892593384 
10790.2841796875 -77.4007568359 
10827.6562500000 -77.4240951538 
10865.1572265625 -77.4555969238 
10902.7880859375 -77.4850006104 
10940.5498046875 -77.5079345703 
10978.4414062500 -77.5145874023 
11016.4648437500 -77.5111541748 
11054.6074218750 -77.5067062378 
11092.8945312500 -77.5063018799 
11131.3144531250 -77.5205078125 
11169.8671875000 -77.5530776978 
11208.5537109375 -77.6034317017 
11247.3740234375 -77.6736145020 
11286.3291015625 -77.7712554932 
11325.4189453125 -77.8994140625 
11364.6308593750 -78.0459060669 
11403.9921875000 -78.2018661499 
11443.4892578125 -78.3550720215 
11483.1230468750 -78.4683151245 
11522.8945312500 -78.5338058472 
11562.8037109375 -78.5508117676 
11602.8505859375 -78.5225982666 
11643.0371093750 -78.4573745728 
11683.3486328125 -78.3746871948 
11723.8134765625 -78.2810821533 
11764.4189453125 -78.1732254028 
11805.1640625000 -78.0461349487 
11846.0507812500 -77.8912734985 
11887.0791015625 -77.7199630737 
11928.2490234375 -77.5533065796 
11969.5625000000 -77.4056015015 
12011.0048828125 -77.2877120972 
12052.6044921875 -77.2057418823 
12094.3486328125 -77.1529235840 
12136.2363281250 -77.1093597412 
12178.2695312500 -77.0693359375 
12220.4492187500 -77.0330429077 
12262.7734375000 -77.0065383911 
12305.2451171875 -77.0047988892 
12347.8505859375 -77.0412979126 
12390.6162109375 -77.1098175049 
12433.5312500000 -77.1998443604 
12476.5937500000 -77.2960968018 
12519.8056640625 -77.3814544678 
12563.1679687500 -77.4409103394 
12606.6796875000 -77.4604415894 
12650.3427734375 -77.4501495361 
12694.1562500000 -77.4167709351 
12738.1074218750 -77.3681182861 
12782.2255859375 -77.3133621216 
12826.4960937500 -77.2632141113 
12870.9199218750 -77.2295074463 
12915.4980468750 -77.2259674072 
12960.2304687500 -77.2552490234 
13005.1171875000 -77.3089065552 
13050.1601562500 -77.3779525757 
13095.3447265625 -77.4559478760 
13140.6992187500 -77.5414733887 
13186.2119140625 -77.6364364624 
13231.8818359375 -77.7409057617 
13277.7099609375 -77.8461761475 
13323.6962890625 -77.9283599854 
13369.8427734375 -77.9568557739 
13416.1484375000 -77.9213409424 
13462.5996093750 -77.8311080933 
13509.2265625000 -77.7117843628 
13556.0156250000 -77.5953903198 
13602.9658203125 -77.5106582642 
13650.0791015625 -77.4768295288 
13697.3554687500 -77.5005722046 
13744.7958984375 -77.5744552612 
13792.4003906250 -77.6769332886 
13840.1542968750 -77.7765884399 
13888.0888671875 -77.8425903320 
13936.1904296875 -77.8564834595 
13984.4570312500 -77.8145217896 
14032.8916015625 -77.7289276123 
14081.4941406250 -77.6127624512 
14130.2646484375 -77.4846954346 
14179.2041015625 -77.3689498901 
14228.2978515625 -77.2886505127 
14277.5771484375 -77.2565078735 
14327.0263671875 -77.2695388794 
14376.6474609375 -77.3109436035 
14426.4404296875 -77.3601379395 
14476.4052734375 -77.4069137573 
14526.5439453125 -77.4612655640 
14576.8564453125 -77.5497131348 
14627.3261718750 -77.6980438232 
14677.9873046875 -77.9111099243 
14728.8242187500 -78.2714538574 
14779.8369140625 -78.4970016479 
14831.0253906250 -78.6466674805 
14882.3925781250 -78.7058410645 
14933.9365234375 -78.6754837036 
14985.6601562500 -78.5585098267 
15037.5458984375 -78.3643341064 
15089.6269531250 -78.1217193604 
15141.8896484375 -77.8776016235 
15194.3330078125 -77.6794281006 
15246.9580078125 -77.5574417114 
15299.7646484375 -77.5191650391 
15352.7548828125 -77.5546340942 
15405.9287109375 -77.6441802979 
15459.2695312500 -77.7614440918 
15512.8115234375 -77.8729934692 
15566.5390625000 -77.9439315796 
15620.4531250000 -77.9533081055 
15674.5546875000 -77.9070816040 
15728.8427734375 -77.8328018188 
15783.3183593750 -77.7599487305 
15837.9833984375 -77.7039413452 
15892.8369140625 -77.6478805542 
15947.8642578125 -77.6035690308 
16003.0986328125 -77.5859298706 
16058.5244140625 -77.5925064087 
16114.1425781250 -77.6306304932 
16169.9531250000 -77.6865768433 
16225.9570312500 -77.7206115723 
16282.1552734375 -77.6818542480 
16338.5478515625 -77.5398635864 
16395.1171875000 -77.3080902100 
16451.9003906250 -76.9074783325 
16508.8808593750 -76.5943450928 
16566.0585937500 -76.5041427612 
16623.4355468750 -76.5303192139 
16681.0097656250 -76.6736221313 
16738.7832031250 -76.9096298218 
16796.7578125000 -77.1875534058 
16854.9140625000 -77.4446792603 
16913.2890625000 -77.6867370605 
16971.8691406250 -77.7821426392 
17030.6503906250 -77.7824401855 
17089.6347656250 -77.7607116699 
17148.8242187500 -77.7285690308 
17208.2167968750 -77.6934280396 
17267.8183593750 -77.6512985229 
17327.6054687500 -77.6366577148 
17387.6191406250 -77.6515808105 
17447.8398437500 -77.6808395386 
17508.2695312500 -77.7154388428 
17568.9082031250 -77.7692031860 
17629.7578125000 -77.8413925171 
17690.8164062500 -77.9134140015 
17752.0878906250 -77.9960403442 
17813.5527343750 -78.0715637207 
17875.2500000000 -78.1473464966 
17937.1582031250 -78.2019805908 
17999.2832031250 -78.2340240479 
18061.6230468750 -78.2448043823 
18124.1796875000 -78.2048950195 
18186.9511718750 -78.0162200928 
18249.9414062500 -77.7568130493 
18313.1289062500 -77.6019363403 
18376.5546875000 -77.5031356812 
18440.2011718750 -77.4876098633 
18504.0683593750 -77.5632781982 
18568.1562500000 -77.6221923828 
18632.4667968750 -77.6583251953 
18697.0000000000 -77.6855010986 
18761.7558593750 -77.7345275879 
18826.7148437500 -77.7947692871 
18891.9199218750 -77.8914566040 
18957.3515625000 -77.9492568970 
19023.0097656250 -77.9381561279 
19088.8945312500 -77.8867874146 
19155.0078125000 -77.7661056519 
19221.3515625000 -77.6436080933 
19287.9238281250 -77.5718383789 
19354.7050781250 -77.4962539673 
19421.7382812500 -77.4911346436 
19489.0058593750 -77.5542449951 
19556.5039062500 -77.7107925415 
19624.2382812500 -77.8431320190 
19692.2050781250 -77.8579559326 
19760.4082031250 -77.7502899170 
19828.8476562500 -77.5816345215 
19897.5019531250 -77.4932937622 
19966.4160156250 -77.4738845825 
20035.5683593750 -77.5622406006 
20104.9609375000 -77.6558532715 
20174.5937500000 -77.7661972046 
20244.4667968750 -77.8093414307 
20314.5839843750 -77.7707443237 
20384.9414062500 -77.6944808960 
20455.5449218750 -77.6392211914 
20526.3691406250 -77.5724029541 
20597.4609375000 -77.5063323975 
20668.7988281250 -77.4191360474 
20740.3847656250 -77.3627471924 
20812.2187500000 -77.3869171143 
20884.3007812500 -77.5054550171 
20956.6328125000 -77.6329498291 
21029.2148437500 -77.6832733154 
21102.0253906250 -77.6359634399 
21175.1113281250 -77.4343032837 
21248.4492187500 -77.1524963379 
21322.0429687500 -76.9858322144 
21395.8906250000 -76.9017181396 
21469.9941406250 -77.0128402710 
21544.3554687500 -77.2779312134 
21618.9726562500 -77.5297164917 
21693.8242187500 -77.5828781128 
21768.9609375000 -77.4423294067 
21844.3574218750 -77.2273788452 
21920.0136718750 -77.1176681519 
21995.9316406250 -77.2020263672 
22072.1152343750 -77.3803024292 
22148.5605468750 -77.5370712280 
22225.2714843750 -77.6235427856 
22302.2226562500 -77.6809463501 
22379.4648437500 -77.7860717773 
22456.9746093750 -77.9404373169 
22534.7539062500 -78.0184326172 
22612.8027343750 -77.8384094238 
22691.1210937500 -77.5087051392 
22769.7109375000 -77.2602386475 
22848.5722656250 -77.2007904053 
22927.6816406250 -77.3060073853 
23007.0898437500 -77.5250396729 
23086.7753906250 -77.7093734741 
23166.7343750000 -77.8242263794 
23246.9707031250 -77.8428878784 
23327.4863281250 -77.8175430298 
23408.2792968750 -77.8131866455 
23489.3535156250 -77.7657470703 
23570.6816406250 -77.5994186401 
23652.3183593750 -77.3763580322 
23734.2363281250 -77.1464233398 
23816.4394531250 -76.8900451660 
23898.9257812500 -76.7974166870 
23981.6992187500 -76.8783721924 
24064.7578125000 -77.0813217163 
24148.1054687500 -77.3114776611 
24231.7148437500 -77.4733581543 
24315.6406250000 -77.4819564819 
24399.8574218750 -77.4694290161 
24484.3652343750 -77.4510269165 
24569.1640625000 -77.4159011841 
24654.2597656250 -77.4240036011 
24739.6484375000 -77.5607986450 
24825.3320312500 -77.6676864624 
24911.2871093750 -77.6331100464 
24997.5664062500 -77.4773330688 
25084.1445312500 -77.4704589844 
25171.0214843750 -77.5925979614 
25258.1992187500 -77.7026290894 
25345.6816406250 -77.7210693359 
25433.4648437500 -77.6846084595 
25521.5527343750 -77.7147140503 
25609.9453125000 -77.8987808228 
25698.6152343750 -78.0339736938 
25787.6210937500 -77.9841690063 
25876.9355468750 -77.8963851929 
25966.5585937500 -77.8235702515 
26056.4941406250 -77.7159576416 
26146.7382812500 -77.6452636719 
26237.2968750000 -77.6349105835 
26328.1679687500 -77.6213989258 
26419.3261718750 -77.6382522583 
26510.8281250000 -77.8750457764 
26602.6464843750 -78.1481704712 
26694.7832031250 -78.2826309204 
26787.2402343750 -78.1176376343 
26880.0156250000 -77.7450332642 
26973.1132812500 -77.4275207520 
27066.5351562500 -77.2649688721 
27160.2480468750 -77.2440261841 
27254.3164062500 -77.2298126221 
27348.7109375000 -77.1496734619 
27443.4316406250 -77.1931228638 
27538.4804687500 -77.4796752930 
27633.8593750000 -77.7762374878 
27729.5683593750 -77.9648208618 
27825.6074218750 -78.1208953857 
27921.9492187500 -78.1647567749 
28018.6562500000 -78.0615310669 
28115.6972656250 -77.8221130371 
28213.0742187500 -77.7013015747 
28310.7890625000 -77.7707595825 
28408.8417968750 -77.8600082397 
28507.2343750000 -77.8736572266 
28605.9687500000 -77.8951187134 
28705.0136718750 -77.9304275513 
28804.4316406250 -77.8237304688 
28904.1933593750 -77.6280364990 
29004.3027343750 -77.5390625000 
29104.7578125000 -77.5601043701 
29205.5605468750 -77.6468582153 
29306.7128906250 -77.7908172607 
29408.2148437500 -77.8548431396 
29510.0371093750 -77.7441253662 
29612.2441406250 -77.5609054565 
29714.8046875000 -77.4173278809 
29817.7207031250 -77.2169799805 
29920.9921875000 -76.9166793823 
30024.6230468750 -77.2526321411 
30128.6113281250 -77.2639007568 
30232.9609375000 -77.2964553833 
30337.6367187500 -77.3485107422 
30442.7109375000 -77.4197158813 
30548.1464843750 -77.4923171997 
30653.9492187500 -77.5631713867 
30760.1171875000 -77.6195373535 
30866.6542968750 -77.6666030884 
30973.5585937500 -77.6874389648 
31080.8339843750 -77.6959838867 
31188.4472656250 -77.6926651001 
31296.4667968750 -77.6793670654 
31404.8613281250 -77.6664123535 
31513.6308593750 -77.6553268433 
31622.7773437500 -77.6528778076 
31732.3007812500 -77.6555633545 
31842.2031250000 -77.6671676636 
31952.4882812500 -77.6837387085 
32063.1542968750 -77.7014770508 
32174.1679687500 -77.7153549194 
32285.6015625000 -77.7175979614 
32397.4218750000 -77.7109832764 
32509.6289062500 -77.6872177124 
32622.2246093750 -77.6618652344 
32735.2089843750 -77.6384429932 
32848.5859375000 -77.6362457275 
32962.3554687500 -77.6582412720 
33076.4843750000 -77.6980438232 
33191.0429687500 -77.7587203979 
33305.9960937500 -77.8086700439 
33421.3515625000 -77.8429489136 
33537.1054687500 -77.8331756592 
33653.2578125000 -77.7833557129 
33769.8164062500 -77.7131881714 
33886.7773437500 -77.6293640137 
34004.1054687500 -77.5649795532 
34121.8750000000 -77.5209884644 
34240.0546875000 -77.5039672852 
34358.6445312500 -77.5213546753 
34477.6445312500 -77.5515518188 
34597.0546875000 -77.5926513672 
34716.8789062500 -77.6416397095 
34837.1210937500 -77.6913681030 
34957.7382812500 -77.7390670776 
35078.8125000000 -77.7802276611 
35200.3085937500 -77.8021392822 
35322.2226562500 -77.8066101074 
35444.5585937500 -77.7925567627 
35567.3203125000 -77.7532501221 
35690.5039062500 -77.7029190063 
35814.1171875000 -77.6473770142 
35938.1171875000 -77.5906906128 
36062.5898437500 -77.5453033447 
36187.4921875000 -77.5153961182 
36312.8242187500 -77.5039749146 
36438.5898437500 -77.5185775757 
36564.7968750000 -77.5615921021 
36691.4375000000 -77.6138610840 
36818.5156250000 -77.6663208008 
36945.9921875000 -77.7022628784 
37073.9531250000 -77.6989974976 
37202.3593750000 -77.6672668457 
37331.2070312500 -77.6129074097 
37460.5000000000 -77.5448608398 
37590.2460937500 -77.4836044312 
37720.4375000000 -77.4364242554 
37851.0781250000 -77.4055328369 
37982.1328125000 -77.3922805786 
38113.6835937500 -77.4012298584 
38245.6875000000 -77.4242858887 
38378.1484375000 -77.4594955444 
38511.0703125000 -77.5066604614 
38644.4531250000 -77.5687942505 
38778.2968750000 -77.6537475586 
38912.6015625000 -77.7558059692 
39047.3320312500 -77.8663635254 
39182.5703125000 -77.9730148315 
39318.2773437500 -78.0497817993 
39454.4531250000 -78.0735702515 
39591.1015625000 -78.0535507202 
39728.2265625000 -77.9976806641 
39865.8203125000 -77.9160995483 
40003.8945312500 -77.8189315796 
40142.4453125000 -77.7180862427 
40281.4335937500 -77.6278305054 
40420.9453125000 -77.5608062744 
40560.9414062500 -77.5280532837 
40701.4257812500 -77.5370178223 
40842.3906250000 -77.5906448364 
40983.8476562500 -77.6644439697 
41125.7929687500 -77.7317581177 
41268.2304687500 -77.7732391357 
41411.1171875000 -77.7764663696 
41554.5390625000 -77.7385559082 
41698.4648437500 -77.6669692993 
41842.8828125000 -77.5794372559 
41987.8046875000 -77.4882812500 
42133.2265625000 -77.3988723755 
42279.1523437500 -77.3176116943 
42425.5859375000 -77.2524795532 
42572.4765625000 -77.2120361328 
42719.9257812500 -77.2025375366 
42867.8828125000 -77.2220458984 
43016.3554687500 -77.2557907104 
43165.3398437500 -77.2933807373 
43314.8437500000 -77.3277130127 
43464.8593750000 -77.3571319580 
43615.3984375000 -77.3856048584 
43766.4101562500 -77.4200820923 
43917.9960937500 -77.4650115967 
44070.1015625000 -77.5144729614 
44222.7382812500 -77.5495223999 
44375.9023437500 -77.5569305420 
44529.5937500000 -77.5377197266 
44683.8203125000 -77.5048675537 
44838.5820312500 -77.4726715088 
44993.8281250000 -77.4475631714 
45149.6601562500 -77.4278869629 
45306.0351562500 -77.4121704102 
45462.9492187500 -77.4064559937 
45620.4101562500 -77.4199066162 
45778.4140625000 -77.4515075684 
45936.9648437500 -77.4825744629 
46096.0664062500 -77.4913635254 
46255.6679687500 -77.4738235474 
46415.8710937500 -77.4428710938 
46576.6289062500 -77.4176483154 
46737.9453125000 -77.4123687744 
46899.8203125000 -77.4327926636 
47062.2578125000 -77.4800643921 
47225.2539062500 -77.5554122925 
47388.8164062500 -77.6588058472 
47552.8945312500 -77.7812347412 
47717.5898437500 -77.8990859985 
47882.8593750000 -77.9797439575 
48048.6992187500 -78.0001144409 
48215.1132812500 -77.9631881714 
48382.1054687500 -77.8960266113 
48549.6718750000 -77.8300247192 
48717.8242187500 -77.7828750610 
48886.5000000000 -77.7568588257 
49055.8164062500 -77.7478179932 
49225.7187500000 -77.7500152588 
49396.2109375000 -77.7649612427 
49567.2929687500 -77.7830963135 
49738.9648437500 -77.7925415039 
49911.2343750000 -77.7916259766 
50084.1015625000 -77.7921447754 
50257.5664062500 -77.8038406372 
50431.5742187500 -77.8146743774 
50606.2421875000 -77.7486724854 
50781.5156250000 -77.5709762573 
50957.3945312500 -77.4296722412 
51133.8828125000 -77.3290786743 
51310.9804687500 -77.2848739624 
51488.6953125000 -77.2753829956 
51667.0234375000 -77.2617492676 
51845.9140625000 -77.2220458984 
52025.4804687500 -77.1729125977 
52205.6679687500 -77.1568756104 
52386.4804687500 -77.2057571411 
52567.9179687500 -77.3127288818 
52749.9843750000 -77.4362564087 
52932.6796875000 -77.5341415405 
53116.0117187500 -77.5970535278 
53299.9179687500 -77.6471939087 
53484.5195312500 -77.7354125977 
53669.7617187500 -77.7907791138 
53855.6445312500 -77.7548141479 
54042.1679687500 -77.6690216064 
54229.3398437500 -77.5777816772 
54417.1640625000 -77.5187225342 
54605.6328125000 -77.4981307983 
54794.6992187500 -77.5031127930 
54984.4765625000 -77.5262527466 
55174.9140625000 -77.5702896118 
55366.0078125000 -77.6645507813 
55557.7656250000 -77.7334899902 
55750.1875000000 -77.7221908569 
55943.2773437500 -77.6577682495 
56137.0351562500 -77.5583953857 
56331.3984375000 -77.4591979980 
56526.5000000000 -77.3946990967 
56722.2773437500 -77.3952255249 
56918.7343750000 -77.4597702026 
57115.8671875000 -77.5095977783 
57313.6875000000 -77.5456924438 
57512.1914062500 -77.5626373291 
57711.3789062500 -77.5634307861 
57911.1992187500 -77.5658874512 
58111.7695312500 -77.6064605713 
58313.0390625000 -77.6634140015 
58515.0039062500 -77.7275543213 
58717.6679687500 -77.7811889648 
58921.0312500000 -77.8071441650 
59125.1015625000 -77.7620925903 
59329.8789062500 -77.6943359375 
59535.3007812500 -77.6276779175 
59741.5000000000 -77.5926971436 
59948.4101562500 -77.6293869019 
60156.0390625000 -77.7087326050 
60364.3867187500 -77.7378005981 
60573.4570312500 -77.7308273315 
60783.2500000000 -77.6963195801 
60993.7695312500 -77.6962432861 
61204.9531250000 -77.7247390747 
61416.9335937500 -77.7561187744 
61629.6484375000 -77.7769546509 
61843.0976562500 -77.7618637085 
62057.2890625000 -77.7289810181 
62272.2226562500 -77.6826095581 
62487.8984375000 -77.5838317871 
62704.3203125000 -77.4421920776 
62921.4257812500 -77.3306198120 
63139.3515625000 -77.2428283691 
63358.0312500000 -77.3003540039 
63577.4687500000 -77.4020767212 
63797.6679687500 -77.4806137085 
64018.6289062500 -77.4655761719 
64240.3554687500 -77.3523178101 
64462.8476562500 -77.2738418579 
64686.1093750000 -77.2288818359 
64910.0781250000 -77.2611160278 
65134.8906250000 -77.3163070679 
65360.4804687500 -77.4208221436 
65586.8515625000 -77.5430679321 
65814.0156250000 -77.6331481934 
66041.9531250000 -77.7423171997 
66270.6875000000 -77.7820816040 
66500.2109375000 -77.7581634521 
66730.4609375000 -77.6897659302 
66961.5781250000 -77.6124114990 
67193.5000000000 -77.5242538452 
67426.2187500000 -77.4339370728 
67659.7500000000 -77.3878097534 
67894.0859375000 -77.3912658691 
68129.2343750000 -77.4921722412 
68365.1953125000 -77.5993194580 
68601.8984375000 -77.7245483398 
68839.5000000000 -77.7770690918 
69077.9218750000 -77.7433776855 
69317.1718750000 -77.6440734863 
69557.2421875000 -77.5519485474 
69798.1562500000 -77.4547576904 
70039.8984375000 -77.4466247559 
70282.4765625000 -77.5418167114 
70525.8203125000 -77.6918945313 
70770.0859375000 -77.8865814209 
71015.1875000000 -78.0747833252 
71261.1484375000 -78.1489410400 
71507.9609375000 -78.0734329224 
71755.6250000000 -77.9343185425 
72004.1484375000 -77.6979751587 
72253.5312500000 -77.5373687744 
72503.6953125000 -77.5195465088 
72754.8125000000 -77.5744018555 
73006.7890625000 -77.6444244385 
73259.6484375000 -77.6874084473 
73513.3828125000 -77.6772918701 
73767.9921875000 -77.6278762817 
74023.4843750000 -77.5490875244 
74279.8593750000 -77.4739532471 
74537.0390625000 -77.4383087158 
74795.1953125000 -77.4301223755 
75054.2500000000 -77.4284133911 
75314.1953125000 -77.4497222900 
75575.0390625000 -77.5244369507 
75836.7890625000 -77.6079406738 
76099.4453125000 -77.6224060059 
76363.0156250000 -77.6260147095 
76627.4140625000 -77.6121139526 
76892.8046875000 -77.5562896729 
77159.1250000000 -77.5121154785 
77426.3593750000 -77.5228042603 
77694.5234375000 -77.5287094116 
77963.6093750000 -77.5176849365 
78233.6328125000 -77.5671615601 
78504.5937500000 -77.6420288086 
78776.4062500000 -77.6273727417 
79049.2421875000 -77.4930877686 
79323.0234375000 -77.4394378662 
79597.7578125000 -77.5128784180 
79873.4453125000 -77.6515655518 
80150.0781250000 -77.7994232178 
80427.6796875000 -77.9063720703 
80706.2343750000 -77.8731231689 
80985.7578125000 -77.7683639526 
81266.1562500000 -77.6593399048 
81547.6171875000 -77.6280517578 
81830.0546875000 -77.6244659424 
82113.4687500000 -77.5895919800 
82397.8671875000 -77.5186691284 
82683.2500000000 -77.4770660400 
82969.6171875000 -77.5534515381 
83256.9765625000 -77.6768417358 
83545.2421875000 -77.7634582520 
83834.6015625000 -77.7020416260 
84124.9531250000 -77.5432739258 
84416.3203125000 -77.5163803101 
84708.6875000000 -77.5393295288 
85002.0781250000 -77.4724578857 
85296.4765625000 -77.3691864014 
85591.8984375000 -77.2854232788 
85888.2500000000 -77.2488327026 
86185.7187500000 -77.3220977783 
86484.2187500000 -77.4594421387 
86783.7500000000 -77.6682205200 
87084.3203125000 -77.8819656372 
87385.9375000000 -77.8807601929 
87688.5937500000 -77.7178573608 
87992.2968750000 -77.5691070557 
88296.9609375000 -77.5148773193 
88602.7734375000 -77.6029739380 
88909.6406250000 -77.6743316650 
89217.5781250000 -77.6323394775 
89526.5781250000 -77.6276550293 
89836.6484375000 -77.6797103882 
90147.7968750000 -77.7124023438 
90460.0156250000 -77.6719741821 
90773.2187500000 -77.6188583374 
91087.6093750000 -77.5835342407 
91403.0859375000 -77.5769500732 
91719.6562500000 -77.5438385010 
92037.3281250000 -77.5197143555 
92356.0937500000 -77.6203155518 
92675.9609375000 -77.7569351196 
92996.9453125000 -77.7777099609 
93318.9296875000 -77.7775802612 
93642.1328125000 -77.7403945923 
93966.4609375000 -77.6234970093 
94291.9062500000 -77.5225982666 
94618.4843750000 -77.4832839966 
94946.1953125000 -77.4811859131 
95275.0312500000 -77.4778289795 
95605.0156250000 -77.4216079712 
95936.0312500000 -77.2755508423 
96268.3046875000 -77.1889648438 
96601.7265625000 -77.3655166626 
96936.2968750000 -77.6793060303 
97272.0312500000 -77.8082351685 
97608.9296875000 -77.7072448730 
97946.9921875000 -77.5490875244 
98286.2265625000 -77.3792037964 
98626.5312500000 -77.2370071411 
98968.1171875000 -77.2181396484 
99310.8906250000 -77.3050842285 
99654.8515625000 -77.3575439453 
100000.0000000000 -77.2945404053 
100346.3437500000 -77.2964935303 
100693.8906250000 -77.3100662231 
101042.6406250000 -77.3371047974 
101392.5937500000 -77.3658523560 
101743.6562500000 -77.3952713013 
102096.0390625000 -77.4163970947 
102449.6406250000 -77.4303054810 
102804.4687500000 -77.4385910034 
103160.5312500000 -77.4420928955 
103517.8203125000 -77.4478912354 
103876.3515625000 -77.4567031860 
104236.1250000000 -77.4701385498 
104597.0234375000 -77.4860076904 
104959.2890625000 -77.4992752075 
105322.8125000000 -77.5086059570 
105687.5937500000 -77.5079116821 
106053.6406250000 -77.5004043579 
106420.9531250000 -77.4892120361 
106789.5312500000 -77.4761657715 
107159.3906250000 -77.4669723511 
107530.4218750000 -77.4617919922 
107902.8437500000 -77.4603958130 
108276.5625000000 -77.4626388550 
108651.5703125000 -77.4648818970 
109027.8828125000 -77.4647827148 
109405.4921875000 -77.4609832764 
109784.4140625000 -77.4496078491 
110164.6484375000 -77.4304122925 
110546.0781250000 -77.4066543579 
110928.9453125000 -77.3805618286 
111313.1484375000 -77.3590011597 
111698.6718750000 -77.3521118164 
112085.5390625000 -77.3614196777 
112473.7421875000 -77.3879318237 
112863.2890625000 -77.4326553345 
113254.1875000000 -77.4832611084 
113646.3125000000 -77.5280303955 
114039.9218750000 -77.5611648560 
114434.8906250000 -77.5769119263 
114831.2343750000 -77.5681457520 
115228.9453125000 -77.5464782715 
115628.0312500000 -77.5160980225 
116028.5078125000 -77.4813919067 
116430.3671875000 -77.4482727051 
116833.4921875000 -77.4250259399 
117238.1406250000 -77.4139938354 
117644.1875000000 -77.4158325195 
118051.6406250000 -77.4292831421 
118460.5078125000 -77.4492034912 
118870.7890625000 -77.4620285034 
119282.4921875000 -77.4608612061 
119695.6250000000 -77.4437408447 
120110.0546875000 -77.4120483398 
120526.0468750000 -77.3712615967 
120943.4843750000 -77.3330612183 
121362.3671875000 -77.3048095703 
121782.6953125000 -77.2906417847 
122204.4843750000 -77.2941513062 
122627.7343750000 -77.3183288574 
123052.4531250000 -77.3676910400 
123478.5000000000 -77.4398651123 
123906.1640625000 -77.5233535767 
124335.3125000000 -77.6082458496 
124765.9375000000 -77.6849365234 
125198.0625000000 -77.7453994751 
125631.6796875000 -77.7843627930 
126066.7968750000 -77.7945861816 
126503.4218750000 -77.7817001343 
126941.5625000000 -77.7497177124 
127381.0781250000 -77.7053604126 
127822.2578125000 -77.6569519043 
128264.9609375000 -77.6126861572 
128709.2031250000 -77.5784378052 
129154.9843750000 -77.5567550659 
129602.3046875000 -77.5445327759 
130051.1796875000 -77.5388717651 
130501.6015625000 -77.5394134521 
130953.4453125000 -77.5460510254 
131407.0000000000 -77.5566635132 
131862.1250000000 -77.5654220581 
132318.8125000000 -77.5634155273 
132777.0937500000 -77.5427398682 
133236.9687500000 -77.5034027100 
133698.4218750000 -77.4620590210 
134161.4843750000 -77.4393615723 
134626.0000000000 -77.4473266602 
135092.2656250000 -77.4846191406 
135560.1562500000 -77.5376968384 
136029.6562500000 -77.5881729126 
136500.7968750000 -77.6225891113 
136973.5625000000 -77.6391677856 
137447.9531250000 -77.6474838257 
137924.0000000000 -77.6611099243 
138401.5468750000 -77.6879272461 
138880.8906250000 -77.7238311768 
139361.9062500000 -77.7536239624 
139844.5781250000 -77.7583541870 
140328.9218750000 -77.7329940796 
140814.9375000000 -77.6861877441 
141302.6406250000 -77.6337738037 
141792.0468750000 -77.5890121460 
142282.9843750000 -77.5570907593 
142775.7656250000 -77.5359039307 
143270.2656250000 -77.5206069946 
143766.4687500000 -77.5078506470 
144264.4062500000 -77.4979324341 
144764.0625000000 -77.4945297241 
145265.4375000000 -77.5024642944 
145768.5625000000 -77.5239715576 
146273.2656250000 -77.5551452637 
146779.8750000000 -77.5853042603 
147288.2343750000 -77.6038360596 
147798.3593750000 -77.5838928223 
148310.2500000000 -77.5411148071 
148823.9218750000 -77.4884872437 
149339.3750000000 -77.4427413940 
149856.5937500000 -77.4181976318 
150375.4531250000 -77.4207839966 
150896.2656250000 -77.4445648193 
151418.8906250000 -77.4735794067 
151943.3281250000 -77.4901351929 
152469.5781250000 -77.4854125977 
152997.6406250000 -77.4648590088 
153527.5468750000 -77.4436645508 
154059.2812500000 -77.4358062744 
154592.6875000000 -77.4449615479 
155128.1093750000 -77.4635772705 
155665.3906250000 -77.4802551270 
156204.5312500000 -77.4898605347 
156745.5468750000 -77.4979705811 
157288.4218750000 -77.5161056519 
157833.1875000000 -77.5521621704 
158379.8281250000 -77.6038436890 
158928.3750000000 -77.6813964844 
159478.6406250000 -77.7254333496 
160030.9843750000 -77.7213668823 
160585.2500000000 -77.6960601807 
161141.4218750000 -77.6607284546 
161699.5312500000 -77.6296691895 
162259.5781250000 -77.6143035889 
162821.5468750000 -77.6166305542 
163385.4687500000 -77.6270065308 
163951.1718750000 -77.6297302246 
164519.0156250000 -77.5974197388 
165088.8125000000 -77.5435333252 
165660.5937500000 -77.5154800415 
166234.3437500000 -77.5041351318 
166810.0937500000 -77.5070953369 
167387.8281250000 -77.5156936646 
167967.5781250000 -77.5219268799 
168549.1406250000 -77.5244369507 
169132.9062500000 -77.5343551636 
169718.6875000000 -77.5581665039 
170306.5000000000 -77.5737915039 
170896.3437500000 -77.5764694214 
171488.2343750000 -77.5621948242 
172082.1718750000 -77.5367584229 
172678.1718750000 -77.5081329346 
173276.0468750000 -77.5195312500 
173876.1875000000 -77.5628128052 
174478.3906250000 -77.6259231567 
175082.6875000000 -77.6929626465 
175689.0781250000 -77.7577133179 
176297.5781250000 -77.7607727051 
176908.1718750000 -77.7213287354 
177520.8906250000 -77.6607666016 
178135.5312500000 -77.5913238525 
178752.4843750000 -77.4998321533 
179371.5937500000 -77.4462738037 
179992.8437500000 -77.4468002319 
180616.2343750000 -77.4759521484 
181241.7968750000 -77.5266265869 
181869.5156250000 -77.6100158691 
182499.4062500000 -77.6650238037 
183131.2812500000 -77.6726760864 
183765.5468750000 -77.6660614014 
184402.0156250000 -77.6595001221 
185040.6875000000 -77.6759567261 
185681.5625000000 -77.6959304810 
186324.6718750000 -77.7037963867 
186969.9843750000 -77.6595687866 
187617.5468750000 -77.5759887695 
188267.1562500000 -77.5347518921 
188919.2031250000 -77.5460891724 
189573.5156250000 -77.6010284424 
190230.0937500000 -77.6230468750 
190888.9531250000 -77.6164321899 
191550.0937500000 -77.5797576904 
192213.5156250000 -77.5573730469 
192879.2343750000 -77.5591278076 
193547.0468750000 -77.5619430542 
194217.3906250000 -77.5466079712 
194890.0468750000 -77.5255432129 
195565.0468750000 -77.4947509766 
196242.3750000000 -77.4702911377 
196922.0468750000 -77.4536132813 
197604.0781250000 -77.4173736572 
198288.4843750000 -77.3713073730 
198975.0156250000 -77.3451766968 
199664.1562500000 -77.3520584106 
200355.6875000000 -77.4294662476 
201049.6093750000 -77.5191192627 
201745.9375000000 -77.6417388916 
202444.6718750000 -77.7038497925 
203145.8281250000 -77.7041015625 
203849.4218750000 -77.6979904175 
204555.4375000000 -77.6933212280 
205263.6875000000 -77.6635284424 
205974.6093750000 -77.6141052246 
206688.0000000000 -77.5644836426 
207403.8437500000 -77.5096359253 
208122.1875000000 -77.4631729126 
208843.0000000000 -77.4042358398 
209566.3125000000 -77.3815231323 
210292.1406250000 -77.3849945068 
211020.2500000000 -77.3740539551 
211751.1093750000 -77.3543548584 
212484.5000000000 -77.3711013794 
213220.4218750000 -77.4212036133 
213958.9062500000 -77.5216598511 
214699.9375000000 -77.5938034058 
215443.5468750000 -77.6066741943 
216189.7343750000 -77.6144790649 
216938.2500000000 -77.6556777954 
217689.6093750000 -77.6984481812 
218443.5625000000 -77.6882247925 
219200.1406250000 -77.6297683716 
219959.3281250000 -77.5541152954 
220721.1406250000 -77.4996643066 
221485.5937500000 -77.4749069214 
222252.7031250000 -77.4508056641 
223022.2187500000 -77.4202499390 
223794.6562500000 -77.4171447754 
224569.7500000000 -77.4857330322 
225347.5468750000 -77.5897827148 
226128.0156250000 -77.6432876587 
226911.2031250000 -77.6037216187 
227697.0937500000 -77.5002517700 
228485.7187500000 -77.4284057617 
229276.8125000000 -77.4398117065 
230070.9062500000 -77.5289077759 
230867.7500000000 -77.6057357788 
231667.3437500000 -77.6429519653 
232469.7187500000 -77.6394195557 
233274.8593750000 -77.6213302612 
234082.7968750000 -77.6094436646 
234893.5312500000 -77.5903549194 
235706.8281250000 -77.5731964111 
236523.1875000000 -77.5911331177 
237342.3750000000 -77.6441192627 
238164.3906250000 -77.6876907349 
238989.2656250000 -77.6760025024 
239816.9843750000 -77.6296768188 
240647.5937500000 -77.5735321045 
241481.0625000000 -77.5353088379 
242317.1562500000 -77.5455627441 
243156.4062500000 -77.5977325439 
243998.5625000000 -77.6592025757 
244843.6406250000 -77.6984176636 
245691.6562500000 -77.6889724731 
246542.5937500000 -77.6655807495 
247396.4843750000 -77.6204681396 
248253.3281250000 -77.5575256348 
249112.8593750000 -77.4854812622 
249975.6562500000 -77.4585342407 
250841.4375000000 -77.5154647827 
251710.2187500000 -77.5524902344 
252582.0000000000 -77.5520248413 
253456.8125000000 -77.5388488770 
254334.6406250000 -77.5439910889 
255215.5156250000 -77.5567398071 
256099.4531250000 -77.5445480347 
256986.1562500000 -77.4970779419 
257876.2187500000 -77.4797897339 
258769.3593750000 -77.5217361450 
259665.5937500000 -77.6358489990 
260564.9375000000 -77.7042007446 
261467.3906250000 -77.6652908325 
262372.9687500000 -77.5603179932 
263281.6875000000 -77.4482269287 
264193.2500000000 -77.4649124146 
265108.2812500000 -77.5695800781 
266026.4687500000 -77.6249923706 
266947.8437500000 -77.6207656860 
267872.4062500000 -77.5700607300 
268800.1562500000 -77.5278396606 
269731.1562500000 -77.5380020142 
270665.3437500000 -77.5643310547 
271602.4687500000 -77.5653686523 
272543.1562500000 -77.5567474365 
273487.0937500000 -77.5445709229 
274434.3125000000 -77.5391082764 
275384.8125000000 -77.5564193726 
276338.5937500000 -77.5680541992 
277295.6875000000 -77.5763626099 
278256.0625000000 -77.6142654419 
279219.5000000000 -77.6528549194 
280186.5625000000 -77.6782150269 
281156.9687500000 -77.6696701050 
282130.7500000000 -77.6200485229 
283107.9062500000 -77.5724945068 
284088.4375000000 -77.5557022095 
285072.3437500000 -77.5887908936 
286059.6875000000 -77.6428146362 
287050.1250000000 -77.6418609619 
288044.3125000000 -77.5943222046 
289041.9375000000 -77.5708312988 
290043.0312500000 -77.5505828857 
291047.5625000000 -77.4776535034 
292055.5937500000 -77.4249038696 
293067.1250000000 -77.5011062622 
294082.1562500000 -77.6390151978 
295100.3750000000 -77.6901397705 
296122.4375000000 -77.6490020752 
297148.0312500000 -77.6029281616 
298177.1875000000 -77.5988616943 
299209.9062500000 -77.6183547974 
300246.2187500000 -77.6534500122 
301286.1250000000 -77.6064376831 
302329.5937500000 -77.5616302490 
303376.3750000000 -77.5265808105 
304427.0937500000 -77.5082702637 
305481.4687500000 -77.5034027100 
306539.5000000000 -77.5170364380 
307601.1875000000 -77.5478744507 
308666.5312500000 -77.5855407715 
309735.5937500000 -77.6285247803 
310808.3437500000 -77.6702728271 
311884.4687500000 -77.7082901001 
312964.6875000000 -77.7422256470 
314048.6250000000 -77.7692031860 
315136.3125000000 -77.7892761230 
316227.7812500000 -77.8031387329 
317323.0000000000 -77.8096389771 
318422.0312500000 -77.8046798706 
319524.8750000000 -77.7928161621 
320631.5312500000 -77.7743835449 
321741.6875000000 -77.7484359741 
322856.0312500000 -77.7172164917 
323974.2187500000 -77.6837615967 
325096.2812500000 -77.6494445801 
326222.2500000000 -77.6195373535 
327352.0937500000 -77.5981979370 
328485.8750000000 -77.5856552124 
329623.5625000000 -77.5826721191 
330764.8437500000 -77.5902175903 
331910.4062500000 -77.5994567871 
333059.9687500000 -77.6073303223 
334213.5312500000 -77.6110916138 
335371.0625000000 -77.6049118042 
336532.5937500000 -77.5914535522 
337698.1562500000 -77.5730743408 
338867.7500000000 -77.5519943237 
340041.0312500000 -77.5339050293 
341218.7500000000 -77.5258865356 
342400.5625000000 -77.5292892456 
343586.4375000000 -77.5444564819 
344776.4375000000 -77.5706634521 
345970.5625000000 -77.5985336304 
347168.8125000000 -77.6167144775 
348371.2187500000 -77.6196594238 
349577.4062500000 -77.6036529541 
350788.1250000000 -77.5666961670 
352003.0625000000 -77.5236282349 
353222.2187500000 -77.4894256592 
354445.5937500000 -77.4735488892 
355673.1875000000 -77.4833526611 
356905.0625000000 -77.5258407593 
358141.1875000000 -77.5917053223 
359381.1875000000 -77.6657943726 
360625.9062500000 -77.7373886108 
361874.9062500000 -77.7959594727 
363128.2500000000 -77.8311386108 
364385.9062500000 -77.8309631348 
365647.9375000000 -77.8060302734 
366914.3437500000 -77.7649536133 
368185.1562500000 -77.7178573608 
369459.9375000000 -77.6748275757 
370739.5312500000 -77.6442947388 
372023.5937500000 -77.6295394897 
373312.0625000000 -77.6236877441 
374605.0312500000 -77.6229019165 
375902.4375000000 -77.6247253418 
377204.3750000000 -77.6279067993 
378510.7812500000 -77.6318664551 
379821.3437500000 -77.6342697144 
381136.8125000000 -77.6299591064 
382456.8750000000 -77.6166152954 
383781.5000000000 -77.5960159302 
385110.7187500000 -77.5738601685 
386444.5312500000 -77.5579605103 
387782.9687500000 -77.5553970337 
389126.0312500000 -77.5692367554 
390473.3125000000 -77.5965423584 
391825.6875000000 -77.6253051758 
393182.7812500000 -77.6460952759 
394544.5312500000 -77.6534347534 
395911.0312500000 -77.6469955444 
397282.2500000000 -77.6312332153 
398658.2187500000 -77.6133346558 
400038.9375000000 -77.6001815796 
401424.4687500000 -77.5954208374 
402814.3437500000 -77.5980072021 
404209.4687500000 -77.6024398804 
405609.4375000000 -77.6030273438 
407014.2500000000 -77.5981903076 
408423.9062500000 -77.5900497437 
409838.4687500000 -77.5824432373 
411257.9375000000 -77.5782012939 
412682.3125000000 -77.5775222778 
414111.1562500000 -77.5779876709 
415545.4062500000 -77.5755386353 
416984.6250000000 -77.5658416748 
418428.8437500000 -77.5459899902 
419878.0625000000 -77.5172729492 
421332.2812500000 -77.4877548218 
422791.5312500000 -77.4715805054 
424255.8750000000 -77.4834671021 
425724.7812500000 -77.5307998657 
427199.2500000000 -77.6086578369 
428678.8437500000 -77.6968688965 
430163.5625000000 -77.7703704834 
431653.4062500000 -77.8068084717 
433148.4062500000 -77.7945861816 
434648.5937500000 -77.7368621826 
436154.0000000000 -77.6496810913 
437664.1250000000 -77.5558776855 
439179.9375000000 -77.4777297974 
440701.0312500000 -77.4313812256 
442227.3750000000 -77.4238662720 
443759.0000000000 -77.4602050781 
445295.9375000000 -77.5242614746 
446838.2187500000 -77.6041259766 
448385.8125000000 -77.6847534180 
449938.2812500000 -77.7489852905 
451496.6250000000 -77.7840423584 
453060.3437500000 -77.7905654907 
454629.5000000000 -77.7841949463 
456204.0937500000 -77.7845001221 
457784.1562500000 -77.7998046875 
459369.6562500000 -77.8207092285 
460960.6562500000 -77.8278350830 
462556.6562500000 -77.8077011108 
464158.7187500000 -77.7640304565 
465766.3125000000 -77.7152099609 
467379.4687500000 -77.6815032959 
468998.2187500000 -77.6737823486 
470622.5625000000 -77.6921463013 
472252.5625000000 -77.7598342896 
473888.1875000000 -77.8499526978 
475528.9375000000 -77.8975296021 
477175.9062500000 -77.9041900635 
478828.5937500000 -77.8560638428 
480487.0000000000 -77.7670135498 
482151.1250000000 -77.6721343994 
483821.0312500000 -77.6045150757 
485496.7500000000 -77.5766906738 
487178.2187500000 -77.5792160034 
488865.0000000000 -77.5928802490 
490558.1875000000 -77.6075057983 
492257.1875000000 -77.6233901978 
493962.1250000000 -77.6494750977 
495672.9375000000 -77.6920013428 
497389.6562500000 -77.7471160889 
499112.3437500000 -77.8086547852 
500841.0000000000 -77.8702087402 
502575.6562500000 -77.9222030640 
504315.7500000000 -77.9451828003 
506062.4062500000 -77.8938217163 
507815.1250000000 -77.8289413452 
509573.9375000000 -77.7715606689 
511338.8125000000 -77.7379913330 
513109.8125000000 -77.7269744873 
514886.9375000000 -77.7241592407 
516670.2500000000 -77.7169342041 
518459.1250000000 -77.7131805420 
520254.7812500000 -77.7110671997 
522056.6562500000 -77.6988372803 
523864.7812500000 -77.6603775024 
525679.1875000000 -77.5452346802 
527499.8125000000 -77.4169235229 
529326.8125000000 -77.3603363037 
531160.1250000000 -77.3424377441 
532999.1875000000 -77.3638916016 
534845.1875000000 -77.4522323608 
536697.6250000000 -77.5582733154 
538556.4375000000 -77.6164932251 
540421.6875000000 -77.6629257202 
542293.4375000000 -77.7333145142 
544171.6250000000 -77.8028564453 
546056.3125000000 -77.8159179688 
547947.0000000000 -77.7787933350 
549844.7500000000 -77.6979217529 
551749.1250000000 -77.5652923584 
553660.0625000000 -77.4871520996 
555577.6875000000 -77.4778747559 
557501.8750000000 -77.4856948853 
559432.7500000000 -77.5056991577 
561370.3125000000 -77.5261306763 
563314.0000000000 -77.5375518799 
565265.0000000000 -77.5432739258 
567222.7500000000 -77.5370178223 
569187.3125000000 -77.5309906006 
571158.6875000000 -77.5300979614 
573136.8750000000 -77.5441970825 
575121.8750000000 -77.5683746338 
577113.8125000000 -77.5870666504 
579112.0000000000 -77.6275177002 
581117.6875000000 -77.6895828247 
583130.3750000000 -77.7350921631 
585150.0000000000 -77.7576522827 
587176.6875000000 -77.7106094360 
589210.3125000000 -77.6526947021 
591251.0000000000 -77.5989532471 
593298.8125000000 -77.6025009155 
595353.0000000000 -77.6237030029 
597415.0000000000 -77.6345443726 
599484.1250000000 -77.6276092529 
601560.3750000000 -77.6337585449 
603643.8750000000 -77.6728363037 
605734.5625000000 -77.7068786621 
607832.5000000000 -77.6761322021 
609937.6875000000 -77.5971450806 
612049.5000000000 -77.5399398804 
614169.3125000000 -77.4811019897 
616296.4375000000 -77.4401397705 
618431.0000000000 -77.4147338867 
620572.8750000000 -77.4004898071 
622722.1875000000 -77.4433288574 
624879.0000000000 -77.5515594482 
627043.2500000000 -77.6602325439 
629214.2500000000 -77.7162475586 
631393.5000000000 -77.7296218872 
633580.3125000000 -77.7181396484 
635774.6875000000 -77.6746520996 
637976.6875000000 -77.6115951538 
640186.2500000000 -77.5537719727 
642403.5625000000 -77.5306243896 
644628.5000000000 -77.5767974854 
646861.1250000000 -77.6723480225 
649100.7500000000 -77.7663803101 
651348.8750000000 -77.8026504517 
653604.8125000000 -77.7612380981 
655868.5625000000 -77.6979827881 
658140.1250000000 -77.6542510986 
660419.5625000000 -77.6390762329 
662706.8750000000 -77.6486434937 
665002.1250000000 -77.6623077393 
667304.6250000000 -77.6817169189 
669615.8125000000 -77.7286758423 
671935.0000000000 -77.8184356689 
674262.1875000000 -77.9035873413 
676597.5000000000 -77.9263992310 
678940.8125000000 -77.9087982178 
681292.3125000000 -77.8945770264 
683651.9375000000 -77.8886947632 
686019.0000000000 -77.8481521606 
688395.0000000000 -77.7721252441 
690779.1875000000 -77.7069702148 
693171.6875000000 -77.6743698120 
695572.4375000000 -77.6522216797 
697981.5625000000 -77.6041564941 
700398.9375000000 -77.5547103882 
702824.7500000000 -77.5193328857 
705258.1875000000 -77.4907989502 
707700.8125000000 -77.4810333252 
710151.9375000000 -77.5248031616 
712611.5000000000 -77.5890350342 
715079.5625000000 -77.6499023438 
717556.2500000000 -77.7275466919 
720041.4375000000 -77.7932205200 
722535.3125000000 -77.8449401855 
725036.9375000000 -77.8649368286 
727548.0625000000 -77.8584289551 
730067.9375000000 -77.8725738525 
732596.5000000000 -77.9065322876 
735133.8125000000 -77.9199142456 
737679.8750000000 -77.8691558838 
740234.8125000000 -77.7955932617 
742798.5625000000 -77.7247695923 
745370.4375000000 -77.6741409302 
747952.0000000000 -77.6958084106 
750542.4375000000 -77.7410812378 
753141.9375000000 -77.7690048218 
755750.4375000000 -77.7274627686 
758367.9375000000 -77.6421737671 
760994.5000000000 -77.5742111206 
763630.1875000000 -77.5795516968 
766274.1250000000 -77.6212692261 
768928.0625000000 -77.6231460571 
771591.1875000000 -77.6385116577 
774263.5625000000 -77.7100448608 
776945.1875000000 -77.7751083374 
779636.1250000000 -77.8053588867 
782336.3750000000 -77.8380203247 
785045.9375000000 -77.8719024658 
787764.0625000000 -77.8491363525 
790492.4375000000 -77.7846069336 
793230.2500000000 -77.6977691650 
795977.5625000000 -77.6088485718 
798734.4375000000 -77.5885696411 
801500.8125000000 -77.6458969116 
804276.7500000000 -77.7203598022 
807062.3125000000 -77.7391967773 
809857.5625000000 -77.7268371582 
812661.5625000000 -77.6902847290 
815476.1875000000 -77.6065216064 
818300.5625000000 -77.5205993652 
821134.6875000000 -77.5377502441 
823978.6875000000 -77.6166229248 
826832.5000000000 -77.7008819580 
829696.1875000000 -77.7535018921 
832569.8125000000 -77.7433700562 
835452.4375000000 -77.7395019531 
838346.0000000000 -77.7854461670 
841249.5625000000 -77.8417053223 
844163.1875000000 -77.8359756470 
847086.9375000000 -77.7885284424 
850020.7500000000 -77.7974014282 
852964.7500000000 -77.8640289307 
855919.0000000000 -77.9305496216 
858882.4375000000 -77.9085311890 
861857.1875000000 -77.7655868530 
864842.1875000000 -77.6383132935 
867837.5000000000 -77.5947113037 
870843.2500000000 -77.6096115112 
873859.3750000000 -77.6809616089 
876885.9375000000 -77.7930374146 
879923.0000000000 -77.8664627075 
882969.5625000000 -77.8604660034 
886027.6875000000 -77.8489074707 
889096.4375000000 -77.8540267944 
892175.7500000000 -77.7951431274 
895265.7500000000 -77.6871871948 
898366.5000000000 -77.6129989624 
901477.9375000000 -77.6125869751 
904600.1875000000 -77.7047424316 
907732.1875000000 -77.8463134766 
910876.1250000000 -77.9001159668 
914030.8750000000 -77.7688140869 
917196.5625000000 -77.6687164307 
920373.2500000000 -77.7141876221 
923560.9375000000 -77.8107604980 
926759.6250000000 -77.8522262573 
929969.4375000000 -77.8105468750 
933189.3125000000 -77.8041839600 
936421.3750000000 -77.8450088501 
939664.6250000000 -77.8456039429 
942919.0625000000 -77.8046875000 
946184.8750000000 -77.7587738037 
949461.9375000000 -77.7293319702 
952750.3125000000 -77.7228240967 
956050.1250000000 -77.7189712524 
959360.3125000000 -77.7229003906 
962683.0000000000 -77.7731094360 
966017.2500000000 -77.8253479004 
969363.0000000000 -77.7966308594 
972720.3125000000 -77.8140411377 
976089.3125000000 -77.8973007202 
979469.9375000000 -77.9766769409 
982862.3125000000 -77.9572067261 
986265.3125000000 -77.8377609253 
989681.1875000000 -77.7092895508 
993108.9375000000 -77.6900711060 
996548.5000000000 -77.8201675415 
1000000.0000000000 -77.6863708496 
1003463.4375000000 -77.7364501953 
1006938.8750000000 -77.7909545898 
1010426.3750000000 -77.8502502441 
1013925.9375000000 -77.9087829590 
1017436.5000000000 -77.9636764526 
1020960.3750000000 -78.0131759644 
1024496.4375000000 -78.0566635132 
1028044.6875000000 -78.0857849121 
1031605.3125000000 -78.1091308594 
1035178.1875000000 -78.1038208008 
1038763.5000000000 -78.0868835449 
1042361.2500000000 -78.0457687378 
1045970.2500000000 -77.9865875244 
1049592.8750000000 -77.9166946411 
1053228.1250000000 -77.8388366699 
1056875.8750000000 -77.7643203735 
1060536.3750000000 -77.7004241943 
1064209.5000000000 -77.6534118652 
1067895.3750000000 -77.6177597046 
1071594.0000000000 -77.6098175049 
1075304.1250000000 -77.6105422974 
1079028.5000000000 -77.6279907227 
1082765.6250000000 -77.6576538086 
1086515.7500000000 -77.6941757202 
1090278.8750000000 -77.7465438843 
1094055.0000000000 -77.8026580811 
1097844.1250000000 -77.8642807007 
1101646.5000000000 -77.9184646606 
1105460.7500000000 -77.9643249512 
1109289.5000000000 -77.9830245972 
1113131.5000000000 -77.9758682251 
1116986.7500000000 -77.9508819580 
1120855.3750000000 -77.8991775513 
1124737.3750000000 -77.8485565186 
1128632.8750000000 -77.7993469238 
1132541.8750000000 -77.7691879272 
1136463.1250000000 -77.7491760254 
1140399.2500000000 -77.7453918457 
1144348.8750000000 -77.7545776367 
1148312.3750000000 -77.7707595825 
1152289.5000000000 -77.7973403931 
1156280.3750000000 -77.8306579590 
1160285.1250000000 -77.8674697876 
1164303.6250000000 -77.9059906006 
1168334.8750000000 -77.9405899048 
1172381.3750000000 -77.9720077515 
1176441.8750000000 -77.9968338013 
1180516.3750000000 -78.0179977417 
1184605.1250000000 -78.0355987549 
1188707.8750000000 -78.0440521240 
1192824.8750000000 -78.0400619507 
1196956.2500000000 -78.0260848999 
1201100.5000000000 -77.9964370728 
1205260.5000000000 -77.9655227661 
1209434.8750000000 -77.9379501343 
1213623.6250000000 -77.9239044189 
1217827.0000000000 -77.9235305786 
1222044.8750000000 -77.9261093140 
1226277.3750000000 -77.9261245728 
1230524.5000000000 -77.9074783325 
1234785.0000000000 -77.8830413818 
1239061.6250000000 -77.8549270630 
1243353.1250000000 -77.8563308716 
1247659.3750000000 -77.8880157471 
1251980.6250000000 -77.9465866089 
1256316.7500000000 -78.0325164795 
1260668.0000000000 -78.1097335815 
1265034.2500000000 -78.1676330566 
1269415.6250000000 -78.1968307495 
1273810.7500000000 -78.1817398071 
1278222.6250000000 -78.1522674561 
1282649.6250000000 -78.1133041382 
1287092.0000000000 -78.0736160278 
1291549.8750000000 -78.0402069092 
1296023.0000000000 -78.0114059448 
1300511.7500000000 -77.9871520996 
1305016.0000000000 -77.9689407349 
1309534.5000000000 -77.9573669434 
1314070.0000000000 -77.9516525269 
1318621.1250000000 -77.9516677856 
1323188.1250000000 -77.9561767578 
1327771.0000000000 -77.9605941772 
1332369.6250000000 -77.9644546509 
1336984.2500000000 -77.9674072266 
1341614.8750000000 -77.9691009521 
1346260.0000000000 -77.9681243896 
1350922.6250000000 -77.9640045166 
1355601.5000000000 -77.9569091797 
1360296.6250000000 -77.9492645264 
1365007.8750000000 -77.9485244751 
1369735.6250000000 -77.9557647705 
1374479.6250000000 -77.9696578979 
1379240.0000000000 -77.9865493774 
1384015.5000000000 -77.9912033081 
1388808.8750000000 -77.9790267944 
1393619.0000000000 -77.9527893066 
1398445.7500000000 -77.9187927246 
1403289.1250000000 -77.8932418823 
1408149.3750000000 -77.8994750977 
1413026.5000000000 -77.9350280762 
1417920.3750000000 -77.9927368164 
1422829.7500000000 -78.0612869263 
1427757.6250000000 -78.1226654053 
1432702.6250000000 -78.1610336304 
1437664.7500000000 -78.1797256470 
1442644.0000000000 -78.1835861206 
1447640.6250000000 -78.1798095703 
1452654.3750000000 -78.1774139404 
1457685.6250000000 -78.1883773804 
1462732.6250000000 -78.2084960938 
1467798.7500000000 -78.2299118042 
1472882.3750000000 -78.2454452515 
1477983.6250000000 -78.2503738403 
1483102.6250000000 -78.2448959351 
1488239.2500000000 -78.2363662720 
1493393.6250000000 -78.2323837280 
1498566.0000000000 -78.2322769165 
1503754.5000000000 -78.2298278809 
1508962.7500000000 -78.2161788940 
1514189.0000000000 -78.1841201782 
1519433.2500000000 -78.1363220215 
1524695.7500000000 -78.0964126587 
1529976.5000000000 -78.0838394165 
1535275.5000000000 -78.1042022705 
1540592.8750000000 -78.1507492065 
1545926.8750000000 -78.2073135376 
1551281.1250000000 -78.2539520264 
1556654.0000000000 -78.2742843628 
1562045.3750000000 -78.2605438232 
1567455.3750000000 -78.2225036621 
1572884.2500000000 -78.1703567505 
1578331.8750000000 -78.1098327637 
1583798.3750000000 -78.0455932617 
1589283.7500000000 -77.9819869995 
1594786.3750000000 -77.9224929810 
1600309.8750000000 -77.8692932129 
1605852.5000000000 -77.8252792358 
1611414.2500000000 -77.7975692749 
1616995.3750000000 -77.8009796143 
1622595.7500000000 -77.8421630859 
1628215.5000000000 -77.9180603027 
1633854.7500000000 -78.0158538818 
1639511.7500000000 -78.1149749756 
1645190.1250000000 -78.1930541992 
1650888.1250000000 -78.2340621948 
1656605.8750000000 -78.2352828979 
1662343.5000000000 -78.2079238892 
1668101.0000000000 -78.1710586548 
1673878.3750000000 -78.1428680420 
1679675.7500000000 -78.1340103149 
1685491.3750000000 -78.1446838379 
1691329.0000000000 -78.1653594971 
1697186.8750000000 -78.1822509766 
1703065.0000000000 -78.1877365112 
1708963.5000000000 -78.1903381348 
1714882.3750000000 -78.2141036987 
1720821.7500000000 -78.2764434814 
1726781.7500000000 -78.3690719604 
1732760.5000000000 -78.4579696655 
1738761.8750000000 -78.5060119629 
1744784.0000000000 -78.4958190918 
1750826.8750000000 -78.4320297241 
1756890.8750000000 -78.3308486938 
1762975.7500000000 -78.2149429321 
1769081.7500000000 -78.0955810547 
1775208.8750000000 -78.0316696167 
1781355.2500000000 -78.0083007813 
1787524.8750000000 -78.0133361816 
1793715.8750000000 -78.0315322876 
1799928.3750000000 -78.0541915894 
1806162.3750000000 -78.0784835815 
1812417.8750000000 -78.1027450562 
1818695.1250000000 -78.1265182495 
1824994.1250000000 -78.1520462036 
1831312.8750000000 -78.1796569824 
1837655.5000000000 -78.2028121948 
1844020.1250000000 -78.2141952515 
1850406.8750000000 -78.2163162231 
1856815.6250000000 -78.2189102173 
1863246.6250000000 -78.2238845825 
1869699.8750000000 -78.2196273804 
1876175.5000000000 -78.1956710815 
1882671.5000000000 -78.1608734131 
1889192.0000000000 -78.1482086182 
1895735.2500000000 -78.2016067505 
1902301.0000000000 -78.2550354004 
1908889.5000000000 -78.2908401489 
1915500.8750000000 -78.3008575439 
1922135.1250000000 -78.2973175049 
1928792.3750000000 -78.3011322021 
1935470.5000000000 -78.3236465454 
1942173.8750000000 -78.3543548584 
1948900.5000000000 -78.3664703369 
1955650.5000000000 -78.3401794434 
1962423.7500000000 -78.2543182373 
1969220.5000000000 -78.1967239380 
1976040.8750000000 -78.2007980347 
1982884.7500000000 -78.2173538208 
1989750.2500000000 -78.2193374634 
1996641.6250000000 -78.1978302002 
2003556.8750000000 -78.1702575684 
2010496.1250000000 -78.1645202637 
2017459.3750000000 -78.2193984985 
2024446.7500000000 -78.2904968262 
2031458.3750000000 -78.3111495972 
2038494.2500000000 -78.3060684204 
2045554.5000000000 -78.2809219360 
2052636.8750000000 -78.2378387451 
2059746.1250000000 -78.1532974243 
2066879.8750000000 -78.0944290161 
2074038.5000000000 -78.1032562256 
2081221.7500000000 -78.1537551880 
2088430.0000000000 -78.2356185913 
2095663.2500000000 -78.3336791992 
2102921.5000000000 -78.4615249634 
2110202.5000000000 -78.5047454834 
2117511.0000000000 -78.4583206177 
2124845.0000000000 -78.3895874023 
2132204.2500000000 -78.3447875977 
2139589.0000000000 -78.3652801514 
2146999.5000000000 -78.4287490845 
2154435.5000000000 -78.4611358643 
2161897.2500000000 -78.4790496826 
2169382.5000000000 -78.4995040894 
2176896.0000000000 -78.5208053589 
2184435.7500000000 -78.5216293335 
2192001.2500000000 -78.5038070679 
2199593.2500000000 -78.4693603516 
2207211.5000000000 -78.4816818237 
2214856.0000000000 -78.5433654785 
2222527.0000000000 -78.6313247681 
2230222.2500000000 -78.7427673340 
2237946.5000000000 -78.8074493408 
2245697.5000000000 -78.8508377075 
2253475.5000000000 -78.9265060425 
2261280.2500000000 -79.0960540771 
2269112.0000000000 -79.2530212402 
2276971.0000000000 -79.3171386719 
2284857.2500000000 -79.3708648682 
2292768.2500000000 -79.4854507446 
2300709.0000000000 -79.6140289307 
2308677.5000000000 -79.6714172363 
2316673.5000000000 -79.7062988281 
2324697.2500000000 -79.7217178345 
2332748.7500000000 -79.7414016724 
2340828.0000000000 -79.8228454590 
2348935.2500000000 -79.9765777588 
2357068.2500000000 -80.1287841797 
2365231.7500000000 -80.3926696777 
2373423.7500000000 -80.6350555420 
2381644.0000000000 -80.7602310181 
2389892.7500000000 -80.9089355469 
2398170.0000000000 -81.0316696167 
2406475.7500000000 -81.1119461060 
2414810.5000000000 -81.2940673828 
2423171.5000000000 -81.5788726807 
2431564.0000000000 -81.9425125122 
2439985.7500000000 -82.2858352661 
2448436.5000000000 -82.4781417847 
2456916.5000000000 -82.7567214966 
2465426.0000000000 -83.0729446411 
2473964.7500000000 -83.4245910645 
2482533.2500000000 -83.7398605347 
2491128.7500000000 -83.9040832520 
2499756.5000000000 -84.1736145020 
2508414.2500000000 -84.5466918945 
2517102.2500000000 -84.9784927368 
2525820.0000000000 -85.3583450317 
2534568.0000000000 -85.5728302002 
2543346.5000000000 -85.9172744751 
2552155.2500000000 -86.3140258789 
2560994.5000000000 -86.7173385620 
2569861.5000000000 -87.0805740356 
2578762.2500000000 -87.4098129272 
2587693.5000000000 -87.8029708862 
2596656.0000000000 -88.3165817261 
2605649.2500000000 -88.9003524780 
2614673.7500000000 -89.4764022827 
2623729.7500000000 -90.0282058716 
2632816.7500000000 -90.5098266602 
2641932.5000000000 -90.9563446045 
2651082.7500000000 -91.4364395142 
2660264.7500000000 -92.0023422241 
2669478.5000000000 -92.6372909546 
2678724.0000000000 -93.3140106201 
2688001.7500000000 -93.9857559204 
2697311.5000000000 -94.6475830078 
2706653.5000000000 -95.2423858643 
2716024.7500000000 -95.8388824463 
2725431.7500000000 -96.4744796753 
2734871.0000000000 -97.1011352539 
2744343.2500000000 -97.6294555664 
2753848.0000000000 -98.1527557373 
2763386.0000000000 -98.7182235718 
2772956.7500000000 -99.4604187012 
2782560.7500000000 -99.9583969116 
2792195.0000000000 -100.4748611450 
2801865.5000000000 -101.0778732300 
2811569.7500000000 -101.7064361572 
2821307.5000000000 -102.4228515625 
2831079.0000000000 -102.8362884521 
2840884.2500000000 -103.1848449707 
2850723.5000000000 -103.5111465454 
2860597.0000000000 -103.7975158691 
2870501.2500000000 -104.1817626953 
2880443.2500000000 -104.5254516602 
2890419.5000000000 -104.8632659912 
2900430.2500000000 -105.1144790649 
2910475.7500000000 -105.1311569214 
2920556.0000000000 -105.1067962646 
2930671.2500000000 -105.1478500366 
2940821.5000000000 -105.2961578369 
2951003.7500000000 -105.5312728882 
2961224.2500000000 -105.7005615234 
2971480.5000000000 -105.7792587280 
2981772.0000000000 -105.8204116821 
2992099.2500000000 -105.8775405884 
3002462.2500000000 -106.0624084473 
3012861.0000000000 -106.1162719727 
3023296.0000000000 -106.1668777466 
3033763.7500000000 -106.2153472900 
3044271.0000000000 -106.2627258301 
3054814.7500000000 -106.3098831177 
3065395.0000000000 -106.3574676514 
3076011.7500000000 -106.4057159424 
3086665.5000000000 -106.4538345337 
3097356.0000000000 -106.5000457764 
3108083.5000000000 -106.5425415039 
3118844.7500000000 -106.5799865723 
3129646.7500000000 -106.6122283936 
3140486.2500000000 -106.6405563354 
3151363.0000000000 -106.6678009033 
3162277.7500000000 -106.6978912354 
3173230.0000000000 -106.7357482910 
3184220.5000000000 -106.7850799561 
3195248.7500000000 -106.8460693359 
3206315.5000000000 -106.9168319702 
3217416.7500000000 -106.9926757813 
3228560.2500000000 -107.0666809082 
3239742.2500000000 -107.1308517456 
3250962.7500000000 -107.1784820557 
3262222.5000000000 -107.2065963745 
3273521.0000000000 -107.2177124023 
3284858.7500000000 -107.2196197510 
3296235.5000000000 -107.2228775024 
3307648.2500000000 -107.2376632690 
3319104.2500000000 -107.2689437866 
3330599.7500000000 -107.3155136108 
3342135.2500000000 -107.3734130859 
3353710.5000000000 -107.4379577637 
3365326.0000000000 -107.5055999756 
3376981.5000000000 -107.5747451782 
3388677.5000000000 -107.6456451416 
3400410.5000000000 -107.7198486328 
3412187.5000000000 -107.7998962402 
3424005.5000000000 -107.8886108398 
3435864.5000000000 -107.9881973267 
3447764.2500000000 -108.0986633301 
3459705.5000000000 -108.2162017822 
3471688.0000000000 -108.3325881958 
3483712.0000000000 -108.4365768433 
3495774.0000000000 -108.5173263550 
3507881.5000000000 -108.5686874390 
3520030.7500000000 -108.5919952393 
3532222.2500000000 -108.5971832275 
3544456.0000000000 -108.5945587158 
3556732.0000000000 -108.5962219238 
3569050.5000000000 -108.6143493652 
3581411.7500000000 -108.6549758911 
3593812.0000000000 -108.7167816162 
3606259.0000000000 -108.7923583984 
3618749.0000000000 -108.8715667725 
3631282.5000000000 -108.9458160400 
3643859.2500000000 -109.0399780273 
3656479.5000000000 -109.1232604980 
3669143.5000000000 -109.1777954102 
3681851.5000000000 -109.2334289551 
3694599.2500000000 -109.2881240845 
3707395.5000000000 -109.3387908936 
3720235.7500000000 -109.3839492798 
3733120.7500000000 -109.4253311157 
3746050.2500000000 -109.4675521851 
3759024.5000000000 -109.5160293579 
3772043.7500000000 -109.5745544434 
3785108.0000000000 -109.6438522339 
3798213.2500000000 -109.7218399048 
3811368.2500000000 -109.8050384521 
3824568.7500000000 -109.8902282715 
3837815.0000000000 -109.9752044678 
3851107.0000000000 -110.0977172852 
3864445.2500000000 -110.2098464966 
3877829.5000000000 -110.2730789185 
3891260.2500000000 -110.3276596069 
3904733.2500000000 -110.3784790039 
3918257.0000000000 -110.4337921143 
3931827.7500000000 -110.5012741089 
3945445.5000000000 -110.5830917358 
3959110.2500000000 -110.6729049683 
3972822.5000000000 -110.7890014648 
3986582.2500000000 -110.8560409546 
4000389.5000000000 -110.8648757935 
4014244.7500000000 -110.8599700928 
4028143.5000000000 -110.8567733765 
4042094.7500000000 -110.8664474487 
4056094.2500000000 -110.8918457031 
4070142.5000000000 -110.9481048584 
4084239.2500000000 -111.0054702759 
4098384.7500000000 -111.0411605835 
4112579.2500000000 -111.0813140869 
4126823.0000000000 -111.1345520020 
4141111.5000000000 -111.2073669434 
4155454.0000000000 -111.3549270630 
4169846.2500000000 -111.5237731934 
4184288.5000000000 -111.6305160522 
4198780.5000000000 -111.7183151245 
4213323.0000000000 -111.7794265747 
4227915.5000000000 -111.8120574951 
4242558.5000000000 -111.8183364868 
4257248.0000000000 -111.8074798584 
4271992.5000000000 -111.8049087524 
4286788.5000000000 -111.8115844727 
4301635.5000000000 -111.8257293701 
4316534.0000000000 -111.8501205444 
4331484.0000000000 -111.8716125488 
4346486.0000000000 -111.8891296387 
4361540.0000000000 -111.9182586670 
4376641.0000000000 -111.9995346069 
4391799.5000000000 -112.1181640625 
4407010.0000000000 -112.2113037109 
4422273.5000000000 -112.3033523560 
4437590.0000000000 -112.4190597534 
4452959.5000000000 -112.5014266968 
4468382.0000000000 -112.5325469971 
4483858.0000000000 -112.5489883423 
4499383.0000000000 -112.5567932129 
4514966.0000000000 -112.5622558594 
4530603.5000000000 -112.5732345581 
4546295.0000000000 -112.6079788208 
4562041.0000000000 -112.6532897949 
4577841.5000000000 -112.6770858765 
4593696.5000000000 -112.6847991943 
4609606.5000000000 -112.6593170166 
4625566.5000000000 -112.6141433716 
4641587.0000000000 -112.5890350342 
4657663.0000000000 -112.5760803223 
4673794.5000000000 -112.5796661377 
4689982.0000000000 -112.5823211670 
4706225.5000000000 -112.5809097290 
4722525.5000000000 -112.5852890015 
4738881.5000000000 -112.6007232666 
4755289.5000000000 -112.6434707642 
4771759.0000000000 -112.6943893433 
4788286.0000000000 -112.7251739502 
4804870.0000000000 -112.7591247559 
4821511.5000000000 -112.7814865112 
4838210.5000000000 -112.7949523926 
4854967.5000000000 -112.8072814941 
4871782.5000000000 -112.8181991577 
4888650.0000000000 -112.8422241211 
4905581.5000000000 -112.8716964722 
4922572.0000000000 -112.8898315430 
4939621.0000000000 -112.9031600952 
4956729.5000000000 -112.8988723755 
4973896.5000000000 -112.8833160400 
4991123.5000000000 -112.8737182617 
5008410.0000000000 -112.8750457764 
5025756.5000000000 -112.8776931763 
5043157.5000000000 -112.8654632568 
5060624.0000000000 -112.8300018311 
5078151.5000000000 -112.7948532104 
5095739.5000000000 -112.7931900024 
5113388.0000000000 -112.8304214478 
5131098.0000000000 -112.9035034180 
5148869.5000000000 -112.9854965210 
5166702.5000000000 -113.0360488892 
5184591.5000000000 -113.0987319946 
5202548.0000000000 -113.1525497437 
5220566.5000000000 -113.2113876343 
5238648.0000000000 -113.2898483276 
5256791.5000000000 -113.4059219360 
5274998.5000000000 -113.5536117554 
5293268.0000000000 -113.7211151123 
5311601.0000000000 -113.8794937134 
5329991.5000000000 -113.9935607910 
5348452.0000000000 -114.0633316040 
5366976.0000000000 -114.0940399170 
5385564.5000000000 -114.1157379150 
5404217.0000000000 -114.1436462402 
5422934.0000000000 -114.1908645630 
5441716.5000000000 -114.2306594849 
5460563.5000000000 -114.2778930664 
5479470.0000000000 -114.3325729370 
5498447.5000000000 -114.3860397339 
5517491.5000000000 -114.4266433716 
5536601.0000000000 -114.4527359009 
5555776.5000000000 -114.4879379272 
5575019.0000000000 -114.5668411255 
5594327.5000000000 -114.7357177734 
5613703.5000000000 -114.8765182495 
5633140.0000000000 -114.9831466675 
5652650.0000000000 -115.0536193848 
5672228.0000000000 -115.0999679565 
5691873.5000000000 -115.1636199951 
5711587.0000000000 -115.2172088623 
5731368.5000000000 -115.2792358398 
5751219.0000000000 -115.3620758057 
5771138.0000000000 -115.4897689819 
5791120.0000000000 -115.7113800049 
5811177.0000000000 -115.8834228516 
5831304.0000000000 -116.0177383423 
5851500.0000000000 -116.1278686523 
5871766.5000000000 -116.1756668091 
5892103.0000000000 -116.2275390625 
5912510.5000000000 -116.3354949951 
5932988.0000000000 -116.4429550171 
5953530.0000000000 -116.5619583130 
5974150.0000000000 -116.7354278564 
5994841.0000000000 -116.8877944946 
6015604.0000000000 -117.0684280396 
6036438.5000000000 -117.3236770630 
6057345.5000000000 -117.5371322632 
6078325.0000000000 -117.6443481445 
6099377.0000000000 -117.7010040283 
6120495.0000000000 -117.7428512573 
6141693.0000000000 -117.7766036987 
6162964.5000000000 -117.8394012451 
6184310.0000000000 -117.9735717773 
6205729.0000000000 -118.1588211060 
6227222.0000000000 -118.3824615479 
6248790.0000000000 -118.5652999878 
6270432.0000000000 -118.7382583618 
6292142.5000000000 -118.9173660278 
6313935.0000000000 -119.0195007324 
6335803.0000000000 -119.0679473877 
6357747.0000000000 -119.1238479614 
6379767.0000000000 -119.2373428345 
6401863.0000000000 -119.3933792114 
6424035.5000000000 -119.5652618408 
6446284.5000000000 -119.6896438599 
6468611.0000000000 -119.8038787842 
6491007.5000000000 -119.9576187134 
6513489.0000000000 -120.1340103149 
6536048.0000000000 -120.3327713013 
6558685.5000000000 -120.5442810059 
6581401.0000000000 -120.7678527832 
6604195.5000000000 -120.9390258789 
6627069.0000000000 -121.1048660278 
6650021.5000000000 -121.3183975220 
6673046.0000000000 -121.5272827148 
6696158.0000000000 -121.7428817749 
6719350.0000000000 -121.9755706787 
6742622.0000000000 -122.2014999390 
6765974.5000000000 -122.3724365234 
6789408.5000000000 -122.4944763184 
6812923.0000000000 -122.6433181763 
6836519.5000000000 -122.8720932007 
6860190.0000000000 -123.0789413452 
6883950.0000000000 -123.2767257690 
6907792.0000000000 -123.4990844727 
6931717.0000000000 -123.6848602295 
6955724.5000000000 -123.8612365723 
6979815.5000000000 -124.0381240845 
7003989.5000000000 -124.2075576782 
7028247.5000000000 -124.3375015259 
7052582.0000000000 -124.4128417969 
7077008.0000000000 -124.4983139038 
7101519.0000000000 -124.6838760376 
7126115.0000000000 -124.9629364014 
7150796.0000000000 -125.2262039185 
7175562.5000000000 -125.3994369507 
7200414.5000000000 -125.5384140015 
7225353.0000000000 -125.7355346680 
7250369.5000000000 -125.9929885864 
7275481.0000000000 -126.2867355347 
7300679.0000000000 -126.5039291382 
7325965.0000000000 -126.6662139893 
7351338.0000000000 -126.8832855225 
7376799.0000000000 -127.1790084839 
7402348.0000000000 -127.5435104370 
7427986.0000000000 -127.9617614746 
7453704.0000000000 -128.4191436768 
7479519.5000000000 -128.8844451904 
7505424.5000000000 -129.3152923584 
7531419.5000000000 -129.7679443359 
7557504.0000000000 -130.1773834229 
7583679.0000000000 -130.5267333984 
7609945.0000000000 -130.8908691406 
7636301.5000000000 -131.2068328857 
7662741.0000000000 -131.4502258301 
7689280.5000000000 -131.6569061279 
7715912.0000000000 -131.8892974854 
7742636.0000000000 -132.0855255127 
7769452.0000000000 -132.2348022461 
7796361.5000000000 -132.3992919922 
7823363.5000000000 -132.5559844971 
7850459.5000000000 -132.6747589111 
7877640.5000000000 -132.7247161865 
7904924.5000000000 -132.7712554932 
7932302.5000000000 -132.8465881348 
7959776.0000000000 -132.9435882568 
7987344.0000000000 -133.0369110107 
8015008.0000000000 -133.1331787109 
8042767.5000000000 -133.2815093994 
8070623.5000000000 -133.4325256348 
8098575.5000000000 -133.5370941162 
8126615.5000000000 -133.6168975830 
8154762.0000000000 -133.6570587158 
8183005.5000000000 -133.6432189941 
8211347.0000000000 -133.6359405518 
8239786.5000000000 -133.6828918457 
8268325.0000000000 -133.7777557373 
8296961.5000000000 -133.8666992188 
8325698.0000000000 -133.9507293701 
8354524.5000000000 -134.0015411377 
8383460.0000000000 -134.0580444336 
8412496.0000000000 -134.1824035645 
8441632.0000000000 -134.3298645020 
8470869.0000000000 -134.4390258789 
8500208.0000000000 -134.4726867676 
8529648.0000000000 -134.4639739990 
8559190.0000000000 -134.5137939453 
8588825.0000000000 -134.6508941650 
8618572.0000000000 -134.7874298096 
8648422.0000000000 -134.8682403564 
8678375.0000000000 -134.9340209961 
8708432.0000000000 -135.0144500732 
8738593.0000000000 -135.0660095215 
8768859.0000000000 -135.1131286621 
8799230.0000000000 -135.2193145752 
8829696.0000000000 -135.3388214111 
8860277.0000000000 -135.4432525635 
8890964.0000000000 -135.5523529053 
8921758.0000000000 -135.6647033691 
8952658.0000000000 -135.7860717773 
8983665.0000000000 -135.9053344727 
9014779.0000000000 -136.0123596191 
9046002.0000000000 -136.1214141846 
9077322.0000000000 -136.2361450195 
9108761.0000000000 -136.3414306641 
9140309.0000000000 -136.4381256104 
9171966.0000000000 -136.5372161865 
9203732.0000000000 -136.6975708008 
9235609.0000000000 -136.8090515137 
9267596.0000000000 -136.8176269531 
9299694.0000000000 -136.8535919189 
9331893.0000000000 -136.9623870850 
9364214.0000000000 -137.1181335449 
9396646.0000000000 -137.2683868408 
9429191.0000000000 -137.3556976318 
9461849.0000000000 -137.4245605469 
9494619.0000000000 -137.4579925537 
9527503.0000000000 -137.4717712402 
9560501.0000000000 -137.5693664551 
9593603.0000000000 -137.7729034424 
9626830.0000000000 -137.9299163818 
9660172.0000000000 -138.0841522217 
9693630.0000000000 -138.2706451416 
9727203.0000000000 -138.3713226318 
9760893.0000000000 -138.3878021240 
9794699.0000000000 -138.4044036865 
9828623.0000000000 -138.4767608643 
9862653.0000000000 -138.5759277344 
9896812.0000000000 -138.6881713867 
9931089.0000000000 -138.7876586914 
9965485.0000000000 -138.8296508789 
10000000.0000000000 -138.8660736084 
%Window 2 Integrated Measurements 
%Window Range Trace Start Offset Unit Stop Offset Unit Weighting Int Noise Unit PM Unit FM Unit Jitter Unit
%1 1 1 1.0000000000 Hz 10000000.0000000000 Hz  -56.47165679931640625 dBc 0.12163394689559936523 degree 1263.6534423828125 Hz 1.6893603486597963403e-12 s
%1 1 2 1.0000000000 Hz 10000000.0000000000 Hz  -54.988956451416015625 dBc 0.14427457749843597412 degree 1956.3397216796875 Hz 2.0038135647298949138e-12 s
%1 1 3 1.0000000000 Hz 10000000.0000000000 Hz  -43.3488311767578125 dBc 0.55105644464492797852 degree 12802.548828125 Hz 7.6535618120932014108e-12 s
%1 1 4 1.0000000000 Hz 10000000.0000000000 Hz  -23.650743484497070313 dBc 5.3223137855529785156 degree 126771.1171875 Hz 7.3921022081258058734e-11 s
%1 1 5 1.0000000000 Hz 10000000.0000000000 Hz  -17.628011703491210938 dBc 10.647240638732910156 degree 252945.296875 Hz 1.4787833457763355227e-10 s
%1 1 6 1.0000000000 Hz 10000000.0000000000 Hz  -14.102744102478027344 dBc 15.977190971374511719 degree 380793.96875 Hz 2.219054245911067369e-10 s
%1 2 1 1.0000000000 Hz 10000000.0000000000 Hz  -56.47165679931640625 dBc 0.12163394689559936523 degree 1263.6534423828125 Hz 1.6893603486597963403e-12 s
%1 2 2 1.0000000000 Hz 10000000.0000000000 Hz  -54.988956451416015625 dBc 0.14427457749843597412 degree 1956.3397216796875 Hz 2.0038135647298949138e-12 s
%1 2 3 1.0000000000 Hz 10000000.0000000000 Hz  -43.3488311767578125 dBc 0.55105644464492797852 degree 12802.548828125 Hz 7.6535618120932014108e-12 s
%1 2 4 1.0000000000 Hz 10000000.0000000000 Hz  -23.650743484497070313 dBc 5.3223137855529785156 degree 126771.1171875 Hz 7.3921022081258058734e-11 s
%1 2 5 1.0000000000 Hz 10000000.0000000000 Hz  -17.628011703491210938 dBc 10.647240638732910156 degree 252945.296875 Hz 1.4787833457763355227e-10 s
%1 2 6 1.0000000000 Hz 10000000.0000000000 Hz  -14.102744102478027344 dBc 15.977190971374511719 degree 380793.96875 Hz 2.219054245911067369e-10 s
%1 3 1 1.0000000000 Hz 10000000.0000000000 Hz  -56.47165679931640625 dBc 0.12163394689559936523 degree 1263.6534423828125 Hz 1.6893603486597963403e-12 s
%1 3 2 1.0000000000 Hz 10000000.0000000000 Hz  -54.988956451416015625 dBc 0.14427457749843597412 degree 1956.3397216796875 Hz 2.0038135647298949138e-12 s
%1 3 3 1.0000000000 Hz 10000000.0000000000 Hz  -43.3488311767578125 dBc 0.55105644464492797852 degree 12802.548828125 Hz 7.6535618120932014108e-12 s
%1 3 4 1.0000000000 Hz 10000000.0000000000 Hz  -23.650743484497070313 dBc 5.3223137855529785156 degree 126771.1171875 Hz 7.3921022081258058734e-11 s
%1 3 5 1.0000000000 Hz 10000000.0000000000 Hz  -17.628011703491210938 dBc 10.647240638732910156 degree 252945.296875 Hz 1.4787833457763355227e-10 s
%1 3 6 1.0000000000 Hz 10000000.0000000000 Hz  -14.102744102478027344 dBc 15.977190971374511719 degree 380793.96875 Hz 2.219054245911067369e-10 s
%1 4 1 1.0000000000 Hz 10000000.0000000000 Hz  -56.47165679931640625 dBc 0.12163394689559936523 degree 1263.6534423828125 Hz 1.6893603486597963403e-12 s
%1 4 2 1.0000000000 Hz 10000000.0000000000 Hz  -54.988956451416015625 dBc 0.14427457749843597412 degree 1956.3397216796875 Hz 2.0038135647298949138e-12 s
%1 4 3 1.0000000000 Hz 10000000.0000000000 Hz  -43.3488311767578125 dBc 0.55105644464492797852 degree 12802.548828125 Hz 7.6535618120932014108e-12 s
%1 4 4 1.0000000000 Hz 10000000.0000000000 Hz  -23.650743484497070313 dBc 5.3223137855529785156 degree 126771.1171875 Hz 7.3921022081258058734e-11 s
%1 4 5 1.0000000000 Hz 10000000.0000000000 Hz  -17.628011703491210938 dBc 10.647240638732910156 degree 252945.296875 Hz 1.4787833457763355227e-10 s
%1 4 6 1.0000000000 Hz 10000000.0000000000 Hz  -14.102744102478027344 dBc 15.977190971374511719 degree 380793.96875 Hz 2.219054245911067369e-10 s
%1 5 1 1.0000000000 Hz 10000000.0000000000 Hz  -56.47165679931640625 dBc 0.12163394689559936523 degree 1263.6534423828125 Hz 1.6893603486597963403e-12 s
%1 5 2 1.0000000000 Hz 10000000.0000000000 Hz  -54.988956451416015625 dBc 0.14427457749843597412 degree 1956.3397216796875 Hz 2.0038135647298949138e-12 s
%1 5 3 1.0000000000 Hz 10000000.0000000000 Hz  -43.3488311767578125 dBc 0.55105644464492797852 degree 12802.548828125 Hz 7.6535618120932014108e-12 s
%1 5 4 1.0000000000 Hz 10000000.0000000000 Hz  -23.650743484497070313 dBc 5.3223137855529785156 degree 126771.1171875 Hz 7.3921022081258058734e-11 s
%1 5 5 1.0000000000 Hz 10000000.0000000000 Hz  -17.628011703491210938 dBc 10.647240638732910156 degree 252945.296875 Hz 1.4787833457763355227e-10 s
%1 5 6 1.0000000000 Hz 10000000.0000000000 Hz  -14.102744102478027344 dBc 15.977190971374511719 degree 380793.96875 Hz 2.219054245911067369e-10 s
%1 6 1 1.0000000000 Hz 10000000.0000000000 Hz  -56.47165679931640625 dBc 0.12163394689559936523 degree 1263.6534423828125 Hz 1.6893603486597963403e-12 s
%1 6 2 1.0000000000 Hz 10000000.0000000000 Hz  -54.988956451416015625 dBc 0.14427457749843597412 degree 1956.3397216796875 Hz 2.0038135647298949138e-12 s
%1 6 3 1.0000000000 Hz 10000000.0000000000 Hz  -43.3488311767578125 dBc 0.55105644464492797852 degree 12802.548828125 Hz 7.6535618120932014108e-12 s
%1 6 4 1.0000000000 Hz 10000000.0000000000 Hz  -23.650743484497070313 dBc 5.3223137855529785156 degree 126771.1171875 Hz 7.3921022081258058734e-11 s
%1 6 5 1.0000000000 Hz 10000000.0000000000 Hz  -17.628011703491210938 dBc 10.647240638732910156 degree 252945.296875 Hz 1.4787833457763355227e-10 s
%1 6 6 1.0000000000 Hz 10000000.0000000000 Hz  -14.102744102478027344 dBc 15.977190971374511719 degree 380793.96875 Hz 2.219054245911067369e-10 s
%1 7 1 1.0000000000 Hz 10000000.0000000000 Hz  -56.47165679931640625 dBc 0.12163394689559936523 degree 1263.6534423828125 Hz 1.6893603486597963403e-12 s
%1 7 2 1.0000000000 Hz 10000000.0000000000 Hz  -54.988956451416015625 dBc 0.14427457749843597412 degree 1956.3397216796875 Hz 2.0038135647298949138e-12 s
%1 7 3 1.0000000000 Hz 10000000.0000000000 Hz  -43.3488311767578125 dBc 0.55105644464492797852 degree 12802.548828125 Hz 7.6535618120932014108e-12 s
%1 7 4 1.0000000000 Hz 10000000.0000000000 Hz  -23.650743484497070313 dBc 5.3223137855529785156 degree 126771.1171875 Hz 7.3921022081258058734e-11 s
%1 7 5 1.0000000000 Hz 10000000.0000000000 Hz  -17.628011703491210938 dBc 10.647240638732910156 degree 252945.296875 Hz 1.4787833457763355227e-10 s
%1 7 6 1.0000000000 Hz 10000000.0000000000 Hz  -14.102744102478027344 dBc 15.977190971374511719 degree 380793.96875 Hz 2.219054245911067369e-10 s
%1 8 1 1.0000000000 Hz 10000000.0000000000 Hz  -56.47165679931640625 dBc 0.12163394689559936523 degree 1263.6534423828125 Hz 1.6893603486597963403e-12 s
%1 8 2 1.0000000000 Hz 10000000.0000000000 Hz  -54.988956451416015625 dBc 0.14427457749843597412 degree 1956.3397216796875 Hz 2.0038135647298949138e-12 s
%1 8 3 1.0000000000 Hz 10000000.0000000000 Hz  -43.3488311767578125 dBc 0.55105644464492797852 degree 12802.548828125 Hz 7.6535618120932014108e-12 s
%1 8 4 1.0000000000 Hz 10000000.0000000000 Hz  -23.650743484497070313 dBc 5.3223137855529785156 degree 126771.1171875 Hz 7.3921022081258058734e-11 s
%1 8 5 1.0000000000 Hz 10000000.0000000000 Hz  -17.628011703491210938 dBc 10.647240638732910156 degree 252945.296875 Hz 1.4787833457763355227e-10 s
%1 8 6 1.0000000000 Hz 10000000.0000000000 Hz  -14.102744102478027344 dBc 15.977190971374511719 degree 380793.96875 Hz 2.219054245911067369e-10 s
%1 9 1 1.0000000000 Hz 10000000.0000000000 Hz  -56.47165679931640625 dBc 0.12163394689559936523 degree 1263.6534423828125 Hz 1.6893603486597963403e-12 s
%1 9 2 1.0000000000 Hz 10000000.0000000000 Hz  -54.988956451416015625 dBc 0.14427457749843597412 degree 1956.3397216796875 Hz 2.0038135647298949138e-12 s
%1 9 3 1.0000000000 Hz 10000000.0000000000 Hz  -43.3488311767578125 dBc 0.55105644464492797852 degree 12802.548828125 Hz 7.6535618120932014108e-12 s
%1 9 4 1.0000000000 Hz 10000000.0000000000 Hz  -23.650743484497070313 dBc 5.3223137855529785156 degree 126771.1171875 Hz 7.3921022081258058734e-11 s
%1 9 5 1.0000000000 Hz 10000000.0000000000 Hz  -17.628011703491210938 dBc 10.647240638732910156 degree 252945.296875 Hz 1.4787833457763355227e-10 s
%1 9 6 1.0000000000 Hz 10000000.0000000000 Hz  -14.102744102478027344 dBc 15.977190971374511719 degree 380793.96875 Hz 2.219054245911067369e-10 s
%1 10 1 1.0000000000 Hz 10000000.0000000000 Hz  -56.47165679931640625 dBc 0.12163394689559936523 degree 1263.6534423828125 Hz 1.6893603486597963403e-12 s
%1 10 2 1.0000000000 Hz 10000000.0000000000 Hz  -54.988956451416015625 dBc 0.14427457749843597412 degree 1956.3397216796875 Hz 2.0038135647298949138e-12 s
%1 10 3 1.0000000000 Hz 10000000.0000000000 Hz  -43.3488311767578125 dBc 0.55105644464492797852 degree 12802.548828125 Hz 7.6535618120932014108e-12 s
%1 10 4 1.0000000000 Hz 10000000.0000000000 Hz  -23.650743484497070313 dBc 5.3223137855529785156 degree 126771.1171875 Hz 7.3921022081258058734e-11 s
%1 10 5 1.0000000000 Hz 10000000.0000000000 Hz  -17.628011703491210938 dBc 10.647240638732910156 degree 252945.296875 Hz 1.4787833457763355227e-10 s
%1 10 6 1.0000000000 Hz 10000000.0000000000 Hz  -14.102744102478027344 dBc 15.977190971374511719 degree 380793.96875 Hz 2.219054245911067369e-10 s
