%Type;FSWP-8;
%Version;3.02SP1;
%Date;10.Sep 2026;
%VSupply;OFF;
%Mode;Voltage;
%Voltage Set;0.0000000000;V
%Voltage Min;0.0000000000;V
%Voltage Max;16.0000000000;V
%Voltage Meas;0.0159840160;V
%Current Max;2000.0000000000;mA
%Current Meas;0.3104077906;mA
%VTune;OFF;
%Voltage Set;0.0000000000;V
%Voltage Min;-10.0000000000;V
%Voltage Max;28.0000000000;V
%Voltage Meas;0.0147783251;V
%Current Max;20.0000000000;mA
%Current Meas;0.0706713781;mA
%VAux;OFF;
%Voltage Set;0.0000000000;V
%Voltage Min;-10.0000000000;V
%Voltage Max;10.0000000000;V
%Voltage Meas;-0.0134228188;V
%Current Max;100.0000000000;mA
%Current Meas;0.1191895113;mA
%Mode;Phase Noise;
%Measurement;Phase Noise;
%Input;RF;
%RF Att;0.0000000000;dB
%Coupling;AC;
%RBW;3.0000000000;%
%XCORR Factor;10;
%XCORR Optimize;ON;
%Estimated Meas Time;172.1825458615;s
%Sweep Count;0;
%Signal Frequency;200000000.9938659668;Hz
%Signal Level;9.8116000000;dBm
%Start;1.0000000000;Hz
%Stop;10000000.0000000000;Hz
%SubSweep;1;
%Start;1.0000000000;Hz
%Stop;3.0000000000;Hz
%RBW;0.0900000000;Hz
%XCORR Count;10;
%SubSweep;2;
%Start;3.0000000000;Hz
%Stop;10.0000000000;Hz
%RBW;0.0900000000;Hz
%XCORR Count;10;
%SubSweep;3;
%Start;10.0000000000;Hz
%Stop;30.0000000000;Hz
%RBW;0.3000000000;Hz
%XCORR Count;40;
%SubSweep;4;
%Start;30.0000000000;Hz
%Stop;100.0000000000;Hz
%RBW;0.9000000000;Hz
%XCORR Count;130;
%SubSweep;5;
%Start;100.0000000000;Hz
%Stop;300.0000000000;Hz
%RBW;3.0000000000;Hz
%XCORR Count;430;
%SubSweep;6;
%Start;300.0000000000;Hz
%Stop;1000.0000000000;Hz
%RBW;9.0000000000;Hz
%XCORR Count;1300;
%SubSweep;7;
%Start;1000.0000000000;Hz
%Stop;3000.0000000000;Hz
%RBW;30.0000000000;Hz
%XCORR Count;4300;
%SubSweep;8;
%Start;3000.0000000000;Hz
%Stop;10000.0000000000;Hz
%RBW;90.0000000000;Hz
%XCORR Count;13000;
%SubSweep;9;
%Start;10000.0000000000;Hz
%Stop;30000.0000000000;Hz
%RBW;300.0000000000;Hz
%XCORR Count;43000;
%SubSweep;10;
%Start;30000.0000000000;Hz
%Stop;100000.0000000000;Hz
%RBW;900.0000000000;Hz
%XCORR Count;130000;
%SubSweep;11;
%Start;100000.0000000000;Hz
%Stop;300000.0000000000;Hz
%RBW;3000.0000000000;Hz
%XCORR Count;430000;
%SubSweep;12;
%Start;300000.0000000000;Hz
%Stop;1000000.0000000000;Hz
%RBW;9000.0000000000;Hz
%XCORR Count;1000000;
%SubSweep;13;
%Start;1000000.0000000000;Hz
%Stop;3000000.0000000000;Hz
%RBW;30000.0000000000;Hz
%XCORR Count;1000000;
%SubSweep;14;
%Start;3000000.0000000000;Hz
%Stop;10000000.0000000000;Hz
%RBW;90000.0000000000;Hz
%XCORR Count;1000000;
%Integrated Measurements Range;1;
%Start;1.0000000000;Hz
%Stop;10000000.0000000000;Hz
%Weighting;OFF;
%Integrated Measurements Range;2;
%Start;1.0000000000;Hz
%Stop;10000000.0000000000;Hz
%Weighting;OFF;
%Integrated Measurements Range;3;
%Start;1.0000000000;Hz
%Stop;10000000.0000000000;Hz
%Weighting;OFF;
%Integrated Measurements Range;4;
%Start;1.0000000000;Hz
%Stop;10000000.0000000000;Hz
%Weighting;OFF;
%Integrated Measurements Range;5;
%Start;1.0000000000;Hz
%Stop;10000000.0000000000;Hz
%Weighting;OFF;
%Integrated Measurements Range;6;
%Start;1.0000000000;Hz
%Stop;10000000.0000000000;Hz
%Weighting;OFF;
%Integrated Measurements Range;7;
%Start;1.0000000000;Hz
%Stop;10000000.0000000000;Hz
%Weighting;OFF;
%Integrated Measurements Range;8;
%Start;1.0000000000;Hz
%Stop;10000000.0000000000;Hz
%Weighting;OFF;
%Integrated Measurements Range;9;
%Start;1.0000000000;Hz
%Stop;10000000.0000000000;Hz
%Weighting;OFF;
%Integrated Measurements Range;10;
%Start;1.0000000000;Hz
%Stop;10000000.0000000000;Hz
%Weighting;OFF;
%Spot Noise Decade Edges;ON;
%Spot Noise User Defined;OFF;
%Spot Noise User Defined Offset;1;
%State;ON;
%Offset;1000.0000000000;Hz
%Spot Noise User Defined Offset;2;
%State;ON;
%Offset;10000.0000000000;Hz
%Spot Noise User Defined Offset;3;
%State;ON;
%Offset;100000.0000000000;Hz
%Spot Noise User Defined Offset;4;
%State;ON;
%Offset;1000000.0000000000;Hz
%Spot Noise User Defined Offset;5;
%State;ON;
%Offset;10000000.0000000000;Hz
%Spot Noise User Defined Offset;6;
%State;ON;
%Offset;100000000.0000000000;Hz
%Window;1;Noise Spectrum;
%Trace;1;
%Trace Mode;VIEW;
%Trace Result;PN;
%Smoothing;OFF;
%Smoothing Value;1.0000000000;%
%Spurious Removal;OFF;
%Spurious Removal Threshold;6.0000000000;dB
%Trace Offset;OFF;
%Trace Offset;0.0000000000;dB
%Trace Label;OFF;
%Trace Label;Trace 1;
%x-Unit;Hz;
%y-Unit;dBc/Hz;
%Values 4663 
1.0000000000 -86.8353805542 
1.0034632683 -86.8171234131 
1.0069385767 -86.7976455688 
1.0104259253 -86.7781677246 
1.0139254332 -86.7586898804 
1.0174369812 -86.7398681641 
1.0209606886 -86.7328338623 
1.0244965553 -86.7257995605 
1.0280447006 -86.7187652588 
1.0316051245 -86.7117309570 
1.0351779461 -86.7007293701 
1.0387630463 -86.6867218018 
1.0423606634 -86.6727142334 
1.0459706783 -86.6587066650 
1.0495932102 -86.6417617798 
1.0532282591 -86.6084289551 
1.0568759441 -86.5750885010 
1.0605362654 -86.5417480469 
1.0642092228 -86.5084075928 
1.0678949356 -86.4714355469 
1.0715934038 -86.4335632324 
1.0753046274 -86.3956985474 
1.0790288448 -86.3578338623 
1.0827658176 -86.3343200684 
1.0865157843 -86.3241958618 
1.0902787447 -86.3140716553 
1.0940546989 -86.3039550781 
1.0978437662 -86.3114318848 
1.1016459465 -86.3610305786 
1.1054613590 -86.4106292725 
1.1092898846 -86.4602203369 
1.1131316423 -86.5200042725 
1.1169868708 -86.6462478638 
1.1208553314 -86.7724761963 
1.1247371435 -86.8987121582 
1.1286325455 -87.0270538330 
1.1325412989 -87.2227478027 
1.1364636421 -87.4184494019 
1.1403995752 -87.6141510010 
1.1443492174 -87.8098602295 
1.1483124495 -88.0411224365 
1.1522893906 -88.2729415894 
1.1562801600 -88.5047683716 
1.1602846384 -88.7365798950 
1.1643031836 -88.9540252686 
1.1683354378 -89.1713867188 
1.1723817587 -89.3887557983 
1.1764421463 -89.6017150879 
1.1805164814 -89.7453918457 
1.1846050024 -89.8890686035 
1.1887077093 -90.0327453613 
1.1928246021 -90.1495819092 
1.1969556808 -90.1420059204 
1.2011011839 -90.1344375610 
1.2052608728 -90.1268615723 
1.2094351053 -90.0538253784 
1.2136237621 -89.8572769165 
1.2178269625 -89.6607284546 
1.2220447063 -89.4641799927 
1.2262769938 -89.2136611938 
1.2305239439 -88.9216613770 
1.2347856760 -88.6296691895 
1.2390621901 -88.3376617432 
1.2433534861 -88.0776596069 
1.2476595640 -87.8240585327 
1.2519805431 -87.5704574585 
1.2563166618 -87.3351440430 
1.2606676817 -87.2046661377 
1.2650337219 -87.0741958618 
1.2694149017 -86.9437255859 
1.2738113403 -86.8966369629 
1.2782229185 -86.9295578003 
1.2826498747 -86.9624786377 
1.2870920897 -86.9953994751 
1.2915496826 -87.1934204102 
1.2960226536 -87.4063262939 
1.3005112410 -87.6192474365 
1.3050153255 -87.9005203247 
1.3095350266 -88.2990722656 
1.3140703440 -88.6976165771 
1.3186213970 -89.0961685181 
1.3231881857 -89.6470031738 
1.3277708292 -90.2221603394 
1.3323693275 -90.7973251343 
1.3369836807 -91.3825531006 
1.3416141272 -91.9830551147 
1.3462605476 -92.5835494995 
1.3509230614 -93.1840438843 
1.3556017876 -93.1838455200 
1.3602966070 -93.1684112549 
1.3650077581 -93.1529693604 
1.3697352409 -92.8139724731 
1.3744791746 -92.2522506714 
1.3792393208 -91.6905593872 
1.3840161562 -91.1172409058 
1.3888094425 -90.5088043213 
1.3936192989 -89.9003677368 
1.3984458447 -89.2919311523 
1.4032890797 -88.7478179932 
1.4081491232 -88.2076110840 
1.4130259752 -87.6674041748 
1.4179197550 -87.2068023682 
1.4228304625 -86.7846298218 
1.4277582169 -86.3624420166 
1.4327028990 -86.0054702759 
1.4376648664 -85.7305297852 
1.4426438808 -85.4555892944 
1.4476402998 -85.2186813354 
1.4526538849 -85.0979309082 
1.4576849937 -84.9771728516 
1.4627333879 -84.8683853149 
1.4677993059 -84.8874053955 
1.4728827477 -84.9064178467 
1.4779838324 -84.9254379272 
1.4831025600 -85.0478286743 
1.4882389307 -85.1746749878 
1.4933931828 -85.3015289307 
1.4985653162 -85.4926452637 
1.5037553310 -85.6937713623 
1.5089633465 -85.8948974609 
1.5141893625 -86.1487045288 
1.5194333792 -86.4153289795 
1.5246957541 -86.6819534302 
1.5299762487 -87.0159606934 
1.5352749825 -87.3694686890 
1.5405921936 -87.7229843140 
1.5459277630 -88.1579360962 
1.5512818098 -88.6160888672 
1.5566543341 -89.0742416382 
1.5620455742 -89.5840301514 
1.5674554110 -90.1057815552 
1.5728839636 -90.6275329590 
1.5783313513 -91.0968322754 
1.5837976933 -91.5586700439 
1.5892828703 -92.0205001831 
1.5947870016 -92.3724060059 
1.6003103256 -92.7207260132 
1.6058527231 -93.0680313110 
1.6114143133 -93.4051132202 
1.6169950962 -93.7421875000 
1.6225953102 -94.0733489990 
1.6282148361 -94.3858566284 
1.6338539124 -94.6983718872 
1.6395124197 -94.8887252808 
1.6451905966 -94.9094924927 
1.6508884430 -94.9302520752 
1.6566059589 -94.6835250854 
1.6623432636 -94.2756805420 
1.6681005955 -93.8678283691 
1.6738777161 -93.2728958130 
1.6796748638 -92.6465530396 
1.6854921579 -92.0198287964 
1.6913294792 -91.3902130127 
1.6971870661 -90.7605895996 
1.7030650377 -90.1685791016 
1.7089632750 -89.6333312988 
1.7148818970 -89.0980834961 
1.7208211422 -88.6504898071 
1.7267808914 -88.2390594482 
1.7327612638 -87.8330917358 
1.7387623787 -87.5509414673 
1.7447843552 -87.2687988281 
1.7508270741 -87.0374984741 
1.7568907738 -86.8822326660 
1.7629753351 -86.7269744873 
1.7690811157 -86.6661300659 
1.7752079964 -86.6314315796 
1.7813560963 -86.6175155640 
1.7875255346 -86.6927566528 
1.7937163115 -86.7679901123 
1.7999285460 -86.9008483887 
1.8061622381 -87.0693206787 
1.8124175072 -87.2426605225 
1.8186944723 -87.4811096191 
1.8249932528 -87.7195587158 
1.8313137293 -87.9795913696 
1.8376561403 -88.2577667236 
1.8440206051 -88.5357208252 
1.8504070044 -88.8081893921 
1.8568155766 -89.0806655884 
1.8632462025 -89.3067703247 
1.8696992397 -89.4959335327 
1.8761746883 -89.6664962769 
1.8826724291 -89.6595687866 
1.8891928196 -89.6526412964 
1.8957357407 -89.4565505981 
1.9023011923 -89.1603927612 
1.9088895321 -88.8058700562 
1.9155006409 -88.2599029541 
1.9221346378 -87.7139282227 
1.9287915230 -87.0948562622 
1.9354715347 -86.4611434937 
1.9421746731 -85.8572769165 
1.9489010572 -85.2895278931 
1.9556506872 -84.7367935181 
1.9624238014 -84.3331680298 
1.9692202806 -83.9295425415 
1.9760403633 -83.6914215088 
1.9828839302 -83.5086212158 
1.9897513390 -83.4323730469 
1.9966424704 -83.4995651245 
2.0035574436 -83.5975418091 
2.0104963779 -83.9181518555 
2.0174593925 -84.2387619019 
2.0244464874 -84.7391815186 
2.0314579010 -85.2751388550 
2.0384933949 -85.8660202026 
2.0455532074 -86.4989624023 
2.0526378155 -87.0960540771 
2.0597467422 -87.6153182983 
2.0668802261 -88.1131134033 
2.0740385056 -88.3705520630 
2.0812215805 -88.6279907227 
2.0884294510 -88.7147140503 
2.0956623554 -88.7749328613 
2.1029202938 -88.7815170288 
2.1102032661 -88.7612152100 
2.1175117493 -88.7177047729 
2.1248455048 -88.6493606567 
2.1322045326 -88.5650329590 
2.1395888329 -88.4462051392 
2.1469991207 -88.3243637085 
2.1544346809 -88.1873779297 
2.1618962288 -88.0514144897 
2.1693835258 -87.9470596313 
2.1768968105 -87.8426971436 
2.1844360828 -87.7839279175 
2.1920015812 -87.7295303345 
2.1995930672 -87.6976928711 
2.2072110176 -87.6711807251 
2.2148551941 -87.6566467285 
2.2225260735 -87.6467590332 
2.2302234173 -87.6743698120 
2.2379472256 -87.7224349976 
2.2456979752 -87.8432693481 
2.2534756660 -88.0150222778 
2.2612800598 -88.2730407715 
2.2691116333 -88.6033020020 
2.2769701481 -89.0026931763 
2.2848560810 -89.4673461914 
2.2927691936 -89.9596328735 
2.3007099628 -90.4797134399 
2.3086779118 -90.9587097168 
2.3166735172 -91.3961639404 
2.3246970177 -91.5522155762 
2.3327481747 -91.4371032715 
2.3408272266 -90.5906524658 
2.3489341736 -89.1083679199 
2.3570692539 -87.1727905273 
2.3652327061 -84.9007644653 
2.3734242916 -82.7299575806 
2.3816442490 -80.6194992065 
2.3898925781 -78.8062515259 
2.3981695175 -77.1255493164 
2.4064753056 -75.7963180542 
2.4148097038 -74.5723419189 
2.4231729507 -73.7310714722 
2.4315650463 -72.9518585205 
2.4399862289 -72.5905685425 
2.4484367371 -72.2791137695 
2.4569165707 -72.3630371094 
2.4654254913 -72.5365142822 
2.4739642143 -73.0522918701 
2.4825322628 -73.7196426392 
2.4911301136 -74.6719207764 
2.4997575283 -75.8386764526 
2.5084149837 -77.2206726074 
2.5171024799 -78.8446807861 
2.5258200169 -80.5919113159 
2.5345678329 -82.4351043701 
2.5433456898 -84.2862243652 
2.5521540642 -85.7114562988 
2.5609929562 -86.9608993530 
2.5698626041 -87.5951843262 
2.5787627697 -88.0256118774 
2.5876939297 -88.1872406006 
2.5966558456 -88.2875823975 
2.6056489944 -88.3551101685 
2.6146731377 -88.5098419189 
2.6237285137 -88.7019805908 
2.6328153610 -89.0762863159 
2.6419336796 -89.5428237915 
2.6510834694 -90.1622009277 
2.6602649689 -90.8783111572 
2.6694786549 -91.6490783691 
2.6787238121 -92.2808303833 
2.6880011559 -92.8010711670 
2.6973104477 -92.9179077148 
2.7066521645 -92.8341140747 
2.7160260677 -92.5409317017 
2.7254326344 -92.2152252197 
2.7348716259 -91.8993530273 
2.7443432808 -91.7375411987 
2.7538478374 -91.6657867432 
2.7633852959 -91.7136154175 
2.7729558945 -91.8586807251 
2.7825593948 -92.0290832520 
2.7921962738 -92.1573257446 
2.8018665314 -92.1817321777 
2.8115704060 -92.0826797485 
2.8213076591 -91.7574691772 
2.8310787678 -91.3496398926 
2.8408837318 -90.8027420044 
2.8507225513 -90.2388610840 
2.8605954647 -89.6620559692 
2.8705027103 -89.1440811157 
2.8804440498 -88.6686553955 
2.8904199600 -88.2659149170 
2.9004304409 -87.9774627686 
2.9104754925 -87.7556076050 
2.9205553532 -87.6773910522 
2.9306702614 -87.6985778809 
2.9408199787 -87.7896575928 
2.9510049820 -87.9872055054 
2.9612252712 -88.1972045898 
2.9714810848 -88.4211044312 
2.9817721844 -88.6290740967 
2.9920992851 -88.8475341797 
3.0024619102 -89.0853729248 
3.0128602982 -89.4314575195 
3.0232946873 -89.8535079956 
3.0337653160 -90.3955612183 
3.0442721844 -91.0170135498 
3.0548155308 -91.6269836426 
3.0653953552 -92.1601104736 
3.0760118961 -92.4615631104 
3.0866649151 -92.6323165894 
3.0973551273 -92.6384124756 
3.1080822945 -92.6592178345 
3.1188464165 -92.7479324341 
3.1296479702 -92.9698410034 
3.1404869556 -93.3692703247 
3.1513633728 -93.8221817017 
3.1622776985 -94.3113174438 
3.1732296944 -94.6073303223 
3.1842195988 -94.6860885620 
3.1952474117 -94.5320129395 
3.2063136101 -94.0208053589 
3.2174181938 -93.4208755493 
3.2285611629 -92.7707824707 
3.2397425175 -92.1578063965 
3.2509627342 -91.6600494385 
3.2622220516 -91.2671813965 
3.2735199928 -91.0050811768 
3.2848572731 -90.9274826050 
3.2962338924 -90.9485626221 
3.3076496124 -91.0586242676 
3.3191051483 -91.2553482056 
3.3306002617 -91.4840927124 
3.3421351910 -91.7243423462 
3.3537099361 -91.9660873413 
3.3653249741 -92.1660919189 
3.3769800663 -92.2825088501 
3.3886756897 -92.2819747925 
3.4004118443 -92.0961380005 
3.4121885300 -91.6408538818 
3.4240059853 -91.0397872925 
3.4358644485 -90.3278732300 
3.4477639198 -89.5524063110 
3.4597046375 -88.8195114136 
3.4716866016 -88.1887054443 
3.4837102890 -87.7006988525 
3.4957754612 -87.4297561646 
3.5078823566 -87.4856948853 
3.5200312138 -87.8055801392 
3.5322222710 -88.3871612549 
3.5444555283 -89.2240219116 
3.5567314625 -90.3272933960 
3.5690495968 -91.4899520874 
3.5814104080 -92.6200103760 
3.5938138962 -93.6369400024 
3.6062602997 -94.4428939819 
3.6187500954 -95.1245727539 
3.6312828064 -95.7990188599 
3.6438591480 -96.5080413818 
3.6564791203 -97.2617111206 
3.6691424847 -97.8782043457 
3.6818499565 -97.9474029541 
3.6946012974 -97.3239440918 
3.7073969841 -96.0854873657 
3.7202367783 -94.4869842529 
3.7331211567 -92.9819030762 
3.7460501194 -91.7917327881 
3.7590239048 -90.9333419800 
3.7720425129 -90.4141693115 
3.7851064205 -90.2184066772 
3.7982153893 -90.3201065063 
3.8113698959 -90.6404037476 
3.8245697021 -91.0136413574 
3.8378155231 -91.3471603394 
3.8511071205 -91.5741043091 
3.8644447327 -91.6587371826 
3.8778283596 -91.5958328247 
3.8912587166 -91.4083633423 
3.9047353268 -91.1703643799 
3.9182586670 -90.9258651733 
3.9318287373 -90.7043457031 
3.9454460144 -90.5176696777 
3.9591102600 -90.3621749878 
3.9728219509 -90.2361221313 
3.9865810871 -90.1735763550 
4.0003876686 -90.2197494507 
4.0142426491 -90.4086532593 
4.0281448364 -90.7427062988 
4.0420956612 -91.1855316162 
4.0560946465 -91.6665420532 
4.0701422691 -92.1012420654 
4.0842385292 -92.4266586304 
4.0983834267 -92.6701660156 
4.1125774384 -92.9335708618 
4.1268205643 -93.3188858032 
4.1411132813 -93.9113464355 
4.1554551125 -94.7313003540 
4.1698470116 -95.6193237305 
4.1842885017 -96.1091232300 
4.1987800598 -95.5772247314 
4.2133216858 -93.9513015747 
4.2279138565 -92.0576705933 
4.2425560951 -90.5417022705 
4.2572493553 -89.5246810913 
4.2719936371 -88.9950408936 
4.2867889404 -88.8900756836 
4.3016357422 -89.1132431030 
4.3165335655 -89.5475692749 
4.3314828873 -90.0754318237 
4.3464841843 -90.5968780518 
4.3615374565 -91.0375366211 
4.3766427040 -91.3543319702 
4.3918004036 -91.5509872437 
4.4070110321 -91.6879806519 
4.4222736359 -91.8572921753 
4.4375896454 -92.1263885498 
4.4529581070 -92.4858551025 
4.4683809280 -92.8288497925 
4.4838562012 -92.9971313477 
4.4993853569 -92.8912734985 
4.5149679184 -92.5328826904 
4.5306048393 -92.0267639160 
4.5462956429 -91.4849777222 
4.5620408058 -90.9764785767 
4.5778408051 -90.5175552368 
4.5936951637 -90.0932388306 
4.6096048355 -89.7206726074 
4.6255693436 -89.4823532104 
4.6415891647 -89.5077285767 
4.6576642990 -89.8780212402 
4.6737952232 -90.5543823242 
4.6899819374 -91.2680816650 
4.7062249184 -91.5002059937 
4.7225241661 -91.0694351196 
4.7388796806 -90.4533615112 
4.7552919388 -90.1073837280 
4.7717609406 -90.2367324829 
4.7882871628 -90.8641510010 
4.8048706055 -91.6078567505 
4.8215112686 -91.0811767578 
4.8382096291 -88.4479827881 
4.8549661636 -85.2564315796 
4.8717803955 -81.6057434082 
4.8886528015 -79.7717132568 
4.9055838585 -79.5610504150 
4.9225735664 -80.1360015869 
4.9396219254 -81.4809951782 
4.9567294121 -83.5651855469 
4.9738960266 -86.2887802124 
4.9911222458 -89.3099670410 
5.0084080696 -91.7061920166 
5.0257534981 -92.4649505615 
5.0431594849 -91.9453582764 
5.0606255531 -91.0864944458 
5.0781521797 -90.2115631104 
5.0957393646 -89.9299087524 
5.1133875847 -89.9708862305 
5.1310968399 -90.0462646484 
5.1488671303 -90.1535263062 
5.1666994095 -90.3483428955 
5.1845936775 -90.6134567261 
5.2025494576 -90.8001403809 
5.2205672264 -90.5753326416 
5.2386479378 -90.0299758911 
5.2567911148 -89.7329330444 
5.2749967575 -89.6075363159 
5.2932658195 -89.6484375000 
5.3115983009 -89.7994842529 
5.3299937248 -89.9941024780 
5.3484535217 -90.2740936279 
5.3669767380 -90.5557937622 
5.3855643272 -90.8365478516 
5.4042162895 -91.3025054932 
5.4229326248 -92.0306015015 
5.4417138100 -93.0367050171 
5.4605603218 -94.8115768433 
5.4794721603 -96.2508087158 
5.4984493256 -96.0775527954 
5.5174922943 -94.6514587402 
5.5366010666 -92.3939056396 
5.5557761192 -89.2271041870 
5.5750174522 -87.4067001343 
5.5943255424 -87.0673904419 
5.6137003899 -87.4457397461 
5.6331429482 -89.3079528809 
5.6526522636 -92.3974380493 
5.6722292900 -94.2957992554 
5.6918740273 -95.1324310303 
5.7115869522 -95.2600479126 
5.7313680649 -95.3035354614 
5.7512173653 -94.8445129395 
5.7711358070 -93.8798141479 
5.7911229134 -92.8231353760 
5.8111796379 -92.0800552368 
5.8313055038 -92.2991943359 
5.8515009880 -92.6407318115 
5.8717665672 -92.6185607910 
5.8921022415 -92.4760818481 
5.9125084877 -92.4934082031 
5.9329853058 -92.4808807373 
5.9535331726 -92.2303085327 
5.9741520882 -91.9580688477 
5.9948425293 -92.0162048340 
6.0156044960 -92.3878784180 
6.0364384651 -92.0448837280 
6.0573449135 -91.3562164307 
6.0783233643 -90.8913574219 
6.0993742943 -91.0884475708 
6.1204986572 -91.4349975586 
6.1416954994 -91.9879379272 
6.1629662514 -92.7807998657 
6.1843104362 -93.7945022583 
6.2057290077 -96.8019790649 
6.2272214890 -103.7405090332 
6.2487878799 -98.2179412842 
6.2704296112 -95.1178207397 
6.2921462059 -94.2559204102 
6.3139376640 -94.6574249268 
6.3358049393 -95.7901306152 
6.3577480316 -96.5545120239 
6.3797669411 -97.9516983032 
6.4018621445 -98.2191238403 
6.4240336418 -97.4048843384 
6.4462819099 -99.2889633179 
6.4686074257 -94.6287307739 
6.4910101891 -91.6474075317 
6.5134906769 -91.1019287109 
6.5360488892 -91.6711807251 
6.5586853027 -91.6626281738 
6.5814003944 -90.6928100586 
6.6041936874 -90.4407882690 
6.6270661354 -90.7733612061 
6.6500177383 -91.2055816650 
6.6730489731 -91.1188049316 
6.6961598396 -90.6263809204 
6.7193508148 -90.4581298828 
6.7426218987 -90.6625671387 
6.7659740448 -91.0827026367 
6.7894062996 -91.1497268677 
6.8129205704 -90.4074020386 
6.8365159035 -89.4843139648 
6.8601927757 -89.3598327637 
6.8839516640 -90.1510543823 
6.9077930450 -91.2746047974 
6.9317169189 -91.6257095337 
6.9557237625 -91.0544815063 
6.9798135757 -90.4899215698 
7.0039868355 -90.3831253052 
7.0282440186 -90.7007598877 
7.0525846481 -91.1369171143 
7.0770101547 -91.3285598755 
7.1015210152 -90.9864730835 
7.1261157990 -90.2178497314 
7.1507959366 -89.4355621338 
7.1755614281 -88.7519454956 
7.2004127502 -88.3173065186 
7.2253499031 -88.6408615112 
7.2503733635 -89.5853881836 
7.2754840851 -87.8734664917 
7.3006811142 -81.7672729492 
7.3259658813 -78.4819030762 
7.3513379097 -77.0142745972 
7.3767981529 -77.1866378784 
7.4023461342 -79.2901382446 
7.4279828072 -84.8445281982 
7.4537081718 -91.4012069702 
7.4795227051 -94.6630249023 
7.5054268837 -94.4551620483 
7.5314202309 -94.5298919678 
7.5575041771 -94.7766723633 
7.5836782455 -94.6131057739 
7.6099429131 -93.8831558228 
7.6362986565 -93.0827407837 
7.6627454758 -92.9470520020 
7.6892838478 -92.9122543335 
7.7159142494 -92.4253005981 
7.7426371574 -92.2439956665 
7.7694520950 -92.8898925781 
7.7963600159 -94.6156768799 
7.8233613968 -96.2313842773 
7.8504562378 -96.6903457642 
7.8776450157 -96.5425720215 
7.9049277306 -95.9811172485 
7.9323048592 -93.8175506592 
7.9597768784 -90.0878524780 
7.9873442650 -87.1587600708 
8.0150070190 -86.9839477539 
8.0427656174 -88.3443069458 
8.0706205368 -90.2062988281 
8.0985708237 -91.4127197266 
8.1266193390 -90.8617019653 
8.1547641754 -90.6473236084 
8.1830062866 -91.1244125366 
8.2113466263 -92.2691345215 
8.2397851944 -93.1562042236 
8.2683229446 -93.7306671143 
8.2969579697 -94.2953567505 
8.3256931305 -94.6846542358 
8.3545274734 -93.7219161987 
8.3834619522 -91.4627609253 
8.4124965668 -90.1528854370 
8.4416322708 -90.6852722168 
8.4708681107 -92.1572341919 
8.5002050400 -93.9107284546 
8.5296440125 -95.0404510498 
8.5591850281 -94.6538543701 
8.5888280869 -94.9492340088 
8.6185741425 -96.0538635254 
8.6484231949 -95.3086090088 
8.6783752441 -93.3833236694 
8.7084312439 -91.8288574219 
8.7385911942 -91.3973617554 
8.7688560486 -92.2970199585 
8.7992248535 -92.7352066040 
8.8296995163 -92.7171096802 
8.8602790833 -92.9448852539 
8.8909654617 -92.8939590454 
8.9217586517 -93.0407409668 
8.9526576996 -93.4195327759 
8.9836635590 -93.2318878174 
9.0147771835 -92.5348129272 
9.0459976196 -92.0010757446 
9.0773267746 -92.0098800659 
9.1087646484 -92.7359085083 
9.1403112411 -94.1920394897 
9.1719665527 -95.9994201660 
9.2037324905 -97.0364990234 
9.2356081009 -97.2496719360 
9.2675933838 -96.8574066162 
9.2996902466 -95.3540420532 
9.3318977356 -93.3032226563 
9.3642177582 -91.7566757202 
9.3966484070 -91.5027465820 
9.4291925430 -92.2717208862 
9.4618482590 -92.3909225464 
9.4946174622 -91.9890136719 
9.5275011063 -92.3156204224 
9.5604972839 -92.6389236450 
9.5936088562 -92.3302688599 
9.6268339157 -91.8409042358 
9.6601753235 -91.3309860229 
9.6936311722 -91.5362319946 
9.7272033691 -87.4342193604 
9.7608919144 -80.2263107300 
9.7946968079 -77.1526184082 
9.8286190033 -77.2215805054 
9.8626585007 -80.3743667603 
9.8968162537 -86.2592086792 
9.9310922623 -91.1968688965 
9.9654865265 -89.5602340698 
10.0000000000 -85.8813323975 
10.0346345901 -87.3328170776 
10.0693864822 -88.7087173462 
10.1042613983 -90.0509490967 
10.1392536163 -90.9019088745 
10.1743707657 -91.6475982666 
10.2096061707 -91.8638992310 
10.2449674606 -92.0220260620 
10.2804470062 -92.0058822632 
10.3160533905 -91.9886856079 
10.3517789841 -91.9702606201 
10.3876323700 -92.0020141602 
10.4236068726 -92.0574569702 
10.4597082138 -92.1674575806 
10.4959316254 -92.2861862183 
10.5322837830 -92.4237289429 
10.5687589645 -92.5598831177 
10.6053638458 -92.6940078735 
10.6420917511 -92.8205184937 
10.6789503098 -92.9432525635 
10.7159337997 -93.0680999756 
10.7530479431 -93.2020721436 
10.7902870178 -93.3671875000 
10.8276586533 -93.5696487427 
10.8651571274 -93.8069152832 
10.9027881622 -94.0748825073 
10.9405460358 -94.3363723755 
10.9784383774 -94.5132064819 
11.0164585114 -94.5838699341 
11.0546140671 -94.5286941528 
11.0928983688 -94.3333663940 
11.1313180923 -94.1046142578 
11.1698675156 -93.9002838135 
11.2085533142 -93.7875671387 
11.2473707199 -93.7721786499 
11.2863254547 -93.9530258179 
11.3254127502 -94.2069473267 
11.3646373749 -94.5961456299 
11.4039955139 -95.0096588135 
11.4434919357 -95.4396896362 
11.4831228256 -95.7769851685 
11.5228948593 -96.0625305176 
11.5628004074 -96.2667083740 
11.6028470993 -96.4054107666 
11.6430301666 -96.5074996948 
11.6833553314 -96.5350875854 
11.7238168716 -96.4093170166 
11.7644214630 -96.1701812744 
11.8051643372 -95.5802459717 
11.8460512161 -94.8283233643 
11.8870754242 -93.9150009155 
11.9282464981 -92.6666717529 
11.9695558548 -91.2147140503 
12.0110120773 -89.4916763306 
12.0526084900 -87.6270370483 
12.0943517685 -85.8514404297 
12.1362361908 -84.2832946777 
12.1782703400 -83.2043075562 
12.2204456329 -82.4466323853 
12.2627706528 -82.1605834961 
12.3052387238 -82.4626464844 
12.3478574753 -83.1273574829 
12.3906202316 -84.2783584595 
12.4335346222 -85.9599609375 
12.4765939713 -87.8692703247 
12.5198059082 -90.0009384155 
12.5631647110 -91.8743743896 
12.6066761017 -93.3891906738 
12.6503391266 -94.4514160156 
12.6941490173 -94.9280014038 
12.7381153107 -95.1979980469 
12.7822294235 -95.2819824219 
12.8264999390 -95.2139282227 
12.8709201813 -95.1801376343 
12.9154977798 -95.2041244507 
12.9602270126 -95.3757858276 
13.0051136017 -95.6844787598 
13.0501527786 -96.0471954346 
13.0953512192 -96.4373626709 
13.1407032013 -96.7251968384 
13.1862154007 -96.9377517700 
13.2318820953 -97.0872192383 
13.2777099609 -97.2004699707 
13.3236923218 -97.2950592041 
13.3698387146 -97.3455505371 
13.4161405563 -97.3342361450 
13.4626073837 -97.1953048706 
13.5092306137 -97.0123291016 
13.5560188293 -96.8045120239 
13.6029663086 -96.5924453735 
13.6500797272 -96.3594207764 
13.6973524094 -96.0676574707 
13.7447919846 -95.6965866089 
13.7923927307 -95.2064132690 
13.8401622772 -94.6240539551 
13.8880929947 -94.0948181152 
13.9361934662 -93.6972503662 
13.9844570160 -93.5488662720 
14.0328922272 -93.8368988037 
14.0814905167 -94.4040679932 
14.1302604675 -95.1375274658 
14.1791963577 -95.8972778320 
14.2283058167 -96.1923065186 
14.2775802612 -95.7917709351 
14.3270301819 -94.3279418945 
14.3766469955 -91.6154403687 
14.4264402390 -87.6816406250 
14.4764013290 -83.9374923706 
14.5265398026 -80.7525024414 
14.5768480301 -78.2408370972 
14.6273345947 -76.4415893555 
14.6779909134 -75.5117950439 
14.7288274765 -75.3612060547 
14.7798366547 -75.9196548462 
14.8310260773 -77.2040100098 
14.8823881149 -79.2355346680 
14.9339323044 -82.1798934937 
14.9856519699 -85.9448394775 
15.0375537872 -90.0265426636 
15.0896310806 -93.5773086548 
15.1418933868 -95.8542709351 
15.1943330765 -96.6126174927 
15.2469577789 -96.8079299927 
15.2997608185 -96.9141006470 
15.3527507782 -96.9819183350 
15.4059200287 -97.0186233521 
15.4592771530 -97.0061721802 
15.5128154755 -96.9201354980 
15.5665435791 -96.7840270996 
15.6204538345 -96.6753463745 
15.6745538712 -96.5838088989 
15.7288379669 -96.4190216064 
15.7833137512 -96.0640563965 
15.8379745483 -95.4522094727 
15.8928289413 -94.6942901611 
15.9478731155 -94.1223144531 
16.0031032562 -93.9167480469 
16.0585289001 -94.1277008057 
16.1141433716 -94.7145996094 
16.1699523926 -95.5553741455 
16.2259521484 -96.4678192139 
16.2821502686 -97.2496643066 
16.3385391235 -97.7387084961 
16.3951263428 -97.8946228027 
16.4519062042 -97.8699111938 
16.5088863373 -97.7547760010 
16.5660591125 -97.5628967285 
16.6234340668 -97.2446670532 
16.6810054779 -96.7207031250 
16.7387790680 -95.7801132202 
16.7967472076 -93.8928909302 
16.8549232483 -90.4056625366 
16.9132938385 -86.0041961670 
16.9718723297 -82.1115036011 
17.0306491852 -79.2002258301 
17.0896339417 -77.3044586182 
17.1488189697 -76.4216461182 
17.2082138062 -76.5477676392 
17.2678089142 -77.6925430298 
17.3276138306 -79.8754196167 
17.3876228333 -83.0887527466 
17.4478435516 -87.1499481201 
17.5082683563 -91.3444366455 
17.5689086914 -94.5150756836 
17.6297531128 -96.1516799927 
17.6908130646 -96.8527908325 
17.7520790100 -96.8310241699 
17.8135623932 -95.9191818237 
17.8752536774 -94.5136260986 
17.9371643066 -93.3422851563 
17.9992828369 -92.8388595581 
18.0616226196 -93.1424942017 
18.1241741180 -94.2229080200 
18.1869468689 -95.8694992065 
18.2499313354 -97.5536117554 
18.3131389618 -98.4750518799 
18.3765602112 -98.3808593750 
18.4402065277 -97.9197082520 
18.5040683746 -97.6463394165 
18.5681571960 -97.7459335327 
18.6324615479 -98.0478363037 
18.6969947815 -98.1884841919 
18.7617454529 -97.9104232788 
18.8267250061 -97.3018035889 
18.8919258118 -96.6382141113 
18.9573574066 -96.1617584229 
19.0230102539 -96.0153961182 
19.0888957977 -96.2352905273 
19.1550025940 -96.7682037354 
19.2213459015 -97.0525436401 
19.2879123688 -94.2375411987 
19.3547153473 -88.4299316406 
19.4217453003 -80.7388305664 
19.4890098572 -76.5643386841 
19.5565052032 -75.1646957397 
19.6242370605 -74.9538192749 
19.6921997070 -75.9226379395 
19.7604026794 -78.0948028564 
19.8288364410 -81.5081405640 
19.8975124359 -86.1047439575 
19.9664268494 -91.1871719360 
20.0355739594 -94.6542510986 
20.1049671173 -96.0484313965 
20.1745929718 -96.9356918335 
20.2444667816 -97.5829620361 
20.3145771027 -97.8175277710 
20.3849372864 -97.7606201172 
20.4555339813 -97.8119659424 
20.5263805389 -97.9673233032 
20.5974674225 -98.1654357910 
20.6688041687 -98.2849578857 
20.7403850555 -98.2018356323 
20.8122177124 -97.9288482666 
20.8842945099 -97.5520706177 
20.9566268921 -97.5125274658 
21.0292034149 -97.7517089844 
21.1020374298 -98.1192092896 
21.1751174927 -98.3738555908 
21.2484550476 -98.1897277832 
21.3220424652 -97.6000442505 
21.3958911896 -96.9552001953 
21.4699878693 -97.1868743896 
21.5443496704 -97.8910751343 
21.6189613342 -98.7118377686 
21.6938362122 -98.0953750610 
21.7689666748 -93.5199127197 
21.8443622589 -84.9410400391 
21.9200134277 -79.8934249878 
21.9959316254 -77.8174667358 
22.0721073151 -76.9337768555 
22.1485538483 -77.2172012329 
22.2252578735 -79.8030929565 
22.3022346497 -85.2131881714 
22.3794708252 -90.1231002808 
22.4569816589 -94.8995742798 
22.5347537994 -97.0992507935 
22.6128025055 -96.1089248657 
22.6911144257 -95.2602310181 
22.7697048187 -94.8747329712 
22.8485603333 -95.0515899658 
22.9276943207 -96.0022888184 
23.0070972443 -96.5278778076 
23.0867805481 -96.0382156372 
23.1667346954 -95.1322708130 
23.2469711304 -94.8830184937 
23.3274803162 -95.1213455200 
23.4082736969 -95.3245773315 
23.4893398285 -95.0457992554 
23.5706958771 -94.5984573364 
23.6523246765 -94.4428634644 
23.7342433929 -94.1228942871 
23.8164386749 -91.9717102051 
23.8989257813 -88.5356597900 
23.9816932678 -86.1453781128 
24.0647525787 -83.5418090820 
24.1480922699 -81.7272796631 
24.2317276001 -79.8133316040 
24.3156471252 -74.9175949097 
24.3998641968 -71.1256332397 
24.4843635559 -69.6575088501 
24.5691642761 -69.6555252075 
24.6542530060 -71.9805831909 
24.7396411896 -75.1155853271 
24.8253192902 -81.4195251465 
24.9113006592 -90.4581832886 
24.9975719452 -93.6338577271 
25.0841503143 -94.9866561890 
25.1710281372 -95.6051712036 
25.2581996918 -95.7891540527 
25.3456802368 -95.7726440430 
25.4334583282 -95.7357177734 
25.5215454102 -96.1718521118 
25.6099300385 -96.9759216309 
25.6986293793 -97.4511489868 
25.7876281738 -96.8855438232 
25.8769435883 -95.1211547852 
25.9665584564 -93.9755172729 
26.0564937592 -94.3269958496 
26.1467323303 -95.4699172974 
26.2372894287 -97.3369216919 
26.3281536102 -98.3205337524 
26.4193401337 -98.5944061279 
26.5108356476 -98.9858322144 
26.6026535034 -96.2805328369 
26.6947841644 -89.1140289307 
26.7872409821 -82.0096893311 
26.8800086975 -78.2252502441 
26.9731063843 -77.1016845703 
27.0665187836 -77.7335357666 
27.1602630615 -80.8338317871 
27.2543239594 -86.2491531372 
27.3487186432 -94.1519317627 
27.4434318542 -97.5227127075 
27.5384807587 -98.1318817139 
27.6338520050 -98.0613861084 
27.7295608521 -97.4318923950 
27.8255920410 -95.4220504761 
27.9219646454 -93.4191207886 
28.0186634064 -92.8048934937 
28.1157054901 -93.8250732422 
28.2130756378 -96.3115692139 
28.3107891083 -99.5754852295 
28.4088344574 -100.6664123535 
28.5072269440 -100.4078826904 
28.6059532166 -99.5388259888 
28.7050285339 -98.7125320435 
28.8044395447 -98.2784881592 
28.9042015076 -98.2864151001 
29.0043029785 -97.5392608643 
29.1047573090 -87.6221389771 
29.2055530548 -76.6068725586 
29.3067054749 -71.8103485107 
29.4081993103 -69.6414031982 
29.5100536346 -69.8841552734 
29.6122512817 -72.8849105835 
29.7148113251 -81.0506286621 
29.8177204132 -92.0632171631 
29.9209918976 -97.0304412842 
30.0246143341 -79.9530258179 
30.1286029816 -82.2314758301 
30.2329425812 -84.9850463867 
30.3376541138 -88.1084213257 
30.4427185059 -91.3401947021 
30.5481548309 -93.7155838013 
30.6539497375 -93.7114257813 
30.7601184845 -90.0711975098 
30.8666458130 -85.9497833252 
30.9735507965 -82.1202316284 
31.0808181763 -78.7451095581 
31.1884651184 -75.8430404663 
31.2964763641 -73.3970184326 
31.4048690796 -71.3975372314 
31.5136299133 -69.8796310425 
31.6227760315 -68.7555923462 
31.7322998047 -68.0191116333 
31.8421955109 -67.6671981812 
31.9524784088 -67.7004547119 
32.0631370544 -68.1231765747 
32.1741867065 -68.9436950684 
32.2856101990 -70.2291488647 
32.3974304199 -71.9641189575 
32.5096282959 -74.1592636108 
32.6222229004 -76.8477020264 
32.7351989746 -80.0648345947 
32.8485755920 -83.8183059692 
32.9623374939 -87.7954940796 
33.0764999390 -90.6216354370 
33.1910514832 -88.9129180908 
33.3060073853 -84.3728942871 
33.4213523865 -80.1477355957 
33.5371055603 -76.4943847656 
33.6532516479 -73.4161529541 
33.7698059082 -70.8779907227 
33.8867568970 -68.8487091064 
34.0041236877 -67.3041687012 
34.1218833923 -66.2281265259 
34.2400627136 -65.6107101440 
34.3586425781 -65.4484481812 
34.4776420593 -65.7436523438 
34.5970458984 -66.5045013428 
34.7168693542 -67.7455978394 
34.8371009827 -69.5062561035 
34.9577598572 -71.8146743774 
35.0788230896 -74.6962509155 
35.2003173828 -78.1982269287 
35.3222236633 -82.3465499878 
35.4445610046 -86.7883453369 
35.5673103333 -88.5049438477 
35.6904945374 -85.5834197998 
35.8140983582 -80.9427490234 
35.9381370544 -76.6715850830 
36.0625991821 -73.0877304077 
36.1875000000 -70.1557312012 
36.3128242493 -67.8282852173 
36.4385910034 -66.0696105957 
36.5647850037 -64.8560333252 
36.6914253235 -64.1731948853 
36.8184928894 -64.0504913330 
36.9460144043 -64.6549758911 
37.0739631653 -65.7950973511 
37.2023696899 -67.4882049561 
37.3312072754 -69.7613601685 
37.4605026245 -72.6528320313 
37.5902328491 -76.2124252319 
37.7204246521 -80.4902877808 
37.8510589600 -85.3884201050 
37.9821548462 -88.9911804199 
38.1136932373 -86.4523468018 
38.2456970215 -81.6430206299 
38.3781509399 -77.3422012329 
38.5110702515 -73.7603759766 
38.6444396973 -70.8535537720 
38.7782859802 -68.5707092285 
38.9125823975 -66.8719711304 
39.0473518372 -65.7289352417 
39.1825790405 -65.1231536865 
39.3182868958 -65.0449371338 
39.4544525146 -65.4926681519 
39.5911026001 -66.4727096558 
39.7282142639 -67.9998016357 
39.8658103943 -71.2431259155 
40.0038833618 -76.1605987549 
40.1424255371 -80.2297439575 
40.2814559937 -85.0424423218 
40.4209594727 -90.1515960693 
40.5609550476 -91.6828765869 
40.7014236450 -87.7477569580 
40.8423919678 -83.3187713623 
40.9838371277 -79.5400009155 
41.1257820129 -76.4434432983 
41.2682075500 -72.9491653442 
41.4111366272 -70.8098602295 
41.5545539856 -70.0458831787 
41.6984748840 -69.8110351563 
41.8428840637 -70.1013412476 
41.9878044128 -70.9206161499 
42.1332168579 -72.2805252075 
42.2791442871 -75.2766189575 
42.4255638123 -79.8401947021 
42.5725021362 -83.6159286499 
42.7199363708 -87.9741058350 
42.8678970337 -92.2808074951 
43.0163574219 -93.4850463867 
43.1653404236 -87.3507843018 
43.3148307800 -81.7941436768 
43.4648475647 -78.5328140259 
43.6153755188 -75.9023056030 
43.7664337158 -73.8693237305 
43.9180068970 -72.4036636353 
44.0701141357 -71.2840728760 
44.2227363586 -71.2295913696 
44.3759002686 -71.8923797607 
44.5295829773 -73.0917358398 
44.6838073730 -75.8586883545 
44.8385581970 -80.1376113892 
44.9938507080 -83.7540512085 
45.1496734619 -88.0402069092 
45.3060493469 -92.6999511719 
45.4629516602 -94.0956344604 
45.6204109192 -88.6941986084 
45.7784004211 -84.6343994141 
45.9369544983 -81.1909484863 
46.0960426331 -77.1388092041 
46.2556915283 -74.5425643921 
46.4158859253 -73.4608078003 
46.5766448975 -72.9131011963 
46.7379455566 -73.1356735229 
46.8998222351 -74.4303894043 
47.0622444153 -76.0133743286 
47.2252426147 -79.3287353516 
47.3887901306 -84.2976760864 
47.5529212952 -88.2483978271 
47.7176055908 -92.2420578003 
47.8828735352 -93.0631866455 
48.0486984253 -89.0983352661 
48.2151145935 -85.9952163696 
48.3820915222 -81.9420776367 
48.5496597290 -79.0926208496 
48.7177963257 -77.7131347656 
48.8865280151 -76.5694808960 
49.0558319092 -76.3602676392 
49.2257347107 -76.8171539307 
49.3962097168 -78.2519989014 
49.5672912598 -80.2803192139 
49.7389526367 -81.5764160156 
49.9112205505 -82.8937149048 
50.0840721130 -83.8978652954 
50.2575378418 -84.7315750122 
50.4316024780 -86.2166137695 
50.6062545776 -86.2707595825 
50.7815284729 -82.6029281616 
50.9573936462 -79.0231628418 
51.1338806152 -77.0876541138 
51.3109664917 -75.2434768677 
51.4886817932 -74.5055618286 
51.6669960022 -75.0438003540 
51.8459396362 -76.6745986938 
52.0254936218 -78.4853515625 
52.2056808472 -82.1249694824 
52.3864784241 -87.5291671753 
52.5679168701 -93.4583282471 
52.7499694824 -99.4304504395 
52.9326667786 -99.4892654419 
53.1159820557 -95.5523681641 
53.2999458313 -91.4196319580 
53.4845352173 -87.7522048950 
53.6697731018 -85.3332672119 
53.8556442261 -84.0932693481 
54.0421676636 -83.8999252319 
54.2293281555 -84.9569244385 
54.4171485901 -87.1207580566 
54.6056022644 -90.3280181885 
54.7947273254 -94.6577529907 
54.9844932556 -98.0189590454 
55.1749267578 -97.9140472412 
55.3660087585 -91.5044326782 
55.5577659607 -85.6248550415 
55.7501716614 -80.3419647217 
55.9432601929 -76.8023300171 
56.1370010376 -74.4365844727 
56.3314323425 -73.2425994873 
56.5265159607 -73.3254318237 
56.7222938538 -74.4735565186 
56.9187316895 -76.8615341187 
57.1158676147 -80.6495513916 
57.3136711121 -85.4461669922 
57.5121726990 -93.4700088501 
57.7113494873 -93.2873306274 
57.9112281799 -85.6825790405 
58.1117858887 -80.1586303711 
58.3130531311 -75.5874786377 
58.5150032043 -72.6058425903 
58.7176666260 -70.8423614502 
58.9210166931 -70.3124771118 
59.1250877380 -71.2228088379 
59.3298454285 -73.3848876953 
59.5353317261 -78.1771392822 
59.7415161133 -83.7586746216 
59.9484252930 -89.8611068726 
60.1560401917 -93.7688140869 
60.3643875122 -86.8813323975 
60.5734405518 -79.1530990601 
60.7832336426 -75.1127319336 
60.9937362671 -72.2138290405 
61.2049865723 -70.3446655273 
61.4169502258 -70.2331237793 
61.6296615601 -71.3989410400 
61.8430976868 -74.7299804688 
62.0572891235 -78.9435882568 
62.2722053528 -84.1628799438 
62.4878807068 -93.3705596924 
62.7042884827 -96.8089675903 
62.9214630127 -91.9123764038 
63.1393852234 -85.6903381348 
63.3580513000 -81.4365234375 
63.5774879456 -79.5846176147 
63.7976684570 -78.9781875610 
64.0186309814 -79.8845291138 
64.2403335571 -82.8647155762 
64.4628295898 -86.6959686279 
64.6860733032 -91.3513336182 
64.9101104736 -97.7391433716 
65.1349105835 -95.1228103638 
65.3604965210 -89.7439498901 
65.5868530273 -84.4179840088 
65.8140106201 -79.7555923462 
66.0419387817 -77.2765045166 
66.2706680298 -76.8653335571 
66.5001754761 -77.8644943237 
66.7304992676 -80.1040649414 
66.9616012573 -84.9745025635 
67.1935195923 -92.0393600464 
67.4262161255 -97.4529266357 
67.6597442627 -90.6494522095 
67.8940658569 -85.1462020874 
68.1292114258 -80.4301910400 
68.3651580811 -76.5359649658 
68.6019363403 -74.7905044556 
68.8395156860 -75.0981063843 
69.0779418945 -77.4735336304 
69.3171691895 -82.0408477783 
69.5572433472 -87.3616790771 
69.7981338501 -93.1005706787 
70.0398788452 -96.3718719482 
70.2824401855 -89.0858001709 
70.5258560181 -82.6104202271 
70.7701034546 -78.4040756226 
71.0152130127 -76.3543930054 
71.2611465454 -76.3592987061 
71.5079574585 -78.4159469604 
71.7555999756 -82.6139984131 
72.0041275024 -88.8386993408 
72.2534866333 -92.6967544556 
72.5037384033 -88.6741561890 
72.7548294067 -83.2491989136 
73.0068130493 -78.6484909058 
73.2596511841 -75.6621551514 
73.5133819580 -74.5366363525 
73.7679672241 -75.3525924683 
74.0234603882 -78.2018814087 
74.2798156738 -83.2439117432 
74.5370788574 -90.5590057373 
74.7952194214 -96.5128173828 
75.0542678833 -90.1322250366 
75.3141937256 -82.9085159302 
75.5750427246 -78.0081558228 
75.8367691040 -75.3282775879 
76.0994262695 -74.7288894653 
76.3629760742 -76.1760482788 
76.6274566650 -79.7448501587 
76.8928298950 -85.6036148071 
77.1591415405 -93.5778579712 
77.4263610840 -97.7513580322 
77.6945190430 -89.8534851074 
77.9635925293 -83.6026840210 
78.2336120605 -80.6450500488 
78.5045547485 -79.7538452148 
78.7764511108 -80.8937377930 
79.0492630005 -84.1130676270 
79.3230514526 -89.4931030273 
79.5977783203 -97.3591308594 
79.8734436035 -96.5781402588 
80.1500778198 -89.5259780884 
80.4276504517 -84.0629806519 
80.7062149048 -80.7784957886 
80.9857101440 -79.5836868286 
81.2662048340 -80.9938964844 
81.5476379395 -85.5816421509 
81.8300781250 -91.6233596802 
82.1134719849 -97.8559036255 
82.3978652954 -91.9651412964 
82.6832275391 -83.6347198486 
82.9695968628 -78.8907470703 
83.2569351196 -76.3438186646 
83.5452880859 -76.1624984741 
83.8346252441 -79.0158843994 
84.1249771118 -83.8510589600 
84.4163208008 -92.3701705933 
84.7086944580 -97.7206649780 
85.0020523071 -90.7028961182 
85.2964553833 -84.5962600708 
85.5918502808 -80.0758438110 
85.8882904053 -78.7428665161 
86.1857376099 -80.0036468506 
86.4842376709 -84.3508148193 
86.7837524414 -92.3881225586 
87.0843200684 -99.6391220093 
87.3859100342 -97.9817352295 
87.6885681152 -92.7236785889 
87.9922485352 -88.0289001465 
88.2970046997 -86.3755722046 
88.6027908325 -87.9083480835 
88.9096679688 -92.5122451782 
89.2175750732 -97.9549789429 
89.5265808105 -101.9427413940 
89.8366241455 -100.7821121216 
90.1477661133 -95.7884750366 
90.4599685669 -91.8481597900 
90.7732696533 -90.6154022217 
91.0876312256 -92.1416091919 
91.4031143188 -96.2064743042 
91.7196578979 -100.7868804932 
92.0373229980 -100.0702362061 
92.3560638428 -93.1510925293 
92.6759338379 -86.0768127441 
92.9968872070 -82.4625396729 
93.3189773560 -82.0535507202 
93.6421585083 -84.6281051636 
93.9664840698 -90.2100448608 
94.2919082642 -98.2233428955 
94.6184844971 -95.7229766846 
94.9461669922 -87.3253402710 
95.2750091553 -81.0680465698 
95.6049652100 -78.2231292725 
95.9360885620 -79.1507339478 
96.2683258057 -83.2967605591 
96.6017532349 -92.5143356323 
96.9363021851 -100.2378616333 
97.2720336914 -93.6819839478 
97.6089019775 -87.2674865723 
97.9469680786 -83.5910797119 
98.2861785889 -83.2839126587 
98.6265869141 -86.3992691040 
98.9681472778 -91.9231567383 
99.3109207153 -91.5624008179 
99.6548461914 -86.1182937622 
100.0000000000 -84.8520584106 
100.3463439941 -84.6803512573 
100.6938934326 -84.5299301147 
101.0425872803 -84.3283386230 
101.3925399780 -84.0646972656 
101.7437057495 -83.7391433716 
102.0960922241 -83.3669738770 
102.4496383667 -83.0583190918 
102.8044738770 -82.8266372681 
103.1605300903 -82.7673263550 
103.5178222656 -82.8612136841 
103.8762969971 -83.0434417725 
104.2360610962 -83.3010482788 
104.5970840454 -83.5677566528 
104.9593505859 -83.8375473022 
105.3228149414 -84.1194000244 
105.6875915527 -84.4886550903 
106.0536346436 -84.9882354736 
106.4209518433 -85.5983276367 
106.7894744873 -86.3284225464 
107.1593322754 -87.1175918579 
107.5304794312 -87.8592834473 
107.9029006958 -88.5266876221 
108.2765579224 -89.0527191162 
108.6515731812 -89.4299392700 
109.0278854370 -89.7075729370 
109.4054946899 -89.9002532959 
109.7843551636 -90.0336303711 
110.1645889282 -90.2272491455 
110.5461349487 -90.5398254395 
110.9290084839 -91.0138778687 
111.3131484985 -91.7538146973 
111.6986770630 -92.6954040527 
112.0855407715 -93.6733703613 
112.4737396240 -94.5406723022 
112.8632278442 -94.9466094971 
113.2541198730 -94.6046829224 
113.6463699341 -93.8619842529 
114.0399856567 -92.8888473511 
114.4348907471 -91.8838348389 
114.8312301636 -90.9931716919 
115.2289428711 -90.1451797485 
115.6280364990 -89.3004684448 
116.0284423828 -88.4367523193 
116.4303054810 -87.5718765259 
116.8335571289 -86.8390121460 
117.2382049561 -86.3078994751 
117.6441879272 -86.0204467773 
118.0516433716 -85.9981155396 
118.4605102539 -86.2602691650 
118.8707885742 -86.7005462646 
119.2824249268 -87.1987838745 
119.6955566406 -87.7126083374 
120.1101150513 -88.2347946167 
120.5261154175 -88.8176803589 
120.9434814453 -89.5929565430 
121.3623657227 -90.5539093018 
121.7826995850 -91.6260147095 
122.2044906616 -92.6497039795 
122.6276702881 -93.3942947388 
123.0523834229 -93.5148468018 
123.4785690308 -93.0225753784 
123.9062347412 -92.3129653931 
124.3353118896 -91.6249389648 
124.7659378052 -91.1215820313 
125.1980590820 -90.8813095093 
125.6316757202 -90.9065780640 
126.0667953491 -91.1432113647 
126.5033569336 -91.4315567017 
126.9414901733 -91.7240142822 
127.3811492920 -92.0416030884 
127.8223266602 -92.4441375732 
128.2649688721 -92.9876251221 
128.7091979980 -93.6716156006 
129.1549835205 -94.3650207520 
129.6023101807 -94.7479553223 
130.0511016846 -94.5897445679 
130.5015258789 -93.9040451050 
130.9535217285 -92.9088211060 
131.4070739746 -91.8849945068 
131.8621215820 -91.0533218384 
132.3188171387 -90.5204315186 
132.7770996094 -90.2882995605 
133.2369689941 -90.2779312134 
133.6983489990 -90.3441009521 
134.1614074707 -90.4247360229 
134.6260681152 -90.5858612061 
135.0923461914 -90.9558715820 
135.5601501465 -91.6515579224 
136.0296630859 -92.7126235962 
136.5007934570 -94.0052566528 
136.9735565186 -95.0864028931 
137.4478759766 -95.2890396118 
137.9239349365 -94.3124160767 
138.4016265869 -92.7480697632 
138.8809661865 -91.2654113770 
139.3618927002 -90.0872344971 
139.8445739746 -89.1590728760 
140.3289184570 -88.3057632446 
140.8149414063 -87.4491348267 
141.3025665283 -86.6666259766 
141.7919616699 -86.1223068237 
142.2830505371 -85.9589843750 
142.7758483887 -86.2387161255 
143.2702636719 -86.9194717407 
143.7664794922 -87.8429031372 
144.2644042969 -88.7649307251 
144.7640533447 -89.4827194214 
145.2653656006 -89.9619293213 
145.7684783936 -90.3024597168 
146.2733459473 -90.5970001221 
146.7799530029 -90.8312759399 
147.2882385254 -90.8202209473 
147.7983703613 -90.2747955322 
148.3102569580 -89.4171295166 
148.8239288330 -88.6098480225 
149.3392791748 -88.1534042358 
149.8565216064 -88.1856613159 
150.3755340576 -88.7110671997 
150.8963623047 -89.6294860840 
151.4188995361 -90.7589035034 
151.9433288574 -91.9004745483 
152.4695739746 -92.9344253540 
152.9976501465 -93.8226165771 
153.5274658203 -94.4973144531 
154.0592041016 -94.8033981323 
154.5927734375 -94.5860977173 
155.1282043457 -93.8542098999 
155.6653900146 -92.8512420654 
156.2045288086 -91.9204788208 
156.7455444336 -91.3256530762 
157.2884216309 -91.1897583008 
157.8330993652 -91.5050430298 
158.3797454834 -92.1464157104 
158.9282836914 -93.2291336060 
159.4787292480 -94.1127014160 
160.0310668945 -94.5154113770 
160.5852508545 -94.7734451294 
161.1414337158 -94.8273239136 
161.6995391846 -94.6353302002 
162.2595672607 -94.1801910400 
162.8214569092 -93.4891128540 
163.3853912354 -92.7009506226 
163.9512634277 -92.0277557373 
164.5191040039 -91.5594558716 
165.0888214111 -91.5404663086 
165.6605987549 -91.6118698120 
166.2343444824 -91.6954421997 
166.8100891113 -91.9260787964 
167.3877410889 -92.4617156982 
167.9674835205 -93.3492889404 
168.5492248535 -94.4468460083 
169.1329956055 -95.6786956787 
169.7186889648 -96.1058425903 
170.3064880371 -96.1930923462 
170.8963470459 -96.4844207764 
171.4882354736 -97.0944290161 
172.0820770264 -98.0142364502 
172.6780853271 -99.6059417725 
173.2761383057 -100.8401489258 
173.8762817383 -101.0322494507 
174.4783935547 -100.7939071655 
175.0826873779 -100.2704696655 
175.6890869141 -99.3768539429 
176.2975769043 -98.8811492920 
176.9080810547 -98.9843444824 
177.5207824707 -99.3816909790 
178.1356201172 -99.9003677368 
178.7525939941 -100.3374023438 
179.3715972900 -100.0728607178 
179.9928436279 -99.4712142944 
180.6162414551 -98.7412796021 
181.2417907715 -98.0260925293 
181.8694152832 -96.9802322388 
182.4993133545 -95.8630294800 
183.1313934326 -95.1276473999 
183.7656555176 -94.6061401367 
184.4020233154 -94.4507217407 
185.0406799316 -94.7569351196 
185.6815643311 -95.0361480713 
186.3246612549 -95.3089752197 
186.9698944092 -95.9391174316 
187.6174468994 -96.8985748291 
188.2672576904 -97.4708709717 
188.9193115234 -97.3233184814 
189.5735168457 -96.0576705933 
190.2301025391 -94.9419708252 
190.8889465332 -94.0342407227 
191.5500793457 -93.3357925415 
192.2134094238 -93.1029052734 
192.8791351318 -92.9979019165 
193.5471496582 -92.8476715088 
194.2174987793 -92.9790115356 
194.8900604248 -93.3337097168 
195.5650482178 -94.0541763306 
196.2423706055 -94.8382949829 
196.9220581055 -95.3801345825 
197.6039733887 -95.9928741455 
198.2883758545 -96.0831069946 
198.9751281738 -95.8369827271 
199.6642761230 -95.4938201904 
200.3558044434 -95.4179306030 
201.0496063232 -95.5427551270 
201.7459411621 -95.6418151855 
202.4446716309 -95.3139801025 
203.1458282471 -94.7607955933 
203.8493041992 -94.5688934326 
204.5553283691 -94.7136154175 
205.2637939453 -95.0214004517 
205.9747161865 -95.3873138428 
206.6879882813 -96.2339630127 
207.4038391113 -97.6436614990 
208.1221771240 -98.6948776245 
208.8430023193 -99.8502197266 
209.5662078857 -100.4482574463 
210.2920227051 -100.4701080322 
211.0203704834 -100.2091598511 
211.7512207031 -99.6376647949 
212.4844970703 -98.9573287964 
213.2204284668 -98.6859664917 
213.9589080811 -99.0173950195 
214.6999511719 -100.1803894043 
215.4434356689 -101.7446594238 
216.1896057129 -102.7172012329 
216.9383697510 -102.0742874146 
217.6897277832 -100.6436309814 
218.4435577393 -99.0095062256 
219.2001342773 -97.7033462524 
219.9593200684 -96.9530563354 
220.7211456299 -96.7727661133 
221.4854736328 -97.0499267578 
222.2525787354 -97.2900695801 
223.0223388672 -97.4968032837 
223.7947692871 -98.1936721802 
224.5697479248 -99.8106918335 
225.3475341797 -101.8948745728 
226.1280212402 -102.6325302124 
226.9112091064 -101.8059234619 
227.6969757080 -100.7300338745 
228.4855957031 -100.4128417969 
229.2769470215 -101.1112747192 
230.0710296631 -102.3863754272 
230.8677520752 -102.3152389526 
231.6673431396 -100.9959182739 
232.4697113037 -99.7313003540 
233.2748718262 -99.0878601074 
234.0826721191 -98.7513351440 
234.8934020996 -98.5391540527 
235.7069549561 -98.6146774292 
236.5233154297 -99.0843429565 
237.3423614502 -99.6320877075 
238.1643981934 -99.7073059082 
238.9892578125 -99.1658248901 
239.8169860840 -98.4761810303 
240.6474609375 -98.1635131836 
241.4809265137 -98.3003997803 
242.3172912598 -98.2133712769 
243.1565399170 -97.8676376343 
243.9985656738 -97.7796707153 
244.8436431885 -98.1063690186 
245.6916503906 -98.2393875122 
246.5425872803 -97.6056442261 
247.3963470459 -96.0718688965 
248.2531890869 -94.8206634521 
249.1130065918 -93.6417617798 
249.9757995605 -93.0537872314 
250.8414306641 -94.4811096191 
251.7102203369 -97.1098403931 
252.5820007324 -100.2118911743 
253.4568023682 -102.1982345581 
254.3346405029 -101.6439590454 
255.2153778076 -101.2199630737 
256.0993041992 -101.6075897217 
256.9862976074 -102.4459762573 
257.8763427734 -103.0088577271 
258.7693481445 -103.5965728760 
259.6655883789 -104.2529678345 
260.5649414063 -104.6269912720 
261.4673767090 -104.7984542847 
262.3728332520 -104.7444915771 
263.2815246582 -104.2876510620 
264.1933898926 -103.6594390869 
265.1084289551 -103.4000930786 
266.0264587402 -103.3191909790 
266.9478454590 -102.9871063232 
267.8724060059 -102.7100143433 
268.8001708984 -103.3771896362 
269.7309875488 -104.7715835571 
270.6651916504 -105.9035949707 
271.6026306152 -106.1995162964 
272.5433044434 -105.8871154785 
273.4870910645 -104.7679290771 
274.4343261719 -103.7312011719 
275.3847961426 -103.7787399292 
276.3385925293 -104.6442489624 
277.2955322266 -105.1870651245 
278.2559204102 -104.9544372559 
279.2196350098 -104.5903015137 
280.1867065430 -104.4001541138 
281.1569824219 -104.2453384399 
282.1307373047 -103.2539901733 
283.1079101563 -100.9615859985 
284.0884399414 -99.0878677368 
285.0722045898 -99.0371093750 
286.0595397949 -100.7644729614 
287.0502929688 -102.8573074341 
288.0444641113 -103.6600112915 
289.0419311523 -103.5436401367 
290.0430297852 -103.2751541138 
291.0475769043 -102.2163467407 
292.0556030273 -100.6848449707 
293.0669555664 -99.8242568970 
294.0820007324 -99.9665374756 
295.1005249023 -101.2356796265 
296.1225891113 -103.1175842285 
297.1480407715 -103.8693847656 
298.1771850586 -102.9179687500 
299.2099304199 -102.0354309082 
300.2462158203 -102.9408721924 
301.2859497070 -103.1750717163 
302.3294372559 -103.3974151611 
303.3765258789 -103.6088180542 
304.4272766113 -103.8099288940 
305.4814758301 -104.0011901855 
306.5394897461 -104.1711807251 
307.6011657715 -104.2824478149 
308.6665344238 -104.3528976440 
309.7354125977 -104.2871246338 
310.8081665039 -104.1384429932 
311.8846435547 -103.9096984863 
312.9648437500 -103.6011505127 
314.0486145020 -103.3005599976 
315.1362915039 -103.0237808228 
316.2277526855 -102.8515396118 
317.3229980469 -102.7430953979 
318.4220275879 -102.7475051880 
319.5247192383 -102.8258361816 
320.6313781738 -102.9372863770 
321.7418518066 -103.0635833740 
322.8562011719 -103.1545867920 
323.9742126465 -103.2166442871 
325.0962829590 -103.2133102417 
326.2222290039 -103.1776199341 
327.3520812988 -103.1212463379 
328.4856872559 -103.0570144653 
329.6233825684 -103.0174102783 
330.7650146484 -103.0032958984 
331.9106140137 -103.0561294556 
333.0599670410 -103.1597900391 
334.2135314941 -103.2928924561 
335.3710632324 -103.4394302368 
336.5325927734 -103.5323791504 
337.6979675293 -103.5764694214 
338.8675842285 -103.5422210693 
340.0412292480 -103.4760665894 
341.2189331055 -103.4213943481 
342.4005432129 -103.3982543945 
343.5864257813 -103.4384078979 
344.7764282227 -103.4854736328 
345.9705505371 -103.5305557251 
347.1686096191 -103.5281143188 
348.3710327148 -103.5137939453 
349.5775756836 -103.5158004761 
350.7883300781 -103.5789337158 
352.0030822754 -103.7769165039 
353.2222290039 -104.0633621216 
354.4455871582 -104.4287948608 
355.6731872559 -104.8301773071 
356.9048461914 -105.1501312256 
358.1409912109 -105.3615493774 
359.3813781738 -105.4215774536 
360.6260986328 -105.2898406982 
361.8749084473 -105.1116180420 
363.1282348633 -104.9248275757 
364.3859252930 -104.7912292480 
365.6479492188 -104.7784423828 
366.9141540527 -104.8426589966 
368.1849365234 -104.9645996094 
369.4601440430 -105.1117935181 
370.7397460938 -105.2166137695 
372.0235900879 -105.2840042114 
373.3120727539 -105.3286361694 
374.6050109863 -105.3791351318 
375.9024353027 -105.5044021606 
377.2041625977 -105.6971664429 
378.5105895996 -105.9421310425 
379.8215332031 -106.2163391113 
381.1370239258 -106.4297180176 
382.4568786621 -106.5009613037 
383.7814941406 -106.4069671631 
385.1107177734 -106.1451263428 
386.4445190430 -105.7412872314 
387.7827453613 -105.3412094116 
389.1258239746 -105.0486526489 
390.4735412598 -104.9008331299 
391.8259277344 -104.9095382690 
393.1827697754 -105.0485916138 
394.5445556641 -105.1665954590 
395.9110412598 -105.1750640869 
397.2822570801 -105.0726318359 
398.6582031250 -104.9008331299 
400.0387268066 -104.7613296509 
401.4242553711 -104.7747573853 
402.8145751953 -104.9162216187 
404.2096862793 -105.1328430176 
405.6094360352 -105.3486404419 
407.0142517090 -105.4745559692 
408.4239196777 -105.4048309326 
409.8384704590 -105.1725158691 
411.2576904297 -104.8914108276 
412.6820678711 -104.6579589844 
414.1113891602 -104.5523147583 
415.5456237793 -104.6222152710 
416.9846191406 -104.8762588501 
418.4288330078 -105.2318649292 
419.8780517578 -105.5711593628 
421.3322753906 -105.8403854370 
422.7913208008 -106.0379180908 
424.2556152344 -106.2029037476 
425.7250061035 -106.3903198242 
427.1994934082 -106.6355056763 
428.6788330078 -106.9245834351 
430.1635437012 -107.2106475830 
431.6534118652 -107.4666290283 
433.1484069824 -107.6781082153 
434.6483764648 -107.8340377808 
436.1537475586 -107.9170684814 
437.6643676758 -107.8940582275 
439.1801757813 -107.7039031982 
440.7010192871 -107.1685485840 
442.2273559570 -106.0740966797 
443.7590026855 -104.5113754272 
445.2959289551 -102.8265609741 
446.8379516602 -101.3779983521 
448.3855590820 -100.4121627808 
449.9385375977 -100.0589675903 
451.4968566895 -100.3717498779 
453.0603637695 -101.3534317017 
454.6295166016 -102.9452438354 
456.2041015625 -104.9633331299 
457.7841491699 -106.9867019653 
459.3694152832 -108.3319854736 
460.9604187012 -108.8809280396 
462.5569152832 -109.0622253418 
464.1589660645 -109.1949768066 
465.7662963867 -109.3771591187 
467.3794555664 -109.5808258057 
468.9981994629 -109.7456207275 
470.6225585938 -109.8390808105 
472.2522888184 -109.8741912842 
473.8879089355 -109.8866577148 
475.5292053223 -109.8974609375 
477.1761779785 -109.8903045654 
478.8285827637 -109.8153991699 
480.4869995117 -109.6177444458 
482.1511230469 -109.2814331055 
483.8210449219 -108.8647994995 
485.4964599609 -108.4907379150 
487.1779479980 -108.2885818481 
488.8652954102 -108.3276138306 
490.5584411621 -108.4591445923 
492.2572021484 -108.7867736816 
493.9620971680 -109.0225982666 
495.6729125977 -108.9896697998 
497.3896789551 -108.7274169922 
499.1120910645 -108.4547653198 
500.8407287598 -108.3738555908 
502.5753784180 -108.5557937622 
504.3160095215 -108.9332427979 
506.0626831055 -109.4965286255 
507.8151245117 -109.7941131592 
509.5739440918 -109.8435440063 
511.3388061523 -109.8842773438 
513.1098022461 -109.9562835693 
514.8866577148 -110.0420074463 
516.6699829102 -110.0985565186 
518.4594116211 -110.1026077271 
520.2550659180 -110.0676879883 
522.0566406250 -110.0257186890 
523.8648071289 -110.0042114258 
525.6791992188 -110.0161437988 
527.4998168945 -110.0532455444 
529.3265380859 -110.0822830200 
531.1597900391 -110.0606155396 
532.9994506836 -109.9732666016 
534.8454589844 -109.8205490112 
536.6975708008 -109.8001708984 
538.5563964844 -109.8879318237 
540.4216918945 -109.9257431030 
542.2933959961 -109.7064208984 
544.1713256836 -109.0887603760 
546.0560302734 -108.1974258423 
547.9472656250 -107.3564682007 
549.8450927734 -106.8514709473 
551.7491455078 -106.8220367432 
553.6600952148 -107.6260452271 
555.5776367188 -108.8301467896 
557.5018920898 -109.4130020142 
559.4324340820 -109.7191543579 
561.3700561523 -109.9014587402 
563.3143310547 -110.0984268188 
565.2653198242 -110.3183898926 
567.2227783203 -110.4934463501 
569.1873168945 -110.4145889282 
571.1586914063 -110.2719955444 
573.1368408203 -110.1529159546 
575.1215820313 -110.0903854370 
577.1134643555 -110.0757293701 
579.1123046875 -110.0568237305 
581.1180419922 -109.9616928101 
583.1303710938 -109.8627700806 
585.1500244141 -109.8015213013 
587.1766357422 -109.8241195679 
589.2103271484 -109.9928283691 
591.2507324219 -110.0890274048 
593.2984619141 -109.8946762085 
595.3533325195 -109.4408340454 
597.4152832031 -108.8764190674 
599.4841308594 -108.3875427246 
601.5603637695 -108.5849533081 
603.6438598633 -109.1151962280 
605.7345581055 -109.7189865112 
607.8321533203 -110.3318634033 
609.9373779297 -110.6357879639 
612.0498657227 -110.7527084351 
614.1696777344 -110.8386840820 
616.2964477539 -110.8492660522 
618.4309692383 -110.7137222290 
620.5728759766 -110.5420150757 
622.7222290039 -110.3581314087 
624.8786621094 -110.2185897827 
627.0429077148 -110.2775039673 
629.2145996094 -110.3619766235 
631.3938598633 -110.3545303345 
633.5806884766 -110.2738037109 
635.7747192383 -110.2817535400 
637.9766845703 -110.3617019653 
640.1862792969 -110.5052261353 
642.4035644531 -110.4927520752 
644.6281127930 -110.2688827515 
646.8607788086 -109.6907653809 
649.1011352539 -109.2669601440 
651.3492431641 -109.3095626831 
653.6047973633 -109.8531341553 
655.8685302734 -110.5406112671 
658.1401367188 -110.8227157593 
660.4195556641 -110.9234542847 
662.7065429688 -110.9048309326 
665.0017700195 -110.9158630371 
667.3049926758 -110.9799270630 
669.6161499023 -111.0279922485 
671.9349975586 -111.0026092529 
674.2622070313 -110.9542160034 
676.5974731445 -110.9538650513 
678.9408569336 -111.0368041992 
681.2919311523 -111.1447601318 
683.6515502930 -111.1746520996 
686.0193481445 -111.1336135864 
688.3953857422 -111.0503158569 
690.7792358398 -110.8854141235 
693.1716918945 -110.4827346802 
695.5724487305 -109.9816818237 
697.9815673828 -109.1955718994 
700.3985595703 -108.8392257690 
702.8244018555 -109.2400283813 
705.2586059570 -109.9950790405 
707.7012329102 -110.5646820068 
710.1519165039 -110.8126754761 
712.6115112305 -110.8563079834 
715.0795898438 -110.8846740723 
717.5562133789 -110.9135742188 
720.0410766602 -110.9484939575 
722.5349121094 -110.9544448853 
725.0373535156 -110.9103240967 
727.5484619141 -110.8078918457 
730.0679321289 -110.6853866577 
732.5964965820 -110.6873931885 
735.1337890625 -110.9091720581 
737.6798706055 -111.1589202881 
740.2344360352 -110.8807983398 
742.7981567383 -109.3262329102 
745.3708496094 -106.3329696655 
747.9523925781 -104.0455780029 
750.5424804688 -103.3261108398 
753.1419067383 -104.1170501709 
755.7504272461 -106.3637161255 
758.3679199219 -109.7287216187 
760.9940795898 -110.9907913208 
763.6297607422 -111.2665786743 
766.2745361328 -111.3760757446 
768.9284667969 -111.4142608643 
771.5912475586 -111.3355026245 
774.2636108398 -111.1460723877 
776.9451904297 -111.0095138550 
779.6361083984 -111.0345916748 
782.3359375000 -111.0468368530 
785.0455322266 -110.9849777222 
787.7644653320 -110.8874816895 
790.4928588867 -110.7721633911 
793.2302856445 -110.6227416992 
795.9776000977 -110.2997512817 
798.7344360352 -109.9101181030 
801.5007934570 -109.7076187134 
804.2767333984 -109.9324035645 
807.0618896484 -110.3502349854 
809.8571166992 -110.6752090454 
812.6620483398 -110.7865142822 
815.4766235352 -110.7854614258 
818.3005371094 -110.8409805298 
821.1347045898 -110.2307662964 
823.9786376953 -108.6046447754 
826.8324584961 -106.6799545288 
829.6957397461 -105.8012771606 
832.5693359375 -106.6819229126 
835.4528808594 -108.5485610962 
838.3464355469 -110.4894180298 
841.2495727539 -109.5289993286 
844.1632080078 -106.9002609253 
847.0869140625 -104.1356506348 
850.0207519531 -102.7249679565 
852.9642944336 -103.5093688965 
855.9185180664 -105.7426300049 
858.8829345703 -109.0033874512 
861.8576049805 -110.2793121338 
864.8421630859 -110.5105514526 
867.8375244141 -110.6421203613 
870.8432006836 -110.7517318726 
873.8593750000 -110.7980194092 
876.8854370117 -110.7901229858 
879.9224853516 -110.7141571045 
882.9700317383 -110.6182937622 
886.0281982422 -110.6105651855 
889.0964355469 -110.7382736206 
892.1757812500 -110.7476654053 
895.2657470703 -110.5456085205 
898.3664550781 -110.2021331787 
901.4774169922 -110.0093688965 
904.5996704102 -110.3640060425 
907.7327270508 -110.7060470581 
910.8765869141 -110.6228561401 
914.0308837891 -110.6234893799 
917.1965942383 -110.7819137573 
920.3732299805 -110.8236160278 
923.5609130859 -110.6267547607 
926.7590942383 -110.5139999390 
929.9689331055 -110.6046752930 
933.1898193359 -110.4069061279 
936.4218750000 -109.6404266357 
939.6646118164 -109.1537933350 
942.9190673828 -109.0991363525 
946.1848754883 -108.2266693115 
949.4619140625 -107.5051727295 
952.7498168945 -107.6408843994 
956.0496215820 -108.4741058350 
959.3608398438 -108.5110626221 
962.6835327148 -108.3395080566 
966.0172119141 -109.0988769531 
969.3629760742 -110.3969421387 
972.7203369141 -111.2522811890 
976.0892944336 -111.5112991333 
979.4694213867 -111.5664215088 
982.8617553711 -111.4951705933 
986.2658691406 -111.2862319946 
989.6817626953 -110.5894165039 
993.1088867188 -107.0865173340 
996.5485229492 -102.5500411987 
1000.0000000000 -107.0934753418 
1003.4634399414 -107.2120208740 
1006.9389038086 -107.5078048706 
1010.4258422852 -108.0376129150 
1013.9254150391 -108.6275405884 
1017.4370727539 -109.2619400024 
1020.9609375000 -109.8018951416 
1024.4964599609 -110.1960983276 
1028.0446777344 -110.4597396851 
1031.6053466797 -110.5462112427 
1035.1782226563 -110.5623092651 
1038.7629394531 -110.5543136597 
1042.3605957031 -110.5460281372 
1045.9708251953 -110.5685729980 
1049.5935058594 -110.6101226807 
1053.2281494141 -110.6693344116 
1056.8759765625 -110.7451171875 
1060.5363769531 -110.8252716064 
1064.2094726563 -110.9061431885 
1067.8947753906 -110.9847412109 
1071.5933837891 -111.0511169434 
1075.3048095703 -111.1026535034 
1079.0290527344 -111.1363677979 
1082.7656250000 -111.1416244507 
1086.5157470703 -111.1163406372 
1090.2788085938 -111.0751876831 
1094.0549316406 -111.0244522095 
1097.8435058594 -110.9806823730 
1101.6458740234 -110.9638366699 
1105.4614257813 -110.9723968506 
1109.2901611328 -111.0047454834 
1113.1314697266 -111.0505371094 
1116.9866943359 -111.0611343384 
1120.8553466797 -111.0021972656 
1124.7374267578 -110.8469238281 
1128.6323242188 -110.5404968262 
1132.5412597656 -110.1026382446 
1136.4637451172 -109.6298904419 
1140.3997802734 -109.1796951294 
1144.3488769531 -108.8195419312 
1148.3123779297 -108.6880569458 
1152.2894287109 -108.7531356812 
1156.2803955078 -109.0049514771 
1160.2844238281 -109.4207153320 
1164.3029785156 -109.9589080811 
1168.3355712891 -110.4836196899 
1172.3819580078 -110.9033660889 
1176.4418945313 -111.1813812256 
1180.5163574219 -111.3028793335 
1184.6051025391 -111.2740554810 
1188.7078857422 -111.1431884766 
1192.8243408203 -110.9373321533 
1196.9555664063 -110.6651840210 
1201.1011962891 -110.3424224854 
1205.2611083984 -110.0016860962 
1209.4348144531 -109.7289657593 
1213.6236572266 -109.5712966919 
1217.8270263672 -109.5422210693 
1222.0449218750 -109.6228713989 
1226.2767333984 -109.7596817017 
1230.5238037109 -109.8422164917 
1234.7857666016 -109.7554550171 
1239.0623779297 -109.5461349487 
1243.3531494141 -109.3047637939 
1247.6594238281 -109.1294403076 
1251.9805908203 -109.1001892090 
1256.3167724609 -109.2546005249 
1260.6679687500 -109.5940170288 
1265.0335693359 -110.0058135986 
1269.4149169922 -110.4182586670 
1273.8115234375 -110.7810821533 
1278.2232666016 -111.0706100464 
1282.6496582031 -111.2870254517 
1287.0920410156 -111.4437026978 
1291.5498046875 -111.5527801514 
1296.0230712891 -111.6339263916 
1300.5111083984 -111.7041320801 
1305.0152587891 -111.7721099854 
1309.5351562500 -111.8387374878 
1314.0706787109 -111.8979034424 
1318.6212158203 -111.9390563965 
1323.1881103516 -111.9506683350 
1327.7709960938 -111.9230804443 
1332.3696289063 -111.8501892090 
1336.9835205078 -111.7441635132 
1341.6141357422 -111.6351013184 
1346.2607421875 -111.5566482544 
1350.9234619141 -111.5360031128 
1355.6015625000 -111.5834808350 
1360.2966308594 -111.6884765625 
1365.0079345703 -111.8235549927 
1369.7355957031 -111.9555206299 
1374.4788818359 -112.0585174561 
1379.2392578125 -112.1222152710 
1384.0162353516 -112.1508331299 
1388.8096923828 -112.1562347412 
1393.6190185547 -112.1513061523 
1398.4456787109 -112.1461334229 
1403.2891845703 -112.1440048218 
1408.1494140625 -112.1406707764 
1413.0257568359 -112.1265716553 
1417.9196777344 -112.0899963379 
1422.8305664063 -112.0209197998 
1427.7584228516 -111.9168624878 
1432.7026367188 -111.7901458740 
1437.6647949219 -111.6705398560 
1442.6440429688 -111.5973663330 
1447.6405029297 -111.6024703979 
1452.6535644531 -111.6939620972 
1457.6848144531 -111.8499603271 
1462.7333984375 -112.0271148682 
1467.7995605469 -112.1807098389 
1472.8823242188 -112.3165054321 
1477.9836425781 -112.3414688110 
1483.1025390625 -112.3263244629 
1488.2392578125 -112.2874298096 
1493.3928222656 -112.2453002930 
1498.5651855469 -112.2225570679 
1503.7553710938 -112.2354583740 
1508.9635009766 -112.2846755981 
1514.1889648438 -112.3493728638 
1519.4332275391 -112.3846893311 
1524.6958007813 -112.3288803101 
1529.9764404297 -112.1351318359 
1535.2746582031 -111.8200073242 
1540.5920410156 -111.4776458740 
1545.9277343750 -111.2331695557 
1551.2819824219 -111.1794738770 
1556.6539306641 -111.3410491943 
1562.0452880859 -111.6671524048 
1567.4554443359 -112.0495452881 
1572.8842773438 -112.3701019287 
1578.3309326172 -112.5623855591 
1583.7974853516 -112.6356964111 
1589.2828369141 -112.6325454712 
1594.7872314453 -112.6061553955 
1600.3107910156 -112.5882568359 
1605.8524169922 -112.5644378662 
1611.4143066406 -112.5328140259 
1616.9953613281 -112.5005340576 
1622.5957031250 -112.4809570313 
1628.2145996094 -112.4849166870 
1633.8538818359 -112.5117950439 
1639.5125732422 -112.5475921631 
1645.1910400391 -112.5768432617 
1650.8881835938 -112.5755157471 
1656.6059570313 -112.5782775879 
1662.3435058594 -112.6039199829 
1668.1009521484 -112.6544723511 
1673.8774414063 -112.7184143066 
1679.6748046875 -112.7779235840 
1685.4923095703 -112.8177413940 
1691.3299560547 -112.8267669678 
1697.1867675781 -112.8026733398 
1703.0649414063 -112.7850112915 
1708.9635009766 -112.7746810913 
1714.8823242188 -112.7653274536 
1720.8208007813 -112.7424163818 
1726.7807617188 -112.6527862549 
1732.7614746094 -112.5143127441 
1738.7628173828 -112.4175338745 
1744.7839355469 -112.3505249023 
1750.8269042969 -112.3396377563 
1756.8908691406 -112.4653930664 
1762.9757080078 -112.7037734985 
1769.0808105469 -112.8732147217 
1775.2078857422 -112.9884567261 
1781.3562011719 -113.0175399780 
1787.5258789063 -112.9190139771 
1793.7159423828 -112.7876281738 
1799.9283447266 -112.7469100952 
1806.1623535156 -112.7629852295 
1812.4178466797 -112.8268280029 
1818.6940917969 -112.9508819580 
1824.9930419922 -113.0063552856 
1831.3138427734 -112.9349365234 
1837.6564941406 -112.7759628296 
1844.0201416016 -112.4999084473 
1850.4068603516 -112.3638534546 
1856.8156738281 -112.4236526489 
1863.2467041016 -112.5715789795 
1869.6988525391 -112.8264694214 
1876.1745605469 -113.0041961670 
1882.6726074219 -113.0464096069 
1889.1931152344 -113.0243835449 
1895.7352294922 -112.9536285400 
1902.3010253906 -112.8845214844 
1908.8895263672 -112.7917785645 
1915.5008544922 -112.6121215820 
1922.1340332031 -112.4665222168 
1928.7912597656 -112.4524154663 
1935.4715576172 -112.5564575195 
1942.1749267578 -112.6800918579 
1948.9005126953 -112.7077102661 
1955.6505126953 -112.6854095459 
1962.4238281250 -112.6927795410 
1969.2205810547 -112.7469406128 
1976.0397949219 -112.8009338379 
1982.8836669922 -112.6996765137 
1989.7513427734 -112.5349044800 
1996.6427001953 -112.3870315552 
2003.5579833984 -112.5274047852 
2010.4960937500 -112.8135604858 
2017.4593505859 -113.2502136230 
2024.4467773438 -113.4294662476 
2031.4583740234 -113.2559356689 
2038.4930419922 -113.0270385742 
2045.5533447266 -112.9465560913 
2052.6379394531 -112.9847946167 
2059.7473144531 -113.1325683594 
2066.8798828125 -113.3159408569 
2074.0385742188 -113.4828491211 
2081.2219238281 -113.5738601685 
2088.4299316406 -113.6761627197 
2095.6621093750 -113.7614135742 
2102.9201660156 -113.8743438721 
2110.2036132813 -114.0250015259 
2117.5122070313 -114.1635971069 
2124.8449707031 -114.2240295410 
2132.2043457031 -114.1954345703 
2139.5891113281 -114.1017074585 
2146.9995117188 -114.0418319702 
2154.4343261719 -114.1013336182 
2161.8959960938 -114.2337417603 
2169.3837890625 -114.3420104980 
2176.8972167969 -114.3518142700 
2184.4355468750 -114.2457122803 
2192.0014648438 -114.1350097656 
2199.5932617188 -114.1505126953 
2207.2114257813 -114.3011474609 
2214.8547363281 -114.5110168457 
2222.5258789063 -114.6524963379 
2230.2233886719 -114.6815872192 
2237.9477539063 -114.6804122925 
2245.6975097656 -114.7114334106 
2253.4753417969 -114.7966766357 
2261.2802734375 -114.9483413696 
2269.1120605469 -115.1154937744 
2276.9697265625 -115.2166290283 
2284.8559570313 -115.2293472290 
2292.7695312500 -115.1841735840 
2300.7104492188 -115.1711349487 
2308.6774902344 -115.2149429321 
2316.6735839844 -115.2701416016 
2324.6972656250 -115.3082199097 
2332.7485351563 -115.3172225952 
2340.8266601563 -115.3183975220 
2348.9340820313 -115.3455276489 
2357.0695800781 -115.4146423340 
2365.2331542969 -115.5027694702 
2373.4235839844 -115.5827941895 
2381.6440429688 -115.6314849854 
2389.8925781250 -115.6293869019 
2398.1699218750 -115.6479873657 
2406.4746093750 -115.6514968872 
2414.8093261719 -115.2012634277 
2423.1728515625 -113.3197555542 
2431.5654296875 -111.6401748657 
2439.9855957031 -110.7376861572 
2448.4365234375 -111.2170791626 
2456.9165039063 -112.7353973389 
2465.4260253906 -114.4984359741 
2473.9633789063 -115.8725967407 
2482.5319824219 -116.1137237549 
2491.1301269531 -116.1554794312 
2499.7580566406 -116.2306671143 
2508.4143066406 -116.3383712769 
2517.1020507813 -116.3949813843 
2525.8200683594 -116.3876266479 
2534.5681152344 -116.3067092896 
2543.3464355469 -116.2361068726 
2552.1538085938 -116.2107009888 
2560.9931640625 -116.2487487793 
2569.8630371094 -116.3031158447 
2578.7636718750 -116.3337860107 
2587.6936035156 -116.3855056763 
2596.6560058594 -116.4729003906 
2605.6494140625 -116.5190505981 
2614.6738281250 -116.5375289917 
2623.7282714844 -116.5765151978 
2632.8154296875 -116.6059646606 
2641.9340820313 -116.5057601929 
2651.0842285156 -116.3587646484 
2660.2646484375 -116.3280944824 
2669.4785156250 -116.3843917847 
2678.7241210938 -116.4830627441 
2688.0017089844 -116.5676727295 
2697.3100585938 -116.6034927368 
2706.6518554688 -116.5490875244 
2716.0263671875 -116.4802551270 
2725.4331054688 -116.4187927246 
2734.8710937500 -116.3544998169 
2744.3432617188 -116.3418579102 
2753.8481445313 -116.4470748901 
2763.3859863281 -116.6373519897 
2772.9553222656 -116.7557220459 
2782.5593261719 -116.7052307129 
2792.1965332031 -116.5996093750 
2801.8671875000 -116.5098037720 
2811.5698242188 -116.4760894775 
2821.3073730469 -116.5343627930 
2831.0788574219 -116.5793838501 
2840.8842773438 -116.5521392822 
2850.7219238281 -116.6081390381 
2860.5952148438 -116.7703170776 
2870.5029296875 -116.7538757324 
2880.4448242188 -116.5739059448 
2890.4194335938 -116.5766296387 
2900.4301757813 -116.7666091919 
2910.4758300781 -116.8506317139 
2920.5561523438 -116.7800827026 
2930.6696777344 -116.7534484863 
2940.8198242188 -116.7875518799 
2951.0053710938 -116.7604675293 
2961.2260742188 -116.7579574585 
2971.4804687500 -116.9088745117 
2981.7719726563 -117.0010986328 
2992.0991210938 -116.8967056274 
3002.4621582031 -117.1427459717 
3012.8593750000 -117.2040786743 
3023.2944335938 -117.2723083496 
3033.7653808594 -117.3468551636 
3044.2727050781 -117.4364776611 
3054.8146972656 -117.5326538086 
3065.3950195313 -117.6408920288 
3076.0117187500 -117.7535552979 
3086.6655273438 -117.8669128418 
3097.3542480469 -117.9674835205 
3108.0817871094 -118.0520629883 
3118.8464355469 -118.1211853027 
3129.6484375000 -118.1614685059 
3140.4860839844 -118.1950607300 
3151.3630371094 -118.2206420898 
3162.2775878906 -118.2525787354 
3173.2299804688 -118.2899475098 
3184.2204589844 -118.3387298584 
3195.2470703125 -118.3921356201 
3206.3137207031 -118.4457931519 
3217.4184570313 -118.4918899536 
3228.5620117188 -118.5263671875 
3239.7421875000 -118.5529861450 
3250.9628906250 -118.5689544678 
3262.2224121094 -118.5859832764 
3273.5209960938 -118.6050567627 
3284.8569335938 -118.6343460083 
3296.2338867188 -118.6696624756 
3307.6501464844 -118.7083969116 
3319.1059570313 -118.7458877563 
3330.5998535156 -118.7757339478 
3342.1352539063 -118.7994155884 
3353.7104492188 -118.8134765625 
3365.3259277344 -118.8263397217 
3376.9797363281 -118.8415374756 
3388.6757812500 -118.8644866943 
3400.4123535156 -118.8995285034 
3412.1894531250 -118.9405441284 
3424.0056152344 -118.9869995117 
3435.8645019531 -119.0329437256 
3447.7644042969 -119.0769424438 
3459.7055664063 -119.1190567017 
3471.6860351563 -119.1608428955 
3483.7102050781 -119.2045059204 
3495.7758789063 -119.2494964600 
3507.8833007813 -119.2956695557 
3520.0307617188 -119.3404846191 
3532.2221679688 -119.3828735352 
3544.4558105469 -119.4219360352 
3556.7319335938 -119.4519577026 
3569.0485839844 -119.4698104858 
3581.4099121094 -119.4754257202 
3593.8139648438 -119.4665374756 
3606.2609863281 -119.4405899048 
3618.7490234375 -119.4087600708 
3631.2824707031 -119.3731384277 
3643.8591308594 -119.3365020752 
3656.4794921875 -119.3022155762 
3669.1416015625 -119.2724838257 
3681.8493652344 -119.2497024536 
3694.6013183594 -119.2395172119 
3707.3974609375 -119.2501907349 
3720.2358398438 -119.2768630981 
3733.1206054688 -119.3176422119 
3746.0500488281 -119.3699264526 
3759.0244140625 -119.4240798950 
3772.0415039063 -119.4728164673 
3785.1059570313 -119.5153427124 
3798.2153320313 -119.5519409180 
3811.3703613281 -119.5912399292 
3824.5688476563 -119.6423339844 
3837.8149414063 -119.7038879395 
3851.1071777344 -119.7713241577 
3864.4453125000 -119.8319549561 
3877.8273925781 -119.8582000732 
3891.2580566406 -119.8488082886 
3904.7353515625 -119.8087463379 
3918.2590332031 -119.7480468750 
3931.8276367188 -119.6872329712 
3945.4453125000 -119.6519622803 
3959.1103515625 -119.6443252563 
3972.8225097656 -119.6615142822 
3986.5822753906 -119.6975097656 
4000.3872070313 -119.7439498901 
4014.2424316406 -119.7963256836 
4028.1455078125 -119.8568344116 
4042.0969238281 -119.9282684326 
4056.0942382813 -120.0112304688 
4070.1423339844 -120.1037750244 
4084.2392578125 -120.2018508911 
4098.3847656250 -120.3045730591 
4112.5771484375 -120.4152526855 
4126.8208007813 -120.5342788696 
4141.1137695313 -120.6565246582 
4155.4565429688 -120.7707672119 
4169.8461914063 -120.8581085205 
4184.2885742188 -120.9057464600 
4198.7802734375 -120.9269714355 
4213.3227539063 -120.9368057251 
4227.9130859375 -120.9483032227 
4242.5561523438 -120.9678192139 
4257.2500000000 -120.9923858643 
4271.9951171875 -121.0105590820 
4286.7885742188 -121.0113754272 
4301.6357421875 -121.0027694702 
4316.5341796875 -120.9985504150 
4331.4843750000 -121.0112915039 
4346.4838867188 -121.0471801758 
4361.5375976563 -121.1039352417 
4376.6435546875 -121.1718368530 
4391.8017578125 -121.2372589111 
4407.0102539063 -121.2853775024 
4422.2739257813 -121.3111114502 
4437.5898437500 -121.3216400146 
4452.9594726563 -121.3287429810 
4468.3793945313 -121.3432769775 
4483.8554687500 -121.3706817627 
4499.3852539063 -121.4095993042 
4514.9687500000 -121.4532470703 
4530.6035156250 -121.4928817749 
4546.2949218750 -121.5223007202 
4562.0410156250 -121.5417785645 
4577.8413085938 -121.5576858521 
4593.6938476563 -121.5750045776 
4609.6040039063 -121.5885772705 
4625.5693359375 -121.5891571045 
4641.5898437500 -121.5751495361 
4657.6630859375 -121.5559005737 
4673.7944335938 -121.5431747437 
4689.9819335938 -121.5403289795 
4706.2255859375 -121.5405197144 
4722.5229492188 -121.5357971191 
4738.8789062500 -121.5272064209 
4755.2919921875 -121.5246429443 
4771.7617187500 -121.5363006592 
4788.2861328125 -121.5592956543 
4804.8701171875 -121.5818481445 
4821.5112304688 -121.5945739746 
4838.2104492188 -121.5980072021 
4854.9648437500 -121.5974426270 
4871.7797851563 -121.5921401978 
4888.6528320313 -121.5745162964 
4905.5844726563 -121.5554885864 
4922.5717773438 -121.5190811157 
4939.6210937500 -121.5012817383 
4956.7294921875 -121.5204696655 
4973.8964843750 -121.5661315918 
4991.1206054688 -121.6038970947 
5008.4072265625 -121.6062774658 
5025.7539062500 -121.5799407959 
5043.1601562500 -121.5605773926 
5060.6269531250 -121.6206512451 
5078.1513671875 -121.7715301514 
5095.7392578125 -121.8959426880 
5113.3881835938 -122.0119323730 
5131.0981445313 -122.1151428223 
5148.8666992188 -122.2118301392 
5166.6997070313 -122.3072433472 
5184.5942382813 -122.3989334106 
5202.5507812500 -122.4798049927 
5220.5668945313 -122.5453567505 
5238.6479492188 -122.5970993042 
5256.7915039063 -122.6412582397 
5274.9985351563 -122.6871871948 
5293.2651367188 -122.7460250854 
5311.5981445313 -122.8259582520 
5329.9946289063 -122.9254226685 
5348.4545898438 -123.0798797607 
5366.9760742188 -123.2027740479 
5385.5644531250 -123.2481994629 
5404.2167968750 -123.2631607056 
5422.9340820313 -123.2528228760 
5441.7133789063 -123.2309799194 
5460.5605468750 -123.2143325806 
5479.4726562500 -123.2105789185 
5498.4506835938 -123.2117385864 
5517.4912109375 -123.2017211914 
5536.6010742188 -123.1532592773 
5555.7768554688 -123.1018218994 
5575.0190429688 -123.0871810913 
5594.3247070313 -123.0887680054 
5613.7001953125 -123.0969772339 
5633.1430664063 -123.0957031250 
5652.6533203125 -123.0656967163 
5672.2275390625 -122.9569854736 
5691.8730468750 -122.8562393188 
5711.5869140625 -122.8559265137 
5731.3686523438 -122.9155960083 
5751.2158203125 -123.0030746460 
5771.1347656250 -123.0780029297 
5791.1230468750 -123.1323242188 
5811.1801757813 -123.1618423462 
5831.3037109375 -123.1854400635 
5851.5000000000 -123.2087020874 
5871.7666015625 -123.2215576172 
5892.1030273438 -123.2003555298 
5912.5068359375 -123.1423568726 
5932.9848632813 -123.1071395874 
5953.5332031250 -123.1024627686 
5974.1533203125 -123.1358871460 
5994.8408203125 -123.2328948975 
6015.6040039063 -123.3308105469 
6036.4384765625 -123.3708114624 
6057.3457031250 -123.3839035034 
6078.3217773438 -123.3721008301 
6099.3735351563 -123.3715896606 
6120.4985351563 -123.3980255127 
6141.6967773438 -123.4380264282 
6162.9648437500 -123.4865646362 
6184.3095703125 -123.5210266113 
6205.7290039063 -123.5622787476 
6227.2221679688 -123.6356277466 
6248.7866210938 -123.7901763916 
6270.4287109375 -123.9291763306 
6292.1459960938 -123.9655075073 
6313.9384765625 -123.9277801514 
6335.8066406250 -123.8672485352 
6357.7470703125 -123.8533096313 
6379.7666015625 -123.8624649048 
6401.8627929688 -123.8949432373 
6424.0351562500 -123.9263534546 
6446.2812500000 -123.9359817505 
6468.6074218750 -123.9184951782 
6491.0112304688 -123.8870697021 
6513.4926757813 -123.8881607056 
6536.0483398438 -123.9475479126 
6558.6855468750 -124.0150833130 
6581.4013671875 -124.0216827393 
6604.1958007813 -123.9791488647 
6627.0654296875 -123.9480209351 
6650.0175781250 -123.9679946899 
6673.0498046875 -124.0576324463 
6696.1616210938 -124.1638259888 
6719.3496093750 -124.2148513794 
6742.6220703125 -124.2001190186 
6765.9746093750 -124.1626434326 
6789.4082031250 -124.1034469604 
6812.9194335938 -124.0550689697 
6836.5156250000 -124.0339355469 
6860.1938476563 -124.0363540649 
6883.9536132813 -124.0762939453 
6907.7919921875 -124.1137237549 
6931.7167968750 -124.1202087402 
6955.7246093750 -124.1280517578 
6979.8154296875 -124.1957931519 
7003.9858398438 -124.2939224243 
7028.2436523438 -124.3372726440 
7052.5859375000 -124.3205337524 
7077.0122070313 -124.2937088013 
7101.5190429688 -124.2900772095 
7126.1147460938 -124.3106079102 
7150.7958984375 -124.3582687378 
7175.5625000000 -124.4209518433 
7200.4106445313 -124.5547409058 
7225.3491210938 -124.6796722412 
7250.3735351563 -124.7200393677 
7275.4848632813 -124.6950988770 
7300.6791992188 -124.6461944580 
7325.9648437500 -124.6167373657 
7351.3378906250 -124.6326599121 
7376.7988281250 -124.6800384521 
7402.3442382813 -124.7533111572 
7427.9819335938 -124.8323211670 
7453.7080078125 -124.8533859253 
7479.5239257813 -124.7889328003 
7505.4248046875 -124.6890335083 
7531.4194335938 -124.6524887085 
7557.5039062500 -124.7206726074 
7583.6791992188 -124.8530883789 
7609.9409179688 -124.9275894165 
7636.2973632813 -124.9968490601 
7662.7451171875 -125.0946807861 
7689.2851562500 -125.2063674927 
7715.9121093750 -125.2757568359 
7742.6357421875 -125.2525711060 
7769.4521484375 -125.1414489746 
7796.3613281250 -125.0525360107 
7823.3593750000 -124.9798507690 
7850.4550781250 -124.9047241211 
7877.6450195313 -124.8328018188 
7904.9287109375 -124.7985610962 
7932.3027343750 -124.8222579956 
7959.7758789063 -124.8671875000 
7987.3442382813 -124.9233093262 
8015.0078125000 -124.9718246460 
8042.7675781250 -124.9916687012 
8070.6191406250 -125.0174636841 
8098.5712890625 -125.1229171753 
8126.6201171875 -125.3241271973 
8154.7666015625 -125.4560546875 
8183.0053710938 -125.5279388428 
8211.3466796875 -125.5044708252 
8239.7871093750 -125.4051895142 
8268.3251953125 -125.2978668213 
8296.9570312500 -125.2274627686 
8325.6933593750 -125.2463150024 
8354.5292968750 -125.3127212524 
8383.4648437500 -125.3628616333 
8412.4960937500 -125.3001937866 
8441.6318359375 -125.2301788330 
8470.8691406250 -125.2168579102 
8500.2080078125 -125.2778549194 
8529.6425781250 -125.3560028076 
8559.1845703125 -125.4701156616 
8588.8291015625 -125.6306915283 
8618.5761718750 -125.6734924316 
8648.4218750000 -125.6269683838 
8678.3750000000 -125.5737762451 
8708.4326171875 -125.5324630737 
8738.5937500000 -125.5370178223 
8768.8544921875 -125.5672836304 
8799.2246093750 -125.5726165771 
8829.7001953125 -125.5778121948 
8860.2822265625 -125.6419219971 
8890.9638671875 -125.7375640869 
8921.7578125000 -125.7718429565 
8952.6582031250 -125.7457809448 
8983.6650390625 -125.7094802856 
9014.7744140625 -125.6920242310 
9045.9970703125 -125.6664047241 
9077.3271484375 -125.6645736694 
9108.7656250000 -125.7158279419 
9140.3085937500 -125.7145309448 
9171.9658203125 -125.6798782349 
9203.7324218750 -125.6664276123 
9235.6093750000 -125.7056655884 
9267.5908203125 -125.8391799927 
9299.6894531250 -126.0183334351 
9331.8984375000 -126.0557174683 
9364.2187500000 -125.9568786621 
9396.6464843750 -125.8985443115 
9429.1914062500 -125.9333496094 
9461.8486328125 -126.0207977295 
9494.6191406250 -126.0722808838 
9527.4980468750 -126.0556869507 
9560.4960937500 -125.9568023682 
9593.6083984375 -125.9209060669 
9626.8359375000 -126.0235290527 
9660.1718750000 -126.1010742188 
9693.6298828125 -126.0990753174 
9727.2031250000 -126.1108474731 
9760.8935546875 -126.1439666748 
9794.6943359375 -126.1349487305 
9828.6171875000 -126.0625381470 
9862.6582031250 -125.9862060547 
9896.8173828125 -125.9654769897 
9931.0888671875 -126.0001678467 
9965.4853515625 -126.0444564819 
10000.0000000000 -126.0398254395 
10034.6347656250 -126.0694198608 
10069.3886718750 -126.1128005981 
10104.2636718750 -126.1754684448 
10139.2597656250 -126.2445755005 
10174.3652343750 -126.3191223145 
10209.6035156250 -126.3920516968 
10244.9638671875 -126.4554595947 
10280.4472656250 -126.5082931519 
10316.0527343750 -126.5399093628 
10351.7822265625 -126.5505599976 
10387.6347656250 -126.5466766357 
10423.6123046875 -126.5274047852 
10459.7021484375 -126.4958877563 
10495.9287109375 -126.4612655640 
10532.2812500000 -126.4253387451 
10568.7597656250 -126.3943634033 
10605.3642578125 -126.3740539551 
10642.0947265625 -126.3655242920 
10678.9531250000 -126.3726196289 
10715.9394531250 -126.4029235840 
10753.0419921875 -126.4442520142 
10790.2841796875 -126.4934463501 
10827.6562500000 -126.5448226929 
10865.1572265625 -126.5886001587 
10902.7880859375 -126.6255187988 
10940.5498046875 -126.6560745239 
10978.4414062500 -126.6826705933 
11016.4648437500 -126.7114257813 
11054.6074218750 -126.7424240112 
11092.8945312500 -126.7751083374 
11131.3144531250 -126.8054885864 
11169.8671875000 -126.8262710571 
11208.5537109375 -126.8358001709 
11247.3740234375 -126.8329010010 
11286.3291015625 -126.8157272339 
11325.4189453125 -126.7915115356 
11364.6308593750 -126.7687759399 
11403.9921875000 -126.7515487671 
11443.4892578125 -126.7438201904 
11483.1230468750 -126.7485733032 
11522.8945312500 -126.7569885254 
11562.8037109375 -126.7652130127 
11602.8505859375 -126.7697372437 
11643.0371093750 -126.7664031982 
11683.3486328125 -126.7533950806 
11723.8134765625 -126.7327270508 
11764.4189453125 -126.7057418823 
11805.1640625000 -126.6746902466 
11846.0507812500 -126.6445922852 
11887.0791015625 -126.6247711182 
11928.2490234375 -126.6194915771 
11969.5625000000 -126.6310577393 
12011.0048828125 -126.6598434448 
12052.6044921875 -126.7043457031 
12094.3486328125 -126.7582702637 
12136.2363281250 -126.8113327026 
12178.2695312500 -126.8571166992 
12220.4492187500 -126.8902053833 
12262.7734375000 -126.9068984985 
12305.2451171875 -126.9051208496 
12347.8505859375 -126.8912963867 
12390.6162109375 -126.8754119873 
12433.5312500000 -126.8635559082 
12476.5937500000 -126.8596878052 
12519.8056640625 -126.8655014038 
12563.1679687500 -126.8807525635 
12606.6796875000 -126.9063720703 
12650.3427734375 -126.9399337769 
12694.1562500000 -126.9796295166 
12738.1074218750 -127.0223770142 
12782.2255859375 -127.0648040771 
12826.4960937500 -127.1043090820 
12870.9199218750 -127.1400833130 
12915.4980468750 -127.1727142334 
12960.2304687500 -127.2021560669 
13005.1171875000 -127.2263641357 
13050.1601562500 -127.2427520752 
13095.3447265625 -127.2496795654 
13140.6992187500 -127.2466888428 
13186.2119140625 -127.2342453003 
13231.8818359375 -127.2134170532 
13277.7099609375 -127.1863861084 
13323.6962890625 -127.1587219238 
13369.8427734375 -127.1411437988 
13416.1484375000 -127.1426162720 
13462.5996093750 -127.1669540405 
13509.2265625000 -127.2111968994 
13556.0156250000 -127.2671890259 
13602.9658203125 -127.3249588013 
13650.0791015625 -127.3755722046 
13697.3554687500 -127.4119567871 
13744.7958984375 -127.4283905029 
13792.4003906250 -127.4209976196 
13840.1542968750 -127.3905258179 
13888.0888671875 -127.3452148438 
13936.1904296875 -127.2999801636 
13984.4570312500 -127.2718811035 
14032.8916015625 -127.2689132690 
14081.4941406250 -127.2893905640 
14130.2646484375 -127.3225784302 
14179.2041015625 -127.3517456055 
14228.2978515625 -127.3599395752 
14277.5771484375 -127.3380432129 
14327.0263671875 -127.2910079956 
14376.6474609375 -127.2369613647 
14426.4404296875 -127.1979675293 
14476.4052734375 -127.1884002686 
14526.5439453125 -127.2085723877 
14576.8564453125 -127.2475585938 
14627.3261718750 -127.2920837402 
14677.9873046875 -127.3341140747 
14728.8242187500 -127.3859024048 
14779.8369140625 -127.4140701294 
14831.0253906250 -127.4321136475 
14882.3925781250 -127.4392700195 
14933.9365234375 -127.4406814575 
14985.6601562500 -127.4460067749 
15037.5458984375 -127.4650268555 
15089.6269531250 -127.5033569336 
15141.8896484375 -127.5596771240 
15194.3330078125 -127.6255645752 
15246.9580078125 -127.6886596680 
15299.7646484375 -127.7378692627 
15352.7548828125 -127.7670059204 
15405.9287109375 -127.7749938965 
15459.2695312500 -127.7644729614 
15512.8115234375 -127.7409210205 
15566.5390625000 -127.7118911743 
15620.4531250000 -127.6847076416 
15674.5546875000 -127.6635437012 
15728.8427734375 -127.6484756470 
15783.3183593750 -127.6378021240 
15837.9833984375 -127.6315383911 
15892.8369140625 -127.6378631592 
15947.8642578125 -127.6612243652 
16003.0986328125 -127.6778106689 
16058.5244140625 -127.6828155518 
16114.1425781250 -127.6724014282 
16169.9531250000 -127.6529006958 
16225.9570312500 -127.6369094849 
16282.1552734375 -127.6351089478 
16338.5478515625 -127.6501693726 
16395.1171875000 -127.6761932373 
16451.9003906250 -127.7123870850 
16508.8808593750 -127.7305297852 
16566.0585937500 -127.7337875366 
16623.4355468750 -127.7397155762 
16681.0097656250 -127.7538528442 
16738.7832031250 -127.7751464844 
16796.7578125000 -127.7965545654 
16854.9140625000 -127.8099136353 
16913.2890625000 -127.8093566895 
16971.8691406250 -127.8031463623 
17030.6503906250 -127.8071212769 
17089.6347656250 -127.8177108765 
17148.8242187500 -127.8285903931 
17208.2167968750 -127.8349609375 
17267.8183593750 -127.8423538208 
17327.6054687500 -127.8593368530 
17387.6191406250 -127.8730316162 
17447.8398437500 -127.8770446777 
17508.2695312500 -127.8660736084 
17568.9082031250 -127.8319015503 
17629.7578125000 -127.8007278442 
17690.8164062500 -127.7907562256 
17752.0878906250 -127.7934646606 
17813.5527343750 -127.8128967285 
17875.2500000000 -127.8738098145 
17937.1582031250 -127.9426116943 
17999.2832031250 -127.9685745239 
18061.6230468750 -127.9672088623 
18124.1796875000 -127.9434661865 
18186.9511718750 -127.9075698853 
18249.9414062500 -127.9128189087 
18313.1289062500 -127.9485168457 
18376.5546875000 -127.9942245483 
18440.2011718750 -128.0495605469 
18504.0683593750 -128.0836029053 
18568.1562500000 -128.1038970947 
18632.4667968750 -128.1336364746 
18697.0000000000 -128.1934661865 
18761.7558593750 -128.2416534424 
18826.7148437500 -128.2490692139 
18891.9199218750 -128.2252044678 
18957.3515625000 -128.1868438721 
19023.0097656250 -128.1638336182 
19088.8945312500 -128.1465911865 
19155.0078125000 -128.1237030029 
19221.3515625000 -128.0863037109 
19287.9238281250 -128.0446472168 
19354.7050781250 -127.9757385254 
19421.7382812500 -127.9347839355 
19489.0058593750 -127.9437637329 
19556.5039062500 -128.0046234131 
19624.2382812500 -128.0745391846 
19692.2050781250 -128.0989990234 
19760.4082031250 -128.0876159668 
19828.8476562500 -128.0484924316 
19897.5019531250 -128.0221099854 
19966.4160156250 -127.9996795654 
20035.5683593750 -127.9946212769 
20104.9609375000 -128.0011138916 
20174.5937500000 -128.0245666504 
20244.4667968750 -128.0554809570 
20314.5839843750 -128.0751800537 
20384.9414062500 -128.0749969482 
20455.5449218750 -128.0640869141 
20526.3691406250 -128.0403747559 
20597.4609375000 -128.0122375488 
20668.7988281250 -127.9862899780 
20740.3847656250 -127.9773941040 
20812.2187500000 -127.9909973145 
20884.3007812500 -128.0381622314 
20956.6328125000 -128.0935821533 
21029.2148437500 -128.1253967285 
21102.0253906250 -128.1304321289 
21175.1113281250 -128.1318206787 
21248.4492187500 -128.1541290283 
21322.0429687500 -128.1805725098 
21395.8906250000 -128.2137756348 
21469.9941406250 -128.2274932861 
21544.3554687500 -128.2168884277 
21618.9726562500 -128.1905822754 
21693.8242187500 -128.1501464844 
21768.9609375000 -128.1087951660 
21844.3574218750 -128.0776519775 
21920.0136718750 -128.0562591553 
21995.9316406250 -128.0570831299 
22072.1152343750 -128.0951995850 
22148.5605468750 -128.1823272705 
22225.2714843750 -128.2792510986 
22302.2226562500 -128.3439483643 
22379.4648437500 -128.3678436279 
22456.9746093750 -128.3389434814 
22534.7539062500 -128.2771148682 
22612.8027343750 -128.2186584473 
22691.1210937500 -128.2105560303 
22769.7109375000 -128.2904052734 
22848.5722656250 -128.4126129150 
22927.6816406250 -128.5032043457 
23007.0898437500 -128.5166473389 
23086.7753906250 -128.4984588623 
23166.7343750000 -128.5294036865 
23246.9707031250 -128.5860443115 
23327.4863281250 -128.6005554199 
23408.2792968750 -128.5209808350 
23489.3535156250 -128.4332885742 
23570.6816406250 -128.3910369873 
23652.3183593750 -128.4015197754 
23734.2363281250 -128.4468383789 
23816.4394531250 -128.4947204590 
23898.9257812500 -128.5026702881 
23981.6992187500 -128.4812011719 
24064.7578125000 -128.4429321289 
24148.1054687500 -128.4006195068 
24231.7148437500 -128.3732299805 
24315.6406250000 -128.3828277588 
24399.8574218750 -128.4064636230 
24484.3652343750 -128.4396362305 
24569.1640625000 -128.4704437256 
24654.2597656250 -128.5043487549 
24739.6484375000 -128.5091247559 
24825.3320312500 -128.4550628662 
24911.2871093750 -128.3677520752 
24997.5664062500 -128.3006896973 
25084.1445312500 -128.3298339844 
25171.0214843750 -128.3752593994 
25258.1992187500 -128.4120788574 
25345.6816406250 -128.4665679932 
25433.4648437500 -128.5223846436 
25521.5527343750 -128.5797729492 
25609.9453125000 -128.6222839355 
25698.6152343750 -128.6024475098 
25787.6210937500 -128.5613403320 
25876.9355468750 -128.5262756348 
25966.5585937500 -128.5084991455 
26056.4941406250 -128.4968109131 
26146.7382812500 -128.4758453369 
26237.2968750000 -128.4642486572 
26328.1679687500 -128.4942169189 
26419.3261718750 -128.5622253418 
26510.8281250000 -128.6268920898 
26602.6464843750 -128.6527862549 
26694.7832031250 -128.6567993164 
26787.2402343750 -128.6693572998 
26880.0156250000 -128.6842651367 
26973.1132812500 -128.6492309570 
27066.5351562500 -128.5844879150 
27160.2480468750 -128.5411987305 
27254.3164062500 -128.5002593994 
27348.7109375000 -128.4453125000 
27443.4316406250 -128.4112548828 
27538.4804687500 -128.4426574707 
27633.8593750000 -128.5038909912 
27729.5683593750 -128.4944763184 
27825.6074218750 -128.4644470215 
27921.9492187500 -128.4749298096 
28018.6562500000 -128.5013122559 
28115.6972656250 -128.5416412354 
28213.0742187500 -128.5707855225 
28310.7890625000 -128.5428619385 
28408.8417968750 -128.4991455078 
28507.2343750000 -128.4897155762 
28605.9687500000 -128.4808349609 
28705.0136718750 -128.4525756836 
28804.4316406250 -128.4203643799 
28904.1933593750 -128.4179687500 
29004.3027343750 -128.4648132324 
29104.7578125000 -128.5114135742 
29205.5605468750 -128.5082244873 
29306.7128906250 -128.4628448486 
29408.2148437500 -128.4003601074 
29510.0371093750 -128.3661804199 
29612.2441406250 -128.3813476563 
29714.8046875000 -128.4339904785 
29817.7207031250 -128.5173950195 
29920.9921875000 -128.5540618896 
30024.6230468750 -128.6894073486 
30128.6113281250 -128.7287292480 
30232.9609375000 -128.7571411133 
30337.6367187500 -128.7755279541 
30442.7109375000 -128.7716064453 
30548.1464843750 -128.7606658936 
30653.9492187500 -128.7385406494 
30760.1171875000 -128.7123870850 
30866.6542968750 -128.6840057373 
30973.5585937500 -128.6515502930 
31080.8339843750 -128.6145782471 
31188.4472656250 -128.5732574463 
31296.4667968750 -128.5234985352 
31404.8613281250 -128.4730682373 
31513.6308593750 -128.4225463867 
31622.7773437500 -128.3825531006 
31732.3007812500 -128.3509063721 
31842.2031250000 -128.3362579346 
31952.4882812500 -128.3393859863 
32063.1542968750 -128.3532409668 
32174.1679687500 -128.3835296631 
32285.6015625000 -128.4204101563 
32397.4218750000 -128.4606170654 
32509.6289062500 -128.4995574951 
32622.2246093750 -128.5315399170 
32735.2089843750 -128.5573120117 
32848.5859375000 -128.5685577393 
32962.3554687500 -128.5689849854 
33076.4843750000 -128.5609741211 
33191.0429687500 -128.5407409668 
33305.9960937500 -128.5154418945 
33421.3515625000 -128.4876708984 
33537.1054687500 -128.4605560303 
33653.2578125000 -128.4400482178 
33769.8164062500 -128.4262695313 
33886.7773437500 -128.4240722656 
34004.1054687500 -128.4371490479 
34121.8750000000 -128.4590454102 
34240.0546875000 -128.4899902344 
34358.6445312500 -128.5221252441 
34477.6445312500 -128.5469207764 
34597.0546875000 -128.5626525879 
34716.8789062500 -128.5584106445 
34837.1210937500 -128.5435638428 
34957.7382812500 -128.5225372314 
35078.8125000000 -128.4986877441 
35200.3085937500 -128.4763641357 
35322.2226562500 -128.4532928467 
35444.5585937500 -128.4285888672 
35567.3203125000 -128.3981018066 
35690.5039062500 -128.3672180176 
35814.1171875000 -128.3404541016 
35938.1171875000 -128.3224792480 
36062.5898437500 -128.3260345459 
36187.4921875000 -128.3422393799 
36312.8242187500 -128.3687286377 
36438.5898437500 -128.4026184082 
36564.7968750000 -128.4394226074 
36691.4375000000 -128.4784545898 
36818.5156250000 -128.5200805664 
36945.9921875000 -128.5655212402 
37073.9531250000 -128.6118011475 
37202.3593750000 -128.6533203125 
37331.2070312500 -128.6867370605 
37460.5000000000 -128.7068634033 
37590.2460937500 -128.7071533203 
37720.4375000000 -128.6938934326 
37851.0781250000 -128.6683654785 
37982.1328125000 -128.6321411133 
38113.6835937500 -128.5855560303 
38245.6875000000 -128.5359344482 
38378.1484375000 -128.4879455566 
38511.0703125000 -128.4461975098 
38644.4531250000 -128.4182281494 
38778.2968750000 -128.4135437012 
38912.6015625000 -128.4276275635 
39047.3320312500 -128.4556884766 
39182.5703125000 -128.4902954102 
39318.2773437500 -128.5160522461 
39454.4531250000 -128.5146179199 
39591.1015625000 -128.4900817871 
39728.2265625000 -128.4518127441 
39865.8203125000 -128.4130554199 
40003.8945312500 -128.3922119141 
40142.4453125000 -128.4016876221 
40281.4335937500 -128.4255676270 
40420.9453125000 -128.4491424561 
40560.9414062500 -128.4588317871 
40701.4257812500 -128.4446411133 
40842.3906250000 -128.4033660889 
40983.8476562500 -128.3507080078 
41125.7929687500 -128.3006896973 
41268.2304687500 -128.2620544434 
41411.1171875000 -128.2409667969 
41554.5390625000 -128.2407226563 
41698.4648437500 -128.2635650635 
41842.8828125000 -128.3072967529 
41987.8046875000 -128.3625488281 
42133.2265625000 -128.4211425781 
42279.1523437500 -128.4749298096 
42425.5859375000 -128.5178222656 
42572.4765625000 -128.5476074219 
42719.9257812500 -128.5663146973 
42867.8828125000 -128.5761871338 
43016.3554687500 -128.5750732422 
43165.3398437500 -128.5573883057 
43314.8437500000 -128.5210571289 
43464.8593750000 -128.4698791504 
43615.3984375000 -128.4125061035 
43766.4101562500 -128.3589477539 
43917.9960937500 -128.3160858154 
44070.1015625000 -128.2875518799 
44222.7382812500 -128.2732086182 
44375.9023437500 -128.2717742920 
44529.5937500000 -128.2804107666 
44683.8203125000 -128.2944183350 
44838.5820312500 -128.3099975586 
44993.8281250000 -128.3267974854 
45149.6601562500 -128.3472442627 
45306.0351562500 -128.3721618652 
45462.9492187500 -128.3968658447 
45620.4101562500 -128.4132385254 
45778.4140625000 -128.4187011719 
45936.9648437500 -128.4230499268 
46096.0664062500 -128.4398498535 
46255.6679687500 -128.4694061279 
46415.8710937500 -128.4964294434 
46576.6289062500 -128.4988098145 
46737.9453125000 -128.4616699219 
46899.8203125000 -128.3869018555 
47062.2578125000 -128.2929840088 
47225.2539062500 -128.2057952881 
47388.8164062500 -128.1464233398 
47552.8945312500 -128.1223449707 
47717.5898437500 -128.1260986328 
47882.8593750000 -128.1413574219 
48048.6992187500 -128.1509094238 
48215.1132812500 -128.1423339844 
48382.1054687500 -128.1118164063 
48549.6718750000 -128.0670928955 
48717.8242187500 -128.0258789063 
48886.5000000000 -128.0066680908 
49055.8164062500 -128.0073547363 
49225.7187500000 -128.0381622314 
49396.2109375000 -128.0867309570 
49567.2929687500 -128.1385803223 
49738.9648437500 -128.1813354492 
49911.2343750000 -128.2059326172 
50084.1015625000 -128.2074584961 
50257.5664062500 -128.1873626709 
50431.5742187500 -128.1548614502 
50606.2421875000 -128.1140594482 
50781.5156250000 -128.0979461670 
50957.3945312500 -128.0997161865 
51133.8828125000 -128.1080169678 
51310.9804687500 -128.1266326904 
51488.6953125000 -128.1577301025 
51667.0234375000 -128.1953887939 
51845.9140625000 -128.2285919189 
52025.4804687500 -128.2483978271 
52205.6679687500 -128.2496795654 
52386.4804687500 -128.2270355225 
52567.9179687500 -128.1743621826 
52749.9843750000 -128.0936126709 
52932.6796875000 -128.0041656494 
53116.0117187500 -127.9387893677 
53299.9179687500 -127.9246749878 
53484.5195312500 -128.0001678467 
53669.7617187500 -128.1019439697 
53855.6445312500 -128.1389617920 
54042.1679687500 -128.1437835693 
54229.3398437500 -128.1304321289 
54417.1640625000 -128.1183166504 
54605.6328125000 -128.1224975586 
54794.6992187500 -128.1478118896 
54984.4765625000 -128.1879882813 
55174.9140625000 -128.2306976318 
55366.0078125000 -128.2732543945 
55557.7656250000 -128.2775573730 
55750.1875000000 -128.2488250732 
55943.2773437500 -128.1982879639 
56137.0351562500 -128.1343078613 
56331.3984375000 -128.0686950684 
56526.5000000000 -128.0131530762 
56722.2773437500 -127.9710922241 
56918.7343750000 -127.9769363403 
57115.8671875000 -128.0027465820 
57313.6875000000 -128.0275573730 
57512.1914062500 -128.0382690430 
57711.3789062500 -128.0319671631 
57911.1992187500 -128.0082397461 
58111.7695312500 -127.9881439209 
58313.0390625000 -127.9755630493 
58515.0039062500 -127.9561767578 
58717.6679687500 -127.9258880615 
58921.0312500000 -127.8568115234 
59125.1015625000 -127.7703247070 
59329.8789062500 -127.7169952393 
59535.3007812500 -127.6888198853 
59741.5000000000 -127.6991500854 
59948.4101562500 -127.7763061523 
60156.0390625000 -127.8610076904 
60364.3867187500 -127.8875503540 
60573.4570312500 -127.8841705322 
60783.2500000000 -127.8395843506 
60993.7695312500 -127.7729492188 
61204.9531250000 -127.7179946899 
61416.9335937500 -127.6630859375 
61629.6484375000 -127.6115951538 
61843.0976562500 -127.5993041992 
62057.2890625000 -127.6017684937 
62272.2226562500 -127.6025238037 
62487.8984375000 -127.6149597168 
62704.3203125000 -127.6552429199 
62921.4257812500 -127.6970748901 
63139.3515625000 -127.7551803589 
63358.0312500000 -127.7876510620 
63577.4687500000 -127.7882003784 
63797.6679687500 -127.7827529907 
64018.6289062500 -127.7996368408 
64240.3554687500 -127.8548507690 
64462.8476562500 -127.8933639526 
64686.1093750000 -127.8849029541 
64910.0781250000 -127.8092117310 
65134.8906250000 -127.7528381348 
65360.4804687500 -127.7083358765 
65586.8515625000 -127.6774215698 
65814.0156250000 -127.6379089355 
66041.9531250000 -127.5528640747 
66270.6875000000 -127.4843215942 
66500.2109375000 -127.4743881226 
66730.4609375000 -127.5117721558 
66961.5781250000 -127.5640487671 
67193.5000000000 -127.5645904541 
67426.2187500000 -127.4869613647 
67659.7500000000 -127.3972320557 
67894.0859375000 -127.2944717407 
68129.2343750000 -127.2845458984 
68365.1953125000 -127.3435974121 
68601.8984375000 -127.4723129272 
68839.5000000000 -127.5757064819 
69077.9218750000 -127.5946044922 
69317.1718750000 -127.5668487549 
69557.2421875000 -127.5517120361 
69798.1562500000 -127.5718536377 
70039.8984375000 -127.6000137329 
70282.4765625000 -127.5536804199 
70525.8203125000 -127.4688949585 
70770.0859375000 -127.4440231323 
71015.1875000000 -127.4829406738 
71261.1484375000 -127.5251846313 
71507.9609375000 -127.5247268677 
71755.6250000000 -127.4958496094 
72004.1484375000 -127.4331512451 
72253.5312500000 -127.3638458252 
72503.6953125000 -127.2954406738 
72754.8125000000 -127.2665557861 
73006.7890625000 -127.3338851929 
73259.6484375000 -127.4334030151 
73513.3828125000 -127.4561004639 
73767.9921875000 -127.3986511230 
74023.4843750000 -127.3223419189 
74279.8593750000 -127.2754898071 
74537.0390625000 -127.2409286499 
74795.1953125000 -127.1825256348 
75054.2500000000 -127.0976867676 
75314.1953125000 -127.0244827271 
75575.0390625000 -127.0080413818 
75836.7890625000 -127.0721588135 
76099.4453125000 -127.1314544678 
76363.0156250000 -127.1481246948 
76627.4140625000 -127.1652069092 
76892.8046875000 -127.2314224243 
77159.1250000000 -127.2988739014 
77426.3593750000 -127.2829284668 
77694.5234375000 -127.1953506470 
77963.6093750000 -127.1596298218 
78233.6328125000 -127.1626205444 
78504.5937500000 -127.1737823486 
78776.4062500000 -127.1897506714 
79049.2421875000 -127.2050399780 
79323.0234375000 -127.2040939331 
79597.7578125000 -127.2255859375 
79873.4453125000 -127.2717361450 
80150.0781250000 -127.2804641724 
80427.6796875000 -127.2228088379 
80706.2343750000 -127.1914291382 
80985.7578125000 -127.1803970337 
81266.1562500000 -127.1544189453 
81547.6171875000 -127.1330947876 
81830.0546875000 -127.0821838379 
82113.4687500000 -126.9407882690 
82397.8671875000 -126.8248901367 
82683.2500000000 -126.7445068359 
82969.6171875000 -126.6880111694 
83256.9765625000 -126.6841888428 
83545.2421875000 -126.7139663696 
83834.6015625000 -126.8094024658 
84124.9531250000 -126.9691772461 
84416.3203125000 -127.0744247437 
84708.6875000000 -127.1074447632 
85002.0781250000 -127.0492858887 
85296.4765625000 -126.9296646118 
85591.8984375000 -126.7541885376 
85888.2500000000 -126.5321655273 
86185.7187500000 -126.4393920898 
86484.2187500000 -126.4981842041 
86783.7500000000 -126.6322708130 
87084.3203125000 -126.7339935303 
87385.9375000000 -126.7139587402 
87688.5937500000 -126.6978454590 
87992.2968750000 -126.6771316528 
88296.9609375000 -126.6328201294 
88602.7734375000 -126.6306304932 
88909.6406250000 -126.7085266113 
89217.5781250000 -126.7436218262 
89526.5781250000 -126.7117691040 
89836.6484375000 -126.6395874023 
90147.7968750000 -126.5651626587 
90460.0156250000 -126.5825424194 
90773.2187500000 -126.6229858398 
91087.6093750000 -126.6568756104 
91403.0859375000 -126.7353668213 
91719.6562500000 -126.7773437500 
92037.3281250000 -126.7468719482 
92356.0937500000 -126.6431503296 
92675.9609375000 -126.5435867310 
92996.9453125000 -126.4110107422 
93318.9296875000 -126.0277328491 
93642.1328125000 -125.7142639160 
93966.4609375000 -125.9225234985 
94291.9062500000 -126.2910995483 
94618.4843750000 -126.3676910400 
94946.1953125000 -126.3183517456 
95275.0312500000 -126.2922286987 
95605.0156250000 -126.2945709229 
95936.0312500000 -126.3094635010 
96268.3046875000 -126.3411560059 
96601.7265625000 -126.3549423218 
96936.2968750000 -126.2734375000 
97272.0312500000 -126.1756515503 
97608.9296875000 -126.2272644043 
97946.9921875000 -126.4037246704 
98286.2265625000 -126.5248413086 
98626.5312500000 -126.4467163086 
98968.1171875000 -126.2972717285 
99310.8906250000 -126.2566375732 
99654.8515625000 -126.3221282959 
100000.0000000000 -126.2329025269 
100346.3437500000 -126.2595977783 
100693.8906250000 -126.2894134521 
101042.6406250000 -126.3192672729 
101392.5937500000 -126.3470306396 
101743.6562500000 -126.3723297119 
102096.0390625000 -126.3906402588 
102449.6406250000 -126.4026260376 
102804.4687500000 -126.4084396362 
103160.5312500000 -126.4042434692 
103517.8203125000 -126.3921279907 
103876.3515625000 -126.3754119873 
104236.1250000000 -126.3547134399 
104597.0234375000 -126.3337402344 
104959.2890625000 -126.3145599365 
105322.8125000000 -126.2978210449 
105687.5937500000 -126.2864303589 
106053.6406250000 -126.2806625366 
106420.9531250000 -126.2802963257 
106789.5312500000 -126.2864685059 
107159.3906250000 -126.3006439209 
107530.4218750000 -126.3162841797 
107902.8437500000 -126.3306655884 
108276.5625000000 -126.3369598389 
108651.5703125000 -126.3254089355 
109027.8828125000 -126.2983779907 
109405.4921875000 -126.2560653687 
109784.4140625000 -126.1981964111 
110164.6484375000 -126.1374130249 
110546.0781250000 -126.0811233521 
110928.9453125000 -126.0338439941 
111313.1484375000 -126.0058288574 
111698.6718750000 -125.9981155396 
112085.5390625000 -126.0057220459 
112473.7421875000 -126.0263214111 
112863.2890625000 -126.0565109253 
113254.1875000000 -126.0853729248 
113646.3125000000 -126.1055068970 
114039.9218750000 -126.1124572754 
114434.8906250000 -126.1016006470 
114831.2343750000 -126.0653381348 
115228.9453125000 -126.0161972046 
115628.0312500000 -125.9602355957 
116028.5078125000 -125.9040451050 
116430.3671875000 -125.8577651978 
116833.4921875000 -125.8317794800 
117238.1406250000 -125.8243408203 
117644.1875000000 -125.8330383301 
118051.6406250000 -125.8532485962 
118460.5078125000 -125.8757629395 
118870.7890625000 -125.8872070313 
119282.4921875000 -125.8844146729 
119695.6250000000 -125.8679885864 
120110.0546875000 -125.8414993286 
120526.0468750000 -125.8121414185 
120943.4843750000 -125.7933425903 
121362.3671875000 -125.7896881104 
121782.6953125000 -125.8003005981 
122204.4843750000 -125.8203125000 
122627.7343750000 -125.8415527344 
123052.4531250000 -125.8522872925 
123478.5000000000 -125.8456954956 
123906.1640625000 -125.8285140991 
124335.3125000000 -125.8091583252 
124765.9375000000 -125.7965927124 
125198.0625000000 -125.7981719971 
125631.6796875000 -125.8173065186 
126066.7968750000 -125.8524780273 
126503.4218750000 -125.8915100098 
126941.5625000000 -125.9271850586 
127381.0781250000 -125.9546203613 
127822.2578125000 -125.9708633423 
128264.9609375000 -125.9739837646 
128709.2031250000 -125.9620819092 
129154.9843750000 -125.9317245483 
129602.3046875000 -125.8857574463 
130051.1796875000 -125.8335647583 
130501.6015625000 -125.7870941162 
130953.4453125000 -125.7586975098 
131407.0000000000 -125.7569503784 
131862.1250000000 -125.7828445435 
132318.8125000000 -125.8275375366 
132777.0937500000 -125.8738174438 
133236.9687500000 -125.9009704590 
133698.4218750000 -125.8989791870 
134161.4843750000 -125.8758773804 
134626.0000000000 -125.8456344604 
135092.2656250000 -125.8226394653 
135560.1562500000 -125.8169097900 
136029.6562500000 -125.8312149048 
136500.7968750000 -125.8600082397 
136973.5625000000 -125.8909378052 
137447.9531250000 -125.9096298218 
137924.0000000000 -125.9068069458 
138401.5468750000 -125.8840713501 
138880.8906250000 -125.8536453247 
139361.9062500000 -125.8319168091 
139844.5781250000 -125.8319091797 
140328.9218750000 -125.8537368774 
140814.9375000000 -125.8890457153 
141302.6406250000 -125.9248809814 
141792.0468750000 -125.9495544434 
142282.9843750000 -125.9573898315 
142775.7656250000 -125.9493408203 
143270.2656250000 -125.9297943115 
143766.4687500000 -125.9031143188 
144264.4062500000 -125.8733978271 
144764.0625000000 -125.8463287354 
145265.4375000000 -125.8290863037 
145768.5625000000 -125.8263702393 
146273.2656250000 -125.8360290527 
146779.8750000000 -125.8490524292 
147288.2343750000 -125.8548355103 
147798.3593750000 -125.8398437500 
148310.2500000000 -125.8124694824 
148823.9218750000 -125.7791137695 
149339.3750000000 -125.7455444336 
149856.5937500000 -125.7153015137 
150375.4531250000 -125.6907348633 
150896.2656250000 -125.6744155884 
151418.8906250000 -125.6679306030 
151943.3281250000 -125.6687774658 
152469.5781250000 -125.6701431274 
152997.6406250000 -125.6667327881 
153527.5468750000 -125.6622085571 
154059.2812500000 -125.6693115234 
154592.6875000000 -125.6996002197 
155128.1093750000 -125.7502899170 
155665.3906250000 -125.7998886108 
156204.5312500000 -125.8195343018 
156745.5468750000 -125.7943115234 
157288.4218750000 -125.7370529175 
157833.1875000000 -125.6812438965 
158379.8281250000 -125.6589279175 
158928.3750000000 -125.7061309814 
159478.6406250000 -125.7759170532 
160030.9843750000 -125.7835998535 
160585.2500000000 -125.7447814941 
161141.4218750000 -125.6740417480 
161699.5312500000 -125.5963821411 
162259.5781250000 -125.5312652588 
162821.5468750000 -125.4863433838 
163385.4687500000 -125.4607238770 
163951.1718750000 -125.4506530762 
164519.0156250000 -125.4578170776 
165088.8125000000 -125.4795150757 
165660.5937500000 -125.4994506836 
166234.3437500000 -125.5213851929 
166810.0937500000 -125.5441894531 
167387.8281250000 -125.5677490234 
167967.5781250000 -125.5939254761 
168549.1406250000 -125.6257781982 
169132.9062500000 -125.6824798584 
169718.6875000000 -125.7289199829 
170306.5000000000 -125.7379379272 
170896.3437500000 -125.7282562256 
171488.2343750000 -125.7057647705 
172082.1718750000 -125.6766586304 
172678.1718750000 -125.6279144287 
173276.0468750000 -125.5811386108 
173876.1875000000 -125.5548706055 
174478.3906250000 -125.5286254883 
175082.6875000000 -125.4932937622 
175689.0781250000 -125.4073715210 
176297.5781250000 -125.3008499146 
176908.1718750000 -125.2357788086 
177520.8906250000 -125.1863327026 
178135.5312500000 -125.1527786255 
178752.4843750000 -125.1279296875 
179371.5937500000 -125.1345062256 
179992.8437500000 -125.1727600098 
180616.2343750000 -125.2429656982 
181241.7968750000 -125.3386459351 
181869.5156250000 -125.4868927002 
182499.4062500000 -125.5813827515 
183131.2812500000 -125.5076904297 
183765.5468750000 -124.9797897339 
184402.0156250000 -121.7653045654 
185040.6875000000 -117.5191421509 
185681.5625000000 -114.8176574707 
186324.6718750000 -112.7626876831 
186969.9843750000 -111.1114807129 
187617.5468750000 -110.9403457642 
188267.1562500000 -111.7905654907 
188919.2031250000 -114.3539810181 
189573.5156250000 -118.4710311890 
190230.0937500000 -121.4531326294 
190888.9531250000 -123.7503128052 
191550.0937500000 -124.9960556030 
192213.5156250000 -125.2648849487 
192879.2343750000 -125.3221817017 
193547.0468750000 -125.3497238159 
194217.3906250000 -125.3301620483 
194890.0468750000 -125.3073730469 
195565.0468750000 -125.2801208496 
196242.3750000000 -125.2601394653 
196922.0468750000 -125.2529983521 
197604.0781250000 -125.2560501099 
198288.4843750000 -125.2662811279 
198975.0156250000 -125.2685089111 
199664.1562500000 -125.2560501099 
200355.6875000000 -125.2358627319 
201049.6093750000 -125.2298507690 
201745.9375000000 -125.2540969849 
202444.6718750000 -125.3073120117 
203145.8281250000 -125.3408813477 
203849.4218750000 -125.3155136108 
204555.4375000000 -125.2641601563 
205263.6875000000 -125.1777267456 
205974.6093750000 -125.1056137085 
206688.0000000000 -125.0680999756 
207403.8437500000 -125.0709915161 
208122.1875000000 -125.0986251831 
208843.0000000000 -125.1498260498 
209566.3125000000 -125.1850280762 
210292.1406250000 -125.1944351196 
211020.2500000000 -125.1983337402 
211751.1093750000 -125.2092514038 
212484.5000000000 -125.2201690674 
213220.4218750000 -125.2166519165 
213958.9062500000 -125.1856613159 
214699.9375000000 -125.1447448730 
215443.5468750000 -125.1285095215 
216189.7343750000 -125.1407470703 
216938.2500000000 -125.1542205811 
217689.6093750000 -125.1355056763 
218443.5625000000 -125.0768280029 
219200.1406250000 -125.0172119141 
219959.3281250000 -125.0046310425 
220721.1406250000 -125.0545501709 
221485.5937500000 -125.1634063721 
222252.7031250000 -125.2700347900 
223022.2187500000 -125.3208465576 
223794.6562500000 -125.3192596436 
224569.7500000000 -125.2597503662 
225347.5468750000 -125.1576080322 
226128.0156250000 -125.0202026367 
226911.2031250000 -124.8836059570 
227697.0937500000 -124.7859954834 
228485.7187500000 -124.7446136475 
229276.8125000000 -124.7739181519 
230070.9062500000 -124.8445739746 
230867.7500000000 -124.8751373291 
231667.3437500000 -124.8718872070 
232469.7187500000 -124.8519668579 
233274.8593750000 -124.8236770630 
234082.7968750000 -124.8047561646 
234893.5312500000 -124.8212585449 
235706.8281250000 -124.8672180176 
236523.1875000000 -124.9270858765 
237342.3750000000 -124.9813308716 
238164.3906250000 -125.0144958496 
238989.2656250000 -125.0167388916 
239816.9843750000 -125.0115203857 
240647.5937500000 -124.9918441772 
241481.0625000000 -124.9355316162 
242317.1562500000 -124.8205718994 
243156.4062500000 -124.7419586182 
243998.5625000000 -124.7046508789 
244843.6406250000 -124.6744842529 
245691.6562500000 -124.6351470947 
246542.5937500000 -124.5913543701 
247396.4843750000 -124.5708618164 
248253.3281250000 -124.5857696533 
249112.8593750000 -124.6080703735 
249975.6562500000 -124.6425247192 
250841.4375000000 -124.7045669556 
251710.2187500000 -124.7535324097 
252582.0000000000 -124.7723083496 
253456.8125000000 -124.7523269653 
254334.6406250000 -124.7170181274 
255215.5156250000 -124.6806335449 
256099.4531250000 -124.6470642090 
256986.1562500000 -124.6117630005 
257876.2187500000 -124.5610504150 
258769.3593750000 -124.4971923828 
259665.5937500000 -124.4441528320 
260564.9375000000 -124.4180603027 
261467.3906250000 -124.3734054565 
262372.9687500000 -124.3107376099 
263281.6875000000 -124.3238525391 
264193.2500000000 -124.5359191895 
265108.2812500000 -124.8030624390 
266026.4687500000 -124.8964080811 
266947.8437500000 -124.8335189819 
267872.4062500000 -124.6485900879 
268800.1562500000 -124.5070495605 
269731.1562500000 -124.4808425903 
270665.3437500000 -124.5058135986 
271602.4687500000 -124.4940414429 
272543.1562500000 -124.4199752808 
273487.0937500000 -124.2765960693 
274434.3125000000 -124.1831283569 
275384.8125000000 -124.2240600586 
276338.5937500000 -124.3721160889 
277295.6875000000 -124.5460281372 
278256.0625000000 -124.6660156250 
279219.5000000000 -124.6837768555 
280186.5625000000 -124.6424636841 
281156.9687500000 -124.5872955322 
282130.7500000000 -124.5786895752 
283107.9062500000 -124.5963745117 
284088.4375000000 -124.6000747681 
285072.3437500000 -124.5294952393 
286059.6875000000 -124.4190139771 
287050.1250000000 -124.4059829712 
288044.3125000000 -124.4917221069 
289041.9375000000 -124.5807418823 
290043.0312500000 -124.6271514893 
291047.5625000000 -124.6386032104 
292055.5937500000 -124.6345367432 
293067.1250000000 -124.5988464355 
294082.1562500000 -124.5293121338 
295100.3750000000 -124.4825363159 
296122.4375000000 -124.4965362549 
297148.0312500000 -124.5111236572 
298177.1875000000 -124.4866027832 
299209.9062500000 -124.4824600220 
300246.2187500000 -124.6033706665 
301286.1250000000 -124.6161956787 
302329.5937500000 -124.6282882690 
303376.3750000000 -124.6376724243 
304427.0937500000 -124.6425628662 
305481.4687500000 -124.6436004639 
306539.5000000000 -124.6390762329 
307601.1875000000 -124.6273956299 
308666.5312500000 -124.6114730835 
309735.5937500000 -124.5913391113 
310808.3437500000 -124.5673980713 
311884.4687500000 -124.5432510376 
312964.6875000000 -124.5191574097 
314048.6250000000 -124.4961395264 
315136.3125000000 -124.4739227295 
316227.7812500000 -124.4529418945 
317323.0000000000 -124.4337921143 
318422.0312500000 -124.4230422974 
319524.8750000000 -124.4222640991 
320631.5312500000 -124.4327697754 
321741.6875000000 -124.4608001709 
322856.0312500000 -124.5033264160 
323974.2187500000 -124.5530014038 
325096.2812500000 -124.6070556641 
326222.2500000000 -124.6576156616 
327352.0937500000 -124.6982955933 
328485.8750000000 -124.7282867432 
329623.5625000000 -124.7461929321 
330764.8437500000 -124.7478713989 
331910.4062500000 -124.7423629761 
333059.9687500000 -124.7320556641 
334213.5312500000 -124.7187194824 
335371.0625000000 -124.7011718750 
336532.5937500000 -124.6759490967 
337698.1562500000 -124.6408157349 
338867.7500000000 -124.5942001343 
340041.0312500000 -124.5346298218 
341218.7500000000 -124.4747390747 
342400.5625000000 -124.4242782593 
343586.4375000000 -124.3898391724 
344776.4375000000 -124.3795776367 
345970.5625000000 -124.3965988159 
347168.8125000000 -124.4242477417 
348371.2187500000 -124.4538269043 
349577.4062500000 -124.4769668579 
350788.1250000000 -124.4833602905 
352003.0625000000 -124.4741973877 
353222.2187500000 -124.4586639404 
354445.5937500000 -124.4431228638 
355673.1875000000 -124.4339065552 
356905.0625000000 -124.4387130737 
358141.1875000000 -124.4593276978 
359381.1875000000 -124.4905090332 
360625.9062500000 -124.5263824463 
361874.9062500000 -124.5585250854 
363128.2500000000 -124.5746917725 
364385.9062500000 -124.5497817993 
365647.9375000000 -124.4788208008 
366914.3437500000 -124.3586120605 
368185.1562500000 -124.1925354004 
369459.9375000000 -123.9918365479 
370739.5312500000 -123.7785110474 
372023.5937500000 -123.6019744873 
373312.0625000000 -123.4987182617 
374605.0312500000 -123.4905014038 
375902.4375000000 -123.5822067261 
377204.3750000000 -123.7594451904 
378510.7812500000 -123.9881134033 
379821.3437500000 -124.2121047974 
381136.8125000000 -124.3764724731 
382456.8750000000 -124.4697723389 
383781.5000000000 -124.4996185303 
385110.7187500000 -124.4849548340 
386444.5312500000 -124.4496154785 
387782.9687500000 -124.4168472290 
389126.0312500000 -124.4056854248 
390473.3125000000 -124.4315032959 
391825.6875000000 -124.4869232178 
393182.7812500000 -124.5568389893 
394544.5312500000 -124.6242980957 
395911.0312500000 -124.6758041382 
397282.2500000000 -124.7048263550 
398658.2187500000 -124.7120285034 
400038.9375000000 -124.7026214600 
401424.4687500000 -124.6830749512 
402814.3437500000 -124.6597366333 
404209.4687500000 -124.6402435303 
405609.4375000000 -124.6308822632 
407014.2500000000 -124.6341629028 
408423.9062500000 -124.6472778320 
409838.4687500000 -124.6632690430 
411257.9375000000 -124.6755905151 
412682.3125000000 -124.6836853027 
414111.1562500000 -124.6954956055 
415545.4062500000 -124.7240066528 
416984.6250000000 -124.7786865234 
418428.8437500000 -124.8568649292 
419878.0625000000 -124.9411468506 
421332.2812500000 -125.0065536499 
422791.5312500000 -125.0344390869 
424255.8750000000 -125.0235748291 
425724.7812500000 -124.9887847900 
427199.2500000000 -124.9492034912 
428678.8437500000 -124.9167480469 
430163.5625000000 -124.8935165405 
431653.4062500000 -124.8766021729 
433148.4062500000 -124.8616638184 
434648.5937500000 -124.8447723389 
436154.0000000000 -124.8241500854 
437664.1250000000 -124.8021850586 
439179.9375000000 -124.7849884033 
440701.0312500000 -124.7782592773 
442227.3750000000 -124.7831268311 
443759.0000000000 -124.7919845581 
445295.9375000000 -124.7977371216 
446838.2187500000 -124.8014526367 
448385.8125000000 -124.8093032837 
449938.2812500000 -124.8235397339 
451496.6250000000 -124.8368835449 
453060.3437500000 -124.8382034302 
454629.5000000000 -124.8250656128 
456204.0937500000 -124.8101577759 
457784.1562500000 -124.8139648438 
459369.6562500000 -124.8510360718 
460960.6562500000 -124.9221496582 
462556.6562500000 -125.0169448853 
464158.7187500000 -125.1217498779 
465766.3125000000 -125.2247695923 
467379.4687500000 -125.3161926270 
468998.2187500000 -125.3865509033 
470622.5625000000 -125.4275360107 
472252.5625000000 -125.4263458252 
473888.1875000000 -125.3845214844 
475528.9375000000 -125.3557052612 
477175.9062500000 -125.3424301147 
478828.5937500000 -125.3468475342 
480487.0000000000 -125.3625640869 
482151.1250000000 -125.3809967041 
483821.0312500000 -125.3973999023 
485496.7500000000 -125.4116973877 
487178.2187500000 -125.4244842529 
488865.0000000000 -125.4336013794 
490558.1875000000 -125.4337692261 
492257.1875000000 -125.4306030273 
493962.1250000000 -125.4452285767 
495672.9375000000 -125.4842224121 
497389.6562500000 -125.5438842773 
499112.3437500000 -125.6087722778 
500841.0000000000 -125.6614837646 
502575.6562500000 -125.6940231323 
504315.7500000000 -125.7149581909 
506062.4062500000 -125.7250747681 
507815.1250000000 -125.7269973755 
509573.9375000000 -125.7263717651 
511338.8125000000 -125.7308731079 
513109.8125000000 -125.7523498535 
514886.9375000000 -125.8343353271 
516670.2500000000 -125.9518203735 
518459.1250000000 -126.0289230347 
520254.7812500000 -126.0893859863 
522056.6562500000 -126.1313629150 
523864.7812500000 -126.1611938477 
525679.1875000000 -126.2055358887 
527499.8125000000 -126.2701950073 
529326.8125000000 -126.3321533203 
531160.1250000000 -126.4016571045 
532999.1875000000 -126.4661102295 
534845.1875000000 -126.5243301392 
536697.6250000000 -126.5338439941 
538556.4375000000 -126.5146789551 
540421.6875000000 -126.4915313721 
542293.4375000000 -126.4894180298 
544171.6250000000 -126.5398712158 
546056.3125000000 -126.5945587158 
547947.0000000000 -126.6406326294 
549844.7500000000 -126.6642532349 
551749.1250000000 -126.6602401733 
553660.0625000000 -126.6318359375 
555577.6875000000 -126.5865859985 
557501.8750000000 -126.5040130615 
559432.7500000000 -126.3296127319 
561370.3125000000 -126.2062301636 
563314.0000000000 -126.2283248901 
565265.0000000000 -126.4311752319 
567222.7500000000 -126.7107467651 
569187.3125000000 -126.8682785034 
571158.6875000000 -126.9734802246 
573136.8750000000 -127.0506210327 
575121.8750000000 -127.0979003906 
577113.8125000000 -127.1308135986 
579112.0000000000 -127.1731796265 
581117.6875000000 -127.1872406006 
583130.3750000000 -127.1779632568 
585150.0000000000 -127.1671447754 
587176.6875000000 -127.1790161133 
589210.3125000000 -127.2008132935 
591251.0000000000 -127.2404251099 
593298.8125000000 -127.2863235474 
595353.0000000000 -127.3291931152 
597415.0000000000 -127.4293746948 
599484.1250000000 -127.5673599243 
601560.3750000000 -127.6704940796 
603643.8750000000 -127.7901916504 
605734.5625000000 -127.8382873535 
607832.5000000000 -127.8145065308 
609937.6875000000 -127.7938537598 
612049.5000000000 -127.8046875000 
614169.3125000000 -127.8496780396 
616296.4375000000 -127.9132537842 
618431.0000000000 -127.9721450806 
620572.8750000000 -128.0823516846 
622722.1875000000 -128.1866760254 
624879.0000000000 -128.2473449707 
627043.2500000000 -128.2804718018 
629214.2500000000 -128.3132324219 
631393.5000000000 -128.3582000732 
633580.3125000000 -128.3945465088 
635774.6875000000 -128.4572753906 
637976.6875000000 -128.5273284912 
640186.2500000000 -128.5868682861 
642403.5625000000 -128.6146240234 
644628.5000000000 -128.6018066406 
646861.1250000000 -128.5869293213 
649100.7500000000 -128.6105346680 
651348.8750000000 -128.6779327393 
653604.8125000000 -128.7890777588 
655868.5625000000 -128.9022521973 
658140.1250000000 -128.9642028809 
660419.5625000000 -128.9811096191 
662706.8750000000 -128.9849243164 
665002.1250000000 -129.0022888184 
667304.6250000000 -129.0237884521 
669615.8125000000 -129.0190277100 
671935.0000000000 -128.9813232422 
674262.1875000000 -128.9741821289 
676597.5000000000 -129.0791473389 
678940.8125000000 -129.2687225342 
681292.3125000000 -129.4782409668 
683651.9375000000 -129.6425018311 
686019.0000000000 -129.7285614014 
688395.0000000000 -129.7666168213 
690779.1875000000 -129.7706298828 
693171.6875000000 -129.7834472656 
695572.4375000000 -129.8270568848 
697981.5625000000 -129.8849487305 
700398.9375000000 -129.9176177979 
702824.7500000000 -129.9139709473 
705258.1875000000 -129.9164123535 
707700.8125000000 -129.9690399170 
710151.9375000000 -130.0974578857 
712611.5000000000 -130.1925201416 
715079.5625000000 -130.2367858887 
717556.2500000000 -130.2369537354 
720041.4375000000 -130.2456359863 
722535.3125000000 -130.3194580078 
725036.9375000000 -130.4307403564 
727548.0625000000 -130.5062103271 
730067.9375000000 -130.5063476563 
732596.5000000000 -130.4893188477 
735133.8125000000 -130.5195770264 
737679.8750000000 -130.5965423584 
740234.8125000000 -130.6575775146 
742798.5625000000 -130.7445678711 
745370.4375000000 -130.9132537842 
747952.0000000000 -131.0795135498 
750542.4375000000 -131.1674957275 
753141.9375000000 -131.2146606445 
755750.4375000000 -131.2349548340 
758367.9375000000 -131.2373962402 
760994.5000000000 -131.2422180176 
763630.1875000000 -131.2499389648 
766274.1250000000 -131.2761993408 
768928.0625000000 -131.3202667236 
771591.1875000000 -131.3758392334 
774263.5625000000 -131.4638214111 
776945.1875000000 -131.6280670166 
779636.1250000000 -131.8016204834 
782336.3750000000 -131.9503936768 
785045.9375000000 -132.0424194336 
787764.0625000000 -132.0229492188 
790492.4375000000 -131.9851989746 
793230.2500000000 -131.9750518799 
795977.5625000000 -132.0067901611 
798734.4375000000 -132.0715942383 
801500.8125000000 -132.1415100098 
804276.7500000000 -132.1715240479 
807062.3125000000 -132.1813812256 
809857.5625000000 -132.2204132080 
812661.5625000000 -132.3209381104 
815476.1875000000 -132.4325256348 
818300.5625000000 -132.5154571533 
821134.6875000000 -132.5945587158 
823978.6875000000 -132.6744842529 
826832.5000000000 -132.7590942383 
829696.1875000000 -132.8318176270 
832569.8125000000 -132.8720550537 
835452.4375000000 -132.9261169434 
838346.0000000000 -132.9976959229 
841249.5625000000 -133.0973052979 
844163.1875000000 -133.2212524414 
847086.9375000000 -133.3114929199 
850020.7500000000 -133.3157043457 
852964.7500000000 -133.2806243896 
855919.0000000000 -133.2572174072 
858882.4375000000 -133.2828674316 
861857.1875000000 -133.3576965332 
864842.1875000000 -133.4353637695 
867837.5000000000 -133.5298767090 
870843.2500000000 -133.6546478271 
873859.3750000000 -133.7735443115 
876885.9375000000 -133.9244842529 
879923.0000000000 -134.0924072266 
882969.5625000000 -134.1211547852 
886027.6875000000 -134.0037689209 
889096.4375000000 -133.9527435303 
892175.7500000000 -134.0544891357 
895265.7500000000 -134.1910705566 
898366.5000000000 -134.2967681885 
901477.9375000000 -134.3927764893 
904600.1875000000 -134.4992523193 
907732.1875000000 -134.6140136719 
910876.1250000000 -134.6783905029 
914030.8750000000 -134.6533355713 
917196.5625000000 -134.6395263672 
920373.2500000000 -134.7117309570 
923560.9375000000 -134.8258972168 
926759.6250000000 -134.9485168457 
929969.4375000000 -135.0509643555 
933189.3125000000 -135.0790557861 
936421.3750000000 -135.0699768066 
939664.6250000000 -135.1162872314 
942919.0625000000 -135.2342834473 
946184.8750000000 -135.2705078125 
949461.9375000000 -135.2674407959 
952750.3125000000 -135.3298797607 
956050.1250000000 -135.4875335693 
959360.3125000000 -135.6490173340 
962683.0000000000 -135.6812438965 
966017.2500000000 -135.6684875488 
969363.0000000000 -135.7682342529 
972720.3125000000 -135.8311614990 
976089.3125000000 -135.8146972656 
979469.9375000000 -135.8747100830 
982862.3125000000 -136.0591125488 
986265.3125000000 -136.1645050049 
989681.1875000000 -136.1564483643 
993108.9375000000 -136.1147460938 
996548.5000000000 -136.2074279785 
1000000.0000000000 -136.4599914551 
1003463.4375000000 -136.5110778809 
1006938.8750000000 -136.5620727539 
1010426.3750000000 -136.6158142090 
1013925.9375000000 -136.6687927246 
1017436.5000000000 -136.7184753418 
1020960.3750000000 -136.7619171143 
1024496.4375000000 -136.7984161377 
1028044.6875000000 -136.8269653320 
1031605.3125000000 -136.8529510498 
1035178.1875000000 -136.8827362061 
1038763.5000000000 -136.9182739258 
1042361.2500000000 -136.9657592773 
1045970.2500000000 -137.0263519287 
1049592.8750000000 -137.0947265625 
1053228.1250000000 -137.1773223877 
1056875.8750000000 -137.2627716064 
1060536.3750000000 -137.3537139893 
1064209.5000000000 -137.4453582764 
1067895.3750000000 -137.5374603271 
1071594.0000000000 -137.6252136230 
1075304.1250000000 -137.7097320557 
1079028.5000000000 -137.7871856689 
1082765.6250000000 -137.8558654785 
1086515.7500000000 -137.9195404053 
1090278.8750000000 -137.9694366455 
1094055.0000000000 -138.0147552490 
1097844.1250000000 -138.0533142090 
1101646.5000000000 -138.0894165039 
1105460.7500000000 -138.1265869141 
1109289.5000000000 -138.1711120605 
1113131.5000000000 -138.2259979248 
1116986.7500000000 -138.2880706787 
1120855.3750000000 -138.3646240234 
1124737.3750000000 -138.4422760010 
1128632.8750000000 -138.5213623047 
1132541.8750000000 -138.5929260254 
1136463.1250000000 -138.6600494385 
1140399.2500000000 -138.7198944092 
1144348.8750000000 -138.7761230469 
1148312.3750000000 -138.8312835693 
1152289.5000000000 -138.8867034912 
1156280.3750000000 -138.9416656494 
1160285.1250000000 -138.9956359863 
1164303.6250000000 -139.0453491211 
1168334.8750000000 -139.0911254883 
1172381.3750000000 -139.1343994141 
1176441.8750000000 -139.1757202148 
1180516.3750000000 -139.2184295654 
1184605.1250000000 -139.2623443604 
1188707.8750000000 -139.3087158203 
1192824.8750000000 -139.3554687500 
1196956.2500000000 -139.4025115967 
1201100.5000000000 -139.4498138428 
1205260.5000000000 -139.4996643066 
1209434.8750000000 -139.5521545410 
1213623.6250000000 -139.6098175049 
1217827.0000000000 -139.6708679199 
1222044.8750000000 -139.7321166992 
1226277.3750000000 -139.7916412354 
1230524.5000000000 -139.8445892334 
1234785.0000000000 -139.8946380615 
1239061.6250000000 -139.9422454834 
1243353.1250000000 -139.9950866699 
1247659.3750000000 -140.0568084717 
1251980.6250000000 -140.1279907227 
1256316.7500000000 -140.2144012451 
1260668.0000000000 -140.3104400635 
1265034.2500000000 -140.4090270996 
1269415.6250000000 -140.5070648193 
1273810.7500000000 -140.5913543701 
1278222.6250000000 -140.6643829346 
1282649.6250000000 -140.7268524170 
1287092.0000000000 -140.7784118652 
1291549.8750000000 -140.8244781494 
1296023.0000000000 -140.8682556152 
1300511.7500000000 -140.9106445313 
1305016.0000000000 -140.9529571533 
1309534.5000000000 -140.9986877441 
1314070.0000000000 -141.0497436523 
1318621.1250000000 -141.1076812744 
1323188.1250000000 -141.1764068604 
1327771.0000000000 -141.2482299805 
1332369.6250000000 -141.3188476563 
1336984.2500000000 -141.3849639893 
1341614.8750000000 -141.4412689209 
1346260.0000000000 -141.4927520752 
1350922.6250000000 -141.5415649414 
1355601.5000000000 -141.5881500244 
1360296.6250000000 -141.6295166016 
1365007.8750000000 -141.6618957520 
1369735.6250000000 -141.6894531250 
1374479.6250000000 -141.7165679932 
1379240.0000000000 -141.7501220703 
1384015.5000000000 -141.8014526367 
1388808.8750000000 -141.8632812500 
1393619.0000000000 -141.9297790527 
1398445.7500000000 -141.9948730469 
1403289.1250000000 -142.0502777100 
1408149.3750000000 -142.0916137695 
1413026.5000000000 -142.1228332520 
1417920.3750000000 -142.1471405029 
1422829.7500000000 -142.1690673828 
1427757.6250000000 -142.1968231201 
1432702.6250000000 -142.2413177490 
1437664.7500000000 -142.3015899658 
1442644.0000000000 -142.3735198975 
1447640.6250000000 -142.4504852295 
1452654.3750000000 -142.5237731934 
1457685.6250000000 -142.5811920166 
1462732.6250000000 -142.6238403320 
1467798.7500000000 -142.6551666260 
1472882.3750000000 -142.6812591553 
1477983.6250000000 -142.7100372314 
1483102.6250000000 -142.7502441406 
1488239.2500000000 -142.8094787598 
1493393.6250000000 -142.8790130615 
1498566.0000000000 -142.9518737793 
1503754.5000000000 -143.0234527588 
1508962.7500000000 -143.0923156738 
1514189.0000000000 -143.1595764160 
1519433.2500000000 -143.2249298096 
1524695.7500000000 -143.2792358398 
1529976.5000000000 -143.3152618408 
1535275.5000000000 -143.3350830078 
1540592.8750000000 -143.3497924805 
1545926.8750000000 -143.3737792969 
1551281.1250000000 -143.4172210693 
1556654.0000000000 -143.4788055420 
1562045.3750000000 -143.5443420410 
1567455.3750000000 -143.5990295410 
1572884.2500000000 -143.6424865723 
1578331.8750000000 -143.6800384521 
1583798.3750000000 -143.7166748047 
1589283.7500000000 -143.7550811768 
1594786.3750000000 -143.7962646484 
1600309.8750000000 -143.8406677246 
1605852.5000000000 -143.8869628906 
1611414.2500000000 -143.9297943115 
1616995.3750000000 -143.9599914551 
1622595.7500000000 -143.9773712158 
1628215.5000000000 -143.9914855957 
1633854.7500000000 -144.0135345459 
1639511.7500000000 -144.0481262207 
1645190.1250000000 -144.0915527344 
1650888.1250000000 -144.1369781494 
1656605.8750000000 -144.1805114746 
1662343.5000000000 -144.2223663330 
1668101.0000000000 -144.2633209229 
1673878.3750000000 -144.3024749756 
1679675.7500000000 -144.3396148682 
1685491.3750000000 -144.3780059814 
1691329.0000000000 -144.4210815430 
1697186.8750000000 -144.4651794434 
1703065.0000000000 -144.4986114502 
1708963.5000000000 -144.5113220215 
1714882.3750000000 -144.5074768066 
1720821.7500000000 -144.5077209473 
1726781.7500000000 -144.5335998535 
1732760.5000000000 -144.5932464600 
1738761.8750000000 -144.6758728027 
1744784.0000000000 -144.7592468262 
1750826.8750000000 -144.8247985840 
1756890.8750000000 -144.8683166504 
1762975.7500000000 -144.8983612061 
1769081.7500000000 -144.9305572510 
1775208.8750000000 -144.9631652832 
1781355.2500000000 -145.0014648438 
1787524.8750000000 -145.0485839844 
1793715.8750000000 -145.1103973389 
1799928.3750000000 -145.1880187988 
1806162.3750000000 -145.2720947266 
1812417.8750000000 -145.3457946777 
1818695.1250000000 -145.3934783936 
1824994.1250000000 -145.4085540771 
1831312.8750000000 -145.3973388672 
1837655.5000000000 -145.3762969971 
1844020.1250000000 -145.3620758057 
1850406.8750000000 -145.3613891602 
1856815.6250000000 -145.3691406250 
1863246.6250000000 -145.3761596680 
1869699.8750000000 -145.3788604736 
1876175.5000000000 -145.3831634521 
1882671.5000000000 -145.4008178711 
1889192.0000000000 -145.4710083008 
1895735.2500000000 -145.5619812012 
1902301.0000000000 -145.5995483398 
1908889.5000000000 -145.6050415039 
1915500.8750000000 -145.5945129395 
1922135.1250000000 -145.5937805176 
1928792.3750000000 -145.6143798828 
1935470.5000000000 -145.6446838379 
1942173.8750000000 -145.6635894775 
1948900.5000000000 -145.6621398926 
1955650.5000000000 -145.6519470215 
1962423.7500000000 -145.6662292480 
1969220.5000000000 -145.7236022949 
1976040.8750000000 -145.7729187012 
1982884.7500000000 -145.8151855469 
1989750.2500000000 -145.8491668701 
1996641.6250000000 -145.8799133301 
2003556.8750000000 -145.9096832275 
2010496.1250000000 -145.9362945557 
2017459.3750000000 -145.9707336426 
2024446.7500000000 -146.0081024170 
2031458.3750000000 -146.0346527100 
2038494.2500000000 -146.0587615967 
2045554.5000000000 -146.0782775879 
2052636.8750000000 -146.0901184082 
2059746.1250000000 -146.0956573486 
2066879.8750000000 -146.1175231934 
2074038.5000000000 -146.1575622559 
2081221.7500000000 -146.2022705078 
2088430.0000000000 -146.2270050049 
2095663.2500000000 -146.2193908691 
2102921.5000000000 -146.1729888916 
2110202.5000000000 -146.1487274170 
2117511.0000000000 -146.1783752441 
2124845.0000000000 -146.2479705811 
2132204.2500000000 -146.3410491943 
2139589.0000000000 -146.4538726807 
2146999.5000000000 -146.4881286621 
2154435.5000000000 -146.4644470215 
2161897.2500000000 -146.4339752197 
2169382.5000000000 -146.4182586670 
2176896.0000000000 -146.4312286377 
2184435.7500000000 -146.4403533936 
2192001.2500000000 -146.4402008057 
2199593.2500000000 -146.4264221191 
2207211.5000000000 -146.4079895020 
2214856.0000000000 -146.3911437988 
2222527.0000000000 -146.3662719727 
2230222.2500000000 -146.3303527832 
2237946.5000000000 -146.3455200195 
2245697.5000000000 -146.4148101807 
2253475.5000000000 -146.5128936768 
2261280.2500000000 -146.6257629395 
2269112.0000000000 -146.6675720215 
2276971.0000000000 -146.6841278076 
2284857.2500000000 -146.7215270996 
2292768.2500000000 -146.7934112549 
2300709.0000000000 -146.8362579346 
2308677.5000000000 -146.8397521973 
2316673.5000000000 -146.8200836182 
2324697.2500000000 -146.7759246826 
2332748.7500000000 -146.7397460938 
2340828.0000000000 -146.7268218994 
2348935.2500000000 -146.7726440430 
2357068.2500000000 -146.8133544922 
2365231.7500000000 -146.8275299072 
2373423.7500000000 -146.8061676025 
2381644.0000000000 -146.7911529541 
2389892.7500000000 -146.7691497803 
2398170.0000000000 -146.7396697998 
2406475.7500000000 -146.7300262451 
2414810.5000000000 -146.7661895752 
2423171.5000000000 -146.8348083496 
2431564.0000000000 -146.8726959229 
2439985.7500000000 -146.8703155518 
2448436.5000000000 -146.8577728271 
2456916.5000000000 -146.8335876465 
2465426.0000000000 -146.8056335449 
2473964.7500000000 -146.8061676025 
2482533.2500000000 -146.8480987549 
2491128.7500000000 -146.8901519775 
2499756.5000000000 -146.9404754639 
2508414.2500000000 -146.9754028320 
2517102.2500000000 -147.0054168701 
2525820.0000000000 -147.0298919678 
2534568.0000000000 -147.0406646729 
2543346.5000000000 -147.0612030029 
2552155.2500000000 -147.0889587402 
2560994.5000000000 -147.1114196777 
2569861.5000000000 -147.1344146729 
2578762.2500000000 -147.1595611572 
2587693.5000000000 -147.1570281982 
2596656.0000000000 -147.1343994141 
2605649.2500000000 -147.1476745605 
2614673.7500000000 -147.1888427734 
2623729.7500000000 -147.1959381104 
2632816.7500000000 -147.1458587646 
2641932.5000000000 -147.0744781494 
2651082.7500000000 -147.0182037354 
2660264.7500000000 -147.0001983643 
2669478.5000000000 -147.0384368896 
2678724.0000000000 -147.1104736328 
2688001.7500000000 -147.1841583252 
2697311.5000000000 -147.2278289795 
2706653.5000000000 -147.2198028564 
2716024.7500000000 -147.1813659668 
2725431.7500000000 -147.1462249756 
2734871.0000000000 -147.1454162598 
2744343.2500000000 -147.1878814697 
2753848.0000000000 -147.2467803955 
2763386.0000000000 -147.2971801758 
2772956.7500000000 -147.3029174805 
2782560.7500000000 -147.2710723877 
2792195.0000000000 -147.2472534180 
2801865.5000000000 -147.2245178223 
2811569.7500000000 -147.1950073242 
2821307.5000000000 -147.1964263916 
2831079.0000000000 -147.2283020020 
2840884.2500000000 -147.2538909912 
2850723.5000000000 -147.2633666992 
2860597.0000000000 -147.2362976074 
2870501.2500000000 -147.1616210938 
2880443.2500000000 -147.1476287842 
2890419.5000000000 -147.2136840820 
2900430.2500000000 -147.3064270020 
2910475.7500000000 -147.3495025635 
2920556.0000000000 -147.4023742676 
2930671.2500000000 -147.4701690674 
2940821.5000000000 -147.5201721191 
2951003.7500000000 -147.5315399170 
2961224.2500000000 -147.4926300049 
2971480.5000000000 -147.4493103027 
2981772.0000000000 -147.4158020020 
2992099.2500000000 -147.3650054932 
3002462.2500000000 -147.5878906250 
3012861.0000000000 -147.5454559326 
3023296.0000000000 -147.4890747070 
3033763.7500000000 -147.4260559082 
3044271.0000000000 -147.3642425537 
3054814.7500000000 -147.3111572266 
3065395.0000000000 -147.2727813721 
3076011.7500000000 -147.2532348633 
3086665.5000000000 -147.2554931641 
3097356.0000000000 -147.2735290527 
3108083.5000000000 -147.3028259277 
3118844.7500000000 -147.3382720947 
3129646.7500000000 -147.3748931885 
3140486.2500000000 -147.4087371826 
3151363.0000000000 -147.4374847412 
3162277.7500000000 -147.4609069824 
3173230.0000000000 -147.4806976318 
3184220.5000000000 -147.5001678467 
3195248.7500000000 -147.5214843750 
3206315.5000000000 -147.5448913574 
3217416.7500000000 -147.5688934326 
3228560.2500000000 -147.5907745361 
3239742.2500000000 -147.6076660156 
3250962.7500000000 -147.6175689697 
3262222.5000000000 -147.6200561523 
3273521.0000000000 -147.6163940430 
3284858.7500000000 -147.6090240479 
3296235.5000000000 -147.6005859375 
3307648.2500000000 -147.5933380127 
3319104.2500000000 -147.5886230469 
3330599.7500000000 -147.5869903564 
3342135.2500000000 -147.5886993408 
3353710.5000000000 -147.5938262939 
3365326.0000000000 -147.6024017334 
3376981.5000000000 -147.6144409180 
3388677.5000000000 -147.6300506592 
3400410.5000000000 -147.6492614746 
3412187.5000000000 -147.6714630127 
3424005.5000000000 -147.6947784424 
3435864.5000000000 -147.7158203125 
3447764.2500000000 -147.7303619385 
3459705.5000000000 -147.7347564697 
3471688.0000000000 -147.7274932861 
3483712.0000000000 -147.7098846436 
3495774.0000000000 -147.6853790283 
3507881.5000000000 -147.6582489014 
3520030.7500000000 -147.6325531006 
3532222.2500000000 -147.6176300049 
3544456.0000000000 -147.6011352539 
3556732.0000000000 -147.5938262939 
3569050.5000000000 -147.5966796875 
3581411.7500000000 -147.6083526611 
3593812.0000000000 -147.6247406006 
3606259.0000000000 -147.6397857666 
3618749.0000000000 -147.6475524902 
3631282.5000000000 -147.6446685791 
3643859.2500000000 -147.6224822998 
3656479.5000000000 -147.5953674316 
3669143.5000000000 -147.5841674805 
3681851.5000000000 -147.5835418701 
3694599.2500000000 -147.5950012207 
3707395.5000000000 -147.6179351807 
3720235.7500000000 -147.6502990723 
3733120.7500000000 -147.6884765625 
3746050.2500000000 -147.7270202637 
3759024.5000000000 -147.7588958740 
3772043.7500000000 -147.7769165039 
3785108.0000000000 -147.7763214111 
3798213.2500000000 -147.7573547363 
3811368.2500000000 -147.7257995605 
3824568.7500000000 -147.6913452148 
3837815.0000000000 -147.6641540527 
3851107.0000000000 -147.6539001465 
3864445.2500000000 -147.6768798828 
3877829.5000000000 -147.7088470459 
3891260.2500000000 -147.7463684082 
3904733.2500000000 -147.7829589844 
3918257.0000000000 -147.8117523193 
3931827.7500000000 -147.8263397217 
3945445.5000000000 -147.8229064941 
3959110.2500000000 -147.8027648926 
3972822.5000000000 -147.7592315674 
3986582.2500000000 -147.7297515869 
4000389.5000000000 -147.7328491211 
4014244.7500000000 -147.7547760010 
4028143.5000000000 -147.7898864746 
4042094.7500000000 -147.8281402588 
4056094.2500000000 -147.8569641113 
4070142.5000000000 -147.8531799316 
4084239.2500000000 -147.7917938232 
4098384.7500000000 -147.7232513428 
4112579.2500000000 -147.6522979736 
4126823.0000000000 -147.5936737061 
4141111.5000000000 -147.5559082031 
4155454.0000000000 -147.5416564941 
4169846.2500000000 -147.5597381592 
4184288.5000000000 -147.5864410400 
4198780.5000000000 -147.6200408936 
4213323.0000000000 -147.6565704346 
4227915.5000000000 -147.6910858154 
4242558.5000000000 -147.7286071777 
4257248.0000000000 -147.7496795654 
4271992.5000000000 -147.7564086914 
4286788.5000000000 -147.7612762451 
4301635.5000000000 -147.7657012939 
4316534.0000000000 -147.7713928223 
4331484.0000000000 -147.7756195068 
4346486.0000000000 -147.7775878906 
4361540.0000000000 -147.7787933350 
4376641.0000000000 -147.7781524658 
4391799.5000000000 -147.7760620117 
4407010.0000000000 -147.7761993408 
4422273.5000000000 -147.7791442871 
4437590.0000000000 -147.7857055664 
4452959.5000000000 -147.7852020264 
4468382.0000000000 -147.7748260498 
4483858.0000000000 -147.7575073242 
4499383.0000000000 -147.7303314209 
4514966.0000000000 -147.7152252197 
4530603.5000000000 -147.7164459229 
4546295.0000000000 -147.7270660400 
4562041.0000000000 -147.7353057861 
4577841.5000000000 -147.7348022461 
4593696.5000000000 -147.7310943604 
4609606.5000000000 -147.7320404053 
4625566.5000000000 -147.7535552979 
4641587.0000000000 -147.7843933105 
4657663.0000000000 -147.8363494873 
4673794.5000000000 -147.8682861328 
4689982.0000000000 -147.8672637939 
4706225.5000000000 -147.8493194580 
4722525.5000000000 -147.8426361084 
4738881.5000000000 -147.8568878174 
4755289.5000000000 -147.8990020752 
4771759.0000000000 -147.9425964355 
4788286.0000000000 -147.9612121582 
4804870.0000000000 -147.9642791748 
4821511.5000000000 -147.9421386719 
4838210.5000000000 -147.8947601318 
4854967.5000000000 -147.8351593018 
4871782.5000000000 -147.7829742432 
4888650.0000000000 -147.5751953125 
4905581.5000000000 -146.9643096924 
4922572.0000000000 -146.0521392822 
4939621.0000000000 -143.9546661377 
4956729.5000000000 -141.8711090088 
4973896.5000000000 -140.2764282227 
4991123.5000000000 -139.4524536133 
5008410.0000000000 -139.4286804199 
5025756.5000000000 -140.1882476807 
5043157.5000000000 -141.7317657471 
5060624.0000000000 -143.8168334961 
5078151.5000000000 -145.9781188965 
5095739.5000000000 -147.1899566650 
5113388.0000000000 -147.6530456543 
5131098.0000000000 -147.6997375488 
5148869.5000000000 -147.6974792480 
5166702.5000000000 -147.7061614990 
5184591.5000000000 -147.7459564209 
5202548.0000000000 -147.8094787598 
5220566.5000000000 -147.8876342773 
5238648.0000000000 -147.9579010010 
5256791.5000000000 -147.9935760498 
5274998.5000000000 -147.9935150146 
5293268.0000000000 -147.9588012695 
5311601.0000000000 -147.9130096436 
5329991.5000000000 -147.8757476807 
5348452.0000000000 -147.8582458496 
5366976.0000000000 -147.8710174561 
5385564.5000000000 -147.9083404541 
5404217.0000000000 -147.9735565186 
5422934.0000000000 -148.0755157471 
5441716.5000000000 -148.1330108643 
5460563.5000000000 -148.1421661377 
5479470.0000000000 -148.1163787842 
5498447.5000000000 -148.0745697021 
5517491.5000000000 -148.0381774902 
5536601.0000000000 -148.0113525391 
5555776.5000000000 -147.9848022461 
5575019.0000000000 -147.9459075928 
5594327.5000000000 -147.8653564453 
5613703.5000000000 -147.7889709473 
5633140.0000000000 -147.7221374512 
5652650.0000000000 -147.6833496094 
5672228.0000000000 -147.6857910156 
5691873.5000000000 -147.7178649902 
5711587.0000000000 -147.7392578125 
5731368.5000000000 -147.7416992188 
5751219.0000000000 -147.7282867432 
5771138.0000000000 -147.7042083740 
5791120.0000000000 -147.6852569580 
5811177.0000000000 -147.6978607178 
5831304.0000000000 -147.7373352051 
5851500.0000000000 -147.7979888916 
5871766.5000000000 -147.8367004395 
5892103.0000000000 -147.8734741211 
5912510.5000000000 -147.9324951172 
5932988.0000000000 -147.9816589355 
5953530.0000000000 -148.0259704590 
5974150.0000000000 -148.0738067627 
5994841.0000000000 -148.1021728516 
6015604.0000000000 -148.1159667969 
6036438.5000000000 -148.0866088867 
6057345.5000000000 -147.9796447754 
6078325.0000000000 -147.8663330078 
6099377.0000000000 -147.7567901611 
6120495.0000000000 -147.6605682373 
6141693.0000000000 -147.6423187256 
6162964.5000000000 -147.6796112061 
6184310.0000000000 -147.7669677734 
6205729.0000000000 -147.8258056641 
6227222.0000000000 -147.8231353760 
6248790.0000000000 -147.8188934326 
6270432.0000000000 -147.8586120605 
6292142.5000000000 -147.9606018066 
6313935.0000000000 -148.0483856201 
6335803.0000000000 -148.0820007324 
6357747.0000000000 -148.1023712158 
6379767.0000000000 -148.1215972900 
6401863.0000000000 -148.0849151611 
6424035.5000000000 -147.9634246826 
6446284.5000000000 -147.8470611572 
6468611.0000000000 -147.7415771484 
6491007.5000000000 -147.6342773438 
6513489.0000000000 -147.5843658447 
6536048.0000000000 -147.6220245361 
6558685.5000000000 -147.7195587158 
6581401.0000000000 -147.7838134766 
6604195.5000000000 -147.7850646973 
6627069.0000000000 -147.7700195313 
6650021.5000000000 -147.7836914063 
6673046.0000000000 -147.8488006592 
6696158.0000000000 -147.9238281250 
6719350.0000000000 -147.9730072021 
6742622.0000000000 -148.0072174072 
6765974.5000000000 -148.0498657227 
6789408.5000000000 -148.0924072266 
6812923.0000000000 -148.1018371582 
6836519.5000000000 -148.0610046387 
6860190.0000000000 -148.0139770508 
6883950.0000000000 -147.9814147949 
6907792.0000000000 -147.9711151123 
6931717.0000000000 -147.9591674805 
6955724.5000000000 -147.9000091553 
6979815.5000000000 -147.8230743408 
7003989.5000000000 -147.7866516113 
7028247.5000000000 -147.7959899902 
7052582.0000000000 -147.8143768311 
7077008.0000000000 -147.8250274658 
7101519.0000000000 -147.8490600586 
7126115.0000000000 -147.9025573730 
7150796.0000000000 -147.9618530273 
7175562.5000000000 -147.9997100830 
7200414.5000000000 -148.0267486572 
7225353.0000000000 -148.0574340820 
7250369.5000000000 -148.0809173584 
7275481.0000000000 -148.0825347900 
7300679.0000000000 -148.0498046875 
7325965.0000000000 -148.0005035400 
7351338.0000000000 -147.9533691406 
7376799.0000000000 -147.9065399170 
7402348.0000000000 -147.8338470459 
7427986.0000000000 -147.7552642822 
7453704.0000000000 -147.7437744141 
7479519.5000000000 -147.8373870850 
7505424.5000000000 -147.9867095947 
7531419.5000000000 -148.0996398926 
7557504.0000000000 -148.0789184570 
7583679.0000000000 -148.0233001709 
7609945.0000000000 -148.0017700195 
7636301.5000000000 -148.0097503662 
7662741.0000000000 -147.9983978271 
7689280.5000000000 -147.9404907227 
7715912.0000000000 -147.8633880615 
7742636.0000000000 -147.8658752441 
7769452.0000000000 -147.9274597168 
7796361.5000000000 -147.9860382080 
7823363.5000000000 -148.0061340332 
7850459.5000000000 -147.9754943848 
7877640.5000000000 -147.9271697998 
7904924.5000000000 -147.9066772461 
7932302.5000000000 -147.9001770020 
7959776.0000000000 -147.8897247314 
7987344.0000000000 -147.8813018799 
8015008.0000000000 -147.9004211426 
8042767.5000000000 -147.9820404053 
8070623.5000000000 -148.0595397949 
8098575.5000000000 -148.0514526367 
8126615.5000000000 -148.0154571533 
8154762.0000000000 -148.0084838867 
8183005.5000000000 -147.9871063232 
8211347.0000000000 -147.9143524170 
8239786.5000000000 -147.8544769287 
8268325.0000000000 -147.9090881348 
8296961.5000000000 -147.9873962402 
8325698.0000000000 -148.0034027100 
8354524.5000000000 -147.9581298828 
8383460.0000000000 -147.9361724854 
8412496.0000000000 -147.9379730225 
8441632.0000000000 -147.9467926025 
8470869.0000000000 -147.9698486328 
8500208.0000000000 -147.9865875244 
8529648.0000000000 -147.9698486328 
8559190.0000000000 -147.9130096436 
8588825.0000000000 -147.8323822021 
8618572.0000000000 -147.7566680908 
8648422.0000000000 -147.7364196777 
8678375.0000000000 -147.8330993652 
8708432.0000000000 -148.0108795166 
8738593.0000000000 -148.1104278564 
8768859.0000000000 -148.0324707031 
8799230.0000000000 -147.8624725342 
8829696.0000000000 -147.7479400635 
8860277.0000000000 -147.7300415039 
8890964.0000000000 -147.7689361572 
8921758.0000000000 -147.8045501709 
8952658.0000000000 -147.8115234375 
8983665.0000000000 -147.8601074219 
9014779.0000000000 -147.9898529053 
9046002.0000000000 -148.1268463135 
9077322.0000000000 -148.1679229736 
9108761.0000000000 -148.0778045654 
9140309.0000000000 -147.9013519287 
9171966.0000000000 -147.7835693359 
9203732.0000000000 -147.7253570557 
9235609.0000000000 -147.7637481689 
9267596.0000000000 -147.9409790039 
9299694.0000000000 -148.1371154785 
9331893.0000000000 -148.1709899902 
9364214.0000000000 -148.1087188721 
9396646.0000000000 -148.0114898682 
9429191.0000000000 -147.9879302979 
9461849.0000000000 -147.9638977051 
9494619.0000000000 -147.8583831787 
9527503.0000000000 -147.8048248291 
9560501.0000000000 -147.8144683838 
9593603.0000000000 -147.8218841553 
9626830.0000000000 -147.8121032715 
9660172.0000000000 -147.8167724609 
9693630.0000000000 -147.8860015869 
9727203.0000000000 -147.9441986084 
9760893.0000000000 -147.9356384277 
9794699.0000000000 -147.9207916260 
9828623.0000000000 -147.8710632324 
9862653.0000000000 -147.8085327148 
9896812.0000000000 -147.5377349854 
9931089.0000000000 -146.0683288574 
9965485.0000000000 -143.3620910645 
10000000.0000000000 -141.7445831299 
%Trace 2 
%Trace Mode VIEW 
%Trace Result PN 
%Smoothing OFF 
%Smoothing Value 1.0000000000 %
%Spurious Removal OFF 
%Spurious Removal Threshold 6.0000000000 dB
%Trace Offset OFF 
%Trace Offset 0.0000000000 dB
%Trace Label OFF 
%Trace Label Trace 2 
%x-Unit Hz 
%y-Unit dBc/Hz 
%Values 4663 
1.0000000000 -86.3879699707 
1.0034632683 -86.4022827148 
1.0069385767 -86.4580688477 
1.0104259253 -86.5138473511 
1.0139254332 -86.5696334839 
1.0174369812 -86.6324462891 
1.0209606886 -86.8221511841 
1.0244965553 -87.0118560791 
1.0280447006 -87.2015686035 
1.0316051245 -87.3912734985 
1.0351779461 -87.6732482910 
1.0387630463 -88.0253906250 
1.0423606634 -88.3775329590 
1.0459706783 -88.7296752930 
1.0495932102 -89.1120376587 
1.0532282591 -89.6630020142 
1.0568759441 -90.2139739990 
1.0605362654 -90.7649459839 
1.0642092228 -91.3159103394 
1.0678949356 -91.9983215332 
1.0715934038 -92.7130813599 
1.0753046274 -93.4278335571 
1.0790288448 -94.1426086426 
1.0827658176 -94.7373886108 
1.0865157843 -95.2202377319 
1.0902787447 -95.7030944824 
1.0940546989 -96.1859436035 
1.0978437662 -96.3517456055 
1.1016459465 -95.7590789795 
1.1054613590 -95.1663970947 
1.1092898846 -94.5737380981 
1.1131316423 -93.9445953369 
1.1169868708 -93.0776062012 
1.1208553314 -92.2106475830 
1.1247371435 -91.3436965942 
1.1286325455 -90.4843978882 
1.1325412989 -89.8718566895 
1.1364636421 -89.2593002319 
1.1403995752 -88.6467514038 
1.1443492174 -88.0341873169 
1.1483124495 -87.6019287109 
1.1522893906 -87.1724395752 
1.1562801600 -86.7429428101 
1.1602846384 -86.3134613037 
1.1643031836 -86.0096206665 
1.1683354378 -85.7063980103 
1.1723817587 -85.4031753540 
1.1764421463 -85.1063079834 
1.1805164814 -84.9092864990 
1.1846050024 -84.7122573853 
1.1887077093 -84.5152282715 
1.1928246021 -84.3373107910 
1.1969556808 -84.2479553223 
1.2011011839 -84.1585998535 
1.2052608728 -84.0692520142 
1.2094351053 -84.0196456909 
1.2136237621 -84.0450286865 
1.2178269625 -84.0704193115 
1.2220447063 -84.0958099365 
1.2262769938 -84.1859741211 
1.2305239439 -84.3259277344 
1.2347856760 -84.4658813477 
1.2390621901 -84.6058273315 
1.2433534861 -84.8263244629 
1.2476595640 -85.0629348755 
1.2519805431 -85.2995452881 
1.2563166618 -85.5438919067 
1.2606676817 -85.8324661255 
1.2650337219 -86.1210403442 
1.2694149017 -86.4096221924 
1.2738113403 -86.6889038086 
1.2782229185 -86.9592437744 
1.2826498747 -87.2295989990 
1.2870920897 -87.4999465942 
1.2915496826 -87.6925354004 
1.2960226536 -87.8781051636 
1.3005112410 -88.0636825562 
1.3050153255 -88.2115631104 
1.3095350266 -88.2947769165 
1.3140703440 -88.3779983521 
1.3186213970 -88.4612121582 
1.3231881857 -88.4877624512 
1.3277708292 -88.5052642822 
1.3323693275 -88.5227661133 
1.3369836807 -88.5338211060 
1.3416141272 -88.5351486206 
1.3462605476 -88.5364761353 
1.3509230614 -88.5378036499 
1.3556017876 -88.5585174561 
1.3602966070 -88.5797119141 
1.3650077581 -88.6009140015 
1.3697352409 -88.6466445923 
1.3744791746 -88.7092590332 
1.3792393208 -88.7718658447 
1.3840161562 -88.8448944092 
1.3888094425 -88.9494171143 
1.3936192989 -89.0539398193 
1.3984458447 -89.1584701538 
1.4032890797 -89.2605361938 
1.4081491232 -89.3624496460 
1.4130259752 -89.4643707275 
1.4179197550 -89.4986267090 
1.4228304625 -89.5002365112 
1.4277582169 -89.5018463135 
1.4327028990 -89.4296646118 
1.4376648664 -89.2645950317 
1.4426438808 -89.0995330811 
1.4476402998 -88.9096221924 
1.4526538849 -88.6438446045 
1.4576849937 -88.3780593872 
1.4627333879 -88.1143646240 
1.4677993059 -87.8728790283 
1.4728827477 -87.6314010620 
1.4779838324 -87.3899154663 
1.4831025600 -87.2414321899 
1.4882389307 -87.0969619751 
1.4933931828 -86.9524841309 
1.4985653162 -86.8946075439 
1.5037553310 -86.8502273560 
1.5089633465 -86.8058471680 
1.5141893625 -86.8048934937 
1.5194333792 -86.8145065308 
1.5246957541 -86.8241195679 
1.5299762487 -86.8231735229 
1.5352749825 -86.8191757202 
1.5405921936 -86.8151779175 
1.5459277630 -86.7614746094 
1.5512818098 -86.6936187744 
1.5566543341 -86.6257553101 
1.5620455742 -86.5089874268 
1.5674554110 -86.3808746338 
1.5728839636 -86.2527542114 
1.5783313513 -86.1243133545 
1.5837976933 -85.9958190918 
1.5892828703 -85.8673248291 
1.5947870016 -85.8153457642 
1.6003103256 -85.7658691406 
1.6058527231 -85.7292633057 
1.6114143133 -85.8223190308 
1.6169950962 -85.9153747559 
1.6225953102 -86.0504913330 
1.6282148361 -86.3184204102 
1.6338539124 -86.5863418579 
1.6395124197 -86.9209671021 
1.6451905966 -87.3482055664 
1.6508884430 -87.7754440308 
1.6566059589 -88.2374114990 
1.6623432636 -88.7203063965 
1.6681005955 -89.2032089233 
1.6738777161 -89.5553970337 
1.6796748638 -89.8856353760 
1.6854921579 -90.1825790405 
1.6913294792 -90.2221679688 
1.6971870661 -90.2617645264 
1.7030650377 -90.2264251709 
1.7089632750 -90.0780563354 
1.7148818970 -89.9296951294 
1.7208211422 -89.7555999756 
1.7267808914 -89.5709075928 
1.7327612638 -89.3871612549 
1.7387623787 -89.2249832153 
1.7447843552 -89.0628051758 
1.7508270741 -88.9108581543 
1.7568907738 -88.7742156982 
1.7629753351 -88.6375732422 
1.7690811157 -88.5203399658 
1.7752079964 -88.4084854126 
1.7813560963 -88.3041534424 
1.7875255346 -88.2321243286 
1.7937163115 -88.1600875854 
1.7999285460 -88.1249923706 
1.8061622381 -88.1127319336 
1.8124175072 -88.1049118042 
1.8186944723 -88.1564865112 
1.8249932528 -88.2080612183 
1.8313137293 -88.2831192017 
1.8376561403 -88.3779144287 
1.8440206051 -88.4729537964 
1.8504070044 -88.5739517212 
1.8568155766 -88.6749496460 
1.8632462025 -88.7570037842 
1.8696992397 -88.8239669800 
1.8761746883 -88.8833160400 
1.8826724291 -88.8700027466 
1.8891928196 -88.8566970825 
1.8957357407 -88.7564468384 
1.9023011923 -88.6102066040 
1.9088895321 -88.4304046631 
1.9155006409 -88.1405029297 
1.9221346378 -87.8506011963 
1.9287915230 -87.5006942749 
1.9354715347 -87.1387634277 
1.9421746731 -86.7917175293 
1.9489010572 -86.4626693726 
1.9556506872 -86.1432037354 
1.9624238014 -85.9188919067 
1.9692202806 -85.6945877075 
1.9760403633 -85.5644836426 
1.9828839302 -85.4658737183 
1.9897513390 -85.4130630493 
1.9966424704 -85.4219207764 
2.0035574436 -85.4397048950 
2.0104963779 -85.5220260620 
2.0174593925 -85.6043395996 
2.0244464874 -85.7314453125 
2.0314579010 -85.8673934937 
2.0384933949 -86.0386352539 
2.0455532074 -86.2368850708 
2.0526378155 -86.4591979980 
2.0597467422 -86.7336654663 
2.0668802261 -87.0123977661 
2.0740385056 -87.3388671875 
2.0812215805 -87.6653366089 
2.0884294510 -87.9646377563 
2.0956623554 -88.2597351074 
2.1029202938 -88.4688034058 
2.1102032661 -88.6347427368 
2.1175117493 -88.7257080078 
2.1248455048 -88.7364273071 
2.1322045326 -88.7170333862 
2.1395888329 -88.6326065063 
2.1469991207 -88.5455551147 
2.1544346809 -88.4453735352 
2.1618962288 -88.3461303711 
2.1693835258 -88.2759933472 
2.1768968105 -88.2058563232 
2.1844360828 -88.1740188599 
2.1920015812 -88.1458511353 
2.1995930672 -88.1536788940 
2.2072110176 -88.1700134277 
2.2148551941 -88.2229156494 
2.2225260735 -88.2900085449 
2.2302234173 -88.3892059326 
2.2379472256 -88.5059280396 
2.2456979752 -88.6369476318 
2.2534756660 -88.7779769897 
2.2612800598 -88.9088745117 
2.2691116333 -89.0312957764 
2.2769701481 -89.1301651001 
2.2848560810 -89.2068023682 
2.2927691936 -89.2641830444 
2.3007099628 -89.3022232056 
2.3086779118 -89.3177337646 
2.3166735172 -89.3104553223 
2.3246970177 -89.1828536987 
2.3327481747 -88.9393081665 
2.3408272266 -88.3003768921 
2.3489341736 -87.3177032471 
2.3570692539 -85.8803024292 
2.3652327061 -84.1053619385 
2.3734242916 -82.2450256348 
2.3816442490 -80.3336715698 
2.3898925781 -78.6235580444 
2.3981695175 -77.0031814575 
2.4064753056 -75.7002944946 
2.4148097038 -74.4925003052 
2.4231729507 -73.6569824219 
2.4315650463 -72.8818359375 
2.4399862289 -72.5226593018 
2.4484367371 -72.2133255005 
2.4569165707 -72.3004684448 
2.4654254913 -72.4776077271 
2.4739642143 -72.9987945557 
2.4825322628 -73.6722488403 
2.4911301136 -74.6319198608 
2.4997575283 -75.8055877686 
2.5084149837 -77.1940155029 
2.5171024799 -78.8160247803 
2.5258200169 -80.5569381714 
2.5345678329 -82.3621520996 
2.5433456898 -84.1690216064 
2.5521540642 -85.5446701050 
2.5609929562 -86.7808685303 
2.5698626041 -87.5290908813 
2.5787627697 -88.1631240845 
2.5876939297 -88.6465988159 
2.5966558456 -89.1061019897 
2.6056489944 -89.5527725220 
2.6146731377 -89.8986511230 
2.6237285137 -90.1950073242 
2.6328153610 -90.2364349365 
2.6419336796 -90.1567687988 
2.6510834694 -89.8763809204 
2.6602649689 -89.5021820068 
2.6694786549 -89.0749816895 
2.6787238121 -88.7198562622 
2.6880011559 -88.4162979126 
2.6973104477 -88.2961883545 
2.7066521645 -88.3178558350 
2.7160260677 -88.4874801636 
2.7254326344 -88.8771667480 
2.7348716259 -89.3424987793 
2.7443432808 -89.9603347778 
2.7538478374 -90.5494384766 
2.7633852959 -91.1003952026 
2.7729558945 -91.3938827515 
2.7825593948 -91.5689926147 
2.7921962738 -91.4185867310 
2.8018665314 -91.2039489746 
2.8115704060 -90.9129409790 
2.8213076591 -90.6709976196 
2.8310787678 -90.4661026001 
2.8408837318 -90.3737411499 
2.8507225513 -90.3496627808 
2.8605954647 -90.3774948120 
2.8705027103 -90.4254760742 
2.8804440498 -90.4319458008 
2.8904199600 -90.3611068726 
2.9004304409 -90.1498336792 
2.9104754925 -89.8778457642 
2.9205553532 -89.5283432007 
2.9306702614 -89.2170333862 
2.9408199787 -88.9367752075 
2.9510049820 -88.8246841431 
2.9612252712 -88.8113327026 
2.9714810848 -88.9081649780 
2.9817721844 -89.1750793457 
2.9920992851 -89.4992599487 
3.0024619102 -89.8935470581 
3.0128602982 -90.2924118042 
3.0232946873 -90.6593322754 
3.0337653160 -90.9560394287 
3.0442721844 -91.1259384155 
3.0548155308 -91.2200775146 
3.0653953552 -91.2061233521 
3.0760118961 -91.0904083252 
3.0866649151 -90.9174194336 
3.0973551273 -90.6723556519 
3.1080822945 -90.3992919922 
3.1188464165 -90.1427993774 
3.1296479702 -89.9346084595 
3.1404869556 -89.8689422607 
3.1513633728 -89.9085922241 
3.1622776985 -90.0751953125 
3.1732296944 -90.4031600952 
3.1842195988 -90.7601394653 
3.1952474117 -91.1272048950 
3.2063136101 -91.2894821167 
3.2174181938 -91.2021636963 
3.2285611629 -90.8962478638 
3.2397425175 -90.3320999146 
3.2509627342 -89.7527389526 
3.2622220516 -89.2399673462 
3.2735199928 -88.8659896851 
3.2848572731 -88.7774505615 
3.2962338924 -88.8572692871 
3.3076496124 -89.0832443237 
3.3191051483 -89.4100646973 
3.3306002617 -89.6203842163 
3.3421351910 -89.6634979248 
3.3537099361 -89.4879684448 
3.3653249741 -89.0597915649 
3.3769800663 -88.6261215210 
3.3886756897 -88.2364044189 
3.4004118443 -87.9744720459 
3.4121885300 -87.9368667603 
3.4240059853 -88.0493164063 
3.4358644485 -88.2901382446 
3.4477639198 -88.6327590942 
3.4597046375 -88.9562301636 
3.4716866016 -89.1999359131 
3.4837102890 -89.3544082642 
3.4957754612 -89.4178924561 
3.5078823566 -89.4900894165 
3.5200312138 -89.6390762329 
3.5322222710 -89.8854980469 
3.5444555283 -90.2440643311 
3.5567314625 -90.6919860840 
3.5690495968 -91.0879058838 
3.5814104080 -91.3627319336 
3.5938138962 -91.4645996094 
3.6062602997 -91.3484420776 
3.6187500954 -91.1334304810 
3.6312828064 -90.9021224976 
3.6438591480 -90.6722106934 
3.6564791203 -90.4413070679 
3.6691424847 -90.1565017700 
3.6818499565 -89.8247909546 
3.6946012974 -89.5113143921 
3.7073969841 -89.2854156494 
3.7202367783 -89.2224884033 
3.7331211567 -89.4358825684 
3.7460501194 -89.8681716919 
3.7590239048 -90.3728561401 
3.7720425129 -90.7944488525 
3.7851064205 -90.9935150146 
3.7982153893 -90.8962936401 
3.8113698959 -90.6787490845 
3.8245697021 -90.5281982422 
3.8378155231 -90.4762039185 
3.8511071205 -90.5036087036 
3.8644447327 -90.5594787598 
3.8778283596 -90.5905990601 
3.8912587166 -90.6030807495 
3.9047353268 -90.6593551636 
3.9182586670 -90.8043212891 
3.9318287373 -91.0630416870 
3.9454460144 -91.4379653931 
3.9591102600 -91.9096221924 
3.9728219509 -92.4439468384 
3.9865810871 -92.9893493652 
4.0003876686 -93.4964294434 
4.0142426491 -93.9231338501 
4.0281448364 -94.2204208374 
4.0420956612 -94.3149871826 
4.0560946465 -94.1212387085 
4.0701422691 -93.5952377319 
4.0842385292 -92.8193664551 
4.0983834267 -91.9738159180 
4.1125774384 -91.1697921753 
4.1268205643 -90.4496765137 
4.1411132813 -89.8388137817 
4.1554551125 -89.3679122925 
4.1698470116 -89.0810470581 
4.1842885017 -89.0271911621 
4.1987800598 -89.2381591797 
4.2133216858 -89.7000579834 
4.2279138565 -90.3196182251 
4.2425560951 -90.8516159058 
4.2572493553 -91.0205307007 
4.2719936371 -90.7652511597 
4.2867889404 -90.2638702393 
4.3016357422 -89.7599487305 
4.3165335655 -89.4341354370 
4.3314828873 -89.3686370850 
4.3464841843 -89.5533905029 
4.3615374565 -89.9003295898 
4.3766427040 -90.2778472900 
4.3918004036 -90.5811691284 
4.4070110321 -90.7951660156 
4.4222736359 -90.9629058838 
4.4375896454 -91.0634078979 
4.4529581070 -90.9491119385 
4.4683809280 -90.4868927002 
4.4838562012 -89.7927551270 
4.4993853569 -89.1776885986 
4.5149679184 -88.9066009521 
4.5306048393 -89.1249465942 
4.5462956429 -89.8926696777 
4.5620408058 -91.1895980835 
4.5778408051 -92.8095092773 
4.5936951637 -94.0817489624 
4.6096048355 -94.0167007446 
4.6255693436 -92.6057968140 
4.6415891647 -90.9017562866 
4.6576642990 -89.5774078369 
4.6737952232 -88.8079910278 
4.6899819374 -88.5488510132 
4.7062249184 -88.6263961792 
4.7225241661 -88.8012924194 
4.7388796806 -88.9335327148 
4.7552919388 -89.1207962036 
4.7717609406 -89.5892410278 
4.7882871628 -90.4243316650 
4.8048706055 -91.0970382690 
4.8215112686 -90.0582046509 
4.8382096291 -87.1234893799 
4.8549661636 -83.9665756226 
4.8717803955 -80.4655151367 
4.8886528015 -78.7414245605 
4.9055838585 -78.6105041504 
4.9225735664 -79.2851486206 
4.9396219254 -80.7619400024 
4.9567294121 -82.9995574951 
4.9738960266 -85.8040695190 
4.9911222458 -88.6007156372 
5.0084080696 -90.5714492798 
5.0257534981 -91.7064285278 
5.0431594849 -92.6544952393 
5.0606255531 -93.5634765625 
5.0781521797 -94.0650863647 
5.0957393646 -93.9772186279 
5.1133875847 -93.9389343262 
5.1310968399 -93.7213287354 
5.1488671303 -93.1009521484 
5.1666994095 -92.2070083618 
5.1845936775 -91.3849868774 
5.2025494576 -90.8986740112 
5.2205672264 -90.9059371948 
5.2386479378 -91.1798858643 
5.2567911148 -91.0215225220 
5.2749967575 -90.4378433228 
5.2932658195 -89.7294006348 
5.3115983009 -89.2672882080 
5.3299937248 -89.2363891602 
5.3484535217 -89.9938812256 
5.3669767380 -91.0799484253 
5.3855643272 -91.2857284546 
5.4042162895 -90.6995773315 
5.4229326248 -89.6248550415 
5.4417138100 -88.5391464233 
5.4605603218 -87.3780059814 
5.4794721603 -86.7405166626 
5.4984493256 -86.6133346558 
5.5174922943 -86.7561492920 
5.5366010666 -87.2333831787 
5.5557761192 -88.5303497314 
5.5750174522 -89.9566268921 
5.5943255424 -90.3914184570 
5.6137003899 -90.3500747681 
5.6331429482 -89.9939956665 
5.6526522636 -89.6857223511 
5.6722292900 -89.4463958740 
5.6918740273 -89.2112426758 
5.7115869522 -89.1131820679 
5.7313680649 -89.4444198608 
5.7512173653 -90.2367858887 
5.7711358070 -90.8618011475 
5.7911229134 -91.2726898193 
5.8111796379 -91.1817245483 
5.8313055038 -90.8612747192 
5.8515009880 -90.9359741211 
5.8717665672 -91.7907638550 
5.8921022415 -93.0479888916 
5.9125084877 -93.3608474731 
5.9329853058 -92.7115783691 
5.9535331726 -90.0292053223 
5.9741520882 -87.9288711548 
5.9948425293 -87.3947906494 
6.0156044960 -88.1496658325 
6.0364384651 -90.5280914307 
6.0573449135 -92.9816360474 
6.0783233643 -95.9416046143 
6.0993742943 -93.9434890747 
6.1204986572 -92.0104064941 
6.1416954994 -90.6184463501 
6.1629662514 -90.1857604980 
6.1843104362 -90.0416641235 
6.2057290077 -90.2010345459 
6.2272214890 -90.9431381226 
6.2487878799 -91.4800033569 
6.2704296112 -91.4653472900 
6.2921462059 -90.6526336670 
6.3139376640 -90.3513793945 
6.3358049393 -90.8729705811 
6.3577480316 -92.0641479492 
6.3797669411 -93.1961746216 
6.4018621445 -93.6076049805 
6.4240336418 -92.5264129639 
6.4462819099 -90.8244552612 
6.4686074257 -90.2579727173 
6.4910101891 -90.6886367798 
6.5134906769 -91.4316253662 
6.5360488892 -92.0564498901 
6.5586853027 -92.9797668457 
6.5814003944 -93.4970397949 
6.6041936874 -93.0309982300 
6.6270661354 -91.8731384277 
6.6500177383 -91.0603942871 
6.6730489731 -91.0066146851 
6.6961598396 -91.0597534180 
6.7193508148 -90.5966033936 
6.7426218987 -90.5043258667 
6.7659740448 -91.2184371948 
6.7894062996 -92.1495666504 
6.8129205704 -92.4889755249 
6.8365159035 -93.5374298096 
6.8601927757 -94.7280426025 
6.8839516640 -92.3672027588 
6.9077930450 -90.0127792358 
6.9317169189 -89.1033325195 
6.9557237625 -89.3322982788 
6.9798135757 -89.7940216064 
7.0039868355 -90.1349487305 
7.0282440186 -90.7371826172 
7.0525846481 -91.6821212769 
7.0770101547 -92.4189224243 
7.1015210152 -91.9659652710 
7.1261157990 -90.7704162598 
7.1507959366 -89.8479537964 
7.1755614281 -89.9161834717 
7.2004127502 -90.7872543335 
7.2253499031 -91.7746047974 
7.2503733635 -91.7730712891 
7.2754840851 -87.9633865356 
7.3006811142 -81.4969177246 
7.3259658813 -78.2089767456 
7.3513379097 -76.7053985596 
7.3767981529 -76.8258972168 
7.4023461342 -78.8301925659 
7.4279828072 -83.9210052490 
7.4537081718 -89.1823425293 
7.4795227051 -92.3696670532 
7.5054268837 -93.4049758911 
7.5314202309 -93.0724487305 
7.5575041771 -92.4845046997 
7.5836782455 -91.7814331055 
7.6099429131 -91.4991836548 
7.6362986565 -92.3248138428 
7.6627454758 -93.3266906738 
7.6892838478 -93.2359619141 
7.7159142494 -92.3454360962 
7.7426371574 -92.1375503540 
7.7694520950 -92.1800918579 
7.7963600159 -91.5609359741 
7.8233613968 -91.2821731567 
7.8504562378 -91.9072570801 
7.8776450157 -92.8279495239 
7.9049277306 -93.1460037231 
7.9323048592 -91.4833374023 
7.9597768784 -88.6730117798 
7.9873442650 -86.5453720093 
8.0150070190 -87.0159301758 
8.0427656174 -89.0740356445 
8.0706205368 -91.8957672119 
8.0985708237 -94.2151107788 
8.1266193390 -93.5621795654 
8.1547641754 -92.8994522095 
8.1830062866 -92.9787445068 
8.2113466263 -93.7736358643 
8.2397851944 -93.9667816162 
8.2683229446 -92.4106445313 
8.2969579697 -91.0057525635 
8.3256931305 -90.3758773804 
8.3545274734 -90.8644714355 
8.3834619522 -92.4485626221 
8.4124965668 -93.7164306641 
8.4416322708 -93.3816604614 
8.4708681107 -92.8021240234 
8.5002050400 -92.7053985596 
8.5296440125 -93.3091201782 
8.5591850281 -93.9931106567 
8.5888280869 -94.2131271362 
8.6185741425 -94.3330459595 
8.6484231949 -94.5076599121 
8.6783752441 -94.7818222046 
8.7084312439 -95.2101593018 
8.7385911942 -95.1924896240 
8.7688560486 -93.8011474609 
8.7992248535 -92.1767120361 
8.8296995163 -91.5568466187 
8.8602790833 -91.5866470337 
8.8909654617 -90.7484741211 
8.9217586517 -89.8909378052 
8.9526576996 -90.3103256226 
8.9836635590 -91.4854278564 
9.0147771835 -92.1703491211 
9.0459976196 -92.4391326904 
9.0773267746 -92.8613586426 
9.1087646484 -93.1017990112 
9.1403112411 -92.7671279907 
9.1719665527 -92.6925430298 
9.2037324905 -93.0823211670 
9.2356081009 -94.0264892578 
9.2675933838 -95.1087036133 
9.2996902466 -94.7448654175 
9.3318977356 -93.4908676147 
9.3642177582 -92.8453979492 
9.3966484070 -92.9544906616 
9.4291925430 -92.8557357788 
9.4618482590 -92.9612579346 
9.4946174622 -93.7578506470 
9.5275011063 -94.0613403320 
9.5604972839 -93.1146011353 
9.5936088562 -91.9926834106 
9.6268339157 -91.4359054565 
9.6601753235 -92.0031509399 
9.6936311722 -93.3072128296 
9.7272033691 -87.7940826416 
9.7608919144 -80.7795867920 
9.7946968079 -77.8645553589 
9.8286190033 -77.9853973389 
9.8626585007 -81.1031875610 
9.8968162537 -86.6879196167 
9.9310922623 -90.8018341064 
9.9654865265 -90.2505645752 
10.0000000000 -86.9139862061 
10.0346345901 -88.4024963379 
10.0693864822 -89.8499603271 
10.1042613983 -91.2792205811 
10.1392536163 -92.2670440674 
10.1743707657 -93.1578521729 
10.2096061707 -93.5286788940 
10.2449674606 -93.8259429932 
10.2804470062 -93.9027633667 
10.3160533905 -93.9315719604 
10.3517789841 -93.9038772583 
10.3876323700 -93.8488616943 
10.4236068726 -93.7809677124 
10.4597082138 -93.6620254517 
10.4959316254 -93.5285949707 
10.5322837830 -93.3422317505 
10.5687589645 -93.1529464722 
10.6053638458 -92.9593353271 
10.6420917511 -92.8126144409 
10.6789503098 -92.6892547607 
10.7159337997 -92.6806716919 
10.7530479431 -92.7100143433 
10.7902870178 -92.8456039429 
10.8276586533 -93.0365829468 
10.8651571274 -93.2792129517 
10.9027881622 -93.5467758179 
10.9405460358 -93.8141326904 
10.9784383774 -94.0452575684 
11.0164585114 -94.2582778931 
11.0546140671 -94.4498977661 
11.0928983688 -94.6497726440 
11.1313180923 -94.8556594849 
11.1698675156 -95.0862884521 
11.2085533142 -95.3199996948 
11.2473707199 -95.5569534302 
11.2863254547 -95.7607421875 
11.3254127502 -95.9291152954 
11.3646373749 -95.9912261963 
11.4039955139 -95.9156799316 
11.4434919357 -95.7468948364 
11.4831228256 -95.4093017578 
11.5228948593 -95.0692291260 
11.5628004074 -94.7294616699 
11.6028470993 -94.4696884155 
11.6430301666 -94.2474746704 
11.6833553314 -94.0882263184 
11.7238168716 -93.9210281372 
11.7644214630 -93.7434768677 
11.8051643372 -93.4778747559 
11.8460512161 -93.1403350830 
11.8870754242 -92.7311172485 
11.9282464981 -92.0187072754 
11.9695558548 -91.0468139648 
12.0110120773 -89.7202453613 
12.0526084900 -88.0517959595 
12.0943517685 -86.3979187012 
12.1362361908 -84.8660049438 
12.1782703400 -83.7887725830 
12.2204456329 -83.0228805542 
12.2627706528 -82.7226257324 
12.3052387238 -83.0125427246 
12.3478574753 -83.6698150635 
12.3906202316 -84.8223648071 
12.4335346222 -86.5381240845 
12.4765939713 -88.5166244507 
12.5198059082 -90.7695617676 
12.5631647110 -92.7587814331 
12.6066761017 -94.2639694214 
12.6503391266 -95.1424484253 
12.6941490173 -95.2580718994 
12.7381153107 -95.2211685181 
12.7822294235 -95.0639266968 
12.8264999390 -94.8470535278 
12.8709201813 -94.6071929932 
12.9154977798 -94.3623962402 
12.9602270126 -94.1505584717 
13.0051136017 -94.0628051758 
13.0501527786 -94.0923919678 
13.0953512192 -94.2641830444 
13.1407032013 -94.6341323853 
13.1862154007 -95.0788345337 
13.2318820953 -95.5727615356 
13.2777099609 -96.0511932373 
13.3236923218 -96.3877487183 
13.3698387146 -96.5771636963 
13.4161405563 -96.6009445190 
13.4626073837 -96.4588699341 
13.5092306137 -96.3332977295 
13.5560188293 -96.2595214844 
13.6029663086 -96.2886886597 
13.6500797272 -96.4202499390 
13.6973524094 -96.5055770874 
13.7447919846 -96.4844970703 
13.7923927307 -96.2531204224 
13.8401622772 -95.8401718140 
13.8880929947 -95.4564666748 
13.9361934662 -95.1739425659 
13.9844570160 -95.0852584839 
14.0328922272 -95.2169113159 
14.0814905167 -95.3757781982 
14.1302604675 -95.4797668457 
14.1791963577 -95.4483871460 
14.2283058167 -95.2369079590 
14.2775802612 -94.8355102539 
14.3270301819 -93.7346420288 
14.3766469955 -91.5464401245 
14.4264402390 -87.8089981079 
14.4764013290 -84.0635223389 
14.5265398026 -80.8438110352 
14.5768480301 -78.2971038818 
14.6273345947 -76.4715728760 
14.6779909134 -75.5229415894 
14.7288274765 -75.3569564819 
14.7798366547 -75.9023971558 
14.8310260773 -77.1774215698 
14.8823881149 -79.2075958252 
14.9339323044 -82.1794204712 
14.9856519699 -86.0891189575 
15.0375537872 -90.6036300659 
15.0896310806 -94.7472076416 
15.1418933868 -97.4148864746 
15.1943330765 -97.6986923218 
15.2469577789 -97.3122787476 
15.2997608185 -97.0249786377 
15.3527507782 -96.8983154297 
15.4059200287 -96.9369430542 
15.4592771530 -97.1023483276 
15.5128154755 -97.3182907104 
15.5665435791 -97.4703903198 
15.6204538345 -97.5155258179 
15.6745538712 -97.4001541138 
15.7288379669 -97.0387115479 
15.7833137512 -96.3775177002 
15.8379745483 -95.4634933472 
15.8928289413 -94.5342636108 
15.9478731155 -93.9717407227 
16.0031032562 -93.9111099243 
16.0585289001 -94.3848037720 
16.1141433716 -95.3226623535 
16.1699523926 -96.5353851318 
16.2259521484 -97.7267456055 
16.2821502686 -98.5612258911 
16.3385391235 -98.8175277710 
16.3951263428 -98.5213165283 
16.4519062042 -97.9562759399 
16.5088863373 -97.3413848877 
16.5660591125 -96.8518753052 
16.6234340668 -96.5850143433 
16.6810054779 -96.5121841431 
16.7387790680 -96.2319641113 
16.7967472076 -94.7248535156 
16.8549232483 -90.9175491333 
16.9132938385 -86.1512603760 
16.9718723297 -82.1162490845 
17.0306491852 -79.1391983032 
17.0896339417 -77.1985549927 
17.1488189697 -76.2745666504 
17.2082138062 -76.3579101563 
17.2678089142 -77.4591674805 
17.3276138306 -79.6096343994 
17.3876228333 -82.8511810303 
17.4478435516 -87.1717605591 
17.5082683563 -92.1507034302 
17.5689086914 -96.3118515015 
17.6297531128 -98.0350723267 
17.6908130646 -97.8221588135 
17.7520790100 -97.0076980591 
17.8135623932 -95.9385910034 
17.8752536774 -94.8894348145 
17.9371643066 -94.1805648804 
17.9992828369 -94.0224533081 
18.0616226196 -94.4800262451 
18.1241741180 -95.4703979492 
18.1869468689 -96.7336807251 
18.2499313354 -97.8450317383 
18.3131389618 -98.4430236816 
18.3765602112 -98.5417556763 
18.4402065277 -98.4405136108 
18.5040683746 -98.3665008545 
18.5681571960 -98.3347549438 
18.6324615479 -98.1854019165 
18.6969947815 -97.8421478271 
18.7617454529 -97.4586410522 
18.8267250061 -97.2334213257 
18.8919258118 -97.2321014404 
18.9573574066 -97.4205856323 
19.0230102539 -97.7564620972 
19.0888957977 -98.1648559570 
19.1550025940 -98.3983306885 
19.2213459015 -97.6405029297 
19.2879123688 -94.0650405884 
19.3547153473 -88.4838485718 
19.4217453003 -80.9912185669 
19.4890098572 -76.8292236328 
19.5565052032 -75.4140090942 
19.6242370605 -75.1818237305 
19.6921997070 -76.1255264282 
19.7604026794 -78.2662963867 
19.8288364410 -81.6281738281 
19.8975124359 -86.0840072632 
19.9664268494 -90.6861953735 
20.0355739594 -93.3703842163 
20.1049671173 -94.4462203979 
20.1745929718 -95.3635559082 
20.2444667816 -96.1647567749 
20.3145771027 -96.6423263550 
20.3849372864 -96.8196945190 
20.4555339813 -97.0278472900 
20.5263805389 -97.2892227173 
20.5974674225 -97.4673004150 
20.6688041687 -97.4099426270 
20.7403850555 -97.1136169434 
20.8122177124 -96.7844543457 
20.8842945099 -96.6353149414 
20.9566268921 -96.6396331787 
21.0292034149 -96.4699249268 
21.1020374298 -96.2378005981 
21.1751174927 -96.1594238281 
21.2484550476 -96.3117828369 
21.3220424652 -96.5785903931 
21.3958911896 -96.8737792969 
21.4699878693 -97.1211242676 
21.5443496704 -97.3729095459 
21.6189613342 -97.6670761108 
21.6938362122 -97.1754989624 
21.7689666748 -93.6013870239 
21.8443622589 -85.3778152466 
21.9200134277 -80.2925796509 
21.9959316254 -78.1735687256 
22.0721073151 -77.2515487671 
22.1485538483 -77.5010375977 
22.2252578735 -80.0458679199 
22.3022346497 -85.4051208496 
22.3794708252 -90.2418899536 
22.4569816589 -94.7502822876 
22.5347537994 -96.8042831421 
22.6128025055 -96.4222869873 
22.6911144257 -95.8638992310 
22.7697048187 -95.4889221191 
22.8485603333 -95.4005126953 
22.9276943207 -95.5016174316 
23.0070972443 -95.2348709106 
23.0867805481 -94.6442565918 
23.1667346954 -93.7269210815 
23.2469711304 -93.4020080566 
23.3274803162 -93.7102508545 
23.4082736969 -94.2248764038 
23.4893398285 -94.5759353638 
23.5706958771 -94.4651489258 
23.6523246765 -94.4845809937 
23.7342433929 -94.3695755005 
23.8164386749 -91.9468536377 
23.8989257813 -88.2396850586 
23.9816932678 -85.9739608765 
24.0647525787 -83.8069686890 
24.1480922699 -82.2573394775 
24.2317276001 -80.2254333496 
24.3156471252 -75.1350860596 
24.3998641968 -71.3176574707 
24.4843635559 -69.8408050537 
24.5691642761 -69.8063049316 
24.6542530060 -72.0707168579 
24.7396411896 -75.1376190186 
24.8253192902 -81.2767181396 
24.9113006592 -89.9931182861 
24.9975719452 -93.5802993774 
25.0841503143 -95.4353179932 
25.1710281372 -95.8196563721 
25.2581996918 -95.6843719482 
25.3456802368 -95.1979293823 
25.4334583282 -94.7873992920 
25.5215454102 -95.1699829102 
25.6099300385 -96.1814346313 
25.6986293793 -96.8021011353 
25.7876281738 -96.5015640259 
25.8769435883 -94.9596786499 
25.9665584564 -93.8000030518 
26.0564937592 -94.0478668213 
26.1467323303 -95.0674743652 
26.2372894287 -96.7143554688 
26.3281536102 -97.7020874023 
26.4193401337 -98.1853866577 
26.5108356476 -98.4316482544 
26.6026535034 -95.6013717651 
26.6947841644 -89.0386047363 
26.7872409821 -82.0887374878 
26.8800086975 -78.2867355347 
26.9731063843 -77.1322174072 
27.0665187836 -77.7144546509 
27.1602630615 -80.7574234009 
27.2543239594 -86.1360168457 
27.3487186432 -94.0759277344 
27.4434318542 -97.6995391846 
27.5384807587 -98.7343139648 
27.6338520050 -99.0874557495 
27.7295608521 -99.0319976807 
27.8255920410 -97.5957641602 
27.9219646454 -95.7092208862 
28.0186634064 -94.8945541382 
28.1157054901 -95.4852905273 
28.2130756378 -97.1425476074 
28.3107891083 -98.9786071777 
28.4088344574 -99.5668945313 
28.5072269440 -99.7797622681 
28.6059532166 -99.7868194580 
28.7050285339 -99.7064056396 
28.8044395447 -99.8290328979 
28.9042015076 -100.1426010132 
29.0043029785 -99.0902633667 
29.1047573090 -87.9528503418 
29.2055530548 -76.7287292480 
29.3067054749 -71.8757019043 
29.4081993103 -69.6549682617 
29.5100536346 -69.8518676758 
29.6122512817 -72.8075637817 
29.7148113251 -80.8710708618 
29.8177204132 -91.4733200073 
29.9209918976 -96.3992691040 
30.0246143341 -79.9204330444 
30.1286029816 -82.1867523193 
30.2329425812 -84.9149856567 
30.3376541138 -87.9768600464 
30.4427185059 -91.0768280029 
30.5481548309 -93.3180541992 
30.6539497375 -93.3355026245 
30.7601184845 -89.9570388794 
30.8666458130 -85.9480667114 
30.9735507965 -82.1597061157 
31.0808181763 -78.7930831909 
31.1884651184 -75.8886108398 
31.2964763641 -73.4369354248 
31.4048690796 -71.4309082031 
31.5136299133 -69.9062652588 
31.6227760315 -68.7754669189 
31.7322998047 -68.0322113037 
31.8421955109 -67.6734848022 
31.9524784088 -67.6998138428 
32.0631370544 -68.1154479980 
32.1741867065 -68.9286270142 
32.2856101990 -70.2062835693 
32.3974304199 -71.9327926636 
32.5096282959 -74.1185455322 
32.6222229004 -76.7964019775 
32.7351989746 -80.0025329590 
32.8485755920 -83.7528762817 
32.9623374939 -87.7757186890 
33.0764999390 -90.7486343384 
33.1910514832 -89.1536178589 
33.3060073853 -84.5286865234 
33.4213523865 -80.2481231689 
33.5371055603 -76.5629653931 
33.6532516479 -73.4654769897 
33.7698059082 -70.9140472412 
33.8867568970 -68.8743896484 
34.0041236877 -67.3208923340 
34.1218833923 -66.2366104126 
34.2400627136 -65.6113052368 
34.3586425781 -65.4412994385 
34.4776420593 -65.7287368774 
34.5970458984 -66.4817199707 
34.7168693542 -67.7147750854 
34.8371009827 -69.4672698975 
34.9577598572 -71.7677612305 
35.0788230896 -74.6427307129 
35.2003173828 -78.1422042847 
35.3222236633 -82.2986755371 
35.4445610046 -86.7738876343 
35.5673103333 -88.5449600220 
35.6904945374 -85.6463394165 
35.8140983582 -81.0056838989 
35.9381370544 -76.7284622192 
36.0625991821 -73.1360244751 
36.1875000000 -70.1944503784 
36.3128242493 -67.8573455811 
36.4385910034 -66.0892333984 
36.5647850037 -64.8664627075 
36.6914253235 -64.1746368408 
36.8184928894 -64.0390548706 
36.9460144043 -64.6346206665 
37.0739631653 -65.7656860352 
37.2023696899 -67.4494934082 
37.3312072754 -69.7130432129 
37.4605026245 -72.5945816040 
37.5902328491 -76.1440124512 
37.7204246521 -80.4118804932 
37.8510589600 -85.3058242798 
37.9821548462 -88.9800872803 
38.1136932373 -86.5625000000 
38.2456970215 -81.7686004639 
38.3781509399 -77.4600830078 
38.5110702515 -73.8671340942 
38.6444396973 -70.9489059448 
38.7782859802 -68.6550140381 
38.9125823975 -66.9456863403 
39.0473518372 -65.7924423218 
39.1825790405 -65.1766967773 
39.3182868958 -65.0886230469 
39.4544525146 -65.5264739990 
39.5911026001 -66.4964218140 
39.7282142639 -68.0130233765 
39.8658103943 -71.2408447266 
40.0038833618 -76.1353607178 
40.1424255371 -80.1822280884 
40.2814559937 -84.9425048828 
40.4209594727 -89.8862838745 
40.5609550476 -91.3543853760 
40.7014236450 -87.6984863281 
40.8423919678 -83.3952102661 
40.9838371277 -79.6527328491 
41.1257820129 -76.5612487793 
41.2682075500 -73.0558929443 
41.4111366272 -70.9030456543 
41.5545539856 -70.1289749146 
41.6984748840 -69.8841323853 
41.8428840637 -70.1645584106 
41.9878044128 -70.9740905762 
42.1332168579 -72.3247375488 
42.2791442871 -75.3120498657 
42.4255638123 -79.8837509155 
42.5725021362 -83.7041778564 
42.7199363708 -88.1927185059 
42.8678970337 -92.7580795288 
43.0163574219 -93.9090957642 
43.1653404236 -87.4269332886 
43.3148307800 -81.8265457153 
43.4648475647 -78.5502700806 
43.6153755188 -75.9061355591 
43.7664337158 -73.8603439331 
43.9180068970 -72.3826217651 
44.0701141357 -71.2457122803 
44.2227363586 -71.1749725342 
44.3759002686 -71.8268203735 
44.5295829773 -73.0151062012 
44.6838073730 -75.7664566040 
44.8385581970 -80.0264587402 
44.9938507080 -83.6324310303 
45.1496734619 -87.9130249023 
45.3060493469 -92.5875473022 
45.4629516602 -94.1728820801 
45.6204109192 -88.8698883057 
45.7784004211 -84.8215026855 
45.9369544983 -81.3758544922 
46.0960426331 -77.3104095459 
46.2556915283 -74.7005844116 
46.4158859253 -73.6085510254 
46.5766448975 -73.0504379272 
46.7379455566 -73.2572708130 
46.8998222351 -74.5346603394 
47.0622444153 -76.1048660278 
47.2252426147 -79.3978805542 
47.3887901306 -84.3208618164 
47.5529212952 -88.2113571167 
47.7176055908 -92.0993041992 
47.8828735352 -92.9414443970 
48.0486984253 -89.1053390503 
48.2151145935 -86.0428237915 
48.3820915222 -82.0102615356 
48.5496597290 -79.1589126587 
48.7177963257 -77.7705535889 
48.8865280151 -76.6069717407 
49.0558319092 -76.3748703003 
49.2257347107 -76.8149337769 
49.3962097168 -78.2279052734 
49.5672912598 -80.2464828491 
49.7389526367 -81.5587005615 
49.9112205505 -82.9260177612 
50.0840721130 -83.9716186523 
50.2575378418 -84.8111114502 
50.4316024780 -86.2806777954 
50.6062545776 -86.3139801025 
50.7815284729 -82.6343994141 
50.9573936462 -79.0383377075 
51.1338806152 -77.0888290405 
51.3109664917 -75.2235336304 
51.4886817932 -74.4667053223 
51.6669960022 -74.9864273071 
51.8459396362 -76.5972671509 
52.0254936218 -78.3937225342 
52.2056808472 -82.0071334839 
52.3864784241 -87.3443832397 
52.5679168701 -93.0967864990 
52.7499694824 -98.7032165527 
52.9326667786 -99.0850753784 
53.1159820557 -95.6866607666 
53.2999458313 -91.6475906372 
53.4845352173 -87.9579544067 
53.6697731018 -85.5128555298 
53.8556442261 -84.2469177246 
54.0421676636 -84.0300292969 
54.2293281555 -85.0632171631 
54.4171485901 -87.1982345581 
54.6056022644 -90.3781204224 
54.7947273254 -94.6970062256 
54.9844932556 -98.1746139526 
55.1749267578 -98.2401123047 
55.3660087585 -91.7938842773 
55.5577659607 -85.8880996704 
55.7501716614 -80.5782546997 
55.9432601929 -77.0174865723 
56.1370010376 -74.6274414063 
56.3314323425 -73.4115753174 
56.5265159607 -73.4718780518 
56.7222938538 -74.5965270996 
56.9187316895 -76.9632415771 
57.1158676147 -80.7298736572 
57.3136711121 -85.5299606323 
57.5121726990 -93.6681060791 
57.7113494873 -93.3932952881 
57.9112281799 -85.7494735718 
58.1117858887 -80.2186126709 
58.3130531311 -75.6255645752 
58.5150032043 -72.6231155396 
58.7176666260 -70.8358306885 
58.9210166931 -70.2764892578 
59.1250877380 -71.1636505127 
59.3298454285 -73.3038864136 
59.5353317261 -78.0672912598 
59.7415161133 -83.6355972290 
59.9484252930 -89.7456436157 
60.1560401917 -93.6514434814 
60.3643875122 -86.9303817749 
60.5734405518 -79.2363128662 
60.7832336426 -75.1827316284 
60.9937362671 -72.2602386475 
61.2049865723 -70.3617935181 
61.4169502258 -70.2282714844 
61.6296615601 -71.3724441528 
61.8430976868 -74.6722412109 
62.0572891235 -78.8549118042 
62.2722053528 -84.0396652222 
62.4878807068 -93.2052001953 
62.7042884827 -97.0510025024 
62.9214630127 -92.2513275146 
63.1393852234 -85.9465484619 
63.3580513000 -81.6406936646 
63.5774879456 -79.7613372803 
63.7976684570 -79.1292266846 
64.0186309814 -80.0031356812 
64.2403335571 -82.9495468140 
64.4628295898 -86.7546386719 
64.6860733032 -91.4258117676 
64.9101104736 -98.2603683472 
65.1349105835 -95.7533645630 
65.3604965210 -90.1186218262 
65.5868530273 -84.6792144775 
65.8140106201 -79.9592208862 
66.0419387817 -77.4409942627 
66.2706680298 -76.9944534302 
66.5001754761 -77.9664306641 
66.7304992676 -80.1811447144 
66.9616012573 -85.0179061890 
67.1935195923 -92.0322418213 
67.4262161255 -97.2676162720 
67.6597442627 -90.7068481445 
67.8940658569 -85.2381362915 
68.1292114258 -80.5027618408 
68.3651580811 -76.5747909546 
68.6019363403 -74.7949295044 
68.8395156860 -75.0686874390 
69.0779418945 -77.4107818604 
69.3171691895 -81.9493789673 
69.5572433472 -87.2656631470 
69.7981338501 -93.0588912964 
70.0398788452 -96.4489440918 
70.2824401855 -89.2060012817 
70.5258560181 -82.7235488892 
70.7701034546 -78.4872207642 
71.0152130127 -76.4043502808 
71.2611465454 -76.3763351440 
71.5079574585 -78.3998260498 
71.7555999756 -82.5588531494 
72.0041275024 -88.7249832153 
72.2534866333 -92.7339096069 
72.5037384033 -88.9349212646 
72.7548294067 -83.4739379883 
73.0068130493 -78.7853698730 
73.2596511841 -75.7263793945 
73.5133819580 -74.5446777344 
73.7679672241 -75.3127975464 
74.0234603882 -78.1148681641 
74.2798156738 -83.0955047607 
74.5370788574 -90.2543487549 
74.7952194214 -95.8803863525 
75.0542678833 -90.0675430298 
75.3141937256 -82.9406738281 
75.5750427246 -78.0215148926 
75.8367691040 -75.3093719482 
76.0994262695 -74.6766510010 
76.3629760742 -76.0900573730 
76.6274566650 -79.6242446899 
76.8928298950 -85.4560165405 
77.1591415405 -93.5442962646 
77.4263610840 -98.3846282959 
77.6945190430 -90.1043167114 
77.9635925293 -83.7237014771 
78.2336120605 -80.7086257935 
78.5045547485 -79.7718505859 
78.7764511108 -80.8690261841 
79.0492630005 -84.0442199707 
79.3230514526 -89.3780441284 
79.5977783203 -97.3559875488 
79.8734436035 -97.0826950073 
80.1500778198 -89.8715133667 
80.4276504517 -84.3225784302 
80.7062149048 -80.9831390381 
80.9857101440 -79.7425460815 
81.2662048340 -81.1038360596 
81.5476379395 -85.6571044922 
81.8300781250 -91.7697906494 
82.1134719849 -98.3427352905 
82.3978652954 -92.2264862061 
82.6832275391 -83.8050231934 
82.9695968628 -79.0073089600 
83.2569351196 -76.4154205322 
83.5452880859 -76.1838378906 
83.8346252441 -78.9840393066 
84.1249771118 -83.7745666504 
84.4163208008 -92.2647705078 
84.7086944580 -97.9261627197 
85.0020523071 -90.9417877197 
85.2964553833 -84.7844467163 
85.5918502808 -80.2088928223 
85.8882904053 -78.8317489624 
86.1857376099 -80.0583419800 
86.4842376709 -84.3769912720 
86.7837524414 -92.4638900757 
87.0843200684 -100.0203704834 
87.3859100342 -98.1657791138 
87.6885681152 -92.7633972168 
87.9922485352 -88.0108108521 
88.2970046997 -86.3246917725 
88.6027908325 -87.8288803101 
88.9096679688 -92.4114532471 
89.2175750732 -97.9273452759 
89.5265808105 -102.2273941040 
89.8366241455 -100.8372192383 
90.1477661133 -95.7075347900 
90.4599685669 -91.7455368042 
90.7732696533 -90.4749755859 
91.0876312256 -91.9865646362 
91.4031143188 -96.2414016724 
91.7196578979 -101.6904373169 
92.0373229980 -100.9010314941 
92.3560638428 -93.5359039307 
92.6759338379 -86.3438186646 
92.9968872070 -82.6717910767 
93.3189773560 -82.2066192627 
93.6421585083 -84.7220458984 
93.9664840698 -90.2812118530 
94.2919082642 -98.7724838257 
94.6184844971 -96.3469543457 
94.9461669922 -87.5764465332 
95.2750091553 -81.1988906860 
95.6049652100 -78.2737426758 
95.9360885620 -79.1391296387 
96.2683258057 -83.2241363525 
96.6017532349 -92.3032684326 
96.9363021851 -99.5415496826 
97.2720336914 -93.6239242554 
97.6089019775 -87.3480834961 
97.9469680786 -83.6361618042 
98.2861785889 -83.2580337524 
98.6265869141 -86.2926025391 
98.9681472778 -91.7505645752 
99.3109207153 -92.1086883545 
99.6548461914 -86.8221664429 
100.0000000000 -85.0249481201 
100.3463439941 -84.8361129761 
100.6938934326 -84.6578903198 
101.0425872803 -84.4206542969 
101.3925399780 -84.1235733032 
101.7437057495 -83.7677230835 
102.0960922241 -83.3762588501 
102.4496383667 -83.0534820557 
102.8044738770 -82.8114852905 
103.1605300903 -82.7442779541 
103.5178222656 -82.8299484253 
103.8762969971 -83.0034942627 
104.2360610962 -83.2516479492 
104.5970840454 -83.5088958740 
104.9593505859 -83.7696762085 
105.3228149414 -84.0429534912 
105.6875915527 -84.4033660889 
106.0536346436 -84.8919906616 
106.4209518433 -85.4885482788 
106.7894744873 -86.2015228271 
107.1593322754 -86.9695129395 
107.5304794312 -87.6911163330 
107.9029006958 -88.3416824341 
108.2765579224 -88.8598175049 
108.6515731812 -89.2412414551 
109.0278854370 -89.5306091309 
109.4054946899 -89.7410964966 
109.7843551636 -89.8955688477 
110.1645889282 -90.1098632813 
110.5461349487 -90.4435729980 
110.9290084839 -90.9405822754 
111.3131484985 -91.7113571167 
111.6986770630 -92.7012863159 
112.0855407715 -93.7464218140 
112.4737396240 -94.6956100464 
112.8632278442 -95.1799621582 
113.2541198730 -94.8590240479 
113.6463699341 -94.1007080078 
114.0399856567 -93.0891799927 
114.4348907471 -92.0416030884 
114.8312301636 -91.1146926880 
115.2289428711 -90.2351303101 
115.6280364990 -89.3638000488 
116.0284423828 -88.4786376953 
116.4303054810 -87.5983734131 
116.8335571289 -86.8543014526 
117.2382049561 -86.3133392334 
117.6441879272 -86.0161132813 
118.0516433716 -85.9829330444 
118.4605102539 -86.2319412231 
118.8707885742 -86.6570587158 
119.2824249268 -87.1404037476 
119.6955566406 -87.6416244507 
120.1101150513 -88.1550140381 
120.5261154175 -88.7333831787 
120.9434814453 -89.5051193237 
121.3623657227 -90.4585266113 
121.7826995850 -91.5157852173 
122.2044906616 -92.5172424316 
122.6276702881 -93.2367858887 
123.0523834229 -93.3448333740 
123.4785690308 -92.8590774536 
123.9062347412 -92.1614913940 
124.3353118896 -91.4855880737 
124.7659378052 -90.9935760498 
125.1980590820 -90.7668838501 
125.6316757202 -90.8128967285 
126.0667953491 -91.0846023560 
126.5033569336 -91.4170837402 
126.9414901733 -91.7532348633 
127.3811492920 -92.1060791016 
127.8223266602 -92.5329589844 
128.2649688721 -93.0938491821 
128.7091979980 -93.7963256836 
129.1549835205 -94.5160675049 
129.6023101807 -94.9223709106 
130.0511016846 -94.7645492554 
130.5015258789 -94.0551757813 
130.9535217285 -93.0253219604 
131.4070739746 -91.9687042236 
131.8621215820 -91.1106338501 
132.3188171387 -90.5558395386 
132.7770996094 -90.3033905029 
133.2369689941 -90.2729492188 
133.6983489990 -90.3208312988 
134.1614074707 -90.3871459961 
134.6260681152 -90.5383224487 
135.0923461914 -90.9013900757 
135.5601501465 -91.5914840698 
136.0296630859 -92.6478576660 
136.5007934570 -93.9407119751 
136.9735565186 -95.0386657715 
137.4478759766 -95.2835845947 
137.9239349365 -94.3570861816 
138.4016265869 -92.8197250366 
138.8809661865 -91.3410186768 
139.3618927002 -90.1529312134 
139.8445739746 -89.2056427002 
140.3289184570 -88.3282165527 
140.8149414063 -87.4468994141 
141.3025665283 -86.6422424316 
141.7919616699 -86.0784530640 
142.2830505371 -85.8966140747 
142.7758483887 -86.1565780640 
143.2702636719 -86.8144760132 
143.7664794922 -87.7120437622 
144.2644042969 -88.6102600098 
144.7640533447 -89.3163223267 
145.2653656006 -89.8034667969 
145.7684783936 -90.1690292358 
146.2733459473 -90.4889526367 
146.7799530029 -90.7135009766 
147.2882385254 -90.5554962158 
147.7983703613 -89.7965698242 
148.3102569580 -88.7365646362 
148.8239288330 -87.7889785767 
149.3392791748 -87.2477111816 
149.8565216064 -87.2344818115 
150.3755340576 -87.7482910156 
150.8963623047 -88.6931991577 
151.4188995361 -89.8897018433 
151.9433288574 -91.1222229004 
152.4695739746 -92.2342453003 
152.9976501465 -93.1606369019 
153.5274658203 -93.8392257690 
154.0592041016 -94.1502532959 
154.5927734375 -93.9805221558 
155.1282043457 -93.3420486450 
155.6653900146 -92.4375305176 
156.2045288086 -91.5778656006 
156.7455444336 -91.0256271362 
157.2884216309 -90.9178314209 
157.8330993652 -91.2630462646 
158.3797454834 -91.9508666992 
158.9282836914 -93.1426925659 
159.4787292480 -94.1604995728 
160.0310668945 -94.6543350220 
160.5852508545 -95.0094680786 
161.1414337158 -95.1442260742 
161.6995391846 -94.9737930298 
162.2595672607 -94.4587783813 
162.8214569092 -93.6547927856 
163.3853912354 -92.7523422241 
163.9512634277 -91.9885787964 
164.5191040039 -91.4060745239 
165.0888214111 -91.2566757202 
165.6605987549 -91.2311477661 
166.2343444824 -91.2383575439 
166.8100891113 -91.4307250977 
167.3877410889 -91.9721984863 
167.9674835205 -92.9199905396 
168.5492248535 -94.1518402100 
169.1329956055 -95.6747360229 
169.7186889648 -96.2932434082 
170.3064880371 -96.3882141113 
170.8963470459 -96.6617507935 
171.4882354736 -97.2641448975 
172.0820770264 -98.2096023560 
172.6780853271 -99.9664306641 
173.2761383057 -101.5397033691 
173.8762817383 -101.9144439697 
174.4783935547 -101.7143402100 
175.0826873779 -101.1242752075 
175.6890869141 -100.1263122559 
176.2975769043 -99.5968704224 
176.9080810547 -99.7079238892 
177.5207824707 -100.1263351440 
178.1356201172 -100.6793518066 
178.7525939941 -101.1784973145 
179.3715972900 -100.9524612427 
179.9928436279 -100.3555221558 
180.6162414551 -99.6164855957 
181.2417907715 -98.8607482910 
181.8694152832 -97.6294860840 
182.4993133545 -96.2616958618 
183.1313934326 -95.3794021606 
183.7656555176 -94.7570571899 
184.4020233154 -94.5071792603 
185.0406799316 -94.7348022461 
185.6815643311 -94.9615325928 
186.3246612549 -95.1832809448 
186.9698944092 -95.7258148193 
187.6174468994 -96.5479049683 
188.2672576904 -97.0176544189 
188.9193115234 -96.9026565552 
189.5735168457 -95.8616943359 
190.2301025391 -94.8893127441 
190.8889465332 -94.0680847168 
191.5500793457 -93.4360809326 
192.2134094238 -93.2542877197 
192.8791351318 -93.1825714111 
193.5471496582 -93.0619659424 
194.2174987793 -93.1998367310 
194.8900604248 -93.5478591919 
195.5650482178 -94.2394409180 
196.2423706055 -94.9667816162 
196.9220581055 -95.4506912231 
197.6039733887 -95.9377059937 
198.2883758545 -95.8766098022 
198.9751281738 -95.5472564697 
199.6642761230 -95.1397018433 
200.3558044434 -95.0639266968 
201.0496063232 -95.2302093506 
201.7459411621 -95.4358749390 
202.4446716309 -95.2037048340 
203.1458282471 -94.6732559204 
203.8493041992 -94.4709167480 
204.5553283691 -94.6050720215 
205.2637939453 -94.8966903687 
205.9747161865 -95.2352600098 
206.6879882813 -96.0247573853 
207.4038391113 -97.3261566162 
208.1221771240 -98.2693252563 
208.8430023193 -99.2538604736 
209.5662078857 -99.7016067505 
210.2920227051 -99.6475753784 
211.0203704834 -99.4492645264 
211.7512207031 -99.1574630737 
212.4844970703 -98.7748336792 
213.2204284668 -98.6312484741 
213.9589080811 -99.0487594604 
214.6999511719 -100.2507781982 
215.4434356689 -101.8583602905 
216.1896057129 -102.9724197388 
216.9383697510 -102.5822982788 
217.6897277832 -101.2851333618 
218.4435577393 -99.5477447510 
219.2001342773 -98.0285873413 
219.9593200684 -97.0340576172 
220.7211456299 -96.6999816895 
221.4854736328 -97.0417480469 
222.2525787354 -97.5423507690 
223.0223388672 -97.9844894409 
223.7947692871 -98.7254867554 
224.5697479248 -100.1185913086 
225.3475341797 -101.7136688232 
226.1280212402 -102.0601806641 
226.9112091064 -101.2003707886 
227.6969757080 -100.2203063965 
228.4855957031 -99.9786148071 
229.2769470215 -100.7541275024 
230.0710296631 -102.1761169434 
230.8677520752 -102.2713165283 
231.6673431396 -101.1081771851 
232.4697113037 -99.9223022461 
233.2748718262 -99.3253097534 
234.0826721191 -99.0983352661 
234.8934020996 -98.9923477173 
235.7069549561 -99.1716079712 
236.5233154297 -99.7915115356 
237.3423614502 -100.4968719482 
238.1643981934 -100.3098220825 
238.9892578125 -99.2283554077 
239.8169860840 -98.1300582886 
240.6474609375 -97.6341247559 
241.4809265137 -97.7575759888 
242.3172912598 -97.7619018555 
243.1565399170 -97.4832839966 
243.9985656738 -97.4379119873 
244.8436431885 -97.8382720947 
245.6916503906 -98.1055221558 
246.5425872803 -97.6929168701 
247.3963470459 -96.4999618530 
248.2531890869 -95.6901702881 
249.1130065918 -95.2073669434 
249.9757995605 -95.4190216064 
250.8414306641 -97.2667541504 
251.7102203369 -99.7627334595 
252.5820007324 -101.8421783447 
253.4568023682 -102.0438079834 
254.3346405029 -101.0724868774 
255.2153778076 -100.5409164429 
256.0993041992 -100.9191360474 
256.9862976074 -101.9171676636 
257.8763427734 -102.6663970947 
258.7693481445 -103.4751358032 
259.6655883789 -104.5051193237 
260.5649414063 -105.1699066162 
261.4673767090 -105.4473114014 
262.3728332520 -105.3737258911 
263.2815246582 -104.5407791138 
264.1933898926 -103.2628250122 
265.1084289551 -102.6599273682 
266.0264587402 -102.6937866211 
266.9478454590 -102.7106475830 
267.8724060059 -102.7707595825 
268.8001708984 -103.5998229980 
269.7309875488 -105.0989608765 
270.6651916504 -106.2665786743 
271.6026306152 -106.5444107056 
272.5433044434 -106.1789855957 
273.4870910645 -104.9433822632 
274.4343261719 -103.7911453247 
275.3847961426 -103.6778717041 
276.3385925293 -104.2424011230 
277.2955322266 -104.4281311035 
278.2559204102 -103.8842010498 
279.2196350098 -103.4253692627 
280.1867065430 -103.4656219482 
281.1569824219 -104.0092391968 
282.1307373047 -103.3763580322 
283.1079101563 -100.7746658325 
284.0884399414 -98.6827926636 
285.0722045898 -98.5546722412 
286.0595397949 -100.2538681030 
287.0502929688 -102.3427047729 
288.0444641113 -103.2093276978 
289.0419311523 -103.1592941284 
290.0430297852 -102.9765853882 
291.0475769043 -102.1039047241 
292.0556030273 -100.5943908691 
293.0669555664 -99.5448455811 
294.0820007324 -99.4798126221 
295.1005249023 -100.6945800781 
296.1225891113 -102.7716293335 
297.1480407715 -103.7326660156 
298.1771850586 -102.4629745483 
299.2099304199 -101.1098480225 
300.2462158203 -102.3098068237 
301.2859497070 -102.5584640503 
302.3294372559 -102.8266372681 
303.3765258789 -103.1126785278 
304.4272766113 -103.4447708130 
305.4814758301 -103.7883987427 
306.5394897461 -104.1481018066 
307.6011657715 -104.4555511475 
308.6665344238 -104.7177963257 
309.7354125977 -104.7728195190 
310.8081665039 -104.6736755371 
311.8846435547 -104.4255981445 
312.9648437500 -104.0080032349 
314.0486145020 -103.5883102417 
315.1362915039 -103.1861877441 
316.2277526855 -102.9183425903 
317.3229980469 -102.7328491211 
318.4220275879 -102.6934814453 
319.5247192383 -102.7536926270 
320.6313781738 -102.8611679077 
321.7418518066 -103.0009765625 
322.8562011719 -103.1086502075 
323.9742126465 -103.1881637573 
325.0962829590 -103.1964416504 
326.2222290039 -103.1659393311 
327.3520812988 -103.1098480225 
328.4856872559 -103.0385360718 
329.6233825684 -102.9902801514 
330.7650146484 -102.9676666260 
331.9106140137 -103.0187225342 
333.0599670410 -103.1336364746 
334.2135314941 -103.2890701294 
335.3710632324 -103.4766921997 
336.5325927734 -103.6131362915 
337.6979675293 -103.6935729980 
338.8675842285 -103.6732864380 
340.0412292480 -103.5875396729 
341.2189331055 -103.4985046387 
342.4005432129 -103.4289245605 
343.5864257813 -103.4333648682 
344.7764282227 -103.4611434937 
345.9705505371 -103.5042800903 
347.1686096191 -103.5227203369 
348.3710327148 -103.5274276733 
349.5775756836 -103.5404205322 
350.7883300781 -103.5947647095 
352.0030822754 -103.7561416626 
353.2222290039 -103.9917602539 
354.4455871582 -104.2955017090 
355.6731872559 -104.6379852295 
356.9048461914 -104.9222793579 
358.1409912109 -105.1235961914 
359.3813781738 -105.2056350708 
360.6260986328 -105.1251220703 
361.8749084473 -104.9976043701 
363.1282348633 -104.8541488647 
364.3859252930 -104.7446289063 
365.6479492188 -104.7297744751 
366.9141540527 -104.7819671631 
368.1849365234 -104.8910140991 
369.4601440430 -105.0420379639 
370.7397460938 -105.1959762573 
372.0235900879 -105.3420257568 
373.3120727539 -105.4821243286 
374.6050109863 -105.6232604980 
375.9024353027 -105.7838439941 
377.2041625977 -105.9563293457 
378.5105895996 -106.1301574707 
379.8215332031 -106.2915649414 
381.1370239258 -106.3869094849 
382.4568786621 -106.3804855347 
383.7814941406 -106.2567443848 
385.1107177734 -106.0134048462 
386.4445190430 -105.6658859253 
387.7827453613 -105.3311462402 
389.1258239746 -105.0984268188 
390.4735412598 -105.0006790161 
391.8259277344 -105.0474319458 
393.1827697754 -105.2111358643 
394.5445556641 -105.3508987427 
395.9110412598 -105.3896408081 
397.2822570801 -105.3261260986 
398.6582031250 -105.1955490112 
400.0387268066 -105.0816879272 
401.4242553711 -105.0821685791 
402.8145751953 -105.1820678711 
404.2096862793 -105.3480148315 
405.6094360352 -105.5317306519 
407.0142517090 -105.6756744385 
408.4239196777 -105.7039794922 
409.8384704590 -105.6058425903 
411.2576904297 -105.4366531372 
412.6820678711 -105.2570419312 
414.1113891602 -105.1275482178 
415.5456237793 -105.0948181152 
416.9846191406 -105.1823959351 
418.4288330078 -105.3587112427 
419.8780517578 -105.5621490479 
421.3322753906 -105.7661590576 
422.7913208008 -105.9698562622 
424.2556152344 -106.1933517456 
425.7250061035 -106.4647598267 
427.1994934082 -106.7986145020 
428.6788330078 -107.1601409912 
430.1635437012 -107.4810943604 
431.6534118652 -107.7171936035 
433.1484069824 -107.8518753052 
434.6483764648 -107.8907852173 
436.1537475586 -107.8495254517 
437.6643676758 -107.7367553711 
439.1801757813 -107.5329437256 
440.7010192871 -107.1115112305 
442.2273559570 -106.2702026367 
443.7590026855 -105.0228652954 
445.2959289551 -103.6341094971 
446.8379516602 -102.4288787842 
448.3855590820 -101.6549301147 
449.9385375977 -101.4521713257 
451.4968566895 -101.8760147095 
453.0603637695 -102.9161911011 
454.6295166016 -104.4789428711 
456.2041015625 -106.3226394653 
457.7841491699 -107.9878387451 
459.3694152832 -108.9300231934 
460.9604187012 -109.2288589478 
462.5569152832 -109.2692260742 
464.1589660645 -109.2927322388 
465.7662963867 -109.3745422363 
467.3794555664 -109.4956588745 
468.9981994629 -109.6079635620 
470.6225585938 -109.6801681519 
472.2522888184 -109.7168045044 
473.8879089355 -109.7461318970 
475.5292053223 -109.7900390625 
477.1761779785 -109.8387145996 
478.8285827637 -109.8461837769 
480.4869995117 -109.7524108887 
482.1511230469 -109.5269241333 
483.8210449219 -109.2088241577 
485.4964599609 -108.9046249390 
487.1779479980 -108.7335510254 
488.8652954102 -108.7551040649 
490.5584411621 -108.8499984741 
492.2572021484 -109.0258483887 
493.9620971680 -108.9705200195 
495.6729125977 -108.5381317139 
497.3896789551 -107.8961029053 
499.1120910645 -107.3714523315 
500.8407287598 -107.2015533447 
502.5753784180 -107.4582061768 
504.3160095215 -108.0549392700 
506.0626831055 -109.0330429077 
507.8151245117 -109.5830917358 
509.5739440918 -109.6572189331 
511.3388061523 -109.7053222656 
513.1098022461 -109.8141174316 
514.8866577148 -109.9697570801 
516.6699829102 -110.1022644043 
518.4594116211 -110.1469726563 
520.2550659180 -110.0904312134 
522.0566406250 -109.9749832153 
523.8648071289 -109.8689498901 
525.6791992188 -109.8287506104 
527.4998168945 -109.8692092896 
529.3265380859 -109.9506607056 
531.1597900391 -109.9961700439 
532.9994506836 -109.9475021362 
534.8454589844 -109.7732086182 
536.6975708008 -109.7314758301 
538.5563964844 -109.8637542725 
540.4216918945 -109.9956741333 
542.2933959961 -109.8897399902 
544.1713256836 -109.3787307739 
546.0560302734 -108.5852966309 
547.9472656250 -107.8309860229 
549.8450927734 -107.3864135742 
551.7491455078 -107.3746414185 
553.6600952148 -108.1065750122 
555.5776367188 -109.1656799316 
557.5018920898 -109.6631469727 
559.4324340820 -109.8977661133 
561.3700561523 -109.9900970459 
563.3143310547 -110.0628662109 
565.2653198242 -110.1441040039 
567.2227783203 -110.2008819580 
569.1873168945 -110.1796188354 
571.1586914063 -110.1766967773 
573.1368408203 -110.2237777710 
575.1215820313 -110.3097076416 
577.1134643555 -110.3866729736 
579.1123046875 -110.3525085449 
581.1180419922 -110.1523742676 
583.1303710938 -109.9970092773 
585.1500244141 -109.9144439697 
587.1766357422 -109.9380874634 
589.2103271484 -110.1247024536 
591.2507324219 -110.2913513184 
593.2984619141 -110.2316741943 
595.3533325195 -109.9740753174 
597.4152832031 -109.5989837646 
599.4841308594 -109.2305755615 
601.5603637695 -109.3313674927 
603.6438598633 -109.6631774902 
605.7345581055 -110.0284500122 
607.8321533203 -110.4160614014 
609.9373779297 -110.6891098022 
612.0498657227 -110.8523559570 
614.1696777344 -110.9791336060 
616.2964477539 -110.9941024780 
618.4309692383 -110.8331222534 
620.5728759766 -110.6759948730 
622.7222290039 -110.5473098755 
624.8786621094 -110.4860382080 
627.0429077148 -110.5148849487 
629.2145996094 -110.4961471558 
631.3938598633 -110.3340530396 
633.5806884766 -110.1936111450 
635.7747192383 -110.2275772095 
637.9766845703 -110.3553009033 
640.1862792969 -110.5202331543 
642.4035644531 -110.4075698853 
644.6281127930 -110.0586242676 
646.8607788086 -109.3450164795 
649.1011352539 -108.8792800903 
651.3492431641 -108.9233703613 
653.6047973633 -109.4518737793 
655.8685302734 -110.1030731201 
658.1401367188 -110.3955230713 
660.4195556641 -110.6266632080 
662.7065429688 -110.7775421143 
665.0017700195 -110.8509750366 
667.3049926758 -110.9102706909 
669.6161499023 -110.9278869629 
671.9349975586 -110.9182128906 
674.2622070313 -110.9001159668 
676.5974731445 -110.8903198242 
678.9408569336 -110.8965225220 
681.2919311523 -110.9294891357 
683.6515502930 -110.9653472900 
686.0193481445 -111.0329742432 
688.3953857422 -111.0896377563 
690.7792358398 -110.9542312622 
693.1716918945 -110.4535980225 
695.5724487305 -109.8771286011 
697.9815673828 -109.0712585449 
700.3985595703 -108.7377700806 
702.8244018555 -109.0994186401 
705.2586059570 -109.7306900024 
707.7012329102 -110.2106628418 
710.1519165039 -110.4943695068 
712.6115112305 -110.6152191162 
715.0795898438 -110.6422348022 
717.5562133789 -110.6376953125 
720.0410766602 -110.6890945435 
722.5349121094 -110.7959213257 
725.0373535156 -110.8139801025 
727.5484619141 -110.6447143555 
730.0679321289 -110.3739852905 
732.5964965820 -110.2611007690 
735.1337890625 -110.4437332153 
737.6798706055 -110.7119064331 
740.2344360352 -110.3133392334 
742.7981567383 -108.3971252441 
745.3708496094 -105.3096008301 
747.9523925781 -103.2208023071 
750.5424804688 -102.8453521729 
753.1419067383 -104.0093612671 
755.7504272461 -106.5230484009 
758.3679199219 -109.7765121460 
760.9940795898 -110.7039566040 
763.6297607422 -110.8733215332 
766.2745361328 -110.9646072388 
768.9284667969 -111.0157089233 
771.5912475586 -110.9841995239 
774.2636108398 -110.9085006714 
776.9451904297 -110.9688491821 
779.6361083984 -111.1240310669 
782.3359375000 -111.2299118042 
785.0455322266 -111.2330856323 
787.7644653320 -111.1081619263 
790.4928588867 -110.7950897217 
793.2302856445 -110.4531860352 
795.9776000977 -109.9996871948 
798.7344360352 -109.5860671997 
801.5007934570 -109.4932785034 
804.2767333984 -109.9076766968 
807.0618896484 -110.3907928467 
809.8571166992 -110.6893463135 
812.6620483398 -110.7990188599 
815.4766235352 -110.8311691284 
818.3005371094 -110.7906341553 
821.1347045898 -109.8277893066 
823.9786376953 -108.1356582642 
826.8324584961 -106.4295578003 
829.6957397461 -105.8204345703 
832.5693359375 -106.8016891479 
835.4528808594 -108.5809402466 
838.3464355469 -110.1702804565 
841.2495727539 -108.5372085571 
844.1632080078 -105.5942611694 
847.0869140625 -103.0126419067 
850.0207519531 -102.0716552734 
852.9642944336 -103.2859115601 
855.9185180664 -105.8799362183 
858.8829345703 -109.3175125122 
861.8576049805 -110.4337997437 
864.8421630859 -110.5519561768 
867.8375244141 -110.5989913940 
870.8432006836 -110.6972656250 
873.8593750000 -110.7974700928 
876.8854370117 -110.8933486938 
879.9224853516 -110.9809951782 
882.9700317383 -111.1157760620 
886.0281982422 -111.2652816772 
889.0964355469 -111.1636734009 
892.1757812500 -110.6905136108 
895.2657470703 -110.0858230591 
898.3664550781 -109.4941253662 
901.4774169922 -109.3570861816 
904.5996704102 -110.0149230957 
907.7327270508 -110.6151580811 
910.8765869141 -110.7088928223 
914.0308837891 -110.7694549561 
917.1965942383 -110.8876571655 
920.3732299805 -110.9029769897 
923.5609130859 -110.6556243896 
926.7590942383 -110.3431701660 
929.9689331055 -110.3188705444 
933.1898193359 -110.2866363525 
936.4218750000 -109.6756134033 
939.6646118164 -109.2113265991 
942.9190673828 -109.2054977417 
946.1848754883 -108.6303710938 
949.4619140625 -108.1816329956 
952.7498168945 -108.4360656738 
956.0496215820 -109.1061706543 
959.3608398438 -108.8454284668 
962.6835327148 -108.4830398560 
966.0172119141 -109.1022949219 
969.3629760742 -110.3126678467 
972.7203369141 -111.0469970703 
976.0892944336 -111.1967010498 
979.4694213867 -111.2629852295 
982.8617553711 -111.2693786621 
986.2658691406 -111.1528091431 
989.6817626953 -110.5261917114 
993.1088867188 -107.3571472168 
996.5485229492 -103.0571060181 
1000.0000000000 -108.5730285645 
1003.4634399414 -108.6877136230 
1006.9389038086 -108.9283752441 
1010.4258422852 -109.3155822754 
1013.9254150391 -109.7197341919 
1017.4370727539 -110.1277389526 
1020.9609375000 -110.4140396118 
1024.4964599609 -110.5760040283 
1028.0446777344 -110.6302490234 
1031.6053466797 -110.5509033203 
1035.1782226563 -110.4245834351 
1038.7629394531 -110.2888870239 
1042.3605957031 -110.1669082642 
1045.9708251953 -110.1043624878 
1049.5935058594 -110.0860595703 
1053.2281494141 -110.1121444702 
1056.8759765625 -110.1947326660 
1060.5363769531 -110.3034973145 
1064.2094726563 -110.4266357422 
1067.8947753906 -110.5573730469 
1071.5933837891 -110.6801452637 
1075.3048095703 -110.7874679565 
1079.0290527344 -110.8744125366 
1082.7656250000 -110.9253082275 
1086.5157470703 -110.9312362671 
1090.2788085938 -110.9100418091 
1094.0549316406 -110.8689422607 
1097.8435058594 -110.8265609741 
1101.6458740234 -110.8108291626 
1105.4614257813 -110.8227310181 
1109.2901611328 -110.8622665405 
1113.1314697266 -110.9228134155 
1116.9866943359 -110.9611053467 
1120.8553466797 -110.9471206665 
1124.7374267578 -110.8580398560 
1128.6323242188 -110.6478271484 
1132.5412597656 -110.3259963989 
1136.4637451172 -109.9690246582 
1140.3997802734 -109.6240234375 
1144.3488769531 -109.3475646973 
1148.3123779297 -109.2585296631 
1152.2894287109 -109.3314895630 
1156.2803955078 -109.5545196533 
1160.2844238281 -109.9037857056 
1164.3029785156 -110.3338394165 
1168.3355712891 -110.7259674072 
1172.3819580078 -111.0176086426 
1176.4418945313 -111.1883010864 
1180.5163574219 -111.2360000610 
1184.6051025391 -111.1768493652 
1188.7078857422 -111.0520629883 
1192.8243408203 -110.8756713867 
1196.9555664063 -110.6468276978 
1201.1011962891 -110.3699951172 
1205.2611083984 -110.0635833740 
1209.4348144531 -109.7997894287 
1213.6236572266 -109.6312713623 
1217.8270263672 -109.5757598877 
1222.0449218750 -109.6197662354 
1226.2767333984 -109.7163848877 
1230.5238037109 -109.7660446167 
1234.7857666016 -109.6696014404 
1239.0623779297 -109.4745559692 
1243.3531494141 -109.2651290894 
1247.6594238281 -109.1287460327 
1251.9805908203 -109.1321182251 
1256.3167724609 -109.2987747192 
1260.6679687500 -109.6087341309 
1265.0335693359 -109.9566421509 
1269.4149169922 -110.2906417847 
1273.8115234375 -110.5870513916 
1278.2232666016 -110.8431549072 
1282.6496582031 -111.0652389526 
1287.0920410156 -111.2542495728 
1291.5498046875 -111.3978042603 
1296.0230712891 -111.4992141724 
1300.5111083984 -111.5800552368 
1305.0152587891 -111.6584625244 
1309.5351562500 -111.7406387329 
1314.0706787109 -111.8163757324 
1318.6212158203 -111.8613357544 
1323.1881103516 -111.8462219238 
1327.7709960938 -111.7506027222 
1332.3696289063 -111.5766754150 
1336.9835205078 -111.3718719482 
1341.6141357422 -111.1989059448 
1346.2607421875 -111.1066207886 
1350.9234619141 -111.1192703247 
1355.6015625000 -111.2305145264 
1360.2966308594 -111.4081344604 
1365.0079345703 -111.6083297729 
1369.7355957031 -111.7938232422 
1374.4788818359 -111.9450225830 
1379.2392578125 -112.0570297241 
1384.0162353516 -112.1266632080 
1388.8096923828 -112.1457748413 
1393.6190185547 -112.1098327637 
1398.4456787109 -112.0328292847 
1403.2891845703 -111.9520111084 
1408.1494140625 -111.8998641968 
1413.0257568359 -111.8887405396 
1417.9196777344 -111.9032440186 
1422.8305664063 -111.9084091187 
1427.7584228516 -111.8720169067 
1432.7026367188 -111.7881088257 
1437.6647949219 -111.6835098267 
1442.6440429688 -111.6028137207 
1447.6405029297 -111.5848159790 
1452.6535644531 -111.6458206177 
1457.6848144531 -111.7749633789 
1462.7333984375 -111.9394226074 
1467.7995605469 -112.0965118408 
1472.8823242188 -112.2456970215 
1477.9836425781 -112.2656021118 
1483.1025390625 -112.2304763794 
1488.2392578125 -112.1667709351 
1493.3928222656 -112.1046218872 
1498.5651855469 -112.0689926147 
1503.7553710938 -112.0715942383 
1508.9635009766 -112.1043701172 
1514.1889648438 -112.1365585327 
1519.4332275391 -112.1180953979 
1524.6958007813 -111.9960784912 
1529.9764404297 -111.7494888306 
1535.2746582031 -111.4230117798 
1540.5920410156 -111.1211166382 
1545.9277343750 -110.9593124390 
1551.2819824219 -111.0124969482 
1556.6539306641 -111.2864151001 
1562.0452880859 -111.7117080688 
1567.4554443359 -112.1636962891 
1572.8842773438 -112.5181579590 
1578.3309326172 -112.7180023193 
1583.7974853516 -112.7874069214 
1589.2828369141 -112.7696914673 
1594.7872314453 -112.7215957642 
1600.3107910156 -112.6924057007 
1605.8524169922 -112.6687469482 
1611.4143066406 -112.6481628418 
1616.9953613281 -112.6242828369 
1622.5957031250 -112.5852203369 
1628.2145996094 -112.5146255493 
1633.8538818359 -112.4020156860 
1639.5125732422 -112.2589950562 
1645.1910400391 -112.0829467773 
1650.8881835938 -112.0425872803 
1656.6059570313 -112.1168594360 
1662.3435058594 -112.2319488525 
1668.1009521484 -112.3502044678 
1673.8774414063 -112.4486846924 
1679.6748046875 -112.5208358765 
1685.4923095703 -112.5664443970 
1691.3299560547 -112.5856781006 
1697.1867675781 -112.5775527954 
1703.0649414063 -112.5799331665 
1708.9635009766 -112.6016082764 
1714.8823242188 -112.6383743286 
1720.8208007813 -112.6762542725 
1726.7807617188 -112.7015609741 
1732.7614746094 -112.6821060181 
1738.7628173828 -112.6466674805 
1744.7839355469 -112.6102828979 
1750.8269042969 -112.5887985229 
1756.8908691406 -112.6096725464 
1762.9757080078 -112.6807632446 
1769.0808105469 -112.7446365356 
1775.2078857422 -112.7991638184 
1781.3562011719 -112.8219757080 
1787.5258789063 -112.7603836060 
1793.7159423828 -112.6350555420 
1799.9283447266 -112.5649948120 
1806.1623535156 -112.5415496826 
1812.4178466797 -112.5669860840 
1818.6940917969 -112.6406707764 
1824.9930419922 -112.6540145874 
1831.3138427734 -112.5676193237 
1837.6564941406 -112.4089965820 
1844.0201416016 -112.1624984741 
1850.4068603516 -112.0765914917 
1856.8156738281 -112.1768112183 
1863.2467041016 -112.3602371216 
1869.6988525391 -112.6235275269 
1876.1745605469 -112.7413482666 
1882.6726074219 -112.7163848877 
1889.1931152344 -112.6387557983 
1895.7352294922 -112.5900344849 
1902.3010253906 -112.5580978394 
1908.8895263672 -112.4821548462 
1915.5008544922 -112.2741394043 
1922.1340332031 -112.0867462158 
1928.7912597656 -112.0553207397 
1935.4715576172 -112.1436080933 
1942.1749267578 -112.2516937256 
1948.9005126953 -112.2744216919 
1955.6505126953 -112.2857284546 
1962.4238281250 -112.3953704834 
1969.2205810547 -112.5642013550 
1976.0397949219 -112.7817993164 
1982.8836669922 -112.7321395874 
1989.7513427734 -112.5107803345 
1996.6427001953 -112.2489395142 
2003.5579833984 -112.3190536499 
2010.4960937500 -112.5902023315 
2017.4593505859 -112.9908981323 
2024.4467773438 -113.0802993774 
2031.4583740234 -112.8196411133 
2038.4930419922 -112.5719146729 
2045.5533447266 -112.5151748657 
2052.6379394531 -112.5978317261 
2059.7473144531 -112.7956314087 
2066.8798828125 -113.0800476074 
2074.0385742188 -113.3983535767 
2081.2219238281 -113.5850219727 
2088.4299316406 -113.7388687134 
2095.6621093750 -113.7717590332 
2102.9201660156 -113.7669448853 
2110.2036132813 -113.7888412476 
2117.5122070313 -113.8069686890 
2124.8449707031 -113.7898559570 
2132.2043457031 -113.7595825195 
2139.5891113281 -113.7235870361 
2146.9995117188 -113.7486724854 
2154.4343261719 -113.9055786133 
2161.8959960938 -114.1285247803 
2169.3837890625 -114.2841415405 
2176.8972167969 -114.3221511841 
2184.4355468750 -114.2671737671 
2192.0014648438 -114.2132568359 
2199.5932617188 -114.2402420044 
2207.2114257813 -114.3572463989 
2214.8547363281 -114.5237655640 
2222.5258789063 -114.6491928101 
2230.2233886719 -114.6827774048 
2237.9477539063 -114.6724472046 
2245.6975097656 -114.6726074219 
2253.4753417969 -114.7274780273 
2261.2802734375 -114.8566894531 
2269.1120605469 -114.9817962646 
2276.9697265625 -114.9941635132 
2284.8559570313 -114.9181594849 
2292.7695312500 -114.8542251587 
2300.7104492188 -114.9132995605 
2308.6774902344 -115.0288696289 
2316.6735839844 -115.1125411987 
2324.6972656250 -115.1557540894 
2332.7485351563 -115.2071456909 
2340.8266601563 -115.3394622803 
2348.9340820313 -115.4633331299 
2357.0695800781 -115.5560531616 
2365.2331542969 -115.5956115723 
2373.4235839844 -115.5866622925 
2381.6440429688 -115.6164703369 
2389.8925781250 -115.7137069702 
2398.1699218750 -115.8342819214 
2406.4746093750 -115.8649291992 
2414.8093261719 -115.4515380859 
2423.1728515625 -113.8371200562 
2431.5654296875 -112.3589401245 
2439.9855957031 -111.5464935303 
2448.4365234375 -111.9812850952 
2456.9165039063 -113.3073196411 
2465.4260253906 -114.7361068726 
2473.9633789063 -115.7289581299 
2482.5319824219 -115.8564453125 
2491.1301269531 -115.8217697144 
2499.7580566406 -115.7894744873 
2508.4143066406 -115.8367767334 
2517.1020507813 -115.9234008789 
2525.8200683594 -116.0466537476 
2534.5681152344 -116.2187194824 
2543.3464355469 -116.3106765747 
2552.1538085938 -116.3334121704 
2560.9931640625 -116.3113937378 
2569.8630371094 -116.2856674194 
2578.7636718750 -116.2713088989 
2587.6936035156 -116.2686233521 
2596.6560058594 -116.3010559082 
2605.6494140625 -116.3554458618 
2614.6738281250 -116.3577575684 
2623.7282714844 -116.2920913696 
2632.8154296875 -116.1857910156 
2641.9340820313 -116.1540374756 
2651.0842285156 -116.2215042114 
2660.2646484375 -116.3137130737 
2669.4785156250 -116.4067306519 
2678.7241210938 -116.4754867554 
2688.0017089844 -116.4415588379 
2697.3100585938 -116.3729934692 
2706.6518554688 -116.3848342896 
2716.0263671875 -116.4311370850 
2725.4331054688 -116.4568862915 
2734.8710937500 -116.4439849854 
2744.3432617188 -116.4110336304 
2753.8481445313 -116.3899078369 
2763.3859863281 -116.3493576050 
2772.9553222656 -116.2759857178 
2782.5593261719 -116.1994171143 
2792.1965332031 -116.1485900879 
2801.8671875000 -116.1277084351 
2811.5698242188 -116.1766815186 
2821.3073730469 -116.2604217529 
2831.0788574219 -116.2463607788 
2840.8842773438 -116.1556243896 
2850.7219238281 -116.1705474854 
2860.5952148438 -116.3292999268 
2870.5029296875 -116.4393157959 
2880.4448242188 -116.4416198730 
2890.4194335938 -116.4714126587 
2900.4301757813 -116.4811706543 
2910.4758300781 -116.3328933716 
2920.5561523438 -116.1130905151 
2930.6696777344 -115.9982833862 
2940.8198242188 -116.0288696289 
2951.0053710938 -116.1472854614 
2961.2260742188 -116.3217086792 
2971.4804687500 -116.5055084229 
2981.7719726563 -116.5203781128 
2992.0991210938 -116.3830795288 
3002.4621582031 -116.8501892090 
3012.8593750000 -116.9293594360 
3023.2944335938 -117.0040283203 
3033.7653808594 -117.0745544434 
3044.2727050781 -117.1369476318 
3054.8146972656 -117.1969070435 
3065.3950195313 -117.2531051636 
3076.0117187500 -117.3076858521 
3086.6655273438 -117.3612518311 
3097.3542480469 -117.4121246338 
3108.0817871094 -117.4603652954 
3118.8464355469 -117.5060501099 
3129.6484375000 -117.5462799072 
3140.4860839844 -117.5845413208 
3151.3630371094 -117.6201019287 
3162.2775878906 -117.6541748047 
3173.2299804688 -117.6881027222 
3184.2204589844 -117.7227020264 
3195.2470703125 -117.7609939575 
3206.3137207031 -117.8026885986 
3217.4184570313 -117.8531951904 
3228.5620117188 -117.9120407104 
3239.7421875000 -117.9761428833 
3250.9628906250 -118.0454559326 
3262.2224121094 -118.1094589233 
3273.5209960938 -118.1677551270 
3284.8569335938 -118.2078475952 
3296.2338867188 -118.2356643677 
3307.6501464844 -118.2553558350 
3319.1059570313 -118.2702713013 
3330.5998535156 -118.2922286987 
3342.1352539063 -118.3211288452 
3353.7104492188 -118.3643722534 
3365.3259277344 -118.4167556763 
3376.9797363281 -118.4733734131 
3388.6757812500 -118.5320129395 
3400.4123535156 -118.5891494751 
3412.1894531250 -118.6470184326 
3424.0056152344 -118.7066726685 
3435.8645019531 -118.7748870850 
3447.7644042969 -118.8458938599 
3459.7055664063 -118.9176940918 
3471.6860351563 -118.9753799438 
3483.7102050781 -119.0075912476 
3495.7758789063 -119.0160140991 
3507.8833007813 -118.9929046631 
3520.0307617188 -118.9488143921 
3532.2221679688 -118.9034118652 
3544.4558105469 -118.8622055054 
3556.7319335938 -118.8429183960 
3569.0485839844 -118.8430862427 
3581.4099121094 -118.8577270508 
3593.8139648438 -118.8851394653 
3606.2609863281 -118.9176483154 
3618.7490234375 -118.9459915161 
3631.2824707031 -118.9680328369 
3643.8591308594 -118.9795684814 
3656.4794921875 -118.9807434082 
3669.1416015625 -118.9801483154 
3681.8493652344 -118.9815216064 
3694.6013183594 -118.9915771484 
3707.3974609375 -119.0160598755 
3720.2358398438 -119.0483169556 
3733.1206054688 -119.0849380493 
3746.0500488281 -119.1208419800 
3759.0244140625 -119.1484832764 
3772.0415039063 -119.1711120605 
3785.1059570313 -119.1916732788 
3798.2153320313 -119.2136230469 
3811.3703613281 -119.2433853149 
3824.5688476563 -119.2767028809 
3837.8149414063 -119.3078765869 
3851.1071777344 -119.3316650391 
3864.4453125000 -119.3402099609 
3877.8273925781 -119.3294601440 
3891.2580566406 -119.3092193604 
3904.7353515625 -119.2865142822 
3918.2590332031 -119.2691040039 
3931.8276367188 -119.2687454224 
3945.4453125000 -119.2918167114 
3959.1103515625 -119.3317031860 
3972.8225097656 -119.3833389282 
3986.5822753906 -119.4411468506 
4000.3872070313 -119.4997787476 
4014.2424316406 -119.5573806763 
4028.1455078125 -119.6160049438 
4042.0969238281 -119.6772918701 
4056.0942382813 -119.7418975830 
4070.1423339844 -119.8090209961 
4084.2392578125 -119.8734664917 
4098.3847656250 -119.9252624512 
4112.5771484375 -119.9599609375 
4126.8208007813 -119.9779968262 
4141.1137695313 -119.9839630127 
4155.4565429688 -119.9853591919 
4169.8461914063 -119.9899215698 
4184.2885742188 -120.0000076294 
4198.7802734375 -120.0127487183 
4213.3227539063 -120.0269393921 
4227.9130859375 -120.0425338745 
4242.5561523438 -120.0604400635 
4257.2500000000 -120.0823898315 
4271.9951171875 -120.1120376587 
4286.7885742188 -120.1585311890 
4301.6357421875 -120.2267608643 
4316.5341796875 -120.3165206909 
4331.4843750000 -120.4202651978 
4346.4838867188 -120.5251235962 
4361.5375976563 -120.6168365479 
4376.6435546875 -120.6837158203 
4391.8017578125 -120.7189483643 
4407.0102539063 -120.7173995972 
4422.2739257813 -120.6828613281 
4437.5898437500 -120.6253814697 
4452.9594726563 -120.5589752197 
4468.3793945313 -120.5010986328 
4483.8554687500 -120.4680252075 
4499.3852539063 -120.4687728882 
4514.9687500000 -120.4994277954 
4530.6035156250 -120.5420837402 
4546.2949218750 -120.5725936890 
4562.0410156250 -120.5770874023 
4577.8413085938 -120.5676269531 
4593.6938476563 -120.5833892822 
4609.6040039063 -120.6567764282 
4625.5693359375 -120.7850189209 
4641.5898437500 -120.9285354614 
4657.6630859375 -121.0297241211 
4673.7944335938 -121.0482711792 
4689.9819335938 -120.9863052368 
4706.2255859375 -120.8822631836 
4722.5229492188 -120.7819061279 
4738.8789062500 -120.7129440308 
4755.2919921875 -120.6799621582 
4771.7617187500 -120.6749877930 
4788.2861328125 -120.6886138916 
4804.8701171875 -120.7113418579 
4821.5112304688 -120.7301101685 
4838.2104492188 -120.7322769165 
4854.9648437500 -120.7170715332 
4871.7797851563 -120.6993942261 
4888.6528320313 -120.6974945068 
4905.5844726563 -120.7064285278 
4922.5717773438 -120.7367095947 
4939.6210937500 -120.7672653198 
4956.7294921875 -120.7903518677 
4973.8964843750 -120.8169937134 
4991.1206054688 -120.8705139160 
5008.4072265625 -120.9671096802 
5025.7539062500 -121.0986251831 
5043.1601562500 -121.2325515747 
5060.6269531250 -121.3532638550 
5078.1513671875 -121.3724136353 
5095.7392578125 -121.3494491577 
5113.3881835938 -121.3375701904 
5131.0981445313 -121.3575897217 
5148.8666992188 -121.4125366211 
5166.6997070313 -121.4912109375 
5184.5942382813 -121.5787582397 
5202.5507812500 -121.6633758545 
5220.5668945313 -121.7351684570 
5238.6479492188 -121.7852935791 
5256.7915039063 -121.8106384277 
5274.9985351563 -121.8164672852 
5293.2651367188 -121.8106918335 
5311.5981445313 -121.7976684570 
5329.9946289063 -121.7812500000 
5348.4545898438 -121.7732162476 
5366.9760742188 -121.7981948853 
5385.5644531250 -121.8276138306 
5404.2167968750 -121.8555908203 
5422.9340820313 -121.8860549927 
5441.7133789063 -121.9312896729 
5460.5605468750 -121.9972457886 
5479.4726562500 -122.0731658936 
5498.4506835938 -122.1341247559 
5517.4912109375 -122.1547317505 
5536.6010742188 -122.0953750610 
5555.7768554688 -122.0054779053 
5575.0190429688 -121.9807281494 
5594.3247070313 -122.0031890869 
5613.7001953125 -122.0615386963 
5633.1430664063 -122.1314544678 
5652.6533203125 -122.1887588501 
5672.2275390625 -122.2032623291 
5691.8730468750 -122.1309356689 
5711.5869140625 -122.0603179932 
5731.3686523438 -122.0263137817 
5751.2158203125 -122.0525588989 
5771.1347656250 -122.1190109253 
5791.1230468750 -122.1782379150 
5811.1801757813 -122.1392135620 
5831.3037109375 -122.0825805664 
5851.5000000000 -122.0402755737 
5871.7666015625 -122.0132064819 
5892.1030273438 -121.9577865601 
5912.5068359375 -121.8820037842 
5932.9848632813 -121.8550491333 
5953.5332031250 -121.8711166382 
5974.1533203125 -121.9225006104 
5994.8408203125 -122.0029983521 
6015.6040039063 -122.0459060669 
6036.4384765625 -122.0706634521 
6057.3457031250 -122.1290893555 
6078.3217773438 -122.2907485962 
6099.3735351563 -122.4441680908 
6120.4985351563 -122.4793243408 
6141.6967773438 -122.4642181396 
6162.9648437500 -122.4197845459 
6184.3095703125 -122.4055023193 
6205.7290039063 -122.4204864502 
6227.2221679688 -122.4502563477 
6248.7866210938 -122.5179290771 
6270.4287109375 -122.5907058716 
6292.1459960938 -122.6280517578 
6313.9384765625 -122.6710739136 
6335.8066406250 -122.7218856812 
6357.7470703125 -122.7631607056 
6379.7666015625 -122.7966537476 
6401.8627929688 -122.7974777222 
6424.0351562500 -122.7477264404 
6446.2812500000 -122.7084274292 
6468.6074218750 -122.7097625732 
6491.0112304688 -122.8001861572 
6513.4926757813 -122.9035873413 
6536.0483398438 -123.0329589844 
6558.6855468750 -123.0808486938 
6581.4013671875 -123.0666275024 
6604.1958007813 -123.0314331055 
6627.0654296875 -122.9926834106 
6650.0175781250 -122.9553375244 
6673.0498046875 -122.8887786865 
6696.1616210938 -122.8326416016 
6719.3496093750 -122.7970123291 
6742.6220703125 -122.7791976929 
6765.9746093750 -122.7878265381 
6789.4082031250 -122.8415298462 
6812.9194335938 -122.9279174805 
6836.5156250000 -122.9911499023 
6860.1938476563 -123.0490798950 
6883.9536132813 -123.0573654175 
6907.7919921875 -123.0618057251 
6931.7167968750 -123.0989913940 
6955.7246093750 -123.1268844604 
6979.8154296875 -123.1290664673 
7003.9858398438 -123.0893783569 
7028.2436523438 -123.0273742676 
7052.5859375000 -122.9864807129 
7077.0122070313 -123.0125732422 
7101.5190429688 -123.0805587769 
7126.1147460938 -123.1457824707 
7150.7958984375 -123.1998748779 
7175.5625000000 -123.2439346313 
7200.4106445313 -123.3255157471 
7225.3491210938 -123.3996200562 
7250.3735351563 -123.4357070923 
7275.4848632813 -123.4102706909 
7300.6791992188 -123.2738800049 
7325.9648437500 -123.1185379028 
7351.3378906250 -123.0863571167 
7376.7988281250 -123.1701126099 
7402.3442382813 -123.3104553223 
7427.9819335938 -123.4434890747 
7453.7080078125 -123.5260925293 
7479.5239257813 -123.5534210205 
7505.4248046875 -123.5525283813 
7531.4194335938 -123.5586090088 
7557.5039062500 -123.5487976074 
7583.6791992188 -123.4856185913 
7609.9409179688 -123.4111480713 
7636.2973632813 -123.3398895264 
7662.7451171875 -123.3107452393 
7689.2851562500 -123.3524932861 
7715.9121093750 -123.4133300781 
7742.6357421875 -123.4387969971 
7769.4521484375 -123.4737777710 
7796.3613281250 -123.5661163330 
7823.3593750000 -123.6716079712 
7850.4550781250 -123.6998214722 
7877.6450195313 -123.6457672119 
7904.9287109375 -123.6110153198 
7932.3027343750 -123.6311645508 
7959.7758789063 -123.6649551392 
7987.3442382813 -123.7124938965 
8015.0078125000 -123.7509155273 
8042.7675781250 -123.7291107178 
8070.6191406250 -123.7020187378 
8098.5712890625 -123.7250823975 
8126.6201171875 -123.8026504517 
8154.7666015625 -123.8769531250 
8183.0053710938 -123.9137115479 
8211.3466796875 -123.8910446167 
8239.7871093750 -123.8830566406 
8268.3251953125 -123.8970794678 
8296.9570312500 -123.8896484375 
8325.6933593750 -123.8761672974 
8354.5292968750 -123.8688507080 
8383.4648437500 -123.8510818481 
8412.4960937500 -123.8459396362 
8441.6318359375 -123.8749008179 
8470.8691406250 -123.9101333618 
8500.2080078125 -123.8818283081 
8529.6425781250 -123.8192672729 
8559.1845703125 -123.8032226563 
8588.8291015625 -123.8484191895 
8618.5761718750 -123.8563385010 
8648.4218750000 -123.8181381226 
8678.3750000000 -123.8137588501 
8708.4326171875 -123.9243698120 
8738.5937500000 -124.0849838257 
8768.8544921875 -124.1545715332 
8799.2246093750 -124.1173629761 
8829.7001953125 -124.0452957153 
8860.2822265625 -124.0398712158 
8890.9638671875 -124.1432800293 
8921.7578125000 -124.1938629150 
8952.6582031250 -124.1731338501 
8983.6650390625 -124.1599578857 
9014.7744140625 -124.1887054443 
9045.9970703125 -124.2163314819 
9077.3271484375 -124.2296829224 
9108.7656250000 -124.2786941528 
9140.3085937500 -124.3334426880 
9171.9658203125 -124.3189849854 
9203.7324218750 -124.2260971069 
9235.6093750000 -124.1119079590 
9267.5908203125 -124.1414184570 
9299.6894531250 -124.2421875000 
9331.8984375000 -124.2675476074 
9364.2187500000 -124.1894836426 
9396.6464843750 -124.0993881226 
9429.1914062500 -124.1171493530 
9461.8486328125 -124.1877059937 
9494.6191406250 -124.2147750854 
9527.4980468750 -124.1975402832 
9560.4960937500 -124.0931701660 
9593.6083984375 -123.9745864868 
9626.8359375000 -124.0315322876 
9660.1718750000 -124.1891174316 
9693.6298828125 -124.2237548828 
9727.2031250000 -124.1706161499 
9760.8935546875 -124.1676864624 
9794.6943359375 -124.2732620239 
9828.6171875000 -124.4041137695 
9862.6582031250 -124.4309616089 
9896.8173828125 -124.3948669434 
9931.0888671875 -124.3710250854 
9965.4853515625 -124.2800979614 
10000.0000000000 -124.3401794434 
10034.6347656250 -124.3624191284 
10069.3886718750 -124.3843383789 
10104.2636718750 -124.4052047729 
10139.2597656250 -124.4219894409 
10174.3652343750 -124.4339141846 
10209.6035156250 -124.4302444458 
10244.9638671875 -124.4154205322 
10280.4472656250 -124.3917922974 
10316.0527343750 -124.3602981567 
10351.7822265625 -124.3335876465 
10387.6347656250 -124.3155441284 
10423.6123046875 -124.3121185303 
10459.7021484375 -124.3351974487 
10495.9287109375 -124.3737792969 
10532.2812500000 -124.4264297485 
10568.7597656250 -124.4906463623 
10605.3642578125 -124.5525970459 
10642.0947265625 -124.6086120605 
10678.9531250000 -124.6540527344 
10715.9394531250 -124.6798553467 
10753.0419921875 -124.6921081543 
10790.2841796875 -124.6904983521 
10827.6562500000 -124.6709671021 
10865.1572265625 -124.6324386597 
10902.7880859375 -124.5814437866 
10940.5498046875 -124.5201644897 
10978.4414062500 -124.4532165527 
11016.4648437500 -124.3923492432 
11054.6074218750 -124.3405914307 
11092.8945312500 -124.2997436523 
11131.3144531250 -124.2725677490 
11169.8671875000 -124.2518539429 
11208.5537109375 -124.2332763672 
11247.3740234375 -124.2154846191 
11286.3291015625 -124.1986999512 
11325.4189453125 -124.1899414063 
11364.6308593750 -124.1938247681 
11403.9921875000 -124.2136077881 
11443.4892578125 -124.2525405884 
11483.1230468750 -124.3137969971 
11522.8945312500 -124.3818740845 
11562.8037109375 -124.4492034912 
11602.8505859375 -124.5085296631 
11643.0371093750 -124.5498275757 
11683.3486328125 -124.5694351196 
11723.8134765625 -124.5747985840 
11764.4189453125 -124.5698623657 
11805.1640625000 -124.5586776733 
11846.0507812500 -124.5445327759 
11887.0791015625 -124.5279617310 
11928.2490234375 -124.5078048706 
11969.5625000000 -124.4834213257 
12011.0048828125 -124.4552993774 
12052.6044921875 -124.4258575439 
12094.3486328125 -124.4042968750 
12136.2363281250 -124.3978652954 
12178.2695312500 -124.4108886719 
12220.4492187500 -124.4440612793 
12262.7734375000 -124.4937667847 
12305.2451171875 -124.5498046875 
12347.8505859375 -124.5941467285 
12390.6162109375 -124.6200180054 
12433.5312500000 -124.6286697388 
12476.5937500000 -124.6264266968 
12519.8056640625 -124.6225128174 
12563.1679687500 -124.6257095337 
12606.6796875000 -124.6415786743 
12650.3427734375 -124.6637725830 
12694.1562500000 -124.6860275269 
12738.1074218750 -124.7024917603 
12782.2255859375 -124.7088546753 
12826.4960937500 -124.7032241821 
12870.9199218750 -124.6866836548 
12915.4980468750 -124.6632995605 
12960.2304687500 -124.6406784058 
13005.1171875000 -124.6247558594 
13050.1601562500 -124.6200561523 
13095.3447265625 -124.6297607422 
13140.6992187500 -124.6551284790 
13186.2119140625 -124.6947174072 
13231.8818359375 -124.7440414429 
13277.7099609375 -124.7961807251 
13323.6962890625 -124.8438796997 
13369.8427734375 -124.8842239380 
13416.1484375000 -124.9200515747 
13462.5996093750 -124.9539337158 
13509.2265625000 -124.9841842651 
13556.0156250000 -125.0030136108 
13602.9658203125 -124.9988632202 
13650.0791015625 -124.9619827271 
13697.3554687500 -124.8903350830 
13744.7958984375 -124.7926635742 
13792.4003906250 -124.6867980957 
13840.1542968750 -124.5940475464 
13888.0888671875 -124.5320892334 
13936.1904296875 -124.5096588135 
13984.4570312500 -124.5247650146 
14032.8916015625 -124.5617370605 
14081.4941406250 -124.6038589478 
14130.2646484375 -124.6364135742 
14179.2041015625 -124.6516952515 
14228.2978515625 -124.6525039673 
14277.5771484375 -124.6516265869 
14327.0263671875 -124.6653518677 
14376.6474609375 -124.7033538818 
14426.4404296875 -124.7611618042 
14476.4052734375 -124.8208923340 
14526.5439453125 -124.8613204956 
14576.8564453125 -124.8705673218 
14627.3261718750 -124.8518295288 
14677.9873046875 -124.8186111450 
14728.8242187500 -124.7731094360 
14779.8369140625 -124.7574157715 
14831.0253906250 -124.7590560913 
14882.3925781250 -124.7743225098 
14933.9365234375 -124.7927551270 
14985.6601562500 -124.8025665283 
15037.5458984375 -124.7997817993 
15089.6269531250 -124.7918777466 
15141.8896484375 -124.7907791138 
15194.3330078125 -124.8018722534 
15246.9580078125 -124.8196868896 
15299.7646484375 -124.8339691162 
15352.7548828125 -124.8395690918 
15405.9287109375 -124.8411636353 
15459.2695312500 -124.8490447998 
15512.8115234375 -124.8704605103 
15566.5390625000 -124.9028396606 
15620.4531250000 -124.9330215454 
15674.5546875000 -124.9439315796 
15728.8427734375 -124.9264144897 
15783.3183593750 -124.8877563477 
15837.9833984375 -124.8481597900 
15892.8369140625 -124.8251876831 
15947.8642578125 -124.8299026489 
16003.0986328125 -124.8246765137 
16058.5244140625 -124.7994537354 
16114.1425781250 -124.7571792603 
16169.9531250000 -124.7064819336 
16225.9570312500 -124.6548614502 
16282.1552734375 -124.6067810059 
16338.5478515625 -124.5641632080 
16395.1171875000 -124.5262908936 
16451.9003906250 -124.4732360840 
16508.8808593750 -124.4262390137 
16566.0585937500 -124.4087524414 
16623.4355468750 -124.4095535278 
16681.0097656250 -124.4292144775 
16738.7832031250 -124.4627456665 
16796.7578125000 -124.5019989014 
16854.9140625000 -124.5372924805 
16913.2890625000 -124.5569839478 
16971.8691406250 -124.5315856934 
17030.6503906250 -124.5009002686 
17089.6347656250 -124.4906311035 
17148.8242187500 -124.5240783691 
17208.2167968750 -124.6053924561 
17267.8183593750 -124.7615127563 
17327.6054687500 -124.8618240356 
17387.6191406250 -124.8578567505 
17447.8398437500 -124.8141708374 
17508.2695312500 -124.7576599121 
17568.9082031250 -124.6873550415 
17629.7578125000 -124.6313552856 
17690.8164062500 -124.5942764282 
17752.0878906250 -124.5580749512 
17813.5527343750 -124.5306320190 
17875.2500000000 -124.5262069702 
17937.1582031250 -124.5631408691 
17999.2832031250 -124.6057739258 
18061.6230468750 -124.6481704712 
18124.1796875000 -124.6792144775 
18186.9511718750 -124.6877136230 
18249.9414062500 -124.6584014893 
18313.1289062500 -124.6233367920 
18376.5546875000 -124.5876541138 
18440.2011718750 -124.5475006104 
18504.0683593750 -124.5237350464 
18568.1562500000 -124.5203933716 
18632.4667968750 -124.5318069458 
18697.0000000000 -124.5833663940 
18761.7558593750 -124.6508102417 
18826.7148437500 -124.6832122803 
18891.9199218750 -124.6923828125 
18957.3515625000 -124.6784133911 
19023.0097656250 -124.6719360352 
19088.8945312500 -124.6763610840 
19155.0078125000 -124.7018737793 
19221.3515625000 -124.7276611328 
19287.9238281250 -124.7245025635 
19354.7050781250 -124.6603088379 
19421.7382812500 -124.5514755249 
19489.0058593750 -124.4819564819 
19556.5039062500 -124.4355926514 
19624.2382812500 -124.4469909668 
19692.2050781250 -124.4718322754 
19760.4082031250 -124.5038757324 
19828.8476562500 -124.5343627930 
19897.5019531250 -124.5612335205 
19966.4160156250 -124.5994796753 
20035.5683593750 -124.6106948853 
20104.9609375000 -124.5938720703 
20174.5937500000 -124.5512466431 
20244.4667968750 -124.5063552856 
20314.5839843750 -124.4561767578 
20384.9414062500 -124.3997344971 
20455.5449218750 -124.3667068481 
20526.3691406250 -124.3475418091 
20597.4609375000 -124.3663177490 
20668.7988281250 -124.4171981812 
20740.3847656250 -124.4720687866 
20812.2187500000 -124.4999694824 
20884.3007812500 -124.5168838501 
20956.6328125000 -124.5152816772 
21029.2148437500 -124.5231857300 
21102.0253906250 -124.5521087646 
21175.1113281250 -124.5713119507 
21248.4492187500 -124.5432281494 
21322.0429687500 -124.4863204956 
21395.8906250000 -124.3672180176 
21469.9941406250 -124.2542037964 
21544.3554687500 -124.2109069824 
21618.9726562500 -124.2492218018 
21693.8242187500 -124.3569183350 
21768.9609375000 -124.4598770142 
21844.3574218750 -124.4880218506 
21920.0136718750 -124.4447555542 
21995.9316406250 -124.3571777344 
22072.1152343750 -124.2875671387 
22148.5605468750 -124.2932586670 
22225.2714843750 -124.3592910767 
22302.2226562500 -124.4191055298 
22379.4648437500 -124.4026489258 
22456.9746093750 -124.3013076782 
22534.7539062500 -124.2016983032 
22612.8027343750 -124.1703414917 
22691.1210937500 -124.1979904175 
22769.7109375000 -124.2595596313 
22848.5722656250 -124.3178405762 
22927.6816406250 -124.3562011719 
23007.0898437500 -124.3596420288 
23086.7753906250 -124.3193206787 
23166.7343750000 -124.2811660767 
23246.9707031250 -124.2953338623 
23327.4863281250 -124.3819503784 
23408.2792968750 -124.5005569458 
23489.3535156250 -124.5283355713 
23570.6816406250 -124.4858093262 
23652.3183593750 -124.4115524292 
23734.2363281250 -124.3190841675 
23816.4394531250 -124.1900634766 
23898.9257812500 -124.1077880859 
23981.6992187500 -124.0719375610 
24064.7578125000 -124.0856552124 
24148.1054687500 -124.1277618408 
24231.7148437500 -124.1181945801 
24315.6406250000 -124.0396575928 
24399.8574218750 -123.9517745972 
24484.3652343750 -123.9089126587 
24569.1640625000 -123.9428176880 
24654.2597656250 -124.0193023682 
24739.6484375000 -124.1206054688 
24825.3320312500 -124.1634521484 
24911.2871093750 -124.1735992432 
24997.5664062500 -124.1988220215 
25084.1445312500 -124.2753295898 
25171.0214843750 -124.3296279907 
25258.1992187500 -124.3323440552 
25345.6816406250 -124.3055496216 
25433.4648437500 -124.3102188110 
25521.5527343750 -124.3453292847 
25609.9453125000 -124.3786087036 
25698.6152343750 -124.3334503174 
25787.6210937500 -124.2494735718 
25876.9355468750 -124.1564102173 
25966.5585937500 -124.0588378906 
26056.4941406250 -124.0142440796 
26146.7382812500 -124.0282669067 
26237.2968750000 -124.0670242310 
26328.1679687500 -124.0692901611 
26419.3261718750 -123.9920730591 
26510.8281250000 -123.9431228638 
26602.6464843750 -123.9579620361 
26694.7832031250 -123.9787292480 
26787.2402343750 -123.9831314087 
26880.0156250000 -124.0284118652 
26973.1132812500 -124.1282501221 
27066.5351562500 -124.1704483032 
27160.2480468750 -124.1406326294 
27254.3164062500 -124.0961303711 
27348.7109375000 -124.0585250854 
27443.4316406250 -124.0343246460 
27538.4804687500 -124.0372238159 
27633.8593750000 -124.0834808350 
27729.5683593750 -124.0970001221 
27825.6074218750 -124.0254669189 
27921.9492187500 -123.9571609497 
28018.6562500000 -123.9179611206 
28115.6972656250 -123.9071426392 
28213.0742187500 -123.9107360840 
28310.7890625000 -123.8868865967 
28408.8417968750 -123.8629379272 
28507.2343750000 -123.9030761719 
28605.9687500000 -123.9694900513 
28705.0136718750 -123.9782867432 
28804.4316406250 -123.9631423950 
28904.1933593750 -123.9883270264 
29004.3027343750 -123.9802169800 
29104.7578125000 -123.8581085205 
29205.5605468750 -123.6937942505 
29306.7128906250 -123.6120223999 
29408.2148437500 -123.6699142456 
29510.0371093750 -123.7862091064 
29612.2441406250 -123.8273849487 
29714.8046875000 -123.7981338501 
29817.7207031250 -123.7832870483 
29920.9921875000 -123.7924194336 
30024.6230468750 -123.6344528198 
30128.6113281250 -123.6391601563 
30232.9609375000 -123.6469421387 
30337.6367187500 -123.6575469971 
30442.7109375000 -123.6695938110 
30548.1464843750 -123.6803054810 
30653.9492187500 -123.6873703003 
30760.1171875000 -123.6873931885 
30866.6542968750 -123.6830520630 
30973.5585937500 -123.6674118042 
31080.8339843750 -123.6459426880 
31188.4472656250 -123.6188430786 
31296.4667968750 -123.5870819092 
31404.8613281250 -123.5577392578 
31513.6308593750 -123.5332107544 
31622.7773437500 -123.5250167847 
31732.3007812500 -123.5267028809 
31842.2031250000 -123.5457839966 
31952.4882812500 -123.5734863281 
32063.1542968750 -123.6034088135 
32174.1679687500 -123.6274261475 
32285.6015625000 -123.6377334595 
32397.4218750000 -123.6379928589 
32509.6289062500 -123.6206512451 
32622.2246093750 -123.5980606079 
32735.2089843750 -123.5725402832 
32848.5859375000 -123.5488891602 
32962.3554687500 -123.5264968872 
33076.4843750000 -123.5038604736 
33191.0429687500 -123.4748992920 
33305.9960937500 -123.4355621338 
33421.3515625000 -123.3883132935 
33537.1054687500 -123.3300323486 
33653.2578125000 -123.2714538574 
33769.8164062500 -123.2166519165 
33886.7773437500 -123.1726226807 
34004.1054687500 -123.1458129883 
34121.8750000000 -123.1287307739 
34240.0546875000 -123.1214599609 
34358.6445312500 -123.1181869507 
34477.6445312500 -123.1132888794 
34597.0546875000 -123.1061172485 
34716.8789062500 -123.0944671631 
34837.1210937500 -123.0807037354 
34957.7382812500 -123.0652465820 
35078.8125000000 -123.0479202271 
35200.3085937500 -123.0287322998 
35322.2226562500 -123.0097732544 
35444.5585937500 -122.9919815063 
35567.3203125000 -122.9804458618 
35690.5039062500 -122.9763031006 
35814.1171875000 -122.9779815674 
35938.1171875000 -122.9851608276 
36062.5898437500 -122.9927368164 
36187.4921875000 -122.9956436157 
36312.8242187500 -122.9928817749 
36438.5898437500 -122.9822998047 
36564.7968750000 -122.9674148560 
36691.4375000000 -122.9549865723 
36818.5156250000 -122.9477920532 
36945.9921875000 -122.9507827759 
37073.9531250000 -122.9655990601 
37202.3593750000 -122.9852600098 
37331.2070312500 -123.0064163208 
37460.5000000000 -123.0242233276 
37590.2460937500 -123.0307083130 
37720.4375000000 -123.0274658203 
37851.0781250000 -123.0149383545 
37982.1328125000 -122.9939270020 
38113.6835937500 -122.9646987915 
38245.6875000000 -122.9324798584 
38378.1484375000 -122.8992080688 
38511.0703125000 -122.8657836914 
38644.4531250000 -122.8319473267 
38778.2968750000 -122.7920837402 
38912.6015625000 -122.7437896729 
39047.3320312500 -122.6882476807 
39182.5703125000 -122.6288986206 
39318.2773437500 -122.5758438110 
39454.4531250000 -122.5433502197 
39591.1015625000 -122.5319290161 
39728.2265625000 -122.5392608643 
39865.8203125000 -122.5601882935 
40003.8945312500 -122.5862884521 
40142.4453125000 -122.6046218872 
40281.4335937500 -122.6087036133 
40420.9453125000 -122.5947341919 
40560.9414062500 -122.5617446899 
40701.4257812500 -122.5123672485 
40842.3906250000 -122.4567947388 
40983.8476562500 -122.4133605957 
41125.7929687500 -122.3881988525 
41268.2304687500 -122.3795623779 
41411.1171875000 -122.3812789917 
41554.5390625000 -122.3854293823 
41698.4648437500 -122.3869323730 
41842.8828125000 -122.3869628906 
41987.8046875000 -122.3847885132 
42133.2265625000 -122.3745956421 
42279.1523437500 -122.3501510620 
42425.5859375000 -122.3090591431 
42572.4765625000 -122.2565536499 
42719.9257812500 -122.2078857422 
42867.8828125000 -122.1857147217 
43016.3554687500 -122.1928710938 
43165.3398437500 -122.2187805176 
43314.8437500000 -122.2448654175 
43464.8593750000 -122.2529067993 
43615.3984375000 -122.2323074341 
43766.4101562500 -122.1835479736 
43917.9960937500 -122.1156539917 
44070.1015625000 -122.0410842896 
44222.7382812500 -121.9744415283 
44375.9023437500 -121.9278564453 
44529.5937500000 -121.9097366333 
44683.8203125000 -121.9212036133 
44838.5820312500 -121.9555511475 
44993.8281250000 -122.0011138916 
45149.6601562500 -122.0457382202 
45306.0351562500 -122.0796127319 
45462.9492187500 -122.0956649780 
45620.4101562500 -122.0890502930 
45778.4140625000 -122.0587997437 
45936.9648437500 -122.0111160278 
46096.0664062500 -121.9611587524 
46255.6679687500 -121.9192810059 
46415.8710937500 -121.8836822510 
46576.6289062500 -121.8414154053 
46737.9453125000 -121.7798233032 
46899.8203125000 -121.6998367310 
47062.2578125000 -121.6189041138 
47225.2539062500 -121.5609436035 
47388.8164062500 -121.5415725708 
47552.8945312500 -121.5589599609 
47717.5898437500 -121.5952377319 
47882.8593750000 -121.6272964478 
48048.6992187500 -121.6408081055 
48215.1132812500 -121.6383056641 
48382.1054687500 -121.6343078613 
48549.6718750000 -121.6400604248 
48717.8242187500 -121.6491775513 
48886.5000000000 -121.6367263794 
49055.8164062500 -121.6101760864 
49225.7187500000 -121.5116882324 
49396.2109375000 -121.3759307861 
49567.2929687500 -121.2496490479 
49738.9648437500 -121.1761245728 
49911.2343750000 -121.1711502075 
50084.1015625000 -121.2190628052 
50257.5664062500 -121.2869720459 
50431.5742187500 -121.3451538086 
50606.2421875000 -121.3829574585 
50781.5156250000 -121.3703842163 
50957.3945312500 -121.3278732300 
51133.8828125000 -121.2564697266 
51310.9804687500 -121.1615219116 
51488.6953125000 -121.0637664795 
51667.0234375000 -120.9925994873 
51845.9140625000 -120.9670257568 
52025.4804687500 -120.9814147949 
52205.6679687500 -121.0107040405 
52386.4804687500 -121.0304031372 
52567.9179687500 -121.0311279297 
52749.9843750000 -121.0154953003 
52932.6796875000 -120.9879608154 
53116.0117187500 -120.9514389038 
53299.9179687500 -120.9099502563 
53484.5195312500 -120.8576660156 
53669.7617187500 -120.8433074951 
53855.6445312500 -120.8738403320 
54042.1679687500 -120.9315185547 
54229.3398437500 -120.9989852905 
54417.1640625000 -121.0536193848 
54605.6328125000 -121.0782241821 
54794.6992187500 -121.0670623779 
54984.4765625000 -121.0245361328 
55174.9140625000 -120.9610290527 
55366.0078125000 -120.8590087891 
55557.7656250000 -120.7852630615 
55750.1875000000 -120.7638473511 
55943.2773437500 -120.7528076172 
56137.0351562500 -120.7363052368 
56331.3984375000 -120.7048950195 
56526.5000000000 -120.6608886719 
56722.2773437500 -120.5931015015 
56918.7343750000 -120.5398406982 
57115.8671875000 -120.5151977539 
57313.6875000000 -120.4954452515 
57512.1914062500 -120.4759063721 
57711.3789062500 -120.4509735107 
57911.1992187500 -120.3976669312 
58111.7695312500 -120.3387451172 
58313.0390625000 -120.3051223755 
58515.0039062500 -120.2796020508 
58717.6679687500 -120.2640762329 
58921.0312500000 -120.2641220093 
59125.1015625000 -120.2854614258 
59329.8789062500 -120.3109664917 
59535.3007812500 -120.3405532837 
59741.5000000000 -120.3641662598 
59948.4101562500 -120.3569564819 
60156.0390625000 -120.2957916260 
60364.3867187500 -120.2238006592 
60573.4570312500 -120.1362991333 
60783.2500000000 -120.0198516846 
60993.7695312500 -119.9819335938 
61204.9531250000 -120.0229873657 
61416.9335937500 -120.0844726563 
61629.6484375000 -120.1332855225 
61843.0976562500 -120.1216964722 
62057.2890625000 -120.0990524292 
62272.2226562500 -120.0719528198 
62487.8984375000 -119.9864425659 
62704.3203125000 -119.8572540283 
62921.4257812500 -119.7843933105 
63139.3515625000 -119.7628936768 
63358.0312500000 -119.8127746582 
63577.4687500000 -119.8538284302 
63797.6679687500 -119.8754882813 
64018.6289062500 -119.8696289063 
64240.3554687500 -119.8457183838 
64462.8476562500 -119.8165817261 
64686.1093750000 -119.7223434448 
64910.0781250000 -119.5803451538 
65134.8906250000 -119.4826583862 
65360.4804687500 -119.4016571045 
65586.8515625000 -119.4198379517 
65814.0156250000 -119.4866256714 
66041.9531250000 -119.5730361938 
66270.6875000000 -119.5714187622 
66500.2109375000 -119.5116119385 
66730.4609375000 -119.4020080566 
66961.5781250000 -119.3162841797 
67193.5000000000 -119.2892150879 
67426.2187500000 -119.3110885620 
67659.7500000000 -119.3403015137 
67894.0859375000 -119.3690185547 
68129.2343750000 -119.3830032349 
68365.1953125000 -119.3899002075 
68601.8984375000 -119.3786392212 
68839.5000000000 -119.3177566528 
69077.9218750000 -119.2039260864 
69317.1718750000 -119.1087341309 
69557.2421875000 -119.0932006836 
69798.1562500000 -119.1270751953 
70039.8984375000 -119.1428756714 
70282.4765625000 -119.0747222900 
70525.8203125000 -118.9808502197 
70770.0859375000 -118.9180297852 
71015.1875000000 -118.8946228027 
71261.1484375000 -118.9351425171 
71507.9609375000 -119.0149459839 
71755.6250000000 -119.0546646118 
72004.1484375000 -119.0310058594 
72253.5312500000 -118.9428558350 
72503.6953125000 -118.8515548706 
72754.8125000000 -118.7873764038 
73006.7890625000 -118.7526931763 
73259.6484375000 -118.7377853394 
73513.3828125000 -118.7382125854 
73767.9921875000 -118.7512054443 
74023.4843750000 -118.7997055054 
74279.8593750000 -118.8624496460 
74537.0390625000 -118.8612442017 
74795.1953125000 -118.7764968872 
75054.2500000000 -118.6606903076 
75314.1953125000 -118.5858459473 
75575.0390625000 -118.5617218018 
75836.7890625000 -118.5414962769 
76099.4453125000 -118.5182571411 
76363.0156250000 -118.5008010864 
76627.4140625000 -118.5097885132 
76892.8046875000 -118.5605087280 
77159.1250000000 -118.6125564575 
77426.3593750000 -118.6084442139 
77694.5234375000 -118.5221099854 
77963.6093750000 -118.4292221069 
78233.6328125000 -118.3652267456 
78504.5937500000 -118.3502120972 
78776.4062500000 -118.3438339233 
79049.2421875000 -118.2655944824 
79323.0234375000 -118.2036972046 
79597.7578125000 -118.2269287109 
79873.4453125000 -118.3148269653 
80150.0781250000 -118.3870773315 
80427.6796875000 -118.3665313721 
80706.2343750000 -118.3225250244 
80985.7578125000 -118.3130416870 
81266.1562500000 -118.2790527344 
81547.6171875000 -118.1893310547 
81830.0546875000 -118.0387115479 
82113.4687500000 -117.9061203003 
82397.8671875000 -117.9460906982 
82683.2500000000 -118.0408477783 
82969.6171875000 -118.0646438599 
83256.9765625000 -118.0311660767 
83545.2421875000 -117.9908065796 
83834.6015625000 -117.8545303345 
84124.9531250000 -117.6547775269 
84416.3203125000 -117.5673141479 
84708.6875000000 -117.5349197388 
85002.0781250000 -117.5019989014 
85296.4765625000 -117.5142059326 
85591.8984375000 -117.5534057617 
85888.2500000000 -117.5534973145 
86185.7187500000 -117.5085830688 
86484.2187500000 -117.5104904175 
86783.7500000000 -117.5650024414 
87084.3203125000 -117.6061935425 
87385.9375000000 -117.5825042725 
87688.5937500000 -117.6037750244 
87992.2968750000 -117.6171417236 
88296.9609375000 -117.5582199097 
88602.7734375000 -117.4401626587 
88909.6406250000 -117.3513870239 
89217.5781250000 -117.2975616455 
89526.5781250000 -117.3028030396 
89836.6484375000 -117.3397293091 
90147.7968750000 -117.3221511841 
90460.0156250000 -117.2183837891 
90773.2187500000 -117.1502990723 
91087.6093750000 -117.1601562500 
91403.0859375000 -117.1623687744 
91719.6562500000 -117.1240158081 
92037.3281250000 -117.0723342896 
92356.0937500000 -117.0305175781 
92675.9609375000 -116.9919204712 
92996.9453125000 -116.9270248413 
93318.9296875000 -116.8714752197 
93642.1328125000 -116.8496704102 
93966.4609375000 -116.8605880737 
94291.9062500000 -116.8475112915 
94618.4843750000 -116.8303298950 
94946.1953125000 -116.8595657349 
95275.0312500000 -116.9237289429 
95605.0156250000 -116.9465255737 
95936.0312500000 -116.8759078979 
96268.3046875000 -116.8908233643 
96601.7265625000 -116.9872741699 
96936.2968750000 -116.9957580566 
97272.0312500000 -116.8281555176 
97608.9296875000 -116.5628509521 
97946.9921875000 -116.3945922852 
98286.2265625000 -116.4220504761 
98626.5312500000 -116.6110305786 
98968.1171875000 -116.7613983154 
99310.8906250000 -116.6883544922 
99654.8515625000 -116.5730667114 
100000.0000000000 -116.5799255371 
100346.3437500000 -116.6062850952 
100693.8906250000 -116.6187133789 
101042.6406250000 -116.6122131348 
101392.5937500000 -116.6008071899 
101743.6562500000 -116.5852432251 
102096.0390625000 -116.5680236816 
102449.6406250000 -116.5484237671 
102804.4687500000 -116.5258483887 
103160.5312500000 -116.4964218140 
103517.8203125000 -116.4614715576 
103876.3515625000 -116.4240875244 
104236.1250000000 -116.3855590820 
104597.0234375000 -116.3482894897 
104959.2890625000 -116.3095016479 
105322.8125000000 -116.2679214478 
105687.5937500000 -116.2159271240 
106053.6406250000 -116.1536712646 
106420.9531250000 -116.0850143433 
106789.5312500000 -116.0117645264 
107159.3906250000 -115.9457550049 
107530.4218750000 -115.8918533325 
107902.8437500000 -115.8519821167 
108276.5625000000 -115.8328475952 
108651.5703125000 -115.8332672119 
109027.8828125000 -115.8451614380 
109405.4921875000 -115.8662033081 
109784.4140625000 -115.8931808472 
110164.6484375000 -115.9189376831 
110546.0781250000 -115.9411315918 
110928.9453125000 -115.9584960938 
111313.1484375000 -115.9690475464 
111698.6718750000 -115.9767227173 
112085.5390625000 -115.9847640991 
112473.7421875000 -115.9947814941 
112863.2890625000 -116.0087738037 
113254.1875000000 -116.0239181519 
113646.3125000000 -116.0354614258 
114039.9218750000 -116.0401458740 
114434.8906250000 -116.0342483521 
114831.2343750000 -116.0102157593 
115228.9453125000 -115.9737701416 
115628.0312500000 -115.9270553589 
116028.5078125000 -115.8728256226 
116430.3671875000 -115.8155441284 
116833.4921875000 -115.7646713257 
117238.1406250000 -115.7254028320 
117644.1875000000 -115.7005386353 
118051.6406250000 -115.6911697388 
118460.5078125000 -115.6964645386 
118870.7890625000 -115.7071838379 
119282.4921875000 -115.7173843384 
119695.6250000000 -115.7265701294 
120110.0546875000 -115.7367706299 
120526.0468750000 -115.7537002563 
120943.4843750000 -115.7853775024 
121362.3671875000 -115.8264160156 
121782.6953125000 -115.8687973022 
122204.4843750000 -115.9031677246 
122627.7343750000 -115.9205703735 
123052.4531250000 -115.9140319824 
123478.5000000000 -115.8900527954 
123906.1640625000 -115.8627395630 
124335.3125000000 -115.8413696289 
124765.9375000000 -115.8324203491 
125198.0625000000 -115.8388977051 
125631.6796875000 -115.8601303101 
126066.7968750000 -115.8939285278 
126503.4218750000 -115.9329681396 
126941.5625000000 -115.9731979370 
127381.0781250000 -116.0110549927 
127822.2578125000 -116.0440979004 
128264.9609375000 -116.0714569092 
128709.2031250000 -116.0941085815 
129154.9843750000 -116.1141357422 
129602.3046875000 -116.1320953369 
130051.1796875000 -116.1451110840 
130501.6015625000 -116.1495742798 
130953.4453125000 -116.1443710327 
131407.0000000000 -116.1327590942 
131862.1250000000 -116.1219863892 
132318.8125000000 -116.1202850342 
132777.0937500000 -116.1320800781 
133236.9687500000 -116.1539993286 
133698.4218750000 -116.1741180420 
134161.4843750000 -116.1838760376 
134626.0000000000 -116.1832351685 
135092.2656250000 -116.1791687012 
135560.1562500000 -116.1804428101 
136029.6562500000 -116.1917266846 
136500.7968750000 -116.2103652954 
136973.5625000000 -116.2276153564 
137447.9531250000 -116.2336578369 
137924.0000000000 -116.2234725952 
138401.5468750000 -116.1997375488 
138880.8906250000 -116.1707992554 
139361.9062500000 -116.1456375122 
139844.5781250000 -116.1303787231 
140328.9218750000 -116.1265563965 
140814.9375000000 -116.1352386475 
141302.6406250000 -116.1576004028 
141792.0468750000 -116.1942977905 
142282.9843750000 -116.2454299927 
142775.7656250000 -116.3116912842 
143270.2656250000 -116.3944320679 
143766.4687500000 -116.4925384521 
144264.4062500000 -116.5976562500 
144764.0625000000 -116.6927642822 
145265.4375000000 -116.7586288452 
145768.5625000000 -116.7853775024 
146273.2656250000 -116.7799301147 
146779.8750000000 -116.7619781494 
147288.2343750000 -116.7494583130 
147798.3593750000 -116.7620468140 
148310.2500000000 -116.7816619873 
148823.9218750000 -116.7953414917 
149339.3750000000 -116.7965545654 
149856.5937500000 -116.7884597778 
150375.4531250000 -116.7805633545 
150896.2656250000 -116.7833099365 
151418.8906250000 -116.8045043945 
151943.3281250000 -116.8473587036 
152469.5781250000 -116.9084396362 
152997.6406250000 -116.9757843018 
153527.5468750000 -117.0309906006 
154059.2812500000 -117.0575637817 
154592.6875000000 -117.0513992310 
155128.1093750000 -117.0243835449 
155665.3906250000 -116.9974136353 
156204.5312500000 -116.9887161255 
156745.5468750000 -117.0061569214 
157288.4218750000 -117.0459060669 
157833.1875000000 -117.0953445435 
158379.8281250000 -117.1385192871 
158928.3750000000 -117.1655654907 
159478.6406250000 -117.1583099365 
160030.9843750000 -117.1428375244 
160585.2500000000 -117.1234893799 
161141.4218750000 -117.0990295410 
161699.5312500000 -117.0729751587 
162259.5781250000 -117.0569000244 
162821.5468750000 -117.0635147095 
163385.4687500000 -117.0961380005 
163951.1718750000 -117.1446075439 
164519.0156250000 -117.2044372559 
165088.8125000000 -117.2210845947 
165660.5937500000 -117.2054290771 
166234.3437500000 -117.1870803833 
166810.0937500000 -117.1852798462 
167387.8281250000 -117.2142486572 
167967.5781250000 -117.2753295898 
168549.1406250000 -117.3542938232 
169132.9062500000 -117.4478912354 
169718.6875000000 -117.4705429077 
170306.5000000000 -117.4334869385 
170896.3437500000 -117.3714065552 
171488.2343750000 -117.3029708862 
172082.1718750000 -117.2483749390 
172678.1718750000 -117.2325820923 
173276.0468750000 -117.2906951904 
173876.1875000000 -117.3603363037 
174478.3906250000 -117.4304199219 
175082.6875000000 -117.4851760864 
175689.0781250000 -117.5150756836 
176297.5781250000 -117.4940490723 
176908.1718750000 -117.4653625488 
177520.8906250000 -117.4460754395 
178135.5312500000 -117.4436264038 
178752.4843750000 -117.4588775635 
179371.5937500000 -117.4735870361 
179992.8437500000 -117.4824218750 
180616.2343750000 -117.4949493408 
181241.7968750000 -117.5102005005 
181869.5156250000 -117.5265655518 
182499.4062500000 -117.5314865112 
183131.2812500000 -117.5231475830 
183765.5468750000 -117.4557723999 
184402.0156250000 -116.7431793213 
185040.6875000000 -114.9586105347 
185681.5625000000 -113.2653732300 
186324.6718750000 -111.7260589600 
186969.9843750000 -110.3649444580 
187617.5468750000 -110.2188339233 
188267.1562500000 -110.9394683838 
188919.2031250000 -112.9629364014 
189573.5156250000 -115.5694885254 
190230.0937500000 -116.8531951904 
190888.9531250000 -117.5025787354 
191550.0937500000 -117.7294692993 
192213.5156250000 -117.7656173706 
192879.2343750000 -117.7915573120 
193547.0468750000 -117.8423385620 
194217.3906250000 -117.8875732422 
194890.0468750000 -117.9133377075 
195565.0468750000 -117.9604110718 
196242.3750000000 -118.0147323608 
196922.0468750000 -118.0374908447 
197604.0781250000 -118.0139541626 
198288.4843750000 -117.9415740967 
198975.0156250000 -117.8923416138 
199664.1562500000 -117.8661422729 
200355.6875000000 -117.8809432983 
201049.6093750000 -117.8963470459 
201745.9375000000 -117.9100418091 
202444.6718750000 -117.9277801514 
203145.8281250000 -117.9659729004 
203849.4218750000 -118.0137786865 
204555.4375000000 -118.0424804688 
205263.6875000000 -118.0621566772 
205974.6093750000 -118.0501098633 
206688.0000000000 -118.0119323730 
207403.8437500000 -117.9736557007 
208122.1875000000 -117.9537200928 
208843.0000000000 -117.9308547974 
209566.3125000000 -117.9156188965 
210292.1406250000 -117.9217910767 
211020.2500000000 -117.9537582397 
211751.1093750000 -118.0011901855 
212484.5000000000 -118.0299530029 
213220.4218750000 -118.0242996216 
213958.9062500000 -117.9879989624 
214699.9375000000 -117.9487991333 
215443.5468750000 -117.9303283691 
216189.7343750000 -117.9298324585 
216938.2500000000 -117.9517211914 
217689.6093750000 -117.9965667725 
218443.5625000000 -118.0623016357 
219200.1406250000 -118.1224670410 
219959.3281250000 -118.1420974731 
220721.1406250000 -118.1199188232 
221485.5937500000 -118.0716400146 
222252.7031250000 -118.0361480713 
223022.2187500000 -118.0385208130 
223794.6562500000 -118.0560989380 
224569.7500000000 -118.0522537231 
225347.5468750000 -118.0251464844 
226128.0156250000 -117.9946670532 
226911.2031250000 -117.9674987793 
227697.0937500000 -117.9371109009 
228485.7187500000 -117.9209289551 
229276.8125000000 -117.9696197510 
230070.9062500000 -118.1384124756 
230867.7500000000 -118.2786865234 
231667.3437500000 -118.3142013550 
232469.7187500000 -118.2394332886 
233274.8593750000 -118.1080856323 
234082.7968750000 -118.0153732300 
234893.5312500000 -118.0439224243 
235706.8281250000 -118.1252441406 
236523.1875000000 -118.1894912720 
237342.3750000000 -118.1963424683 
238164.3906250000 -118.1825180054 
238989.2656250000 -118.2061538696 
239816.9843750000 -118.2690124512 
240647.5937500000 -118.3366012573 
241481.0625000000 -118.3864059448 
242317.1562500000 -118.4225006104 
243156.4062500000 -118.4252929688 
243998.5625000000 -118.3983078003 
244843.6406250000 -118.3088073730 
245691.6562500000 -118.2105331421 
246542.5937500000 -118.1382293701 
247396.4843750000 -118.1306838989 
248253.3281250000 -118.1553421021 
249112.8593750000 -118.1506576538 
249975.6562500000 -118.1394424438 
250841.4375000000 -118.1856155396 
251710.2187500000 -118.2222671509 
252582.0000000000 -118.2263183594 
253456.8125000000 -118.2595596313 
254334.6406250000 -118.3337554932 
255215.5156250000 -118.4030838013 
256099.4531250000 -118.4212875366 
256986.1562500000 -118.3496170044 
257876.2187500000 -118.2581634521 
258769.3593750000 -118.1820144653 
259665.5937500000 -118.1810684204 
260564.9375000000 -118.2977676392 
261467.3906250000 -118.3892364502 
262372.9687500000 -118.4081115723 
263281.6875000000 -118.3448944092 
264193.2500000000 -118.2836837769 
265108.2812500000 -118.3025436401 
266026.4687500000 -118.3344192505 
266947.8437500000 -118.3315811157 
267872.4062500000 -118.3015670776 
268800.1562500000 -118.2806701660 
269731.1562500000 -118.2484130859 
270665.3437500000 -118.2437362671 
271602.4687500000 -118.2914199829 
272543.1562500000 -118.3501815796 
273487.0937500000 -118.3608398438 
274434.3125000000 -118.3225402832 
275384.8125000000 -118.3594818115 
276338.5937500000 -118.4728698730 
277295.6875000000 -118.5848922729 
278256.0625000000 -118.6960449219 
279219.5000000000 -118.7647476196 
280186.5625000000 -118.7594757080 
281156.9687500000 -118.6690216064 
282130.7500000000 -118.6367111206 
283107.9062500000 -118.7438125610 
284088.4375000000 -118.8877944946 
285072.3437500000 -118.9258346558 
286059.6875000000 -118.8293609619 
287050.1250000000 -118.7086639404 
288044.3125000000 -118.6312484741 
289041.9375000000 -118.5828094482 
290043.0312500000 -118.5680465698 
291047.5625000000 -118.5927734375 
292055.5937500000 -118.6524658203 
293067.1250000000 -118.7477111816 
294082.1562500000 -118.8365325928 
295100.3750000000 -118.8493804932 
296122.4375000000 -118.8089447021 
297148.0312500000 -118.7749557495 
298177.1875000000 -118.7746658325 
299209.9062500000 -118.8412246704 
300246.2187500000 -118.9286727905 
301286.1250000000 -118.9703598022 
302329.5937500000 -118.9988021851 
303376.3750000000 -119.0039749146 
304427.0937500000 -118.9902267456 
305481.4687500000 -118.9660797119 
306539.5000000000 -118.9327850342 
307601.1875000000 -118.9030075073 
308666.5312500000 -118.8814010620 
309735.5937500000 -118.8705596924 
310808.3437500000 -118.8828430176 
311884.4687500000 -118.9052810669 
312964.6875000000 -118.9357528687 
314048.6250000000 -118.9685592651 
315136.3125000000 -118.9919586182 
316227.7812500000 -119.0053634644 
317323.0000000000 -119.0057678223 
318422.0312500000 -118.9935684204 
319524.8750000000 -118.9821090698 
320631.5312500000 -118.9749908447 
321741.6875000000 -118.9825820923 
322856.0312500000 -119.0083694458 
323974.2187500000 -119.0444183350 
325096.2812500000 -119.0875854492 
326222.2500000000 -119.1257476807 
327352.0937500000 -119.1469802856 
328485.8750000000 -119.1500091553 
329623.5625000000 -119.1326293945 
330764.8437500000 -119.0905380249 
331910.4062500000 -119.0412368774 
333059.9687500000 -118.9910049438 
334213.5312500000 -118.9454421997 
335371.0625000000 -118.9172973633 
336532.5937500000 -118.9061660767 
337698.1562500000 -118.9113388062 
338867.7500000000 -118.9327239990 
340041.0312500000 -118.9728851318 
341218.7500000000 -119.0261764526 
342400.5625000000 -119.0875930786 
343586.4375000000 -119.1540832520 
344776.4375000000 -119.2217559814 
345970.5625000000 -119.2837677002 
347168.8125000000 -119.3383560181 
348371.2187500000 -119.3844604492 
349577.4062500000 -119.4212875366 
350788.1250000000 -119.4464340210 
352003.0625000000 -119.4598083496 
353222.2187500000 -119.4648056030 
354445.5937500000 -119.4642944336 
355673.1875000000 -119.4617538452 
356905.0625000000 -119.4619064331 
358141.1875000000 -119.4648971558 
359381.1875000000 -119.4656982422 
360625.9062500000 -119.4603805542 
361874.9062500000 -119.4466934204 
363128.2500000000 -119.4254074097 
364385.9062500000 -119.4057235718 
365647.9375000000 -119.3947143555 
366914.3437500000 -119.3912429810 
368185.1562500000 -119.3898925781 
369459.9375000000 -119.3829193115 
370739.5312500000 -119.3629150391 
372023.5937500000 -119.3346939087 
373312.0625000000 -119.3161544800 
374605.0312500000 -119.3192596436 
375902.4375000000 -119.3489990234 
377204.3750000000 -119.4025955200 
378510.7812500000 -119.4703063965 
379821.3437500000 -119.5396575928 
381136.8125000000 -119.6057815552 
382456.8750000000 -119.6732406616 
383781.5000000000 -119.7458877563 
385110.7187500000 -119.8229980469 
386444.5312500000 -119.8982315063 
387782.9687500000 -119.9611053467 
389126.0312500000 -120.0013351440 
390473.3125000000 -120.0120773315 
391825.6875000000 -120.0024566650 
393182.7812500000 -119.9813842773 
394544.5312500000 -119.9563980103 
395911.0312500000 -119.9344940186 
397282.2500000000 -119.9225769043 
398658.2187500000 -119.9266967773 
400038.9375000000 -119.9494400024 
401424.4687500000 -119.9865112305 
402814.3437500000 -120.0254211426 
404209.4687500000 -120.0487899780 
405609.4375000000 -120.0519180298 
407014.2500000000 -120.0434875488 
408423.9062500000 -120.0398635864 
409838.4687500000 -120.0550308228 
411257.9375000000 -120.0920181274 
412682.3125000000 -120.1406707764 
414111.1562500000 -120.1838607788 
415545.4062500000 -120.2094573975 
416984.6250000000 -120.2203979492 
418428.8437500000 -120.2348022461 
419878.0625000000 -120.2744140625 
421332.2812500000 -120.3489151001 
422791.5312500000 -120.4468231201 
424255.8750000000 -120.5386657715 
425724.7812500000 -120.5917510986 
427199.2500000000 -120.5872573853 
428678.8437500000 -120.5367965698 
430163.5625000000 -120.4687805176 
431653.4062500000 -120.4136276245 
433148.4062500000 -120.3899536133 
434648.5937500000 -120.3979492188 
436154.0000000000 -120.4221572876 
437664.1250000000 -120.4423294067 
439179.9375000000 -120.4468765259 
440701.0312500000 -120.4399719238 
442227.3750000000 -120.4375457764 
443759.0000000000 -120.4612045288 
445295.9375000000 -120.5156478882 
446838.2187500000 -120.5967483521 
448385.8125000000 -120.6948013306 
449938.2812500000 -120.7979965210 
451496.6250000000 -120.8924713135 
453060.3437500000 -120.9633560181 
454629.5000000000 -121.0011672974 
456204.0937500000 -121.0090789795 
457784.1562500000 -121.0022811890 
459369.6562500000 -120.9983749390 
460960.6562500000 -121.0072402954 
462556.6562500000 -121.0283889771 
464158.7187500000 -121.0560760498 
465766.3125000000 -121.0861968994 
467379.4687500000 -121.1189575195 
468998.2187500000 -121.1561965942 
470622.5625000000 -121.1978988647 
472252.5625000000 -121.2661819458 
473888.1875000000 -121.3443603516 
475528.9375000000 -121.4089126587 
477175.9062500000 -121.4825286865 
478828.5937500000 -121.5583343506 
480487.0000000000 -121.6275329590 
482151.1250000000 -121.6834259033 
483821.0312500000 -121.7225112915 
485496.7500000000 -121.7438583374 
487178.2187500000 -121.7490692139 
488865.0000000000 -121.7427139282 
490558.1875000000 -121.7264556885 
492257.1875000000 -121.7145690918 
493962.1250000000 -121.7089462280 
495672.9375000000 -121.7016448975 
497389.6562500000 -121.6943893433 
499112.3437500000 -121.6965713501 
500841.0000000000 -121.7223358154 
502575.6562500000 -121.7826614380 
504315.7500000000 -121.9336776733 
506062.4062500000 -122.0986633301 
507815.1250000000 -122.1768112183 
509573.9375000000 -122.2161560059 
511338.8125000000 -122.2264022827 
513109.8125000000 -122.2277221680 
514886.9375000000 -122.2473068237 
516670.2500000000 -122.2872238159 
518459.1250000000 -122.3208312988 
520254.7812500000 -122.3612442017 
522056.6562500000 -122.4128036499 
523864.7812500000 -122.4724884033 
525679.1875000000 -122.5437011719 
527499.8125000000 -122.5680084229 
529326.8125000000 -122.5588989258 
531160.1250000000 -122.5509033203 
532999.1875000000 -122.5590896606 
534845.1875000000 -122.6133041382 
536697.6250000000 -122.6905364990 
538556.4375000000 -122.7331771851 
540421.6875000000 -122.7540740967 
542293.4375000000 -122.7473297119 
544171.6250000000 -122.7352905273 
546056.3125000000 -122.7473373413 
547947.0000000000 -122.7847671509 
549844.7500000000 -122.8496246338 
551749.1250000000 -122.9912109375 
553660.0625000000 -123.1465301514 
555577.6875000000 -123.2276992798 
557501.8750000000 -123.2762069702 
559432.7500000000 -123.3019943237 
561370.3125000000 -123.3265304565 
563314.0000000000 -123.3649673462 
565265.0000000000 -123.4539794922 
567222.7500000000 -123.5548095703 
569187.3125000000 -123.6201553345 
571158.6875000000 -123.6818847656 
573136.8750000000 -123.7656478882 
575121.8750000000 -123.8369064331 
577113.8125000000 -123.8720703125 
579112.0000000000 -123.9030685425 
581117.6875000000 -123.9206695557 
583130.3750000000 -123.9348526001 
585150.0000000000 -123.9732666016 
587176.6875000000 -124.0251846313 
589210.3125000000 -124.0634765625 
591251.0000000000 -124.1246414185 
593298.8125000000 -124.1911315918 
595353.0000000000 -124.2374877930 
597415.0000000000 -124.3068618774 
599484.1250000000 -124.3797454834 
601560.3750000000 -124.4350357056 
603643.8750000000 -124.5287322998 
605734.5625000000 -124.6233749390 
607832.5000000000 -124.6988677979 
609937.6875000000 -124.7527542114 
612049.5000000000 -124.7757797241 
614169.3125000000 -124.7910766602 
616296.4375000000 -124.7891540527 
618431.0000000000 -124.7871246338 
620572.8750000000 -124.8129882813 
622722.1875000000 -124.8754348755 
624879.0000000000 -124.9558944702 
627043.2500000000 -125.0305862427 
629214.2500000000 -125.1208267212 
631393.5000000000 -125.2518234253 
633580.3125000000 -125.3592300415 
635774.6875000000 -125.4948654175 
637976.6875000000 -125.5673217773 
640186.2500000000 -125.5671920776 
642403.5625000000 -125.5416641235 
644628.5000000000 -125.5059509277 
646861.1250000000 -125.4694290161 
649100.7500000000 -125.4524917603 
651348.8750000000 -125.4669494629 
653604.8125000000 -125.5296554565 
655868.5625000000 -125.6380615234 
658140.1250000000 -125.7983856201 
660419.5625000000 -125.9729995728 
662706.8750000000 -126.0959167480 
665002.1250000000 -126.1284103394 
667304.6250000000 -126.0623855591 
669615.8125000000 -125.9904937744 
671935.0000000000 -125.9857864380 
674262.1875000000 -126.0278625488 
676597.5000000000 -126.0686187744 
678940.8125000000 -126.0883026123 
681292.3125000000 -126.1116790771 
683651.9375000000 -126.1569290161 
686019.0000000000 -126.2108993530 
688395.0000000000 -126.2600479126 
690779.1875000000 -126.3303298950 
693171.6875000000 -126.4863815308 
695572.4375000000 -126.6273574829 
697981.5625000000 -126.7411346436 
700398.9375000000 -126.8160629272 
702824.7500000000 -126.8573913574 
705258.1875000000 -126.8966445923 
707700.8125000000 -126.9491577148 
710151.9375000000 -127.0160903931 
712611.5000000000 -127.0411148071 
715079.5625000000 -127.0426940918 
717556.2500000000 -127.0499496460 
720041.4375000000 -127.0720977783 
722535.3125000000 -127.0998764038 
725036.9375000000 -127.1172561646 
727548.0625000000 -127.1163787842 
730067.9375000000 -127.1048202515 
732596.5000000000 -127.1010131836 
735133.8125000000 -127.1222076416 
737679.8750000000 -127.2049636841 
740234.8125000000 -127.2994308472 
742798.5625000000 -127.4026031494 
745370.4375000000 -127.5329437256 
747952.0000000000 -127.6474227905 
750542.4375000000 -127.7352981567 
753141.9375000000 -127.8256988525 
755750.4375000000 -127.8996963501 
758367.9375000000 -127.9105606079 
760994.5000000000 -127.9275588989 
763630.1875000000 -128.0142669678 
766274.1250000000 -128.1336059570 
768928.0625000000 -128.1867675781 
771591.1875000000 -128.1940612793 
774263.5625000000 -128.2128143311 
776945.1875000000 -128.2568817139 
779636.1250000000 -128.2516784668 
782336.3750000000 -128.1988983154 
785045.9375000000 -128.1615142822 
787764.0625000000 -128.2247314453 
790492.4375000000 -128.3076019287 
793230.2500000000 -128.3798675537 
795977.5625000000 -128.4500122070 
798734.4375000000 -128.5186309814 
801500.8125000000 -128.6036224365 
804276.7500000000 -128.6809387207 
807062.3125000000 -128.7086944580 
809857.5625000000 -128.6928100586 
812661.5625000000 -128.6432647705 
815476.1875000000 -128.6135406494 
818300.5625000000 -128.6298370361 
821134.6875000000 -128.6857910156 
823978.6875000000 -128.7413482666 
826832.5000000000 -128.7892303467 
829696.1875000000 -128.8165435791 
832569.8125000000 -128.8342742920 
835452.4375000000 -128.9423980713 
838346.0000000000 -129.1298217773 
841249.5625000000 -129.2539062500 
844163.1875000000 -129.2715911865 
847086.9375000000 -129.2619781494 
850020.7500000000 -129.2870788574 
852964.7500000000 -129.3250732422 
855919.0000000000 -129.3699188232 
858882.4375000000 -129.4593963623 
861857.1875000000 -129.5680084229 
864842.1875000000 -129.6090545654 
867837.5000000000 -129.5914306641 
870843.2500000000 -129.5856628418 
873859.3750000000 -129.6004333496 
876885.9375000000 -129.6748809814 
879923.0000000000 -129.7862854004 
882969.5625000000 -129.8268585205 
886027.6875000000 -129.8665313721 
889096.4375000000 -129.9975585938 
892175.7500000000 -130.1107940674 
895265.7500000000 -130.1119842529 
898366.5000000000 -130.0478210449 
901477.9375000000 -130.0006256104 
904600.1875000000 -130.0211791992 
907732.1875000000 -130.1076660156 
910876.1250000000 -130.2285003662 
914030.8750000000 -130.3996429443 
917196.5625000000 -130.5225524902 
920373.2500000000 -130.5675964355 
923560.9375000000 -130.6073455811 
926759.6250000000 -130.5981903076 
929969.4375000000 -130.5440063477 
933189.3125000000 -130.5571136475 
936421.3750000000 -130.6670684814 
939664.6250000000 -130.7852783203 
942919.0625000000 -130.8289794922 
946184.8750000000 -130.7061920166 
949461.9375000000 -130.6133422852 
952750.3125000000 -130.6525878906 
956050.1250000000 -130.7361907959 
959360.3125000000 -130.7967376709 
962683.0000000000 -130.8839416504 
966017.2500000000 -131.0028686523 
969363.0000000000 -130.9996032715 
972720.3125000000 -130.9280548096 
976089.3125000000 -130.8964843750 
979469.9375000000 -130.9565887451 
982862.3125000000 -131.0037689209 
986265.3125000000 -130.9760742188 
989681.1875000000 -130.9588317871 
993108.9375000000 -130.9487915039 
996548.5000000000 -130.9016418457 
1000000.0000000000 -131.1603546143 
1003463.4375000000 -131.1903991699 
1006938.8750000000 -131.2244110107 
1010426.3750000000 -131.2739715576 
1013925.9375000000 -131.3264923096 
1017436.5000000000 -131.3875122070 
1020960.3750000000 -131.4481658936 
1024496.4375000000 -131.5083923340 
1028044.6875000000 -131.5621185303 
1031605.3125000000 -131.6134643555 
1035178.1875000000 -131.6583099365 
1038763.5000000000 -131.7024078369 
1042361.2500000000 -131.7449645996 
1045970.2500000000 -131.7835998535 
1049592.8750000000 -131.8199462891 
1053228.1250000000 -131.8409271240 
1056875.8750000000 -131.8560638428 
1060536.3750000000 -131.8575744629 
1064209.5000000000 -131.8550567627 
1067895.3750000000 -131.8498535156 
1071594.0000000000 -131.8517608643 
1075304.1250000000 -131.8571624756 
1079028.5000000000 -131.8699188232 
1082765.6250000000 -131.8844757080 
1086515.7500000000 -131.8999176025 
1090278.8750000000 -131.9120635986 
1094055.0000000000 -131.9239501953 
1097844.1250000000 -131.9354553223 
1101646.5000000000 -131.9531250000 
1105460.7500000000 -131.9751129150 
1109289.5000000000 -132.0085754395 
1113131.5000000000 -132.0492401123 
1116986.7500000000 -132.0947723389 
1120855.3750000000 -132.1411743164 
1124737.3750000000 -132.1831054688 
1128632.8750000000 -132.2192382813 
1132541.8750000000 -132.2474975586 
1136463.1250000000 -132.2760314941 
1140399.2500000000 -132.3079223633 
1144348.8750000000 -132.3527984619 
1148312.3750000000 -132.4051818848 
1152289.5000000000 -132.4697570801 
1156280.3750000000 -132.5353851318 
1160285.1250000000 -132.5992279053 
1164303.6250000000 -132.6503906250 
1168334.8750000000 -132.6841125488 
1172381.3750000000 -132.7038116455 
1176441.8750000000 -132.6954650879 
1180516.3750000000 -132.6730651855 
1184605.1250000000 -132.6424713135 
1188707.8750000000 -132.6142120361 
1192824.8750000000 -132.6059722900 
1196956.2500000000 -132.6158599854 
1201100.5000000000 -132.6617279053 
1205260.5000000000 -132.7258300781 
1209434.8750000000 -132.7959747314 
1213623.6250000000 -132.8585815430 
1217827.0000000000 -132.8908081055 
1222044.8750000000 -132.9008636475 
1226277.3750000000 -132.8831024170 
1230524.5000000000 -132.8513488770 
1234785.0000000000 -132.8228912354 
1239061.6250000000 -132.8014678955 
1243353.1250000000 -132.8047027588 
1247659.3750000000 -132.8196105957 
1251980.6250000000 -132.8434143066 
1256316.7500000000 -132.8708038330 
1260668.0000000000 -132.8898315430 
1265034.2500000000 -132.8999938965 
1269415.6250000000 -132.8993225098 
1273810.7500000000 -132.8872680664 
1278222.6250000000 -132.8746337891 
1282649.6250000000 -132.8631896973 
1287092.0000000000 -132.8571014404 
1291549.8750000000 -132.8573760986 
1296023.0000000000 -132.8633880615 
1300511.7500000000 -132.8763275146 
1305016.0000000000 -132.9046936035 
1309534.5000000000 -132.9492492676 
1314070.0000000000 -133.0037384033 
1318621.1250000000 -133.0644226074 
1323188.1250000000 -133.1160583496 
1327771.0000000000 -133.1519622803 
1332369.6250000000 -133.1755218506 
1336984.2500000000 -133.1890869141 
1341614.8750000000 -133.1989288330 
1346260.0000000000 -133.2081298828 
1350922.6250000000 -133.2140197754 
1355601.5000000000 -133.2145385742 
1360296.6250000000 -133.2055969238 
1365007.8750000000 -133.1945190430 
1369735.6250000000 -133.1903533936 
1374479.6250000000 -133.1977691650 
1379240.0000000000 -133.2209014893 
1384015.5000000000 -133.2508392334 
1388808.8750000000 -133.2683715820 
1393619.0000000000 -133.2679748535 
1398445.7500000000 -133.2484741211 
1403289.1250000000 -133.2169647217 
1408149.3750000000 -133.1945190430 
1413026.5000000000 -133.1874847412 
1417920.3750000000 -133.1959075928 
1422829.7500000000 -133.2171020508 
1427757.6250000000 -133.2456054688 
1432702.6250000000 -133.2726745605 
1437664.7500000000 -133.2929687500 
1442644.0000000000 -133.3041687012 
1447640.6250000000 -133.3062591553 
1452654.3750000000 -133.3021850586 
1457685.6250000000 -133.3013916016 
1462732.6250000000 -133.3106079102 
1467798.7500000000 -133.3321075439 
1472882.3750000000 -133.3669433594 
1477983.6250000000 -133.4148559570 
1483102.6250000000 -133.4745178223 
1488239.2500000000 -133.5411071777 
1493393.6250000000 -133.6026306152 
1498566.0000000000 -133.6494445801 
1503754.5000000000 -133.6751556396 
1508962.7500000000 -133.6789703369 
1514189.0000000000 -133.6668395996 
1519433.2500000000 -133.6509857178 
1524695.7500000000 -133.6444244385 
1529976.5000000000 -133.6517639160 
1535275.5000000000 -133.6755371094 
1540592.8750000000 -133.7144927979 
1545926.8750000000 -133.7609100342 
1551281.1250000000 -133.7999572754 
1556654.0000000000 -133.8129119873 
1562045.3750000000 -133.7843780518 
1567455.3750000000 -133.7261962891 
1572884.2500000000 -133.6641387939 
1578331.8750000000 -133.6237030029 
1583798.3750000000 -133.6235656738 
1589283.7500000000 -133.6687011719 
1594786.3750000000 -133.7472534180 
1600309.8750000000 -133.8339996338 
1605852.5000000000 -133.9004516602 
1611414.2500000000 -133.9287567139 
1616995.3750000000 -133.9180297852 
1622595.7500000000 -133.8877563477 
1628215.5000000000 -133.8546905518 
1633854.7500000000 -133.8301696777 
1639511.7500000000 -133.8182983398 
1645190.1250000000 -133.8146362305 
1650888.1250000000 -133.8079833984 
1656605.8750000000 -133.7868804932 
1662343.5000000000 -133.7478485107 
1668101.0000000000 -133.6987915039 
1673878.3750000000 -133.6538543701 
1679675.7500000000 -133.6240386963 
1685491.3750000000 -133.6132965088 
1691329.0000000000 -133.6226348877 
1697186.8750000000 -133.6533660889 
1703065.0000000000 -133.7015686035 
1708963.5000000000 -133.7498779297 
1714882.3750000000 -133.7704467773 
1720821.7500000000 -133.7508544922 
1726781.7500000000 -133.7095031738 
1732760.5000000000 -133.6859283447 
1738761.8750000000 -133.7099151611 
1744784.0000000000 -133.7766571045 
1750826.8750000000 -133.8494567871 
1756890.8750000000 -133.8875274658 
1762975.7500000000 -133.8745880127 
1769081.7500000000 -133.8174438477 
1775208.8750000000 -133.7677764893 
1781355.2500000000 -133.7564697266 
1787524.8750000000 -133.7954711914 
1793715.8750000000 -133.8648071289 
1799928.3750000000 -133.9266967773 
1806162.3750000000 -133.9571685791 
1812417.8750000000 -133.9630584717 
1818695.1250000000 -133.9669342041 
1824994.1250000000 -133.9821166992 
1831312.8750000000 -134.0032958984 
1837655.5000000000 -134.0127716064 
1844020.1250000000 -133.9941864014 
1850406.8750000000 -133.9483032227 
1856815.6250000000 -133.8989715576 
1863246.6250000000 -133.8768768311 
1869699.8750000000 -133.8927459717 
1876175.5000000000 -133.9277496338 
1882671.5000000000 -133.9519805908 
1889192.0000000000 -133.9434967041 
1895735.2500000000 -133.9166870117 
1902301.0000000000 -133.9017181396 
1908889.5000000000 -133.8945617676 
1915500.8750000000 -133.9053955078 
1922135.1250000000 -133.9411163330 
1928792.3750000000 -133.9899902344 
1935470.5000000000 -134.0256042480 
1942173.8750000000 -134.0299835205 
1948900.5000000000 -134.0060272217 
1955650.5000000000 -133.9669494629 
1962423.7500000000 -133.9131622314 
1969220.5000000000 -133.9063720703 
1976040.8750000000 -133.9474639893 
1982884.7500000000 -134.0036315918 
1989750.2500000000 -134.0480499268 
1996641.6250000000 -134.0698394775 
2003556.8750000000 -134.0784912109 
2010496.1250000000 -134.0872497559 
2017459.3750000000 -134.0863342285 
2024446.7500000000 -134.0267333984 
2031458.3750000000 -133.9554901123 
2038494.2500000000 -133.9092102051 
2045554.5000000000 -133.9189605713 
2052636.8750000000 -133.9726409912 
2059746.1250000000 -134.0363311768 
2066879.8750000000 -134.0332183838 
2074038.5000000000 -134.0101928711 
2081221.7500000000 -133.9889831543 
2088430.0000000000 -133.9641723633 
2095663.2500000000 -133.9344940186 
2102921.5000000000 -133.9243774414 
2110202.5000000000 -133.9760894775 
2117511.0000000000 -134.0251464844 
2124845.0000000000 -134.0501403809 
2132204.2500000000 -134.0394592285 
2139589.0000000000 -133.9892730713 
2146999.5000000000 -133.9722290039 
2154435.5000000000 -134.0097198486 
2161897.2500000000 -134.0766143799 
2169382.5000000000 -134.1930847168 
2176896.0000000000 -134.2855987549 
2184435.7500000000 -134.3000793457 
2192001.2500000000 -134.2675628662 
2199593.2500000000 -134.1922149658 
2207211.5000000000 -134.1808624268 
2214856.0000000000 -134.2253570557 
2222527.0000000000 -134.2753143311 
2230222.2500000000 -134.3262786865 
2237946.5000000000 -134.3888244629 
2245697.5000000000 -134.4585113525 
2253475.5000000000 -134.5402832031 
2261280.2500000000 -134.6610260010 
2269112.0000000000 -134.7628631592 
2276971.0000000000 -134.8065643311 
2284857.2500000000 -134.8430633545 
2292768.2500000000 -134.9577026367 
2300709.0000000000 -135.1707458496 
2308677.5000000000 -135.3537445068 
2316673.5000000000 -135.6048278809 
2324697.2500000000 -135.7777252197 
2332748.7500000000 -135.8305664063 
2340828.0000000000 -135.8778686523 
2348935.2500000000 -135.9391937256 
2357068.2500000000 -135.9878540039 
2365231.7500000000 -136.0635528564 
2373423.7500000000 -136.1468048096 
2381644.0000000000 -136.2076721191 
2389892.7500000000 -136.3504791260 
2398170.0000000000 -136.5978546143 
2406475.7500000000 -136.8165130615 
2414810.5000000000 -137.1152343750 
2423171.5000000000 -137.3467559814 
2431564.0000000000 -137.5301208496 
2439985.7500000000 -137.7029113770 
2448436.5000000000 -137.8149414063 
2456916.5000000000 -138.0118408203 
2465426.0000000000 -138.2756042480 
2473964.7500000000 -138.6197814941 
2482533.2500000000 -138.9882049561 
2491128.7500000000 -139.2179107666 
2499756.5000000000 -139.5339202881 
2508414.2500000000 -139.8461303711 
2517102.2500000000 -140.1254425049 
2525820.0000000000 -140.3500061035 
2534568.0000000000 -140.4891510010 
2543346.5000000000 -140.7777709961 
2552155.2500000000 -141.1668090820 
2560994.5000000000 -141.5638275146 
2569861.5000000000 -141.8926086426 
2578762.2500000000 -142.1690368652 
2587693.5000000000 -142.4425811768 
2596656.0000000000 -142.6734466553 
2605649.2500000000 -142.8870697021 
2614673.7500000000 -143.1674041748 
2623729.7500000000 -143.5211639404 
2632816.7500000000 -143.8898773193 
2641932.5000000000 -144.2306671143 
2651082.7500000000 -144.5148162842 
2660264.7500000000 -144.7637176514 
2669478.5000000000 -144.9604187012 
2678724.0000000000 -145.1100311279 
2688001.7500000000 -145.2558898926 
2697311.5000000000 -145.4484252930 
2706653.5000000000 -145.6400451660 
2716024.7500000000 -145.7583160400 
2725431.7500000000 -145.8079986572 
2734871.0000000000 -145.8662719727 
2744343.2500000000 -145.9752349854 
2753848.0000000000 -146.1030120850 
2763386.0000000000 -146.1693878174 
2772956.7500000000 -146.1592102051 
2782560.7500000000 -146.1256866455 
2792195.0000000000 -146.0673828125 
2801865.5000000000 -145.9876556396 
2811569.7500000000 -145.9536132813 
2821307.5000000000 -146.0595855713 
2831079.0000000000 -146.2407379150 
2840884.2500000000 -146.4404907227 
2850723.5000000000 -146.5557861328 
2860597.0000000000 -146.5246124268 
2870501.2500000000 -146.4507598877 
2880443.2500000000 -146.4539642334 
2890419.5000000000 -146.4990539551 
2900430.2500000000 -146.5076751709 
2910475.7500000000 -146.4505157471 
2920556.0000000000 -146.3953704834 
2930671.2500000000 -146.3697967529 
2940821.5000000000 -146.3621520996 
2951003.7500000000 -146.4049224854 
2961224.2500000000 -146.4929504395 
2971480.5000000000 -146.5114593506 
2981772.0000000000 -146.4689636230 
2992099.2500000000 -146.3774871826 
3002462.2500000000 -146.4036407471 
3012861.0000000000 -146.3853759766 
3023296.0000000000 -146.3738403320 
3033763.7500000000 -146.3685150146 
3044271.0000000000 -146.3686523438 
3054814.7500000000 -146.3739013672 
3065395.0000000000 -146.3845672607 
3076011.7500000000 -146.4020385742 
3086665.5000000000 -146.4291076660 
3097356.0000000000 -146.4642486572 
3108083.5000000000 -146.5046844482 
3118844.7500000000 -146.5457611084 
3129646.7500000000 -146.5820465088 
3140486.2500000000 -146.6085357666 
3151363.0000000000 -146.6221008301 
3162277.7500000000 -146.6222991943 
3173230.0000000000 -146.6113281250 
3184220.5000000000 -146.5948028564 
3195248.7500000000 -146.5782470703 
3206315.5000000000 -146.5650787354 
3217416.7500000000 -146.5564880371 
3228560.2500000000 -146.5511779785 
3239742.2500000000 -146.5457763672 
3250962.7500000000 -146.5363006592 
3262222.5000000000 -146.5199737549 
3273521.0000000000 -146.4972381592 
3284858.7500000000 -146.4723358154 
3296235.5000000000 -146.4523468018 
3307648.2500000000 -146.4448242188 
3319104.2500000000 -146.4526367188 
3330599.7500000000 -146.4720458984 
3342135.2500000000 -146.4954223633 
3353710.5000000000 -146.5140838623 
3365326.0000000000 -146.5222930908 
3376981.5000000000 -146.5198822021 
3388677.5000000000 -146.5121154785 
3400410.5000000000 -146.5068817139 
3412187.5000000000 -146.5107269287 
3424005.5000000000 -146.5259704590 
3435864.5000000000 -146.5497283936 
3447764.2500000000 -146.5755767822 
3459705.5000000000 -146.5965270996 
3471688.0000000000 -146.6080169678 
3483712.0000000000 -146.6096038818 
3495774.0000000000 -146.6048889160 
3507881.5000000000 -146.6002655029 
3520030.7500000000 -146.6029968262 
3532222.2500000000 -146.6096038818 
3544456.0000000000 -146.6363067627 
3556732.0000000000 -146.6796875000 
3569050.5000000000 -146.7350616455 
3581411.7500000000 -146.7938690186 
3593812.0000000000 -146.8463592529 
3606259.0000000000 -146.8851928711 
3618749.0000000000 -146.9075622559 
3631282.5000000000 -146.9148406982 
3643859.2500000000 -146.9034423828 
3656479.5000000000 -146.8762664795 
3669143.5000000000 -146.8517456055 
3681851.5000000000 -146.8273162842 
3694599.2500000000 -146.8082427979 
3707395.5000000000 -146.7987976074 
3720235.7500000000 -146.8002929688 
3733120.7500000000 -146.8104705811 
3746050.2500000000 -146.8248443604 
3759024.5000000000 -146.8394470215 
3772043.7500000000 -146.8529510498 
3785108.0000000000 -146.8671264648 
3798213.2500000000 -146.8848571777 
3811368.2500000000 -146.9072875977 
3824568.7500000000 -146.9316558838 
3837815.0000000000 -146.9513549805 
3851107.0000000000 -146.9537200928 
3864445.2500000000 -146.9224700928 
3877829.5000000000 -146.8866729736 
3891260.2500000000 -146.8513946533 
3904733.2500000000 -146.8259124756 
3918257.0000000000 -146.8160247803 
3931827.7500000000 -146.8230133057 
3945445.5000000000 -146.8444061279 
3959110.2500000000 -146.8750915527 
3972822.5000000000 -146.9219055176 
3986582.2500000000 -146.9490814209 
4000389.5000000000 -146.9419250488 
4014244.7500000000 -146.9121704102 
4028143.5000000000 -146.8642578125 
4042094.7500000000 -146.8083496094 
4056094.2500000000 -146.7569427490 
4070142.5000000000 -146.7116851807 
4084239.2500000000 -146.7031707764 
4098384.7500000000 -146.7136993408 
4112579.2500000000 -146.7263793945 
4126823.0000000000 -146.7349853516 
4141111.5000000000 -146.7377471924 
4155454.0000000000 -146.7392730713 
4169846.2500000000 -146.7544250488 
4184288.5000000000 -146.7828216553 
4198780.5000000000 -146.8258972168 
4213323.0000000000 -146.8778533936 
4227915.5000000000 -146.9285278320 
4242558.5000000000 -146.9748229980 
4257248.0000000000 -146.9748382568 
4271992.5000000000 -146.9444885254 
4286788.5000000000 -146.8997039795 
4301635.5000000000 -146.8506469727 
4316534.0000000000 -146.7924652100 
4331484.0000000000 -146.7649993896 
4346486.0000000000 -146.7693328857 
4361540.0000000000 -146.7871246338 
4376641.0000000000 -146.8290710449 
4391799.5000000000 -146.8779907227 
4407010.0000000000 -146.9132232666 
4422273.5000000000 -146.9501495361 
4437590.0000000000 -147.0038909912 
4452959.5000000000 -147.0442810059 
4468382.0000000000 -147.0528259277 
4483858.0000000000 -147.0442352295 
4499383.0000000000 -147.0081176758 
4514966.0000000000 -146.9710235596 
4530603.5000000000 -146.9589080811 
4546295.0000000000 -146.9619598389 
4562041.0000000000 -146.9693145752 
4577841.5000000000 -146.9630584717 
4593696.5000000000 -146.9429016113 
4609606.5000000000 -146.8940887451 
4625566.5000000000 -146.8490447998 
4641587.0000000000 -146.8375244141 
4657663.0000000000 -146.8610229492 
4673794.5000000000 -146.9132537842 
4689982.0000000000 -146.9481048584 
4706225.5000000000 -146.9674835205 
4722525.5000000000 -146.9497070313 
4738881.5000000000 -146.9258117676 
4755289.5000000000 -146.9041595459 
4771759.0000000000 -146.9104919434 
4788286.0000000000 -146.9306793213 
4804870.0000000000 -146.9635925293 
4821511.5000000000 -146.9811553955 
4838210.5000000000 -146.9723052979 
4854967.5000000000 -146.9535675049 
4871782.5000000000 -146.9359741211 
4888650.0000000000 -146.8039855957 
4905581.5000000000 -146.3012237549 
4922572.0000000000 -145.4791717529 
4939621.0000000000 -143.5004119873 
4956729.5000000000 -141.4827117920 
4973896.5000000000 -139.9207763672 
4991123.5000000000 -139.1110382080 
5008410.0000000000 -139.0886230469 
5025756.5000000000 -139.8348236084 
5043157.5000000000 -141.3365936279 
5060624.0000000000 -143.3260650635 
5078151.5000000000 -145.3240966797 
5095739.5000000000 -146.4219207764 
5113388.0000000000 -146.8718719482 
5131098.0000000000 -146.9679260254 
5148869.5000000000 -146.9976959229 
5166702.5000000000 -147.0005950928 
5184591.5000000000 -146.9949340820 
5202548.0000000000 -146.9894714355 
5220566.5000000000 -146.9871673584 
5238648.0000000000 -146.9830780029 
5256791.5000000000 -146.9775695801 
5274998.5000000000 -146.9748840332 
5293268.0000000000 -146.9700469971 
5311601.0000000000 -146.9522399902 
5329991.5000000000 -146.9164428711 
5348452.0000000000 -146.8815765381 
5366976.0000000000 -146.8712921143 
5385564.5000000000 -146.8843841553 
5404217.0000000000 -146.9081268311 
5422934.0000000000 -146.9240417480 
5441716.5000000000 -146.9215545654 
5460563.5000000000 -146.9191131592 
5479470.0000000000 -146.9261016846 
5498447.5000000000 -146.9395751953 
5517491.5000000000 -146.9442138672 
5536601.0000000000 -146.9284973145 
5555776.5000000000 -146.9047698975 
5575019.0000000000 -146.8895874023 
5594327.5000000000 -146.8911437988 
5613703.5000000000 -146.9068298340 
5633140.0000000000 -146.9387664795 
5652650.0000000000 -146.9841766357 
5672228.0000000000 -147.0304718018 
5691873.5000000000 -147.0436401367 
5711587.0000000000 -146.9911651611 
5731368.5000000000 -146.8885040283 
5751219.0000000000 -146.7853546143 
5771138.0000000000 -146.7316131592 
5791120.0000000000 -146.7497406006 
5811177.0000000000 -146.8102874756 
5831304.0000000000 -146.8828735352 
5851500.0000000000 -146.9638366699 
5871766.5000000000 -146.9992218018 
5892103.0000000000 -147.0055389404 
5912510.5000000000 -146.9965057373 
5932988.0000000000 -146.9882965088 
5953530.0000000000 -146.9664306641 
5974150.0000000000 -146.8992767334 
5994841.0000000000 -146.8409881592 
6015604.0000000000 -146.8240356445 
6036438.5000000000 -146.8779144287 
6057345.5000000000 -146.9612884521 
6078325.0000000000 -146.9958038330 
6099377.0000000000 -146.9968414307 
6120495.0000000000 -146.9925079346 
6141693.0000000000 -147.0085754395 
6162964.5000000000 -147.0510864258 
6184310.0000000000 -147.1196136475 
6205729.0000000000 -147.1566467285 
6227222.0000000000 -147.1298980713 
6248790.0000000000 -147.0760955811 
6270432.0000000000 -147.0167236328 
6292142.5000000000 -146.9683227539 
6313935.0000000000 -146.9621734619 
6335803.0000000000 -146.9687500000 
6357747.0000000000 -146.9742584229 
6379767.0000000000 -146.9808502197 
6401863.0000000000 -146.9919738770 
6424035.5000000000 -147.0037841797 
6446284.5000000000 -147.0044860840 
6468611.0000000000 -146.9924926758 
6491007.5000000000 -146.9735565186 
6513489.0000000000 -146.9768371582 
6536048.0000000000 -147.0147552490 
6558685.5000000000 -147.0733795166 
6581401.0000000000 -147.1209411621 
6604195.5000000000 -147.1369628906 
6627069.0000000000 -147.1354370117 
6650021.5000000000 -147.1173553467 
6673046.0000000000 -147.0815734863 
6696158.0000000000 -147.0391998291 
6719350.0000000000 -147.0106964111 
6742622.0000000000 -147.0075378418 
6765974.5000000000 -147.0249481201 
6789408.5000000000 -147.0425872803 
6812923.0000000000 -147.0560607910 
6836519.5000000000 -147.0944671631 
6860190.0000000000 -147.1457672119 
6883950.0000000000 -147.1895751953 
6907792.0000000000 -147.1781311035 
6931717.0000000000 -147.0780029297 
6955724.5000000000 -146.9828643799 
6979815.5000000000 -146.9857025146 
7003989.5000000000 -147.0679473877 
7028247.5000000000 -147.1232452393 
7052582.0000000000 -147.0912017822 
7077008.0000000000 -147.0319976807 
7101519.0000000000 -147.0292663574 
7126115.0000000000 -147.0838623047 
7150796.0000000000 -147.1582794189 
7175562.5000000000 -147.2573699951 
7200414.5000000000 -147.3777313232 
7225353.0000000000 -147.4401702881 
7250369.5000000000 -147.3794250488 
7275481.0000000000 -147.2224578857 
7300679.0000000000 -147.1107330322 
7325965.0000000000 -147.0425109863 
7351338.0000000000 -146.9567565918 
7376799.0000000000 -146.8791503906 
7402348.0000000000 -146.8495025635 
7427986.0000000000 -146.8680572510 
7453704.0000000000 -146.9138031006 
7479519.5000000000 -146.9816436768 
7505424.5000000000 -147.0647430420 
7531419.5000000000 -147.1604766846 
7557504.0000000000 -147.2491912842 
7583679.0000000000 -147.3118896484 
7609945.0000000000 -147.3313598633 
7636301.5000000000 -147.2853546143 
7662741.0000000000 -147.1930847168 
7689280.5000000000 -147.0995788574 
7715912.0000000000 -147.0475921631 
7742636.0000000000 -147.0665283203 
7769452.0000000000 -147.0919952393 
7796361.5000000000 -147.1078033447 
7823363.5000000000 -147.1425933838 
7850459.5000000000 -147.2087402344 
7877640.5000000000 -147.2389831543 
7904924.5000000000 -147.2212829590 
7932302.5000000000 -147.1672058105 
7959776.0000000000 -147.0484466553 
7987344.0000000000 -146.9342651367 
8015008.0000000000 -146.9048614502 
8042767.5000000000 -146.9701080322 
8070623.5000000000 -147.1015777588 
8098575.5000000000 -147.1960449219 
8126615.5000000000 -147.2243499756 
8154762.0000000000 -147.1674804688 
8183005.5000000000 -147.0862731934 
8211347.0000000000 -147.0569305420 
8239786.5000000000 -147.0968170166 
8268325.0000000000 -147.1720733643 
8296961.5000000000 -147.2120056152 
8325698.0000000000 -147.2234497070 
8354524.5000000000 -147.2129058838 
8383460.0000000000 -147.1906890869 
8412496.0000000000 -147.1366119385 
8441632.0000000000 -147.0890502930 
8470869.0000000000 -147.1066589355 
8500208.0000000000 -147.1376647949 
8529648.0000000000 -147.1371002197 
8559190.0000000000 -147.1273803711 
8588825.0000000000 -147.1194000244 
8618572.0000000000 -147.1195373535 
8648422.0000000000 -147.1415863037 
8678375.0000000000 -147.1746063232 
8708432.0000000000 -147.2007904053 
8738593.0000000000 -147.1856079102 
8768859.0000000000 -147.1092529297 
8799230.0000000000 -147.0713348389 
8829696.0000000000 -147.1122741699 
8860277.0000000000 -147.1099243164 
8890964.0000000000 -147.0285644531 
8921758.0000000000 -146.9352111816 
8952658.0000000000 -146.8852691650 
8983665.0000000000 -146.9030914307 
9014779.0000000000 -146.9792022705 
9046002.0000000000 -147.1145629883 
9077322.0000000000 -147.2789611816 
9108761.0000000000 -147.3686523438 
9140309.0000000000 -147.2955017090 
9171966.0000000000 -147.2005920410 
9203732.0000000000 -147.1655273438 
9235609.0000000000 -147.1233062744 
9267596.0000000000 -147.0669403076 
9299694.0000000000 -147.0714111328 
9331893.0000000000 -147.0714874268 
9364214.0000000000 -147.0206756592 
9396646.0000000000 -146.9750061035 
9429191.0000000000 -146.9658966064 
9461849.0000000000 -146.9970550537 
9494619.0000000000 -147.0345153809 
9527503.0000000000 -146.9940643311 
9560501.0000000000 -146.9000854492 
9593603.0000000000 -146.8446197510 
9626830.0000000000 -146.9317169189 
9660172.0000000000 -147.0811462402 
9693630.0000000000 -147.1236267090 
9727203.0000000000 -147.0805816650 
9760893.0000000000 -147.0648651123 
9794699.0000000000 -147.0310363770 
9828623.0000000000 -146.9730224609 
9862653.0000000000 -146.9560699463 
9896812.0000000000 -146.6845397949 
9931089.0000000000 -145.1054534912 
9965485.0000000000 -142.2660369873 
10000000.0000000000 -140.5903472900 
%Trace 3 
%Trace Mode VIEW 
%Trace Result PN 
%Smoothing OFF 
%Smoothing Value 1.0000000000 %
%Spurious Removal OFF 
%Spurious Removal Threshold 6.0000000000 dB
%Trace Offset OFF 
%Trace Offset 0.0000000000 dB
%Trace Label OFF 
%Trace Label Trace 3 
%x-Unit Hz 
%y-Unit dBc/Hz 
%Values 4663 
1.0000000000 -83.8548812866 
1.0034632683 -83.9242019653 
1.0069385767 -84.0443344116 
1.0104259253 -84.1644744873 
1.0139254332 -84.2846069336 
1.0174369812 -84.4114227295 
1.0209606886 -84.6589202881 
1.0244965553 -84.9064178467 
1.0280447006 -85.1539154053 
1.0316051245 -85.4014129639 
1.0351779461 -85.6918716431 
1.0387630463 -86.0149841309 
1.0423606634 -86.3381042480 
1.0459706783 -86.6612167358 
1.0495932102 -86.9731903076 
1.0532282591 -87.2229919434 
1.0568759441 -87.4728012085 
1.0605362654 -87.7226181030 
1.0642092228 -87.9724197388 
1.0678949356 -88.0382614136 
1.0715934038 -88.0588073730 
1.0753046274 -88.0793533325 
1.0790288448 -88.0999069214 
1.0827658176 -88.0479812622 
1.0865157843 -87.9284515381 
1.0902787447 -87.8089218140 
1.0940546989 -87.6893920898 
1.0978437662 -87.5707550049 
1.1016459465 -87.4542617798 
1.1054613590 -87.3377685547 
1.1092898846 -87.2212677002 
1.1131316423 -87.1105575562 
1.1169868708 -87.0375137329 
1.1208553314 -86.9644775391 
1.1247371435 -86.8914413452 
1.1286325455 -86.8193054199 
1.1325412989 -86.7761077881 
1.1364636421 -86.7329101563 
1.1403995752 -86.6897125244 
1.1443492174 -86.6465148926 
1.1483124495 -86.6028060913 
1.1522893906 -86.5590820313 
1.1562801600 -86.5153579712 
1.1602846384 -86.4716339111 
1.1643031836 -86.3978881836 
1.1683354378 -86.3240051270 
1.1723817587 -86.2501220703 
1.1764421463 -86.1733169556 
1.1805164814 -86.0508346558 
1.1846050024 -85.9283523560 
1.1887077093 -85.8058700562 
1.1928246021 -85.6760711670 
1.1969556808 -85.5123519897 
1.2011011839 -85.3486251831 
1.2052608728 -85.1849060059 
1.2094351053 -85.0212478638 
1.2136237621 -84.8577194214 
1.2178269625 -84.6941909790 
1.2220447063 -84.5306625366 
1.2262769938 -84.3970794678 
1.2305239439 -84.2865142822 
1.2347856760 -84.1759414673 
1.2390621901 -84.0653686523 
1.2433534861 -84.0265808105 
1.2476595640 -84.0021514893 
1.2519805431 -83.9777221680 
1.2563166618 -83.9654083252 
1.2606676817 -84.0225067139 
1.2650337219 -84.0796051025 
1.2694149017 -84.1367034912 
1.2738113403 -84.2101593018 
1.2782229185 -84.2992935181 
1.2826498747 -84.3884353638 
1.2870920897 -84.4775772095 
1.2915496826 -84.5391998291 
1.2960226536 -84.5983505249 
1.3005112410 -84.6574935913 
1.3050153255 -84.7025833130 
1.3095350266 -84.7235565186 
1.3140703440 -84.7445220947 
1.3186213970 -84.7654953003 
1.3231881857 -84.7809906006 
1.3277708292 -84.7956161499 
1.3323693275 -84.8102340698 
1.3369836807 -84.8249664307 
1.3416141272 -84.8398590088 
1.3462605476 -84.8547592163 
1.3509230614 -84.8696517944 
1.3556017876 -84.8571090698 
1.3602966070 -84.8438720703 
1.3650077581 -84.8306350708 
1.3697352409 -84.7882995605 
1.3744791746 -84.7259216309 
1.3792393208 -84.6635513306 
1.3840161562 -84.5961380005 
1.3888094425 -84.5134735107 
1.3936192989 -84.4308013916 
1.3984458447 -84.3481369019 
1.4032890797 -84.3049774170 
1.4081491232 -84.2642135620 
1.4130259752 -84.2234497070 
1.4179197550 -84.2451705933 
1.4228304625 -84.2970428467 
1.4277582169 -84.3489151001 
1.4327028990 -84.4492874146 
1.4376648664 -84.6107177734 
1.4426438808 -84.7721405029 
1.4476402998 -84.9542999268 
1.4526538849 -85.1997375488 
1.4576849937 -85.4451828003 
1.4627333879 -85.6911163330 
1.4677993059 -85.9423446655 
1.4728827477 -86.1935653687 
1.4779838324 -86.4447937012 
1.4831025600 -86.6033325195 
1.4882389307 -86.7578735352 
1.4933931828 -86.9124221802 
1.4985653162 -86.9662704468 
1.5037553310 -87.0044174194 
1.5089633465 -87.0425643921 
1.5141893625 -87.0398178101 
1.5194333792 -87.0271224976 
1.5246957541 -87.0144271851 
1.5299762487 -86.9856796265 
1.5352749825 -86.9522857666 
1.5405921936 -86.9188995361 
1.5459277630 -86.8547744751 
1.5512818098 -86.7818908691 
1.5566543341 -86.7090148926 
1.5620455742 -86.6122436523 
1.5674554110 -86.5099258423 
1.5728839636 -86.4076156616 
1.5783313513 -86.3338012695 
1.5837976933 -86.2640457153 
1.5892828703 -86.1942977905 
1.5947870016 -86.2178573608 
1.6003103256 -86.2444763184 
1.6058527231 -86.2832183838 
1.6114143133 -86.4441452026 
1.6169950962 -86.6050720215 
1.6225953102 -86.8018493652 
1.6282148361 -87.1118316650 
1.6338539124 -87.4218139648 
1.6395124197 -87.7907943726 
1.6451905966 -88.2416992188 
1.6508884430 -88.6926040649 
1.6566059589 -89.2002944946 
1.6623432636 -89.7421875000 
1.6681005955 -90.2840881348 
1.6738777161 -90.7926712036 
1.6796748638 -91.2956619263 
1.6854921579 -91.7731475830 
1.6913294792 -92.0535812378 
1.6971870661 -92.3340225220 
1.7030650377 -92.5082778931 
1.7089632750 -92.5223846436 
1.7148818970 -92.5364837646 
1.7208211422 -92.4485702515 
1.7267808914 -92.3185958862 
1.7327612638 -92.1856613159 
1.7387623787 -91.9855270386 
1.7447843552 -91.7854003906 
1.7508270741 -91.5509643555 
1.7568907738 -91.2652359009 
1.7629753351 -90.9795150757 
1.7690811157 -90.6318054199 
1.7752079964 -90.2669372559 
1.7813560963 -89.8996276855 
1.7875255346 -89.5218582153 
1.7937163115 -89.1440811157 
1.7999285460 -88.7988967896 
1.8061622381 -88.4738616943 
1.8124175072 -88.1551818848 
1.8186944723 -87.9214630127 
1.8249932528 -87.6877288818 
1.8313137293 -87.5128707886 
1.8376561403 -87.3874359131 
1.8440206051 -87.2660446167 
1.8504070044 -87.2436447144 
1.8568155766 -87.2212371826 
1.8632462025 -87.2349548340 
1.8696992397 -87.2774658203 
1.8761746883 -87.3185119629 
1.8826724291 -87.3455886841 
1.8891928196 -87.3726730347 
1.8957357407 -87.3222579956 
1.9023011923 -87.2308578491 
1.9088895321 -87.0979461670 
1.9155006409 -86.8288574219 
1.9221346378 -86.5597686768 
1.9287915230 -86.1755905151 
1.9354715347 -85.7683715820 
1.9421746731 -85.3495025635 
1.9489010572 -84.9165496826 
1.9556506872 -84.4917831421 
1.9624238014 -84.1483001709 
1.9692202806 -83.8048171997 
1.9760403633 -83.5866241455 
1.9828839302 -83.4103164673 
1.9897513390 -83.3213272095 
1.9966424704 -83.3498840332 
2.0035574436 -83.4038467407 
2.0104963779 -83.6415176392 
2.0174593925 -83.8791809082 
2.0244464874 -84.2681579590 
2.0314579010 -84.6870269775 
2.0384933949 -85.1740417480 
2.0455532074 -85.7132186890 
2.0526378155 -86.2648773193 
2.0597467422 -86.8435821533 
2.0668802261 -87.4203186035 
2.0740385056 -87.9750595093 
2.0812215805 -88.5297927856 
2.0884294510 -89.0457687378 
2.0956623554 -89.5557327271 
2.1029202938 -90.0209732056 
2.1102032661 -90.4637756348 
2.1175117493 -90.8198699951 
2.1248455048 -91.0831375122 
2.1322045326 -91.2347946167 
2.1395888329 -91.1454391479 
2.1469991207 -91.0035781860 
2.1544346809 -90.5979461670 
2.1618962288 -90.1912841797 
2.1693835258 -89.7535552979 
2.1768968105 -89.3158187866 
2.1844360828 -89.0603027344 
2.1920015812 -88.8222808838 
2.1995930672 -88.8259277344 
2.2072110176 -88.8867034912 
2.2148551941 -89.1707077026 
2.2225260735 -89.5413436890 
2.2302234173 -90.0538024902 
2.2379472256 -90.6436309814 
2.2456979752 -91.2028961182 
2.2534756660 -91.7407913208 
2.2612800598 -92.0568542480 
2.2691116333 -92.1871719360 
2.2769701481 -92.1105880737 
2.2848560810 -91.8387527466 
2.2927691936 -91.5201568604 
2.3007099628 -91.1545639038 
2.3086779118 -90.8205871582 
2.3166735172 -90.5185775757 
2.3246970177 -90.1528549194 
2.3327481747 -89.7257461548 
2.3408272266 -88.9277038574 
2.3489341736 -87.8071823120 
2.3570692539 -86.2490310669 
2.3652327061 -84.3660507202 
2.3734242916 -82.4274215698 
2.3816442490 -80.4555206299 
2.3898925781 -78.7060165405 
2.3981695175 -77.0556716919 
2.4064753056 -75.7336730957 
2.4148097038 -74.5100173950 
2.4231729507 -73.6641616821 
2.4315650463 -72.8795547485 
2.4399862289 -72.5139694214 
2.4484367371 -72.1985015869 
2.4569165707 -72.2813034058 
2.4654254913 -72.4546051025 
2.4739642143 -72.9738388062 
2.4825322628 -73.6474990845 
2.4911301136 -74.6114044189 
2.4997575283 -75.7994003296 
2.5084149837 -77.2122879028 
2.5171024799 -78.9028854370 
2.5258200169 -80.7348709106 
2.5345678329 -82.7870025635 
2.5433456898 -84.8777923584 
2.5521540642 -86.8101806641 
2.5609929562 -88.6067733765 
2.5698626041 -89.9282379150 
2.5787627697 -91.0175857544 
2.5876939297 -91.8009033203 
2.5966558456 -92.3039855957 
2.6056489944 -92.6570434570 
2.6146731377 -92.5288238525 
2.6237285137 -92.2874908447 
2.6328153610 -91.7005538940 
2.6419336796 -91.0977706909 
2.6510834694 -90.4687271118 
2.6602649689 -89.9502868652 
2.6694786549 -89.4942779541 
2.6787238121 -89.2568664551 
2.6880011559 -89.0874633789 
2.6973104477 -89.1111907959 
2.7066521645 -89.2332611084 
2.7160260677 -89.4579772949 
2.7254326344 -89.7622070313 
2.7348716259 -90.0782852173 
2.7443432808 -90.3194580078 
2.7538478374 -90.4446411133 
2.7633852959 -90.4158096313 
2.7729558945 -90.1740646362 
2.7825593948 -89.8544845581 
2.7921962738 -89.4366226196 
2.8018665314 -89.0427246094 
2.8115704060 -88.6773147583 
2.8213076591 -88.4037551880 
2.8310787678 -88.1669845581 
2.8408837318 -88.0007400513 
2.8507225513 -87.8505020142 
2.8605954647 -87.7124328613 
2.8705027103 -87.5760269165 
2.8804440498 -87.4574432373 
2.8904199600 -87.3712005615 
2.9004304409 -87.3982849121 
2.9104754925 -87.5028762817 
2.9205553532 -87.8036956787 
2.9306702614 -88.2650222778 
2.9408199787 -88.8394012451 
2.9510049820 -89.5929641724 
2.9612252712 -90.3151779175 
2.9714810848 -91.0024414063 
2.9817721844 -91.3489913940 
2.9920992851 -91.5289154053 
3.0024619102 -91.4833450317 
3.0128602982 -91.3744964600 
3.0232946873 -91.2931442261 
3.0337653160 -91.2955703735 
3.0442721844 -91.3983993530 
3.0548155308 -91.5329895020 
3.0653953552 -91.6839141846 
3.0760118961 -91.7955169678 
3.0866649151 -91.8910522461 
3.0973551273 -91.9734573364 
3.1080822945 -92.1009979248 
3.1188464165 -92.2629547119 
3.1296479702 -92.4735641479 
3.1404869556 -92.6759338379 
3.1513633728 -92.8153991699 
3.1622776985 -92.8583831787 
3.1732296944 -92.6425552368 
3.1842195988 -92.2849121094 
3.1952474117 -91.7919616699 
3.2063136101 -91.2186126709 
3.2174181938 -90.7165069580 
3.2285611629 -90.3040390015 
3.2397425175 -90.0927963257 
3.2509627342 -90.0689926147 
3.2622220516 -90.1424636841 
3.2735199928 -90.2863235474 
3.2848572731 -90.3084945679 
3.2962338924 -90.1961975098 
3.3076496124 -89.9646911621 
3.3191051483 -89.6791305542 
3.3306002617 -89.5394592285 
3.3421351910 -89.5751724243 
3.3537099361 -89.8268814087 
3.3653249741 -90.4291305542 
3.3769800663 -91.1630477905 
3.3886756897 -91.9456634521 
3.4004118443 -92.6506729126 
3.4121885300 -92.9587326050 
3.4240059853 -92.9601974487 
3.4358644485 -92.6947631836 
3.4477639198 -92.2211380005 
3.4597046375 -91.6419296265 
3.4716866016 -91.0042724609 
3.4837102890 -90.3245086670 
3.4957754612 -89.6240081787 
3.5078823566 -89.0007400513 
3.5200312138 -88.5091705322 
3.5322222710 -88.1892242432 
3.5444555283 -88.0812911987 
3.5567314625 -88.3355102539 
3.5690495968 -88.8637313843 
3.5814104080 -89.6527938843 
3.5938138962 -90.6691284180 
3.6062602997 -91.8295669556 
3.6187500954 -92.7524566650 
3.6312828064 -93.1989288330 
3.6438591480 -93.1287765503 
3.6564791203 -92.6099929810 
3.6691424847 -91.9682998657 
3.6818499565 -91.5311126709 
3.6946012974 -91.3791961670 
3.7073969841 -91.5639190674 
3.7202367783 -92.1076507568 
3.7331211567 -93.0579147339 
3.7460501194 -94.2313385010 
3.7590239048 -95.3926773071 
3.7720425129 -96.3430938721 
3.7851064205 -96.9387588501 
3.7982153893 -97.1590576172 
3.8113698959 -97.1122894287 
3.8245697021 -96.7844238281 
3.8378155231 -96.1169128418 
3.8511071205 -95.1690368652 
3.8644447327 -94.1023941040 
3.8778283596 -93.1316375732 
3.8912587166 -92.4357452393 
3.9047353268 -92.0073547363 
3.9182586670 -91.8205566406 
3.9318287373 -91.8103408813 
3.9454460144 -91.8846740723 
3.9591102600 -91.9473419189 
3.9728219509 -91.9453964233 
3.9865810871 -91.9441070557 
4.0003876686 -92.0089797974 
4.0142426491 -92.1138458252 
4.0281448364 -92.1612243652 
4.0420956612 -92.0429611206 
4.0560946465 -91.7107315063 
4.0701422691 -91.2234802246 
4.0842385292 -90.7026596069 
4.0983834267 -90.2457427979 
4.1125774384 -89.8986511230 
4.1268205643 -89.7158203125 
4.1411132813 -89.7591552734 
4.1554551125 -90.0765228271 
4.1698470116 -90.6666030884 
4.1842885017 -91.4282608032 
4.1987800598 -92.1168441772 
4.2133216858 -92.3795242310 
4.2279138565 -92.0209808350 
4.2425560951 -91.3044586182 
4.2572493553 -90.6717453003 
4.2719936371 -90.3335494995 
4.2867889404 -90.3752136230 
4.3016357422 -90.7943496704 
4.3165335655 -91.4940338135 
4.3314828873 -92.2461090088 
4.3464841843 -92.7241592407 
4.3615374565 -92.7124023438 
4.3766427040 -92.3112716675 
4.3918004036 -91.8544616699 
4.4070110321 -91.6315841675 
4.4222736359 -91.7723922729 
4.4375896454 -92.2771301270 
4.4529581070 -93.0482788086 
4.4683809280 -93.9109420776 
4.4838562012 -94.6698074341 
4.4993853569 -95.2062377930 
4.5149679184 -95.4942474365 
4.5306048393 -95.4881362915 
4.5462956429 -95.0835723877 
4.5620408058 -94.3009567261 
4.5778408051 -93.3981094360 
4.5936951637 -92.6677627563 
4.6096048355 -92.2514495850 
4.6255693436 -92.1172180176 
4.6415891647 -92.1424026489 
4.6576642990 -92.2146377563 
4.6737952232 -92.3287963867 
4.6899819374 -92.5504074097 
4.7062249184 -92.8807678223 
4.7225241661 -93.1658554077 
4.7388796806 -93.1809921265 
4.7552919388 -92.8742370605 
4.7717609406 -92.4250106812 
4.7882871628 -91.9953155518 
4.8048706055 -91.4514846802 
4.8215112686 -90.2543563843 
4.8382096291 -88.0583572388 
4.8549661636 -85.4091339111 
4.8717803955 -82.0715637207 
4.8886528015 -80.2808456421 
4.9055838585 -80.0475540161 
4.9225735664 -80.5862960815 
4.9396219254 -81.8838195801 
4.9567294121 -83.8924026489 
4.9738960266 -86.4508361816 
4.9911222458 -89.0810317993 
5.0084080696 -90.8543701172 
5.0257534981 -91.2548980713 
5.0431594849 -90.9186630249 
5.0606255531 -90.5780487061 
5.0781521797 -90.7565155029 
5.0957393646 -91.7179489136 
5.1133875847 -92.6081314087 
5.1310968399 -93.2411346436 
5.1488671303 -93.3213653564 
5.1666994095 -92.9692535400 
5.1845936775 -92.5323181152 
5.2025494576 -92.2430419922 
5.2205672264 -92.1935501099 
5.2386479378 -92.3558425903 
5.2567911148 -92.4806823730 
5.2749967575 -92.6106796265 
5.2932658195 -92.8008575439 
5.3115983009 -93.0946960449 
5.3299937248 -93.4664306641 
5.3484535217 -93.8605041504 
5.3669767380 -93.7931671143 
5.3855643272 -93.4921340942 
5.4042162895 -93.1898651123 
5.4229326248 -93.0288696289 
5.4417138100 -93.0948791504 
5.4605603218 -93.6695327759 
5.4794721603 -94.5754699707 
5.4984493256 -95.1623306274 
5.5174922943 -95.5578002930 
5.5366010666 -95.6450805664 
5.5557761192 -95.0052490234 
5.5750174522 -93.9231643677 
5.5943255424 -93.2745819092 
5.6137003899 -92.8666915894 
5.6331429482 -92.6658401489 
5.6526522636 -92.5883407593 
5.6722292900 -92.4198455811 
5.6918740273 -92.1217803955 
5.7115869522 -91.7606506348 
5.7313680649 -91.3033905029 
5.7512173653 -91.0665893555 
5.7711358070 -91.0551834106 
5.7911229134 -91.0905227661 
5.8111796379 -91.1115036011 
5.8313055038 -91.1559066772 
5.8515009880 -91.2981338501 
5.8717665672 -91.6464614868 
5.8921022415 -91.8871765137 
5.9125084877 -91.7441024780 
5.9329853058 -91.2019958496 
5.9535331726 -89.7250976563 
5.9741520882 -88.4073867798 
5.9948425293 -88.0398483276 
6.0156044960 -88.6269912720 
6.0364384651 -90.3338928223 
6.0573449135 -91.8286590576 
6.0783233643 -93.0539169312 
6.0993742943 -92.6081085205 
6.1204986572 -91.8824920654 
6.1416954994 -91.2612075806 
6.1629662514 -91.2141876221 
6.1843104362 -91.3971557617 
6.2057290077 -91.6881408691 
6.2272214890 -91.9883193970 
6.2487878799 -92.2680740356 
6.2704296112 -92.8761062622 
6.2921462059 -93.6530914307 
6.3139376640 -94.1955108643 
6.3358049393 -94.8085174561 
6.3577480316 -94.9273757935 
6.3797669411 -94.0768432617 
6.4018621445 -92.7237854004 
6.4240336418 -91.7964706421 
6.4462819099 -90.8633193970 
6.4686074257 -90.5442886353 
6.4910101891 -90.8996276855 
6.5134906769 -91.5961074829 
6.5360488892 -92.1228103638 
6.5586853027 -92.8512268066 
6.5814003944 -93.5425872803 
6.6041936874 -94.0416946411 
6.6270661354 -94.1752243042 
6.6500177383 -94.0060043335 
6.6730489731 -94.0551528931 
6.6961598396 -94.6383514404 
6.7193508148 -95.2722396851 
6.7426218987 -95.2310791016 
6.7659740448 -94.1216506958 
6.7894062996 -92.5211257935 
6.8129205704 -91.1359939575 
6.8365159035 -90.4535522461 
6.8601927757 -90.6177139282 
6.8839516640 -91.0750198364 
6.9077930450 -91.0922927856 
6.9317169189 -90.6659393311 
6.9557237625 -90.4295883179 
6.9798135757 -90.8480606079 
7.0039868355 -92.1761627197 
7.0282440186 -93.9559478760 
7.0525846481 -95.1092147827 
7.0770101547 -95.5185775757 
7.1015210152 -95.2570571899 
7.1261157990 -94.2690505981 
7.1507959366 -93.1695632935 
7.1755614281 -92.6355514526 
7.2004127502 -92.6781997681 
7.2253499031 -93.0895233154 
7.2503733635 -92.8997497559 
7.2754840851 -88.4267044067 
7.3006811142 -81.5840148926 
7.3259658813 -78.2671051025 
7.3513379097 -76.7835083008 
7.3767981529 -76.9330368042 
7.4023461342 -78.9751968384 
7.4279828072 -84.1416015625 
7.4537081718 -89.3502426147 
7.4795227051 -91.6311569214 
7.5054268837 -90.9945297241 
7.5314202309 -90.3280181885 
7.5575041771 -90.5864028931 
7.5836782455 -91.3430709839 
7.6099429131 -91.8090133667 
7.6362986565 -92.1319122314 
7.6627454758 -93.0228652954 
7.6892838478 -94.7143554688 
7.7159142494 -96.4875335693 
7.7426371574 -96.2144012451 
7.7694520950 -94.9885330200 
7.7963600159 -93.5865936279 
7.8233613968 -93.0148696899 
7.8504562378 -92.9350967407 
7.8776450157 -92.6017227173 
7.9049277306 -91.2535552979 
7.9323048592 -89.8634033203 
7.9597768784 -88.6296691895 
7.9873442650 -88.0036544800 
8.0150070190 -88.9586181641 
8.0427656174 -90.5358428955 
8.0706205368 -92.0717620850 
8.0985708237 -92.8280792236 
8.1266193390 -92.3666458130 
8.1547641754 -92.3345718384 
8.1830062866 -92.7784576416 
8.2113466263 -93.2513961792 
8.2397851944 -92.9182357788 
8.2683229446 -91.3011398315 
8.2969579697 -89.8707733154 
8.3256931305 -89.1189041138 
8.3545274734 -89.5273666382 
8.3834619522 -91.3877868652 
8.4124965668 -94.1910781860 
8.4416322708 -96.5278625488 
8.4708681107 -96.3665313721 
8.5002050400 -95.5519866943 
8.5296440125 -95.4342498779 
8.5591850281 -94.8319320679 
8.5888280869 -92.9002990723 
8.6185741425 -91.6711883545 
8.6484231949 -91.1749114990 
8.6783752441 -90.8682785034 
8.7084312439 -90.6413574219 
8.7385911942 -90.7557144165 
8.7688560486 -91.6931838989 
8.7992248535 -93.4087219238 
8.8296995163 -95.1073455811 
8.8602790833 -95.9141693115 
8.8909654617 -95.2617111206 
8.9217586517 -93.6490631104 
8.9526576996 -92.2973480225 
8.9836635590 -91.9900131226 
9.0147771835 -92.3245468140 
9.0459976196 -91.9763107300 
9.0773267746 -91.4210128784 
9.1087646484 -91.8890991211 
9.1403112411 -93.0262908936 
9.1719665527 -92.9507522583 
9.2037324905 -92.1465606689 
9.2356081009 -91.9731140137 
9.2675933838 -92.2672271729 
9.2996902466 -93.0690383911 
9.3318977356 -94.2605438232 
9.3642177582 -94.2751388550 
9.3966484070 -93.2291946411 
9.4291925430 -92.4987182617 
9.4618482590 -92.1175842285 
9.4946174622 -92.3043975830 
9.5275011063 -92.7232131958 
9.5604972839 -92.2681732178 
9.5936088562 -92.1221389771 
9.6268339157 -92.9749221802 
9.6601753235 -93.1321105957 
9.6936311722 -92.3633880615 
9.7272033691 -86.9080581665 
9.7608919144 -79.9754638672 
9.7946968079 -77.0349044800 
9.8286190033 -77.1831359863 
9.8626585007 -80.4131011963 
9.8968162537 -86.3236083984 
9.9310922623 -91.3916168213 
9.9654865265 -91.0377426147 
10.0000000000 -86.1625137329 
10.0346345901 -87.7721328735 
10.0693864822 -89.4203262329 
10.1042613983 -91.0859832764 
10.1392536163 -92.3860702515 
10.1743707657 -93.5997238159 
10.2096061707 -94.2716140747 
10.2449674606 -94.8466262817 
10.2804470062 -95.1313018799 
10.3160533905 -95.3159408569 
10.3517789841 -95.3827819824 
10.3876323700 -95.3717880249 
10.4236068726 -95.3240737915 
10.4597082138 -95.2182388306 
10.4959316254 -95.1015396118 
10.5322837830 -94.9560470581 
10.5687589645 -94.8173980713 
10.6053638458 -94.6888122559 
10.6420917511 -94.6064224243 
10.6789503098 -94.5470733643 
10.7159337997 -94.5357742310 
10.7530479431 -94.5129928589 
10.7902870178 -94.4398269653 
10.8276586533 -94.2888259888 
10.8651571274 -94.0652236938 
10.9027881622 -93.8048706055 
10.9405460358 -93.5573348999 
10.9784383774 -93.4438476563 
11.0164585114 -93.4431457520 
11.0546140671 -93.5761184692 
11.0928983688 -93.8132858276 
11.1313180923 -94.0572280884 
11.1698675156 -94.1651763916 
11.2085533142 -94.1237716675 
11.2473707199 -93.9237213135 
11.2863254547 -93.6448669434 
11.3254127502 -93.3919296265 
11.3646373749 -93.2844619751 
11.4039955139 -93.3513946533 
11.4434919357 -93.5364379883 
11.4831228256 -93.9654617310 
11.5228948593 -94.4368820190 
11.5628004074 -94.9705810547 
11.6028470993 -95.3970565796 
11.6430301666 -95.7209243774 
11.6833553314 -95.7562866211 
11.7238168716 -95.5995712280 
11.7644214630 -95.3278961182 
11.8051643372 -95.0406799316 
11.8460512161 -94.7711563110 
11.8870754242 -94.5193176270 
11.9282464981 -93.7094268799 
11.9695558548 -92.4139404297 
12.0110120773 -90.4541244507 
12.0526084900 -88.2403106689 
12.0943517685 -86.1553421021 
12.1362361908 -84.3838806152 
12.1782703400 -83.1955642700 
12.2204456329 -82.3650131226 
12.2627706528 -82.0424575806 
12.3052387238 -82.3287887573 
12.3478574753 -82.9869003296 
12.3906202316 -84.1406555176 
12.4335346222 -85.8253402710 
12.4765939713 -87.7238388062 
12.5198059082 -89.8191986084 
12.5631647110 -91.5938949585 
12.6066761017 -93.0414047241 
12.6503391266 -94.0919036865 
12.6941490173 -94.8576431274 
12.7381153107 -95.5656127930 
12.7822294235 -96.2135238647 
12.8264999390 -96.6435623169 
12.8709201813 -96.8420715332 
12.9154977798 -96.8444595337 
12.9602270126 -96.6068344116 
13.0051136017 -96.2634201050 
13.0501527786 -95.8979034424 
13.0953512192 -95.5448074341 
13.1407032013 -95.3115997314 
13.1862154007 -95.1747741699 
13.2318820953 -95.1325912476 
13.2777099609 -95.2047424316 
13.3236923218 -95.3335418701 
13.3698387146 -95.4807052612 
13.4161405563 -95.6301803589 
13.4626073837 -95.7360076904 
13.5092306137 -95.7934036255 
13.5560188293 -95.8040008545 
13.6029663086 -95.7633590698 
13.6500797272 -95.6715698242 
13.6973524094 -95.5288848877 
13.7447919846 -95.3127517700 
13.7923927307 -94.9748992920 
13.8401622772 -94.5025558472 
13.8880929947 -94.0545120239 
13.9361934662 -93.7137756348 
13.9844570160 -93.6032180786 
14.0328922272 -93.8978805542 
14.0814905167 -94.4362869263 
14.1302604675 -95.1052551270 
14.1791963577 -95.7669906616 
14.2283058167 -95.9634017944 
14.2775802612 -95.5268325806 
14.3270301819 -94.1387023926 
14.3766469955 -91.6104583740 
14.4264402390 -87.8446884155 
14.4764013290 -84.1613693237 
14.5265398026 -80.9972457886 
14.5768480301 -78.4870758057 
14.6273345947 -76.6835250854 
14.6779909134 -75.7483901978 
14.7288274765 -75.5924453735 
14.7798366547 -76.1454238892 
14.8310260773 -77.4239654541 
14.8823881149 -79.4488754272 
14.9339323044 -82.3836898804 
14.9856519699 -86.1249847412 
15.0375537872 -90.1472244263 
15.0896310806 -93.6266174316 
15.1418933868 -95.8743515015 
15.1943330765 -96.7341690063 
15.2469577789 -97.0686416626 
15.2997608185 -97.2532577515 
15.3527507782 -97.3360443115 
15.4059200287 -97.3667373657 
15.4592771530 -97.3967514038 
15.5128154755 -97.4728164673 
15.5665435791 -97.5863113403 
15.6204538345 -97.6127090454 
15.6745538712 -97.3943939209 
15.7288379669 -96.7880401611 
15.7833137512 -95.7590637207 
15.8379745483 -94.4478149414 
15.8928289413 -93.1941452026 
15.9478731155 -92.3903198242 
16.0031032562 -92.1216278076 
16.0585289001 -92.3970870972 
16.1141433716 -93.1404800415 
16.1699523926 -94.1806259155 
16.2259521484 -95.2680587769 
16.2821502686 -96.1397933960 
16.3385391235 -96.6597747803 
16.3951263428 -96.9146194458 
16.4519062042 -97.0543594360 
16.5088863373 -97.1022567749 
16.5660591125 -97.0557632446 
16.6234340668 -96.9226303101 
16.6810054779 -96.6887054443 
16.7387790680 -96.0883102417 
16.7967472076 -94.3628540039 
16.8549232483 -90.6743316650 
16.9132938385 -86.0649032593 
16.9718723297 -82.0941696167 
17.0306491852 -79.1483154297 
17.0896339417 -77.2284317017 
17.1488189697 -76.3216476440 
17.2082138062 -76.4202346802 
17.2678089142 -77.5326385498 
17.3276138306 -79.6800765991 
17.3876228333 -82.8698501587 
17.4478435516 -86.9855575562 
17.5082683563 -91.4416656494 
17.5689086914 -94.9667587280 
17.6297531128 -96.5502471924 
17.6908130646 -96.6637802124 
17.7520790100 -96.1183853149 
17.8135623932 -95.1759414673 
17.8752536774 -94.0648803711 
17.9371643066 -93.1657485962 
17.9992828369 -92.8054809570 
18.0616226196 -93.1154708862 
18.1241741180 -94.0041427612 
18.1869468689 -95.1044387817 
18.2499313354 -95.8538970947 
18.3131389618 -96.0489349365 
18.3765602112 -96.1043472290 
18.4402065277 -96.4029998779 
18.5040683746 -96.9838256836 
18.5681571960 -97.4355316162 
18.6324615479 -97.3473510742 
18.6969947815 -96.8778152466 
18.7617454529 -96.4969406128 
18.8267250061 -96.4229660034 
18.8919258118 -96.5536804199 
18.9573574066 -96.6796188354 
19.0230102539 -96.7449569702 
19.0888957977 -96.8544387817 
19.1550025940 -97.0330429077 
19.2213459015 -96.7290573120 
19.2879123688 -93.8234176636 
19.3547153473 -88.4256973267 
19.4217453003 -80.9541931152 
19.4890098572 -76.8068313599 
19.5565052032 -75.4051742554 
19.6242370605 -75.1869201660 
19.6921997070 -76.1445388794 
19.7604026794 -78.2980880737 
19.8288364410 -81.6690368652 
19.8975124359 -86.1406097412 
19.9664268494 -90.8996124268 
20.0355739594 -94.1160125732 
20.1049671173 -95.7624588013 
20.1745929718 -97.0533676147 
20.2444667816 -97.9607620239 
20.3145771027 -98.1397933960 
20.3849372864 -97.9133529663 
20.4555339813 -97.9086685181 
20.5263805389 -98.0195617676 
20.5974674225 -98.1158142090 
20.6688041687 -98.1051864624 
20.7403850555 -98.0414962769 
20.8122177124 -98.0458221436 
20.8842945099 -98.1945571899 
20.9566268921 -98.2208328247 
21.0292034149 -97.9876861572 
21.1020374298 -97.5017776489 
21.1751174927 -96.8313140869 
21.2484550476 -96.1765594482 
21.3220424652 -95.7531433105 
21.3958911896 -95.8333969116 
21.4699878693 -96.5107192993 
21.5443496704 -97.0028839111 
21.6189613342 -97.1122817993 
21.6938362122 -96.1017837524 
21.7689666748 -92.6475524902 
21.8443622589 -84.9652862549 
21.9200134277 -79.9982757568 
21.9959316254 -77.9136352539 
22.0721073151 -77.0150833130 
22.1485538483 -77.2849349976 
22.2252578735 -79.8610000610 
22.3022346497 -85.3066329956 
22.3794708252 -90.3532257080 
22.4569816589 -95.2541427612 
22.5347537994 -96.7428741455 
22.6128025055 -95.7412719727 
22.6911144257 -95.1810760498 
22.7697048187 -94.9641494751 
22.8485603333 -95.0949478149 
22.9276943207 -95.3806915283 
23.0070972443 -95.1119995117 
23.0867805481 -94.6879806519 
23.1667346954 -94.2991104126 
23.2469711304 -94.2514801025 
23.3274803162 -94.3181610107 
23.4082736969 -94.2043228149 
23.4893398285 -93.4314727783 
23.5706958771 -92.7970504761 
23.6523246765 -92.9280548096 
23.7342433929 -93.2900161743 
23.8164386749 -91.9475326538 
23.8989257813 -88.6929931641 
23.9816932678 -86.5861206055 
24.0647525787 -84.5592651367 
24.1480922699 -82.8438796997 
24.2317276001 -80.4684295654 
24.3156471252 -75.1435775757 
24.3998641968 -71.3255157471 
24.4843635559 -69.8730392456 
24.5691642761 -69.8816986084 
24.6542530060 -72.2074737549 
24.7396411896 -75.3388442993 
24.8253192902 -81.6177597046 
24.9113006592 -90.4245758057 
24.9975719452 -93.4502029419 
25.0841503143 -94.9916381836 
25.1710281372 -95.7042694092 
25.2581996918 -95.6894073486 
25.3456802368 -95.3457946777 
25.4334583282 -95.2532882690 
25.5215454102 -95.9844512939 
25.6099300385 -97.2381515503 
25.6986293793 -97.7849731445 
25.7876281738 -96.6560134888 
25.8769435883 -94.4415283203 
25.9665584564 -93.1469573975 
26.0564937592 -93.4353179932 
26.1467323303 -94.5931167603 
26.2372894287 -96.7239151001 
26.3281536102 -98.1144027710 
26.4193401337 -98.3045959473 
26.5108356476 -98.3958587646 
26.6026535034 -95.9208984375 
26.6947841644 -89.1784667969 
26.7872409821 -82.1591796875 
26.8800086975 -78.3724136353 
26.9731063843 -77.2387695313 
27.0665187836 -77.8575286865 
27.1602630615 -80.9549331665 
27.2543239594 -86.4117202759 
27.3487186432 -94.5037460327 
27.4434318542 -97.5042419434 
27.5384807587 -97.4975433350 
27.6338520050 -97.7049102783 
27.7295608521 -98.5470275879 
27.8255920410 -98.8143081665 
27.9219646454 -97.9275588989 
28.0186634064 -97.0853576660 
28.1157054901 -97.0216598511 
28.2130756378 -97.4374313354 
28.3107891083 -97.9271087646 
28.4088344574 -98.3932495117 
28.5072269440 -98.9594879150 
28.6059532166 -99.3442459106 
28.7050285339 -99.2446975708 
28.8044395447 -99.0138702393 
28.9042015076 -99.0777435303 
29.0043029785 -97.8051986694 
29.1047573090 -87.5607528687 
29.2055530548 -76.5897979736 
29.3067054749 -71.7811584473 
29.4081993103 -69.5907974243 
29.5100536346 -69.8119506836 
29.6122512817 -72.7874984741 
29.7148113251 -80.8655090332 
29.8177204132 -91.3355484009 
29.9209918976 -95.6575775146 
30.0246143341 -79.8713455200 
30.1286029816 -82.1309814453 
30.2329425812 -84.8383712769 
30.3376541138 -87.8575897217 
30.4427185059 -90.9015502930 
30.5481548309 -93.1258773804 
30.6539497375 -93.2352981567 
30.7601184845 -89.9572372437 
30.8666458130 -85.9697647095 
30.9735507965 -82.1841354370 
31.0808181763 -78.8170471191 
31.1884651184 -75.9132614136 
31.2964763641 -73.4633560181 
31.4048690796 -71.4596939087 
31.5136299133 -69.9377136230 
31.6227760315 -68.8097076416 
31.7322998047 -68.0693054199 
31.8421955109 -67.7134857178 
31.9524784088 -67.7427673340 
32.0631370544 -68.1613845825 
32.1741867065 -68.9775695801 
32.2856101990 -70.2581787109 
32.3974304199 -71.9873809814 
32.5096282959 -74.1750030518 
32.6222229004 -76.8521194458 
32.7351989746 -80.0486145020 
32.8485755920 -83.7558670044 
32.9623374939 -87.6356124878 
33.0764999390 -90.3415451050 
33.1910514832 -88.7524642944 
33.3060073853 -84.3549423218 
33.4213523865 -80.1795654297 
33.5371055603 -76.5416259766 
33.6532516479 -73.4659194946 
33.7698059082 -70.9256896973 
33.8867568970 -68.8927764893 
34.0041236877 -67.3441543579 
34.1218833923 -66.2639846802 
34.2400627136 -65.6425018311 
34.3586425781 -65.4762344360 
34.4776420593 -65.7674484253 
34.5970458984 -66.5242462158 
34.7168693542 -67.7610931396 
34.8371009827 -69.5170059204 
34.9577598572 -71.8195419312 
35.0788230896 -74.6923904419 
35.2003173828 -78.1771697998 
35.3222236633 -82.2774810791 
35.4445610046 -86.5647430420 
35.5673103333 -88.1638107300 
35.6904945374 -85.3784866333 
35.8140983582 -80.8839416504 
35.9381370544 -76.6706314087 
36.0625991821 -73.1045455933 
36.1875000000 -70.1761322021 
36.3128242493 -67.8471450806 
36.4385910034 -66.0850830078 
36.5647850037 -64.8674926758 
36.6914253235 -64.1804656982 
36.8184928894 -64.0516357422 
36.9460144043 -64.6518707275 
37.0739631653 -65.7876968384 
37.2023696899 -67.4763641357 
37.3312072754 -69.7447967529 
37.4605026245 -72.6308441162 
37.5902328491 -76.1828918457 
37.7204246521 -80.4454574585 
37.8510589600 -85.2977066040 
37.9821548462 -88.8152236938 
38.1136932373 -86.3590393066 
38.2456970215 -81.6165924072 
38.3781509399 -77.3338851929 
38.5110702515 -73.7540206909 
38.6444396973 -70.8439712524 
38.7782859802 -68.5561599731 
38.9125823975 -66.8519439697 
39.0473518372 -65.7032928467 
39.1825790405 -65.0918655396 
39.3182868958 -65.0079650879 
39.4544525146 -65.4498901367 
39.5911026001 -66.4238891602 
39.7282142639 -67.9445419312 
39.8658103943 -71.1778793335 
40.0038833618 -76.0792617798 
40.1424255371 -80.1302566528 
40.2814559937 -84.8942031860 
40.4209594727 -89.8343582153 
40.5609550476 -91.2512817383 
40.7014236450 -87.5552520752 
40.8423919678 -83.2451934814 
40.9838371277 -79.5056915283 
41.1257820129 -76.4199600220 
41.2682075500 -72.9244918823 
41.4111366272 -70.7795791626 
41.5545539856 -70.0106735229 
41.6984748840 -69.7706375122 
41.8428840637 -70.0555419922 
41.9878044128 -70.8691177368 
42.1332168579 -72.2229690552 
42.2791442871 -75.2104949951 
42.4255638123 -79.7658386230 
42.5725021362 -83.5437850952 
42.7199363708 -87.9218673706 
42.8678970337 -92.2894973755 
43.0163574219 -93.5905456543 
43.1653404236 -87.4905395508 
43.3148307800 -81.9252853394 
43.4648475647 -78.6535110474 
43.6153755188 -76.0130996704 
43.7664337158 -73.9712295532 
43.9180068970 -72.4975814819 
44.0701141357 -71.3669738770 
44.2227363586 -71.3023071289 
44.3759002686 -71.9581375122 
44.5295829773 -73.1502075195 
44.6838073730 -75.9058837891 
44.8385581970 -80.1683273315 
44.9938507080 -83.7702865601 
45.1496734619 -88.0294036865 
45.3060493469 -92.6068954468 
45.4629516602 -93.8911209106 
45.6204109192 -88.6335067749 
45.7784004211 -84.6207427979 
45.9369544983 -81.1907043457 
46.0960426331 -77.1364746094 
46.2556915283 -74.5329666138 
46.4158859253 -73.4450836182 
46.5766448975 -72.8911590576 
46.7379455566 -73.1044464111 
46.8998222351 -74.3890228271 
47.0622444153 -75.9644393921 
47.2252426147 -79.2659149170 
47.3887901306 -84.2046585083 
47.5529212952 -88.1191024780 
47.7176055908 -92.0870513916 
47.8828735352 -93.2001800537 
48.0486984253 -89.4251480103 
48.2151145935 -86.3542785645 
48.3820915222 -82.3212051392 
48.5496597290 -79.4806671143 
48.7177963257 -78.1044082642 
48.8865280151 -76.9609527588 
49.0558319092 -76.7463836670 
49.2257347107 -77.1927871704 
49.3962097168 -78.5847396851 
49.5672912598 -80.4969329834 
49.7389526367 -81.6559524536 
49.9112205505 -82.7695388794 
50.0840721130 -83.6490783691 
50.2575378418 -84.4546356201 
50.4316024780 -85.9637908936 
50.6062545776 -86.1829910278 
50.7815284729 -82.6428527832 
50.9573936462 -79.0719070435 
51.1338806152 -77.1277770996 
51.3109664917 -75.2700653076 
51.4886817932 -74.5209503174 
51.6669960022 -75.0491256714 
51.8459396362 -76.6694488525 
52.0254936218 -78.4724273682 
52.2056808472 -82.0933837891 
52.3864784241 -87.4238357544 
52.5679168701 -93.0454788208 
52.7499694824 -97.9983596802 
52.9326667786 -98.1122817993 
53.1159820557 -94.9144287109 
53.2999458313 -91.0243225098 
53.4845352173 -87.3942565918 
53.6697731018 -84.9713973999 
53.8556442261 -83.7198638916 
54.0421676636 -83.5158233643 
54.2293281555 -84.5635070801 
54.4171485901 -86.7177047729 
54.6056022644 -89.9146957397 
54.7947273254 -94.2279052734 
54.9844932556 -97.6376342773 
55.1749267578 -97.8102035522 
55.3660087585 -91.5777130127 
55.5577659607 -85.7112045288 
55.7501716614 -80.4226913452 
55.9432601929 -76.8762130737 
56.1370010376 -74.5005264282 
56.3314323425 -73.2964324951 
56.5265159607 -73.3677062988 
56.7222938538 -74.5027084351 
56.9187316895 -76.8762893677 
57.1158676147 -80.6419143677 
57.3136711121 -85.4027481079 
57.5121726990 -93.2313766479 
57.7113494873 -93.0660171509 
57.9112281799 -85.6632690430 
58.1117858887 -80.1673736572 
58.3130531311 -75.5928039551 
58.5150032043 -72.6025161743 
58.7176666260 -70.8274230957 
58.9210166931 -70.2825164795 
59.1250877380 -71.1806869507 
59.3298454285 -73.3307418823 
59.5353317261 -78.1040344238 
59.7415161133 -83.6621856689 
59.9484252930 -89.6917419434 
60.1560401917 -93.4337615967 
60.3643875122 -86.8329315186 
60.5734405518 -79.1646957397 
60.7832336426 -75.1200332642 
60.9937362671 -72.2078247070 
61.2049865723 -70.3217086792 
61.4169502258 -70.1975479126 
61.6296615601 -71.3510742188 
61.8430976868 -74.6641464233 
62.0572891235 -78.8581085205 
62.2722053528 -84.0467910767 
62.4878807068 -93.1240692139 
62.7042884827 -96.6450805664 
62.9214630127 -91.8971023560 
63.1393852234 -85.6570663452 
63.3580513000 -81.3814239502 
63.5774879456 -79.5169906616 
63.7976684570 -78.8981704712 
64.0186309814 -79.7884063721 
64.2403335571 -82.7517776489 
64.4628295898 -86.5704421997 
64.6860733032 -91.2285079956 
64.9101104736 -97.6577377319 
65.1349105835 -95.0699539185 
65.3604965210 -89.7384033203 
65.5868530273 -84.4209289551 
65.8140106201 -79.7436676025 
66.0419387817 -77.2446670532 
66.2706680298 -76.8130874634 
66.5001754761 -77.7953262329 
66.7304992676 -80.0167236328 
66.9616012573 -84.8520889282 
67.1935195923 -91.8407440186 
67.4262161255 -97.1597442627 
67.6597442627 -90.5895843506 
67.8940658569 -85.1189346313 
68.1292114258 -80.4003067017 
68.3651580811 -76.4916992188 
68.6019363403 -74.7286911011 
68.8395156860 -75.0174331665 
69.0779418945 -77.3714370728 
69.3171691895 -81.9091415405 
69.5572433472 -87.1862411499 
69.7981338501 -92.8768005371 
70.0398788452 -96.3671340942 
70.2824401855 -89.1496734619 
70.5258560181 -82.6466522217 
70.7701034546 -78.4161758423 
71.0152130127 -76.3439102173 
71.2611465454 -76.3259811401 
71.5079574585 -78.3536911011 
71.7555999756 -82.4845275879 
72.0041275024 -88.4785614014 
72.2534866333 -92.4673004150 
72.5037384033 -88.9506683350 
72.7548294067 -83.4179763794 
73.0068130493 -78.7214736938 
73.2596511841 -75.6891250610 
73.5133819580 -74.5342178345 
73.7679672241 -75.3241882324 
74.0234603882 -78.1448287964 
74.2798156738 -83.1435852051 
74.5370788574 -90.3163452148 
74.7952194214 -95.8232269287 
75.0542678833 -90.0556182861 
75.3141937256 -82.9979629517 
75.5750427246 -78.1097717285 
75.8367691040 -75.4185409546 
76.0994262695 -74.8036041260 
76.3629760742 -76.2336349487 
76.6274566650 -79.7840576172 
76.8928298950 -85.6297454834 
77.1591415405 -93.6733856201 
77.4263610840 -98.0907058716 
77.6945190430 -89.9223785400 
77.9635925293 -83.6035156250 
78.2336120605 -80.6177215576 
78.5045547485 -79.7055587769 
78.7764511108 -80.8281707764 
79.0492630005 -84.0361785889 
79.3230514526 -89.4260482788 
79.5977783203 -97.4224090576 
79.8734436035 -96.7124404907 
80.1500778198 -89.5415802002 
80.4276504517 -84.0328598022 
80.7062149048 -80.7229232788 
80.9857101440 -79.5076217651 
81.2662048340 -80.8966064453 
81.5476379395 -85.4770965576 
81.8300781250 -91.5872344971 
82.1134719849 -98.0769729614 
82.3978652954 -92.2645187378 
82.6832275391 -83.8806991577 
82.9695968628 -79.1031875610 
83.2569351196 -76.5309677124 
83.5452880859 -76.3215637207 
83.8346252441 -79.1426086426 
84.1249771118 -83.9374160767 
84.4163208008 -92.2988739014 
84.7086944580 -97.4971771240 
85.0020523071 -90.8630294800 
85.2964553833 -84.7827453613 
85.5918502808 -80.2388381958 
85.8882904053 -78.8817901611 
86.1857376099 -80.1222152710 
86.4842376709 -84.4402694702 
86.7837524414 -92.3743667603 
87.0843200684 -99.2737731934 
87.3859100342 -97.7275161743 
87.6885681152 -92.6132812500 
87.9922485352 -87.9584579468 
88.2970046997 -86.3030395508 
88.6027908325 -87.8080596924 
88.9096679688 -92.3071289063 
89.2175750732 -97.4769744873 
89.5265808105 -101.3220138550 
89.8366241455 -100.3999938965 
90.1477661133 -95.3966140747 
90.4599685669 -91.4402008057 
90.7732696533 -90.1877136230 
91.0876312256 -91.6954040527 
91.4031143188 -95.7571487427 
91.7196578979 -100.4494934082 
92.0373229980 -100.1803741455 
92.3560638428 -93.2125625610 
92.6759338379 -86.0453567505 
92.9968872070 -82.3974304199 
93.3189773560 -81.9604034424 
93.6421585083 -84.5073089600 
93.9664840698 -90.0834350586 
94.2919082642 -98.1882324219 
94.6184844971 -95.7403106689 
94.9461669922 -87.4264984131 
95.2750091553 -81.1414260864 
95.6049652100 -78.2537155151 
95.9360885620 -79.1442489624 
96.2683258057 -83.2563095093 
96.6017532349 -92.4628829956 
96.9363021851 -99.9541778564 
97.2720336914 -93.8403472900 
97.6089019775 -87.5862274170 
97.9469680786 -83.8891143799 
98.2861785889 -83.5301971436 
98.6265869141 -86.5702819824 
98.9681472778 -91.8785629272 
99.3109207153 -91.2854995728 
99.6548461914 -85.7422027588 
100.0000000000 -84.7800445557 
100.3463439941 -84.6024093628 
100.6938934326 -84.4536972046 
101.0425872803 -84.2579040527 
101.3925399780 -83.9988327026 
101.7437057495 -83.6762619019 
102.0960922241 -83.3036346436 
102.4496383667 -82.9944076538 
102.8044738770 -82.7626876831 
103.1605300903 -82.7063293457 
103.5178222656 -82.8082885742 
103.8762969971 -83.0029525757 
104.2360610962 -83.2784194946 
104.5970840454 -83.5662155151 
104.9593505859 -83.8544769287 
105.3228149414 -84.1505661011 
105.6875915527 -84.5222015381 
106.0536346436 -85.0123748779 
106.4209518433 -85.6022109985 
106.7894744873 -86.2994003296 
107.1593322754 -87.0404891968 
107.5304794312 -87.7321014404 
107.9029006958 -88.3524169922 
108.2765579224 -88.8466262817 
108.6515731812 -89.2163772583 
109.0278854370 -89.5021057129 
109.4054946899 -89.7154312134 
109.7843551636 -89.8753128052 
110.1645889282 -90.0905532837 
110.5461349487 -90.4187393188 
110.9290084839 -90.9016952515 
111.3131484985 -91.6431503296 
111.6986770630 -92.5837402344 
112.0855407715 -93.5629577637 
112.4737396240 -94.4364089966 
112.8632278442 -94.8571777344 
113.2541198730 -94.5257339478 
113.6463699341 -93.7844543457 
114.0399856567 -92.8051147461 
114.4348907471 -91.7906188965 
114.8312301636 -90.8970413208 
115.2289428711 -90.0552520752 
115.6280364990 -89.2252807617 
116.0284423828 -88.3829269409 
116.4303054810 -87.5407333374 
116.8335571289 -86.8248291016 
117.2382049561 -86.3048477173 
117.6441879272 -86.0230560303 
118.0516433716 -86.0017013550 
118.4605102539 -86.2608108521 
118.8707885742 -86.6959533691 
119.2824249268 -87.1893615723 
119.6955566406 -87.7004776001 
120.1101150513 -88.2236557007 
120.5261154175 -88.8126144409 
120.9434814453 -89.6005325317 
121.3623657227 -90.5797576904 
121.7826995850 -91.6731262207 
122.2044906616 -92.7126541138 
122.6276702881 -93.4543151855 
123.0523834229 -93.5333480835 
123.4785690308 -92.9808120728 
123.9062347412 -92.2195129395 
124.3353118896 -91.4932937622 
124.7659378052 -90.9626922607 
125.1980590820 -90.6996002197 
125.6316757202 -90.6997985840 
126.0667953491 -90.9027252197 
126.5033569336 -91.1525650024 
126.9414901733 -91.4091949463 
127.3811492920 -91.6998901367 
127.8223266602 -92.0872421265 
128.2649688721 -92.6262054443 
128.7091979980 -93.3133850098 
129.1549835205 -94.0164871216 
129.6023101807 -94.4191589355 
130.0511016846 -94.2942276001 
130.5015258789 -93.6496047974 
130.9535217285 -92.6926574707 
131.4070739746 -91.6963729858 
131.8621215820 -90.8796157837 
132.3188171387 -90.3512573242 
132.7770996094 -90.1165695190 
133.2369689941 -90.0999145508 
133.6983489990 -90.1601104736 
134.1614074707 -90.2368621826 
134.6260681152 -90.3947830200 
135.0923461914 -90.7587814331 
135.5601501465 -91.4410476685 
136.0296630859 -92.4768447876 
136.5007934570 -93.7356796265 
136.9735565186 -94.8034439087 
137.4478759766 -95.0590591431 
137.9239349365 -94.1977615356 
138.4016265869 -92.7302246094 
138.8809661865 -91.2998428345 
139.3618927002 -90.1485137939 
139.8445739746 -89.2401809692 
140.3289184570 -88.4086685181 
140.8149414063 -87.5741119385 
141.3025665283 -86.8083343506 
141.7919616699 -86.2726974487 
142.2830505371 -86.1110534668 
142.7758483887 -86.3882904053 
143.2702636719 -87.0663604736 
143.7664794922 -87.9925613403 
144.2644042969 -88.9285812378 
144.7640533447 -89.6710052490 
145.2653656006 -90.1747665405 
145.7684783936 -90.5236587524 
146.2733459473 -90.7930450439 
146.7799530029 -90.9481887817 
147.2882385254 -90.7098617554 
147.7983703613 -89.9422531128 
148.3102569580 -88.8940505981 
148.8239288330 -87.9559097290 
149.3392791748 -87.4186248779 
149.8565216064 -87.4131622314 
150.3755340576 -87.9549102783 
150.8963623047 -88.9707870483 
151.4188995361 -90.3021316528 
151.9433288574 -91.7273025513 
152.4695739746 -93.0423507690 
152.9976501465 -94.1298217773 
153.5274658203 -94.9048843384 
154.0592041016 -95.2331924438 
154.5927734375 -94.9900741577 
155.1282043457 -94.2216567993 
155.6653900146 -93.1961669922 
156.2045288086 -92.2547607422 
156.7455444336 -91.6472091675 
157.2884216309 -91.4827499390 
157.8330993652 -91.7408523560 
158.3797454834 -92.2877655029 
158.9282836914 -93.1945724487 
159.4787292480 -93.9472198486 
160.0310668945 -94.3349685669 
160.5852508545 -94.6208190918 
161.1414337158 -94.7329025269 
161.6995391846 -94.6266250610 
162.2595672607 -94.2849578857 
162.8214569092 -93.7180709839 
163.3853912354 -93.0321960449 
163.9512634277 -92.4196701050 
164.5191040039 -91.9621505737 
165.0888214111 -91.8904800415 
165.6605987549 -91.9037094116 
166.2343444824 -91.9334716797 
166.8100891113 -92.1201171875 
167.3877410889 -92.6103591919 
167.9674835205 -93.4314956665 
168.5492248535 -94.4270553589 
169.1329956055 -95.5082855225 
169.7186889648 -95.9059371948 
170.3064880371 -96.0385971069 
170.8963470459 -96.3651657104 
171.4882354736 -96.9710006714 
172.0820770264 -97.8261489868 
172.6780853271 -99.1615600586 
173.2761383057 -99.9751739502 
173.8762817383 -99.9343261719 
174.4783935547 -99.5787582397 
175.0826873779 -99.0415039063 
175.6890869141 -98.2053222656 
176.2975769043 -97.7429656982 
176.9080810547 -97.8363723755 
177.5207824707 -98.2122650146 
178.1356201172 -98.7277984619 
178.7525939941 -99.2935409546 
179.3715972900 -99.3036041260 
179.9928436279 -98.8911514282 
180.6162414551 -98.2902755737 
181.2417907715 -97.6500473022 
181.8694152832 -96.6982574463 
182.4993133545 -95.6927947998 
183.1313934326 -95.0290908813 
183.7656555176 -94.5572586060 
184.4020233154 -94.4328765869 
185.0406799316 -94.7335128784 
185.6815643311 -94.9871978760 
186.3246612549 -95.2214279175 
186.9698944092 -95.7657546997 
187.6174468994 -96.5909729004 
188.2672576904 -97.0648727417 
188.9193115234 -96.9004669189 
189.5735168457 -95.7440032959 
190.2301025391 -94.6931915283 
190.8889465332 -93.8164062500 
191.5500793457 -93.1370849609 
192.2134094238 -92.9362182617 
192.8791351318 -92.8710174561 
193.5471496582 -92.7829055786 
194.2174987793 -92.9662551880 
194.8900604248 -93.3529434204 
195.5650482178 -94.1079940796 
196.2423706055 -94.8861465454 
196.9220581055 -95.3829956055 
197.6039733887 -95.8853988647 
198.2883758545 -95.8812866211 
198.9751281738 -95.6221237183 
199.6642761230 -95.3261947632 
200.3558044434 -95.3380661011 
201.0496063232 -95.5430297852 
201.7459411621 -95.8024749756 
202.4446716309 -95.6438064575 
203.1458282471 -95.1869201660 
203.8493041992 -95.0434951782 
204.5553283691 -95.2235336304 
205.2637939453 -95.6071014404 
205.9747161865 -96.0341339111 
206.6879882813 -96.8719406128 
207.4038391113 -98.2105102539 
208.1221771240 -99.1872406006 
208.8430023193 -100.2369308472 
209.5662078857 -100.7381744385 
210.2920227051 -100.6651306152 
211.0203704834 -100.3512039185 
211.7512207031 -99.8410491943 
212.4844970703 -99.2660522461 
213.2204284668 -99.0421295166 
213.9589080811 -99.3689270020 
214.6999511719 -100.4507369995 
215.4434356689 -101.8954238892 
216.1896057129 -102.8415679932 
216.9383697510 -102.3843841553 
217.6897277832 -101.1359481812 
218.4435577393 -99.5911026001 
219.2001342773 -98.3008880615 
219.9593200684 -97.5034942627 
220.7211456299 -97.2180328369 
221.4854736328 -97.2702255249 
222.2525787354 -97.2136077881 
223.0223388672 -97.1969146729 
223.7947692871 -97.7592163086 
224.5697479248 -99.2949295044 
225.3475341797 -101.3284759521 
226.1280212402 -102.2454833984 
226.9112091064 -101.7315673828 
227.6969757080 -100.8471069336 
228.4855957031 -100.5935592651 
229.2769470215 -101.2407073975 
230.0710296631 -102.3084106445 
230.8677520752 -102.0364227295 
231.6673431396 -100.5546035767 
232.4697113037 -99.1889648438 
233.2748718262 -98.5118560791 
234.0826721191 -98.2400588989 
234.8934020996 -98.1117324829 
235.7069549561 -98.2137756348 
236.5233154297 -98.6427459717 
237.3423614502 -99.1162490845 
238.1643981934 -99.2885971069 
238.9892578125 -99.0407562256 
239.8169860840 -98.6382598877 
240.6474609375 -98.4712600708 
241.4809265137 -98.6317977905 
242.3172912598 -98.4733963013 
243.1565399170 -97.9867019653 
243.9985656738 -97.6812896729 
244.8436431885 -97.7306671143 
245.6916503906 -97.7808227539 
246.5425872803 -97.2757263184 
247.3963470459 -96.2039031982 
248.2531890869 -95.6046829224 
249.1130065918 -95.2603836060 
249.9757995605 -95.3586502075 
250.8414306641 -96.9245605469 
251.7102203369 -99.3522720337 
252.5820007324 -101.8580093384 
253.4568023682 -102.6691284180 
254.3346405029 -101.6922683716 
255.2153778076 -101.0653381348 
256.0993041992 -101.2881698608 
256.9862976074 -102.0936050415 
257.8763427734 -102.6509246826 
258.7693481445 -103.1190643311 
259.6655883789 -103.5304260254 
260.5649414063 -103.7515106201 
261.4673767090 -103.9245529175 
262.3728332520 -104.0591278076 
263.2815246582 -104.0330047607 
264.1933898926 -103.6520767212 
265.1084289551 -103.2877960205 
266.0264587402 -103.1179122925 
266.9478454590 -102.8714752197 
267.8724060059 -102.7106018066 
268.8001708984 -103.2562103271 
269.7309875488 -104.3314437866 
270.6651916504 -105.1600341797 
271.6026306152 -105.2997970581 
272.5433044434 -104.8192901611 
273.4870910645 -103.4597320557 
274.4343261719 -102.3290023804 
275.3847961426 -102.5012283325 
276.3385925293 -103.7894134521 
277.2955322266 -104.8415832520 
278.2559204102 -104.7295989990 
279.2196350098 -104.2915420532 
280.1867065430 -103.9890823364 
281.1569824219 -103.6874313354 
282.1307373047 -102.7326431274 
283.1079101563 -100.6730346680 
284.0884399414 -98.9503860474 
285.0722045898 -98.9600448608 
286.0595397949 -100.7142333984 
287.0502929688 -102.7516860962 
288.0444641113 -103.3221359253 
289.0419311523 -102.9397354126 
290.0430297852 -102.4668731689 
291.0475769043 -101.4796218872 
292.0556030273 -100.2757797241 
293.0669555664 -99.7508621216 
294.0820007324 -100.1146087646 
295.1005249023 -101.4421997070 
296.1225891113 -103.2471923828 
297.1480407715 -103.7612609863 
298.1771850586 -102.5419387817 
299.2099304199 -101.5763549805 
300.2462158203 -102.4375839233 
301.2859497070 -102.5859146118 
302.3294372559 -102.7407073975 
303.3765258789 -102.9014205933 
304.4272766113 -103.0928115845 
305.4814758301 -103.2913513184 
306.5394897461 -103.4992980957 
307.6011657715 -103.6700515747 
308.6665344238 -103.8105316162 
309.7354125977 -103.8219223022 
310.8081665039 -103.7403869629 
311.8846435547 -103.5690841675 
312.9648437500 -103.2885055542 
314.0486145020 -103.0051803589 
315.1362915039 -102.7307434082 
316.2277526855 -102.5527420044 
317.3229980469 -102.4364242554 
318.4220275879 -102.4324951172 
319.5247192383 -102.5053405762 
320.6313781738 -102.6130828857 
321.7418518066 -102.7386169434 
322.8562011719 -102.8274765015 
323.9742126465 -102.8857040405 
325.0962829590 -102.8721923828 
326.2222290039 -102.8230514526 
327.3520812988 -102.7513656616 
328.4856872559 -102.6727142334 
329.6233825684 -102.6203689575 
330.7650146484 -102.5943603516 
331.9106140137 -102.6342468262 
333.0599670410 -102.7237930298 
334.2135314941 -102.8440551758 
335.3710632324 -102.9858932495 
336.5325927734 -103.0938262939 
337.6979675293 -103.1661376953 
338.8675842285 -103.1758880615 
340.0412292480 -103.1333618164 
341.2189331055 -103.0634155273 
342.4005432129 -102.9672775269 
343.5864257813 -102.8070755005 
344.7764282227 -102.5958099365 
345.9705505371 -102.3373718262 
347.1686096191 -102.0577087402 
348.3710327148 -101.8578338623 
349.5775756836 -101.7594223022 
350.7883300781 -101.8342742920 
352.0030822754 -102.1394882202 
353.2222290039 -102.5716629028 
354.4455871582 -103.1081466675 
355.6731872559 -103.6681213379 
356.9048461914 -104.1093750000 
358.1409912109 -104.4137268066 
359.3813781738 -104.5408706665 
360.6260986328 -104.4698333740 
361.8749084473 -104.3460006714 
363.1282348633 -104.2015686035 
364.3859252930 -104.0857238770 
365.6479492188 -104.0544128418 
366.9141540527 -104.0819625854 
368.1849365234 -104.1569290161 
369.4601440430 -104.2602920532 
370.7397460938 -104.3457489014 
372.0235900879 -104.4120559692 
373.3120727539 -104.4692153931 
374.6050109863 -104.5380249023 
375.9024353027 -104.6721878052 
377.2041625977 -104.8626022339 
378.5105895996 -105.0950622559 
379.8215332031 -105.3490219116 
381.1370239258 -105.5489578247 
382.4568786621 -105.6352615356 
383.7814941406 -105.5923385620 
385.1107177734 -105.4183120728 
386.4445190430 -105.1299133301 
387.7827453613 -104.8329391479 
389.1258239746 -104.6117095947 
390.4735412598 -104.4977569580 
391.8259277344 -104.5031356812 
393.1827697754 -104.6105728149 
394.5445556641 -104.7086257935 
395.9110412598 -104.7296142578 
397.2822570801 -104.6669692993 
398.6582031250 -104.5445404053 
400.0387268066 -104.4288330078 
401.4242553711 -104.4073257446 
402.8145751953 -104.4709167480 
404.2096862793 -104.5885848999 
405.6094360352 -104.7156753540 
407.0142517090 -104.8006591797 
408.4239196777 -104.7863845825 
409.8384704590 -104.6893615723 
411.2576904297 -104.5706329346 
412.6820678711 -104.4849319458 
414.1113891602 -104.4779052734 
415.5456237793 -104.5749282837 
416.9846191406 -104.7720108032 
418.4288330078 -105.0032501221 
419.8780517578 -105.1968460083 
421.3322753906 -105.3279418945 
422.7913208008 -105.4082641602 
424.2556152344 -105.4763870239 
425.7250061035 -105.5799865723 
427.1994934082 -105.7543869019 
428.6788330078 -106.0004501343 
430.1635437012 -106.2705001831 
431.6534118652 -106.5154113770 
433.1484069824 -106.6855163574 
434.6483764648 -106.7444152832 
436.1537475586 -106.6813888550 
437.6643676758 -106.5141830444 
439.1801757813 -106.2707519531 
440.7010192871 -105.9147872925 
442.2273559570 -105.2959518433 
443.7590026855 -104.3317718506 
445.2959289551 -103.1584243774 
446.8379516602 -102.0498123169 
448.3855590820 -101.2677917480 
449.9385375977 -100.9862442017 
451.4968566895 -101.2841033936 
453.0603637695 -102.1594772339 
454.6295166016 -103.5186996460 
456.2041015625 -105.1292572021 
457.7841491699 -106.5867462158 
459.3694152832 -107.4585876465 
460.9604187012 -107.8045883179 
462.5569152832 -107.9079895020 
464.1589660645 -107.9586257935 
465.7662963867 -108.0336837769 
467.3794555664 -108.1417846680 
468.9981994629 -108.2570800781 
470.6225585938 -108.3458099365 
472.2522888184 -108.3877716064 
473.8879089355 -108.3838729858 
475.5292053223 -108.3471221924 
477.1761779785 -108.2884063721 
478.8285827637 -108.2075500488 
480.4869995117 -108.0921859741 
482.1511230469 -107.9279403687 
483.8210449219 -107.7216949463 
485.4964599609 -107.5193710327 
487.1779479980 -107.3880691528 
488.8652954102 -107.3622131348 
490.5584411621 -107.3864974976 
492.2572021484 -107.3896484375 
493.9620971680 -107.1666259766 
495.6729125977 -106.6444702148 
497.3896789551 -105.9938354492 
499.1120910645 -105.4972839355 
500.8407287598 -105.3597869873 
502.5753784180 -105.6411666870 
504.3160095215 -106.2516326904 
506.0626831055 -107.2347412109 
507.8151245117 -107.7944335938 
509.5739440918 -107.8782196045 
511.3388061523 -107.9239578247 
513.1098022461 -108.0159912109 
514.8866577148 -108.1601257324 
516.6699829102 -108.3205871582 
518.4594116211 -108.4533462524 
520.2550659180 -108.5264053345 
522.0566406250 -108.5325622559 
523.8648071289 -108.4933319092 
525.6791992188 -108.4427185059 
527.4998168945 -108.3972930908 
529.3265380859 -108.3408355713 
531.1597900391 -108.2427673340 
532.9994506836 -108.0970993042 
534.8454589844 -107.8916549683 
536.6975708008 -107.8308334351 
538.5563964844 -107.8917007446 
540.4216918945 -107.9367065430 
542.2933959961 -107.8414230347 
544.1713256836 -107.5255661011 
546.0560302734 -107.0435485840 
547.9472656250 -106.5745162964 
549.8450927734 -106.3097763062 
551.7491455078 -106.3546142578 
553.6600952148 -106.9275131226 
555.5776367188 -107.6238021851 
557.5018920898 -107.9048004150 
559.4324340820 -108.0489578247 
561.3700561523 -108.1524581909 
563.3143310547 -108.2686462402 
565.2653198242 -108.3880691528 
567.2227783203 -108.5088195801 
569.1873168945 -108.5525665283 
571.1586914063 -108.5345382690 
573.1368408203 -108.4947509766 
575.1215820313 -108.4632110596 
577.1134643555 -108.4688644409 
579.1123046875 -108.5219879150 
581.1180419922 -108.5181961060 
583.1303710938 -108.4642486572 
585.1500244141 -108.4312286377 
587.1766357422 -108.4661712646 
589.2103271484 -108.6063385010 
591.2507324219 -108.6174163818 
593.2984619141 -108.3655395508 
595.3533325195 -107.9030075073 
597.4152832031 -107.3758544922 
599.4841308594 -106.9230270386 
601.5603637695 -107.0464935303 
603.6438598633 -107.4392318726 
605.7345581055 -107.8740234375 
607.8321533203 -108.3017730713 
609.9373779297 -108.5157394409 
612.0498657227 -108.6025772095 
614.1696777344 -108.6740722656 
616.2964477539 -108.7395324707 
618.4309692383 -108.7509460449 
620.5728759766 -108.7110748291 
622.7222290039 -108.6448287964 
624.8786621094 -108.5823898315 
627.0429077148 -108.6108779907 
629.2145996094 -108.6589584351 
631.3938598633 -108.6949234009 
633.5806884766 -108.7099075317 
635.7747192383 -108.7243499756 
637.9766845703 -108.7337188721 
640.1862792969 -108.7165298462 
642.4035644531 -108.6394958496 
644.6281127930 -108.4884185791 
646.8607788086 -108.0969390869 
649.1011352539 -107.7938613892 
651.3492431641 -107.8316955566 
653.6047973633 -108.2345199585 
655.8685302734 -108.6945724487 
658.1401367188 -108.8549957275 
660.4195556641 -108.8900756836 
662.7065429688 -108.8519439697 
665.0017700195 -108.8305892944 
667.3049926758 -108.8203582764 
669.6161499023 -108.8033676147 
671.9349975586 -108.7644042969 
674.2622070313 -108.7772674561 
676.5974731445 -108.8544082642 
678.9408569336 -108.9923400879 
681.2919311523 -109.0500259399 
683.6515502930 -109.0342178345 
686.0193481445 -109.0131149292 
688.3953857422 -109.0073623657 
690.7792358398 -108.9836044312 
693.1716918945 -108.9372787476 
695.5724487305 -108.8823318481 
697.9815673828 -108.7607955933 
700.3985595703 -108.6625061035 
702.8244018555 -108.6558914185 
705.2586059570 -108.6851272583 
707.7012329102 -108.7233200073 
710.1519165039 -108.7557907104 
712.6115112305 -108.7163467407 
715.0795898438 -108.6261901855 
717.5562133789 -108.5862426758 
720.0410766602 -108.6086120605 
722.5349121094 -108.6567916870 
725.0373535156 -108.6081924438 
727.5484619141 -108.4549179077 
730.0679321289 -108.2906341553 
732.5964965820 -108.2581253052 
735.1337890625 -108.4369964600 
737.6798706055 -108.6723632813 
740.2344360352 -108.5612030029 
742.7981567383 -107.4948959351 
745.3708496094 -105.0850524902 
747.9523925781 -103.0570755005 
750.5424804688 -102.4092788696 
753.1419067383 -103.1785507202 
755.7504272461 -105.2683868408 
758.3679199219 -108.1018295288 
760.9940795898 -108.9875640869 
763.6297607422 -109.1965560913 
766.2745361328 -109.3304214478 
768.9284667969 -109.3330001831 
771.5912475586 -109.1641540527 
774.2636108398 -108.9390563965 
776.9451904297 -108.8445739746 
779.6361083984 -108.8968200684 
782.3359375000 -108.9580688477 
785.0455322266 -109.0404815674 
787.7644653320 -109.1896896362 
790.4928588867 -109.3729324341 
793.2302856445 -109.3611602783 
795.9776000977 -109.1217346191 
798.7344360352 -108.8117752075 
801.5007934570 -108.6415405273 
804.2767333984 -108.7083969116 
807.0618896484 -108.8775863647 
809.8571166992 -109.0189437866 
812.6620483398 -109.0693435669 
815.4766235352 -109.0558700562 
818.3005371094 -109.0758209229 
821.1347045898 -108.7016220093 
823.9786376953 -107.6062545776 
826.8324584961 -106.1016616821 
829.6957397461 -105.2663497925 
832.5693359375 -105.8895416260 
835.4528808594 -107.3228988647 
838.3464355469 -108.8289566040 
841.2495727539 -108.0890655518 
844.1632080078 -105.7137069702 
847.0869140625 -103.0623779297 
850.0207519531 -101.6737670898 
852.9642944336 -102.4175872803 
855.9185180664 -104.5195999146 
858.8829345703 -107.4246749878 
861.8576049805 -108.5341339111 
864.8421630859 -108.8148422241 
867.8375244141 -108.9596633911 
870.8432006836 -108.8834304810 
873.8593750000 -108.7139816284 
876.8854370117 -108.7548370361 
879.9224853516 -108.8269195557 
882.9700317383 -108.8560104370 
886.0281982422 -108.9169082642 
889.0964355469 -109.0444641113 
892.1757812500 -109.0878067017 
895.2657470703 -108.9017257690 
898.3664550781 -108.5995254517 
901.4774169922 -108.5071640015 
904.5996704102 -108.8136825562 
907.7327270508 -109.0748367310 
910.8765869141 -109.0950393677 
914.0308837891 -109.0408096313 
917.1965942383 -109.0407257080 
920.3732299805 -109.0312728882 
923.5609130859 -108.9110336304 
926.7590942383 -108.7236709595 
929.9689331055 -108.5838546753 
933.1898193359 -108.4074020386 
936.4218750000 -108.0179748535 
939.6646118164 -107.7425155640 
942.9190673828 -107.6986846924 
946.1848754883 -107.1213302612 
949.4619140625 -106.6141586304 
952.7498168945 -106.7393951416 
956.0496215820 -107.4217987061 
959.3608398438 -107.4905014038 
962.6835327148 -107.3338928223 
966.0172119141 -107.8662490845 
969.3629760742 -108.6849288940 
972.7203369141 -109.0746078491 
976.0892944336 -109.1727676392 
979.4694213867 -109.3299942017 
982.8617553711 -109.4783401489 
986.2658691406 -109.5192794800 
989.6817626953 -109.1929626465 
993.1088867188 -106.8474655151 
996.5485229492 -103.1235809326 
1000.0000000000 -103.3031234741 
1003.4634399414 -103.4386367798 
1006.9389038086 -103.7900238037 
1010.4258422852 -104.4538345337 
1013.9254150391 -105.2298812866 
1017.4370727539 -106.1022796631 
1020.9609375000 -106.9444274902 
1024.4964599609 -107.6185073853 
1028.0446777344 -108.1263046265 
1031.6053466797 -108.3549957275 
1035.1782226563 -108.4342193604 
1038.7629394531 -108.4480361938 
1042.3605957031 -108.4316253662 
1045.9708251953 -108.4466094971 
1049.5935058594 -108.4916839600 
1053.2281494141 -108.5678024292 
1056.8759765625 -108.6823043823 
1060.5363769531 -108.8095855713 
1064.2094726563 -108.9389343262 
1067.8947753906 -109.0614700317 
1071.5933837891 -109.1531829834 
1075.3048095703 -109.2177581787 
1079.0290527344 -109.2545471191 
1082.7656250000 -109.2570190430 
1086.5157470703 -109.2350540161 
1090.2788085938 -109.2044906616 
1094.0549316406 -109.1715621948 
1097.8435058594 -109.1500320435 
1101.6458740234 -109.1487579346 
1105.4614257813 -109.1634216309 
1109.2901611328 -109.1913299561 
1113.1314697266 -109.2233123779 
1116.9866943359 -109.2324981689 
1120.8553466797 -109.2021408081 
1124.7374267578 -109.1179428101 
1128.6323242188 -108.9488601685 
1132.5412597656 -108.6959838867 
1136.4637451172 -108.4106826782 
1140.3997802734 -108.1270446777 
1144.3488769531 -107.8876266479 
1148.3123779297 -107.7903442383 
1152.2894287109 -107.8229446411 
1156.2803955078 -107.9770355225 
1160.2844238281 -108.2337570190 
1164.3029785156 -108.5547027588 
1168.3355712891 -108.8419723511 
1172.3819580078 -109.0465393066 
1176.4418945313 -109.1530151367 
1180.5163574219 -109.1611175537 
1184.6051025391 -109.0864944458 
1188.7078857422 -108.9691162109 
1192.8243408203 -108.8257598877 
1196.9555664063 -108.6594772339 
1201.1011962891 -108.4749221802 
1205.2611083984 -108.2842102051 
1209.4348144531 -108.1346130371 
1213.6236572266 -108.0588073730 
1217.8270263672 -108.0690841675 
1222.0449218750 -108.1562347412 
1226.2767333984 -108.2877426147 
1230.5238037109 -108.3945846558 
1234.7857666016 -108.3982086182 
1239.0623779297 -108.3139266968 
1243.3531494141 -108.1884155273 
1247.6594238281 -108.0780563354 
1251.9805908203 -108.0323486328 
1256.3167724609 -108.0760955811 
1260.6679687500 -108.2078704834 
1265.0335693359 -108.3740081787 
1269.4149169922 -108.5491104126 
1273.8115234375 -108.7192840576 
1278.2232666016 -108.8787689209 
1282.6496582031 -109.0255889893 
1287.0920410156 -109.1569519043 
1291.5498046875 -109.2670059204 
1296.0230712891 -109.3566970825 
1300.5111083984 -109.4311294556 
1305.0152587891 -109.4923858643 
1309.5351562500 -109.5397415161 
1314.0706787109 -109.5700607300 
1318.6212158203 -109.5780105591 
1323.1881103516 -109.5557708740 
1327.7709960938 -109.4929962158 
1332.3696289063 -109.3795013428 
1336.9835205078 -109.2289505005 
1341.6141357422 -109.0818023682 
1346.2607421875 -108.9826202393 
1350.9234619141 -108.9625778198 
1355.6015625000 -109.0252380371 
1360.2966308594 -109.1448440552 
1365.0079345703 -109.2784347534 
1369.7355957031 -109.3868255615 
1374.4788818359 -109.4522476196 
1379.2392578125 -109.4807052612 
1384.0162353516 -109.4893035889 
1388.8096923828 -109.4934616089 
1393.6190185547 -109.5045013428 
1398.4456787109 -109.5339279175 
1403.2891845703 -109.5885620117 
1408.1494140625 -109.6680755615 
1413.0257568359 -109.7615737915 
1417.9196777344 -109.8481369019 
1422.8305664063 -109.9012451172 
1427.7584228516 -109.8991699219 
1432.7026367188 -109.8391342163 
1437.6647949219 -109.7448348999 
1442.6440429688 -109.6576232910 
1447.6405029297 -109.6152954102 
1452.6535644531 -109.6329574585 
1457.6848144531 -109.6973114014 
1462.7333984375 -109.7758026123 
1467.7995605469 -109.8335037231 
1472.8823242188 -109.8439788818 
1477.9836425781 -109.7870407104 
1483.1025390625 -109.6972122192 
1488.2392578125 -109.6020431519 
1493.3928222656 -109.5330047607 
1498.5651855469 -109.5138778687 
1503.7553710938 -109.5504684448 
1508.9635009766 -109.6280593872 
1514.1889648438 -109.7170104980 
1519.4332275391 -109.7821807861 
1524.6958007813 -109.7922744751 
1529.9764404297 -109.7312088013 
1535.2746582031 -109.6115570068 
1540.5920410156 -109.4784088135 
1545.9277343750 -109.3921661377 
1551.2819824219 -109.3980636597 
1556.6539306641 -109.5029602051 
1562.0452880859 -109.6723251343 
1567.4554443359 -109.8487777710 
1572.8842773438 -109.9816131592 
1578.3309326172 -110.0474548340 
1583.7974853516 -110.0505294800 
1589.2828369141 -109.9836807251 
1594.7872314453 -109.9110946655 
1600.3107910156 -109.8920745850 
1605.8524169922 -109.9014129639 
1611.4143066406 -109.9284896851 
1616.9953613281 -109.9568557739 
1622.5957031250 -109.9715347290 
1628.2145996094 -109.9633941650 
1633.8538818359 -109.9320144653 
1639.5125732422 -109.8884429932 
1645.1910400391 -109.8516616821 
1650.8881835938 -109.8838882446 
1656.6059570313 -109.9437866211 
1662.3435058594 -110.0022811890 
1668.1009521484 -110.0367279053 
1673.8774414063 -110.0440521240 
1679.6748046875 -110.0403518677 
1685.4923095703 -110.0480194092 
1691.3299560547 -110.1139907837 
1697.1867675781 -110.2244644165 
1703.0649414063 -110.2953643799 
1708.9635009766 -110.3348388672 
1714.8823242188 -110.3323745728 
1720.8208007813 -110.2960205078 
1726.7807617188 -110.2190170288 
1732.7614746094 -110.1460418701 
1738.7628173828 -110.0971450806 
1744.7839355469 -110.0450286865 
1750.8269042969 -109.9991912842 
1756.8908691406 -109.9836730957 
1762.9757080078 -110.0369415283 
1769.0808105469 -110.0987014771 
1775.2078857422 -110.1553192139 
1781.3562011719 -110.1964111328 
1787.5258789063 -110.2360305786 
1793.7159423828 -110.2667312622 
1799.9283447266 -110.2775497437 
1806.1623535156 -110.2755584717 
1812.4178466797 -110.2648849487 
1818.6940917969 -110.2514724731 
1824.9930419922 -110.2263793945 
1831.3138427734 -110.1638107300 
1837.6564941406 -110.0492630005 
1844.0201416016 -109.8537139893 
1850.4068603516 -109.7723083496 
1856.8156738281 -109.8495788574 
1863.2467041016 -110.0060958862 
1869.6988525391 -110.2407073975 
1876.1745605469 -110.3348464966 
1882.6726074219 -110.2927246094 
1889.1931152344 -110.2029495239 
1895.7352294922 -110.1741867065 
1902.3010253906 -110.1880569458 
1908.8895263672 -110.1847915649 
1915.5008544922 -110.0915145874 
1922.1340332031 -109.9435424805 
1928.7912597656 -109.8605499268 
1935.4715576172 -109.8069000244 
1942.1749267578 -109.7976150513 
1948.9005126953 -109.7952728271 
1955.6505126953 -109.8026733398 
1962.4238281250 -109.8545913696 
1969.2205810547 -109.9205703735 
1976.0397949219 -109.9948883057 
1982.8836669922 -109.9778366089 
1989.7513427734 -109.9085464478 
1996.6427001953 -109.8297882080 
2003.5579833984 -109.8664398193 
2010.4960937500 -109.9744491577 
2017.4593505859 -110.1599044800 
2024.4467773438 -110.2624893188 
2031.4583740234 -110.2096481323 
2038.4930419922 -110.1024627686 
2045.5533447266 -110.0535049438 
2052.6379394531 -110.0604019165 
2059.7473144531 -110.1263961792 
2066.8798828125 -110.2139358521 
2074.0385742188 -110.3045883179 
2081.2219238281 -110.3739242554 
2088.4299316406 -110.5015106201 
2095.6621093750 -110.6460266113 
2102.9201660156 -110.7749710083 
2110.2036132813 -110.8594284058 
2117.5122070313 -110.8790435791 
2124.8449707031 -110.8613662720 
2132.2043457031 -110.8279876709 
2139.5891113281 -110.7456359863 
2146.9995117188 -110.6602783203 
2154.4343261719 -110.6471710205 
2161.8959960938 -110.7184066772 
2169.3837890625 -110.8327484131 
2176.8972167969 -110.9048919678 
2184.4355468750 -110.8864364624 
2192.0014648438 -110.8360748291 
2199.5932617188 -110.8277053833 
2207.2114257813 -110.8762664795 
2214.8547363281 -110.9576416016 
2222.5258789063 -111.0251846313 
2230.2233886719 -111.0557861328 
2237.9477539063 -111.0728454590 
2245.6975097656 -111.1056518555 
2253.4753417969 -111.1510772705 
2261.2802734375 -111.1801834106 
2269.1120605469 -111.1794586182 
2276.9697265625 -111.1398620605 
2284.8559570313 -111.0746154785 
2292.7695312500 -111.0128631592 
2300.7104492188 -111.0195846558 
2308.6774902344 -111.1042404175 
2316.6735839844 -111.2110595703 
2324.6972656250 -111.2975540161 
2332.7485351563 -111.3538513184 
2340.8266601563 -111.3754272461 
2348.9340820313 -111.3366775513 
2357.0695800781 -111.2835540771 
2365.2331542969 -111.2751083374 
2373.4235839844 -111.3449020386 
2381.6440429688 -111.4529495239 
2389.8925781250 -111.4675903320 
2398.1699218750 -111.4213104248 
2406.4746093750 -111.3757934570 
2414.8093261719 -111.2130126953 
2423.1728515625 -110.3374786377 
2431.5654296875 -109.3170013428 
2439.9855957031 -108.6641540527 
2448.4365234375 -108.9025573730 
2456.9165039063 -109.7607727051 
2465.4260253906 -110.6375885010 
2473.9633789063 -111.2778015137 
2482.5319824219 -111.4281387329 
2491.1301269531 -111.4535903931 
2499.7580566406 -111.4620819092 
2508.4143066406 -111.5033569336 
2517.1020507813 -111.5432128906 
2525.8200683594 -111.5663528442 
2534.5681152344 -111.5800323486 
2543.3464355469 -111.5906295776 
2552.1538085938 -111.6032791138 
2560.9931640625 -111.6121063232 
2569.8630371094 -111.6190643311 
2578.7636718750 -111.6262130737 
2587.6936035156 -111.6220169067 
2596.6560058594 -111.6058044434 
2605.6494140625 -111.6009521484 
2614.6738281250 -111.6102218628 
2623.7282714844 -111.6407546997 
2632.8154296875 -111.7342300415 
2641.9340820313 -111.8823623657 
2651.0842285156 -111.9637527466 
2660.2646484375 -111.9187316895 
2669.4785156250 -111.8223800659 
2678.7241210938 -111.7668151855 
2688.0017089844 -111.8070678711 
2697.3100585938 -111.8343887329 
2706.6518554688 -111.8712615967 
2716.0263671875 -111.9315185547 
2725.4331054688 -111.9495544434 
2734.8710937500 -111.8335418701 
2744.3432617188 -111.6515808105 
2753.8481445313 -111.6001968384 
2763.3859863281 -111.7067260742 
2772.9553222656 -111.7963943481 
2782.5593261719 -111.7765960693 
2792.1965332031 -111.7407989502 
2801.8671875000 -111.7395095825 
2811.5698242188 -111.7951278687 
2821.3073730469 -111.8489685059 
2831.0788574219 -111.7969055176 
2840.8842773438 -111.6647109985 
2850.7219238281 -111.5940246582 
2860.5952148438 -111.6370391846 
2870.5029296875 -111.6638641357 
2880.4448242188 -111.5866928101 
2890.4194335938 -111.5381393433 
2900.4301757813 -111.6118087769 
2910.4758300781 -111.6930847168 
2920.5561523438 -111.6664352417 
2930.6696777344 -111.5579833984 
2940.8198242188 -111.4626693726 
2951.0053710938 -111.4656295776 
2961.2260742188 -111.5819549561 
2971.4804687500 -111.7192459106 
2981.7719726563 -111.7422943115 
2992.0991210938 -111.6657943726 
3002.4621582031 -111.6329803467 
3012.8593750000 -111.6539001465 
3023.2944335938 -111.6703643799 
3033.7653808594 -111.6827316284 
3044.2727050781 -111.6959762573 
3054.8146972656 -111.7133102417 
3065.3950195313 -111.7404556274 
3076.0117187500 -111.7803268433 
3086.6655273438 -111.8269729614 
3097.3542480469 -111.8831176758 
3108.0817871094 -111.9378662109 
3118.8464355469 -111.9912567139 
3129.6484375000 -112.0356369019 
3140.4860839844 -112.0766448975 
3151.3630371094 -112.1129455566 
3162.2775878906 -112.1468505859 
3173.2299804688 -112.1796646118 
3184.2204589844 -112.2109909058 
3195.2470703125 -112.2403488159 
3206.3137207031 -112.2686386108 
3217.4184570313 -112.2956161499 
3228.5620117188 -112.3228378296 
3239.7421875000 -112.3499221802 
3250.9628906250 -112.3752746582 
3262.2224121094 -112.3934555054 
3273.5209960938 -112.4044647217 
3284.8569335938 -112.3947525024 
3296.2338867188 -112.3675003052 
3307.6501464844 -112.3272018433 
3319.1059570313 -112.2710723877 
3330.5998535156 -112.2159805298 
3342.1352539063 -112.1653289795 
3353.7104492188 -112.1317214966 
3365.3259277344 -112.1206512451 
3376.9797363281 -112.1263732910 
3388.6757812500 -112.1546020508 
3400.4123535156 -112.2010116577 
3412.1894531250 -112.2556991577 
3424.0056152344 -112.3173522949 
3435.8645019531 -112.3803787231 
3447.7644042969 -112.4408264160 
3459.7055664063 -112.4977111816 
3471.6860351563 -112.5441665649 
3483.7102050781 -112.5769500732 
3495.7758789063 -112.5953674316 
3507.8833007813 -112.5924148560 
3520.0307617188 -112.5650634766 
3532.2221679688 -112.5281829834 
3544.4558105469 -112.4857940674 
3556.7319335938 -112.4535293579 
3569.0485839844 -112.4393463135 
3581.4099121094 -112.4402236938 
3593.8139648438 -112.4562530518 
3606.2609863281 -112.4771347046 
3618.7490234375 -112.4888458252 
3631.2824707031 -112.4873657227 
3643.8591308594 -112.4645004272 
3656.4794921875 -112.4176025391 
3669.1416015625 -112.3620147705 
3681.8493652344 -112.3044586182 
3694.6013183594 -112.2569351196 
3707.3974609375 -112.2375411987 
3720.2358398438 -112.2417831421 
3733.1206054688 -112.2673950195 
3746.0500488281 -112.3108978271 
3759.0244140625 -112.3583602905 
3772.0415039063 -112.3982391357 
3785.1059570313 -112.4266586304 
3798.2153320313 -112.4404296875 
3811.3703613281 -112.4342803955 
3824.5688476563 -112.4181289673 
3837.8149414063 -112.3981475830 
3851.1071777344 -112.3796005249 
3864.4453125000 -112.3695602417 
3877.8273925781 -112.3721847534 
3891.2580566406 -112.3814239502 
3904.7353515625 -112.3942184448 
3918.2590332031 -112.4080352783 
3931.8276367188 -112.4221420288 
3945.4453125000 -112.4397125244 
3959.1103515625 -112.4617385864 
3972.8225097656 -112.4872131348 
3986.5822753906 -112.5136413574 
4000.3872070313 -112.5359878540 
4014.2424316406 -112.5464782715 
4028.1455078125 -112.5453643799 
4042.0969238281 -112.5347595215 
4056.0942382813 -112.5191192627 
4070.1423339844 -112.5050888062 
4084.2392578125 -112.5045623779 
4098.3847656250 -112.5245208740 
4112.5771484375 -112.5586547852 
4126.8208007813 -112.5958786011 
4141.1137695313 -112.6240921021 
4155.4565429688 -112.6346817017 
4169.8461914063 -112.6298522949 
4184.2885742188 -112.6300125122 
4198.7802734375 -112.6481170654 
4213.3227539063 -112.6844635010 
4227.9130859375 -112.7326431274 
4242.5561523438 -112.7836837769 
4257.2500000000 -112.8301696777 
4271.9951171875 -112.8686599731 
4286.7885742188 -112.8969955444 
4301.6357421875 -112.9131927490 
4316.5341796875 -112.9139328003 
4331.4843750000 -112.8987197876 
4346.4838867188 -112.8717269897 
4361.5375976563 -112.8416519165 
4376.6435546875 -112.8196105957 
4391.8017578125 -112.8152465820 
4407.0102539063 -112.8334808350 
4422.2739257813 -112.8649368286 
4437.5898437500 -112.8933639526 
4452.9594726563 -112.9056243896 
4468.3793945313 -112.8982009888 
4483.8554687500 -112.8781433105 
4499.3852539063 -112.8566894531 
4514.9687500000 -112.8404464722 
4530.6035156250 -112.8268661499 
4546.2949218750 -112.8081512451 
4562.0410156250 -112.7803955078 
4577.8413085938 -112.7490921021 
4593.6938476563 -112.7265014648 
4609.6040039063 -112.7209014893 
4625.5693359375 -112.7340927124 
4641.5898437500 -112.7651672363 
4657.6630859375 -112.8122329712 
4673.7944335938 -112.8705978394 
4689.9819335938 -112.9293594360 
4706.2255859375 -112.9716720581 
4722.5229492188 -112.9820632935 
4738.8789062500 -112.9572372437 
4755.2919921875 -112.9106750488 
4771.7617187500 -112.8651657104 
4788.2861328125 -112.8388519287 
4804.8701171875 -112.8360061646 
4821.5112304688 -112.8483276367 
4838.2104492188 -112.8630523682 
4854.9648437500 -112.8711624146 
4871.7797851563 -112.8719558716 
4888.6528320313 -112.8731079102 
4905.5844726563 -112.8774185181 
4922.5717773438 -112.9032669067 
4939.6210937500 -112.9502487183 
4956.7294921875 -113.0090179443 
4973.8964843750 -113.0636978149 
4991.1206054688 -113.0979919434 
5008.4072265625 -113.0998840332 
5025.7539062500 -113.0666961670 
5043.1601562500 -113.0089416504 
5060.6269531250 -112.9215393066 
5078.1513671875 -112.8657379150 
5095.7392578125 -112.8473510742 
5113.3881835938 -112.8313446045 
5131.0981445313 -112.8106689453 
5148.8666992188 -112.7857055664 
5166.6997070313 -112.7660751343 
5184.5942382813 -112.7684707642 
5202.5507812500 -112.8069381714 
5220.5668945313 -112.8797683716 
5238.6479492188 -112.9652786255 
5256.7915039063 -113.0329208374 
5274.9985351563 -113.0610122681 
5293.2651367188 -113.0464324951 
5311.5981445313 -113.0027542114 
5329.9946289063 -112.9520950317 
5348.4545898438 -112.9058990479 
5366.9760742188 -112.8996276855 
5385.5644531250 -112.9152069092 
5404.2167968750 -112.9423599243 
5422.9340820313 -112.9793167114 
5441.7133789063 -113.0203094482 
5460.5605468750 -113.0566253662 
5479.4726562500 -113.0791320801 
5498.4506835938 -113.0785293579 
5517.4912109375 -113.0476608276 
5536.6010742188 -112.9524459839 
5555.7768554688 -112.8534698486 
5575.0190429688 -112.8135757446 
5594.3247070313 -112.7969436646 
5613.7001953125 -112.7946166992 
5633.1430664063 -112.7994842529 
5652.6533203125 -112.8094253540 
5672.2275390625 -112.8213958740 
5691.8730468750 -112.8054580688 
5711.5869140625 -112.7736663818 
5731.3686523438 -112.7446441650 
5751.2158203125 -112.7376098633 
5771.1347656250 -112.7603759766 
5791.1230468750 -112.8335494995 
5811.1801757813 -112.9082107544 
5831.3037109375 -112.9380035400 
5851.5000000000 -112.9451675415 
5871.7666015625 -112.9282531738 
5892.1030273438 -112.8618316650 
5912.5068359375 -112.7811660767 
5932.9848632813 -112.7480697632 
5953.5332031250 -112.7530593872 
5974.1533203125 -112.8020935059 
5994.8408203125 -112.9278335571 
6015.6040039063 -113.0397949219 
6036.4384765625 -113.0723724365 
6057.3457031250 -113.0735855103 
6078.3217773438 -113.0403366089 
6099.3735351563 -112.9970703125 
6120.4985351563 -112.9829559326 
6141.6967773438 -112.9982070923 
6162.9648437500 -113.0731964111 
6184.3095703125 -113.1420974731 
6205.7290039063 -113.1434173584 
6227.2221679688 -113.1108474731 
6248.7866210938 -113.0549316406 
6270.4287109375 -113.0396575928 
6292.1459960938 -113.0580673218 
6313.9384765625 -113.0937347412 
6335.8066406250 -113.1183853149 
6357.7470703125 -113.1301879883 
6379.7666015625 -113.1439132690 
6401.8627929688 -113.1621017456 
6424.0351562500 -113.1665802002 
6446.2812500000 -113.1623764038 
6468.6074218750 -113.1603851318 
6491.0112304688 -113.1640090942 
6513.4926757813 -113.1657104492 
6536.0483398438 -113.1633148193 
6558.6855468750 -113.1499710083 
6581.4013671875 -113.1240005493 
6604.1958007813 -113.0611724854 
6627.0654296875 -113.0091857910 
6650.0175781250 -113.0027008057 
6673.0498046875 -113.0305633545 
6696.1616210938 -113.0705413818 
6719.3496093750 -113.0846252441 
6742.6220703125 -113.0715789795 
6765.9746093750 -113.0729141235 
6789.4082031250 -113.1385726929 
6812.9194335938 -113.2357940674 
6836.5156250000 -113.2669525146 
6860.1938476563 -113.2242279053 
6883.9536132813 -113.1494140625 
6907.7919921875 -113.1148300171 
6931.7167968750 -113.1188659668 
6955.7246093750 -113.1439514160 
6979.8154296875 -113.2077102661 
7003.9858398438 -113.2595520020 
7028.2436523438 -113.2382812500 
7052.5859375000 -113.1698989868 
7077.0122070313 -113.1049575806 
7101.5190429688 -113.0729675293 
7126.1147460938 -113.0898742676 
7150.7958984375 -113.1344604492 
7175.5625000000 -113.1512069702 
7200.4106445313 -113.0946655273 
7225.3491210938 -112.9893951416 
7250.3735351563 -112.9566879272 
7275.4848632813 -113.0131835938 
7300.6791992188 -113.0824737549 
7325.9648437500 -113.1150512695 
7351.3378906250 -113.1489181519 
7376.7988281250 -113.1952133179 
7402.3442382813 -113.1911010742 
7427.9819335938 -113.1366043091 
7453.7080078125 -113.1051559448 
7479.5239257813 -113.1345825195 
7505.4248046875 -113.2062149048 
7531.4194335938 -113.2889556885 
7557.5039062500 -113.3634414673 
7583.6791992188 -113.3166427612 
7609.9409179688 -113.1445770264 
7636.2973632813 -112.9911270142 
7662.7451171875 -112.9572677612 
7689.2851562500 -113.0388183594 
7715.9121093750 -113.1097717285 
7742.6357421875 -113.0994644165 
7769.4521484375 -113.0722122192 
7796.3613281250 -113.1273651123 
7823.3593750000 -113.2499542236 
7850.4550781250 -113.3483886719 
7877.6450195313 -113.3575057983 
7904.9287109375 -113.3198242188 
7932.3027343750 -113.3044815063 
7959.7758789063 -113.2963867188 
7987.3442382813 -113.2851943970 
8015.0078125000 -113.2626113892 
8042.7675781250 -113.1974792480 
8070.6191406250 -113.1648406982 
8098.5712890625 -113.2200393677 
8126.6201171875 -113.3356552124 
8154.7666015625 -113.3470153809 
8183.0053710938 -113.2534484863 
8211.3466796875 -113.1396255493 
8239.7871093750 -113.1591339111 
8268.3251953125 -113.2442398071 
8296.9570312500 -113.2665557861 
8325.6933593750 -113.2290573120 
8354.5292968750 -113.2339096069 
8383.4648437500 -113.2365341187 
8412.4960937500 -113.1707687378 
8441.6318359375 -113.1512145996 
8470.8691406250 -113.2026062012 
8500.2080078125 -113.2715682983 
8529.6425781250 -113.2639694214 
8559.1845703125 -113.2223358154 
8588.8291015625 -113.2070312500 
8618.5761718750 -113.2356414795 
8648.4218750000 -113.2516479492 
8678.3750000000 -113.2483139038 
8708.4326171875 -113.2291793823 
8738.5937500000 -113.2145767212 
8768.8544921875 -113.2129516602 
8799.2246093750 -113.2595520020 
8829.7001953125 -113.3725891113 
8860.2822265625 -113.4778442383 
8890.9638671875 -113.4203567505 
8921.7578125000 -113.2948760986 
8952.6582031250 -113.2187042236 
8983.6650390625 -113.1847000122 
9014.7744140625 -113.2073211670 
9045.9970703125 -113.2727890015 
9077.3271484375 -113.2805786133 
9108.7656250000 -113.1912384033 
9140.3085937500 -113.0916366577 
9171.9658203125 -113.0572433472 
9203.7324218750 -113.0552978516 
9235.6093750000 -113.0526962280 
9267.5908203125 -113.0516204834 
9299.6894531250 -113.1203002930 
9331.8984375000 -113.2149734497 
9364.2187500000 -113.1655349731 
9396.6464843750 -113.0356445313 
9429.1914062500 -112.9593048096 
9461.8486328125 -112.9486999512 
9494.6191406250 -113.0006637573 
9527.4980468750 -113.1109848022 
9560.4960937500 -113.2198333740 
9593.6083984375 -113.1998367310 
9626.8359375000 -113.1966857910 
9660.1718750000 -113.2623672485 
9693.6298828125 -113.2364730835 
9727.2031250000 -113.1523971558 
9760.8935546875 -113.1481781006 
9794.6943359375 -113.2061004639 
9828.6171875000 -113.2298965454 
9862.6582031250 -113.2110748291 
9896.8173828125 -113.2315902710 
9931.0888671875 -113.2699127197 
9965.4853515625 -113.2519836426 
10000.0000000000 -113.2398071289 
10034.6347656250 -113.2720184326 
10069.3886718750 -113.2985534668 
10104.2636718750 -113.3081588745 
10139.2597656250 -113.3096847534 
10174.3652343750 -113.3037414551 
10209.6035156250 -113.2947387695 
10244.9638671875 -113.2910156250 
10280.4472656250 -113.2930450439 
10316.0527343750 -113.3062286377 
10351.7822265625 -113.3261795044 
10387.6347656250 -113.3480453491 
10423.6123046875 -113.3690872192 
10459.7021484375 -113.3799591064 
10495.9287109375 -113.3821563721 
10532.2812500000 -113.3755950928 
10568.7597656250 -113.3587188721 
10605.3642578125 -113.3401641846 
10642.0947265625 -113.3230056763 
10678.9531250000 -113.3102722168 
10715.9394531250 -113.3075103760 
10753.0419921875 -113.3108825684 
10790.2841796875 -113.3199005127 
10827.6562500000 -113.3347015381 
10865.1572265625 -113.3540649414 
10902.7880859375 -113.3755722046 
10940.5498046875 -113.3977432251 
10978.4414062500 -113.4155807495 
11016.4648437500 -113.4201049805 
11054.6074218750 -113.4094772339 
11092.8945312500 -113.3820343018 
11131.3144531250 -113.3343429565 
11169.8671875000 -113.2791595459 
11208.5537109375 -113.2257919312 
11247.3740234375 -113.1794891357 
11286.3291015625 -113.1483078003 
11325.4189453125 -113.1345596313 
11364.6308593750 -113.1327590942 
11403.9921875000 -113.1412506104 
11443.4892578125 -113.1582717896 
11483.1230468750 -113.1826705933 
11522.8945312500 -113.2082977295 
11562.8037109375 -113.2311553955 
11602.8505859375 -113.2469024658 
11643.0371093750 -113.2476882935 
11683.3486328125 -113.2288589478 
11723.8134765625 -113.1979293823 
11764.4189453125 -113.1618652344 
11805.1640625000 -113.1292419434 
11846.0507812500 -113.1141204834 
11887.0791015625 -113.1247482300 
11928.2490234375 -113.1541976929 
11969.5625000000 -113.1949310303 
12011.0048828125 -113.2373046875 
12052.6044921875 -113.2692489624 
12094.3486328125 -113.2778167725 
12136.2363281250 -113.2664794922 
12178.2695312500 -113.2382431030 
12220.4492187500 -113.1973495483 
12262.7734375000 -113.1489868164 
12305.2451171875 -113.0996475220 
12347.8505859375 -113.0586853027 
12390.6162109375 -113.0312500000 
12433.5312500000 -113.0197448730 
12476.5937500000 -113.0233459473 
12519.8056640625 -113.0380325317 
12563.1679687500 -113.0569839478 
12606.6796875000 -113.0711135864 
12650.3427734375 -113.0785217285 
12694.1562500000 -113.0824127197 
12738.1074218750 -113.0877304077 
12782.2255859375 -113.0987472534 
12826.4960937500 -113.1171264648 
12870.9199218750 -113.1406936646 
12915.4980468750 -113.1634902954 
12960.2304687500 -113.1800842285 
13005.1171875000 -113.1909561157 
13050.1601562500 -113.1995849609 
13095.3447265625 -113.2101593018 
13140.6992187500 -113.2255706787 
13186.2119140625 -113.2461318970 
13231.8818359375 -113.2695388794 
13277.7099609375 -113.2919006348 
13323.6962890625 -113.3087615967 
13369.8427734375 -113.3174972534 
13416.1484375000 -113.3192749023 
13462.5996093750 -113.3170928955 
13509.2265625000 -113.3147583008 
13556.0156250000 -113.3157348633 
13602.9658203125 -113.3229217529 
13650.0791015625 -113.3389434814 
13697.3554687500 -113.3656692505 
13744.7958984375 -113.4019927979 
13792.4003906250 -113.4412002563 
13840.1542968750 -113.4709777832 
13888.0888671875 -113.4790649414 
13936.1904296875 -113.4621505737 
13984.4570312500 -113.4311065674 
14032.8916015625 -113.4052200317 
14081.4941406250 -113.3963623047 
14130.2646484375 -113.4045486450 
14179.2041015625 -113.4204788208 
14228.2978515625 -113.4334106445 
14277.5771484375 -113.4378890991 
14327.0263671875 -113.4346771240 
14376.6474609375 -113.4267578125 
14426.4404296875 -113.4153060913 
14476.4052734375 -113.3994522095 
14526.5439453125 -113.3793258667 
14576.8564453125 -113.3584289551 
14627.3261718750 -113.3421020508 
14677.9873046875 -113.3329315186 
14728.8242187500 -113.3249816895 
14779.8369140625 -113.3101196289 
14831.0253906250 -113.2790756226 
14882.3925781250 -113.2322158813 
14933.9365234375 -113.1752243042 
14985.6601562500 -113.1152114868 
15037.5458984375 -113.0590591431 
15089.6269531250 -113.0138015747 
15141.8896484375 -112.9865188599 
15194.3330078125 -112.9825439453 
15246.9580078125 -113.0036697388 
15299.7646484375 -113.0480651855 
15352.7548828125 -113.1119613647 
15405.9287109375 -113.1911163330 
15459.2695312500 -113.2803344727 
15512.8115234375 -113.3714141846 
15566.5390625000 -113.4525146484 
15620.4531250000 -113.5107498169 
15674.5546875000 -113.5365219116 
15728.8427734375 -113.5258865356 
15783.3183593750 -113.4801635742 
15837.9833984375 -113.4055557251 
15892.8369140625 -113.2692718506 
15947.8642578125 -113.1556167603 
16003.0986328125 -113.1209259033 
16058.5244140625 -113.1243591309 
16114.1425781250 -113.1594619751 
16169.9531250000 -113.2117080688 
16225.9570312500 -113.2621688843 
16282.1552734375 -113.2936096191 
16338.5478515625 -113.2978515625 
16395.1171875000 -113.2796478271 
16451.9003906250 -113.2430572510 
16508.8808593750 -113.2279891968 
16566.0585937500 -113.2399291992 
16623.4355468750 -113.2676849365 
16681.0097656250 -113.3097000122 
16738.7832031250 -113.3624801636 
16796.7578125000 -113.4170074463 
16854.9140625000 -113.4584197998 
16913.2890625000 -113.4600372314 
16971.8691406250 -113.3926010132 
17030.6503906250 -113.3136901855 
17089.6347656250 -113.2248916626 
17148.8242187500 -113.1422424316 
17208.2167968750 -113.0862960815 
17267.8183593750 -113.1029434204 
17327.6054687500 -113.2256469727 
17387.6191406250 -113.3392562866 
17447.8398437500 -113.4283523560 
17508.2695312500 -113.4635009766 
17568.9082031250 -113.4052429199 
17629.7578125000 -113.2852935791 
17690.8164062500 -113.2027587891 
17752.0878906250 -113.1389160156 
17813.5527343750 -113.1024780273 
17875.2500000000 -113.1150588989 
17937.1582031250 -113.1999816895 
17999.2832031250 -113.2966766357 
18061.6230468750 -113.4034805298 
18124.1796875000 -113.4959259033 
18186.9511718750 -113.5596160889 
18249.9414062500 -113.5462722778 
18313.1289062500 -113.5102539063 
18376.5546875000 -113.4725418091 
18440.2011718750 -113.4134140015 
18504.0683593750 -113.3349304199 
18568.1562500000 -113.2677154541 
18632.4667968750 -113.2002258301 
18697.0000000000 -113.1239471436 
18761.7558593750 -113.0824966431 
18826.7148437500 -113.0758361816 
18891.9199218750 -113.0912246704 
18957.3515625000 -113.1324234009 
19023.0097656250 -113.1789855957 
19088.8945312500 -113.2368469238 
19155.0078125000 -113.3167266846 
19221.3515625000 -113.3579025269 
19287.9238281250 -113.3592681885 
19354.7050781250 -113.3646621704 
19421.7382812500 -113.3915557861 
19489.0058593750 -113.4121932983 
19556.5039062500 -113.4245300293 
19624.2382812500 -113.4215774536 
19692.2050781250 -113.4105529785 
19760.4082031250 -113.3695755005 
19828.8476562500 -113.3124084473 
19897.5019531250 -113.2840805054 
19966.4160156250 -113.2823181152 
20035.5683593750 -113.3091354370 
20104.9609375000 -113.3296813965 
20174.5937500000 -113.3557968140 
20244.4667968750 -113.3843078613 
20314.5839843750 -113.4088897705 
20384.9414062500 -113.4122619629 
20455.5449218750 -113.3962478638 
20526.3691406250 -113.3535003662 
20597.4609375000 -113.2975997925 
20668.7988281250 -113.2284469604 
20740.3847656250 -113.1676712036 
20812.2187500000 -113.1510620117 
20884.3007812500 -113.1712188721 
20956.6328125000 -113.2135848999 
21029.2148437500 -113.2473068237 
21102.0253906250 -113.2722396851 
21175.1113281250 -113.3097763062 
21248.4492187500 -113.3625183105 
21322.0429687500 -113.3937835693 
21395.8906250000 -113.4072265625 
21469.9941406250 -113.3984756470 
21544.3554687500 -113.4166412354 
21618.9726562500 -113.4719696045 
21693.8242187500 -113.5240478516 
21768.9609375000 -113.5321731567 
21844.3574218750 -113.4864273071 
21920.0136718750 -113.4294281006 
21995.9316406250 -113.3920059204 
22072.1152343750 -113.3549346924 
22148.5605468750 -113.2630615234 
22225.2714843750 -113.1274414063 
22302.2226562500 -113.0166015625 
22379.4648437500 -112.9834060669 
22456.9746093750 -113.0403442383 
22534.7539062500 -113.1261901855 
22612.8027343750 -113.2130432129 
22691.1210937500 -113.3023376465 
22769.7109375000 -113.3908004761 
22848.5722656250 -113.4553833008 
22927.6816406250 -113.4597778320 
23007.0898437500 -113.3977050781 
23086.7753906250 -113.3396224976 
23166.7343750000 -113.2882537842 
23246.9707031250 -113.2278900146 
23327.4863281250 -113.1699600220 
23408.2792968750 -113.1768493652 
23489.3535156250 -113.2513504028 
23570.6816406250 -113.3000488281 
23652.3183593750 -113.2711029053 
23734.2363281250 -113.1917648315 
23816.4394531250 -113.1175613403 
23898.9257812500 -113.0756454468 
23981.6992187500 -113.0448684692 
24064.7578125000 -113.0652923584 
24148.1054687500 -113.1580047607 
24231.7148437500 -113.2706527710 
24315.6406250000 -113.2872314453 
24399.8574218750 -113.2500534058 
24484.3652343750 -113.2162933350 
24569.1640625000 -113.2538757324 
24654.2597656250 -113.3591079712 
24739.6484375000 -113.4774322510 
24825.3320312500 -113.4621658325 
24911.2871093750 -113.3341903687 
24997.5664062500 -113.1575469971 
25084.1445312500 -113.1386642456 
25171.0214843750 -113.2240371704 
25258.1992187500 -113.3073806763 
25345.6816406250 -113.3296737671 
25433.4648437500 -113.2841567993 
25521.5527343750 -113.1881027222 
25609.9453125000 -113.0339431763 
25698.6152343750 -112.9473037720 
25787.6210937500 -112.9585113525 
25876.9355468750 -113.0293807983 
25966.5585937500 -113.1425933838 
26056.4941406250 -113.1940002441 
26146.7382812500 -113.1689987183 
26237.2968750000 -113.1076583862 
26328.1679687500 -113.0597000122 
26419.3261718750 -113.1181030273 
26510.8281250000 -113.2532806396 
26602.6464843750 -113.3523712158 
26694.7832031250 -113.4164810181 
26787.2402343750 -113.4529266357 
26880.0156250000 -113.4435501099 
26973.1132812500 -113.3961868286 
27066.5351562500 -113.3133010864 
27160.2480468750 -113.2467269897 
27254.3164062500 -113.1890258789 
27348.7109375000 -113.1137161255 
27443.4316406250 -113.0700607300 
27538.4804687500 -113.1329956055 
27633.8593750000 -113.2736511230 
27729.5683593750 -113.3294143677 
27825.6074218750 -113.2363433838 
27921.9492187500 -113.1563873291 
28018.6562500000 -113.1444244385 
28115.6972656250 -113.1906661987 
28213.0742187500 -113.2644805908 
28310.7890625000 -113.3695144653 
28408.8417968750 -113.3974685669 
28507.2343750000 -113.2609252930 
28605.9687500000 -113.1515350342 
28705.0136718750 -113.2251358032 
28804.4316406250 -113.3442077637 
28904.1933593750 -113.3347473145 
29004.3027343750 -113.2512588501 
29104.7578125000 -113.2111282349 
29205.5605468750 -113.2078704834 
29306.7128906250 -113.1721267700 
29408.2148437500 -113.1139373779 
29510.0371093750 -113.1256637573 
29612.2441406250 -113.2359161377 
29714.8046875000 -113.3438186646 
29817.7207031250 -113.3426742554 
29920.9921875000 -113.3045120239 
30024.6230468750 -113.3048782349 
30128.6113281250 -113.3075485229 
30232.9609375000 -113.3081512451 
30337.6367187500 -113.3068542480 
30442.7109375000 -113.3039016724 
30548.1464843750 -113.3007736206 
30653.9492187500 -113.2976684570 
30760.1171875000 -113.2942047119 
30866.6542968750 -113.2905731201 
30973.5585937500 -113.2868041992 
31080.8339843750 -113.2852401733 
31188.4472656250 -113.2858047485 
31296.4667968750 -113.2953109741 
31404.8613281250 -113.3082809448 
31513.6308593750 -113.3261337280 
31622.7773437500 -113.3397827148 
31732.3007812500 -113.3467330933 
31842.2031250000 -113.3370513916 
31952.4882812500 -113.3065567017 
32063.1542968750 -113.2645187378 
32174.1679687500 -113.2080612183 
32285.6015625000 -113.1549072266 
32397.4218750000 -113.1065521240 
32509.6289062500 -113.0778503418 
32622.2246093750 -113.0653762817 
32735.2089843750 -113.0649185181 
32848.5859375000 -113.0805130005 
32962.3554687500 -113.1004333496 
33076.4843750000 -113.1224899292 
33191.0429687500 -113.1417160034 
33305.9960937500 -113.1544723511 
33421.3515625000 -113.1622314453 
33537.1054687500 -113.1628265381 
33653.2578125000 -113.1636810303 
33769.8164062500 -113.1671829224 
33886.7773437500 -113.1777954102 
34004.1054687500 -113.1959838867 
34121.8750000000 -113.2155456543 
34240.0546875000 -113.2345123291 
34358.6445312500 -113.2430496216 
34477.6445312500 -113.2446975708 
34597.0546875000 -113.2399673462 
34716.8789062500 -113.2310714722 
34837.1210937500 -113.2252197266 
34957.7382812500 -113.2233200073 
35078.8125000000 -113.2282257080 
35200.3085937500 -113.2407379150 
35322.2226562500 -113.2574234009 
35444.5585937500 -113.2778930664 
35567.3203125000 -113.3031921387 
35690.5039062500 -113.3319931030 
35814.1171875000 -113.3626937866 
35938.1171875000 -113.3942260742 
36062.5898437500 -113.4176406860 
36187.4921875000 -113.4283370972 
36312.8242187500 -113.4241867065 
36438.5898437500 -113.3997573853 
36564.7968750000 -113.3567504883 
36691.4375000000 -113.3089981079 
36818.5156250000 -113.2613296509 
36945.9921875000 -113.2214889526 
37073.9531250000 -113.1936645508 
37202.3593750000 -113.1709976196 
37331.2070312500 -113.1507415771 
37460.5000000000 -113.1293334961 
37590.2460937500 -113.1056747437 
37720.4375000000 -113.0833206177 
37851.0781250000 -113.0641098022 
37982.1328125000 -113.0499267578 
38113.6835937500 -113.0463409424 
38245.6875000000 -113.0565261841 
38378.1484375000 -113.0839996338 
38511.0703125000 -113.1312484741 
38644.4531250000 -113.2010574341 
38778.2968750000 -113.2830047607 
38912.6015625000 -113.3584136963 
39047.3320312500 -113.4168395996 
39182.5703125000 -113.4500427246 
39318.2773437500 -113.4504928589 
39454.4531250000 -113.4283447266 
39591.1015625000 -113.3985900879 
39728.2265625000 -113.3673095703 
39865.8203125000 -113.3376617432 
40003.8945312500 -113.3080825806 
40142.4453125000 -113.2720794678 
40281.4335937500 -113.2312393188 
40420.9453125000 -113.1910476685 
40560.9414062500 -113.1585235596 
40701.4257812500 -113.1409835815 
40842.3906250000 -113.1457901001 
40983.8476562500 -113.1670913696 
41125.7929687500 -113.1950225830 
41268.2304687500 -113.2236633301 
41411.1171875000 -113.2500381470 
41554.5390625000 -113.2744140625 
41698.4648437500 -113.2984313965 
41842.8828125000 -113.3164672852 
41987.8046875000 -113.3190994263 
42133.2265625000 -113.3017959595 
42279.1523437500 -113.2674636841 
42425.5859375000 -113.2251968384 
42572.4765625000 -113.1868133545 
42719.9257812500 -113.1612930298 
42867.8828125000 -113.1507720947 
43016.3554687500 -113.1511688232 
43165.3398437500 -113.1622848511 
43314.8437500000 -113.1841125488 
43464.8593750000 -113.2142486572 
43615.3984375000 -113.2462692261 
43766.4101562500 -113.2701568604 
43917.9960937500 -113.2754974365 
44070.1015625000 -113.2547912598 
44222.7382812500 -113.2142715454 
44375.9023437500 -113.1681518555 
44529.5937500000 -113.1300811768 
44683.8203125000 -113.1075820923 
44838.5820312500 -113.0985107422 
44993.8281250000 -113.0934371948 
45149.6601562500 -113.0833282471 
45306.0351562500 -113.0674743652 
45462.9492187500 -113.0549316406 
45620.4101562500 -113.0562973022 
45778.4140625000 -113.0718154907 
45936.9648437500 -113.0864105225 
46096.0664062500 -113.0827941895 
46255.6679687500 -113.0593490601 
46415.8710937500 -113.0287628174 
46576.6289062500 -113.0068206787 
46737.9453125000 -113.0018844604 
46899.8203125000 -113.0129470825 
47062.2578125000 -113.0342483521 
47225.2539062500 -113.0595092773 
47388.8164062500 -113.0826034546 
47552.8945312500 -113.0973739624 
47717.5898437500 -113.1002120972 
47882.8593750000 -113.0941696167 
48048.6992187500 -113.0898666382 
48215.1132812500 -113.0996246338 
48382.1054687500 -113.1272506714 
48549.6718750000 -113.1615600586 
48717.8242187500 -113.1814498901 
48886.5000000000 -113.1709899902 
49055.8164062500 -113.1494979858 
49225.7187500000 -113.0966339111 
49396.2109375000 -113.0451583862 
49567.2929687500 -113.0125274658 
49738.9648437500 -113.0070037842 
49911.2343750000 -113.0247268677 
50084.1015625000 -113.0485076904 
50257.5664062500 -113.0544586182 
50431.5742187500 -113.0275497437 
50606.2421875000 -112.9471588135 
50781.5156250000 -112.8865127563 
50957.3945312500 -112.8798904419 
51133.8828125000 -112.8897628784 
51310.9804687500 -112.9041824341 
51488.6953125000 -112.9198226929 
51667.0234375000 -112.9386978149 
51845.9140625000 -112.9593505859 
52025.4804687500 -112.9747924805 
52205.6679687500 -112.9779891968 
52386.4804687500 -112.9669647217 
52567.9179687500 -112.9443740845 
52749.9843750000 -112.9143981934 
52932.6796875000 -112.8811187744 
53116.0117187500 -112.8493041992 
53299.9179687500 -112.8254699707 
53484.5195312500 -112.8263168335 
53669.7617187500 -112.8819046021 
53855.6445312500 -112.9569320679 
54042.1679687500 -113.0449600220 
54229.3398437500 -113.1189498901 
54417.1640625000 -113.1520462036 
54605.6328125000 -113.1367721558 
54794.6992187500 -113.0929794312 
54984.4765625000 -113.0533218384 
55174.9140625000 -113.0388107300 
55366.0078125000 -113.0524520874 
55557.7656250000 -113.0622787476 
55750.1875000000 -113.0625991821 
55943.2773437500 -113.0732955933 
56137.0351562500 -113.1014709473 
56331.3984375000 -113.1395263672 
56526.5000000000 -113.1700057983 
56722.2773437500 -113.1627120972 
56918.7343750000 -113.0949249268 
57115.8671875000 -113.0283584595 
57313.6875000000 -112.9697036743 
57512.1914062500 -112.9319152832 
57711.3789062500 -112.9150238037 
57911.1992187500 -112.9154739380 
58111.7695312500 -112.9449768066 
58313.0390625000 -112.9968032837 
58515.0039062500 -113.0695419312 
58717.6679687500 -113.1404647827 
58921.0312500000 -113.1716766357 
59125.1015625000 -113.0954513550 
59329.8789062500 -112.9959030151 
59535.3007812500 -112.9026184082 
59741.5000000000 -112.8498764038 
59948.4101562500 -112.8768081665 
60156.0390625000 -112.9706726074 
60364.3867187500 -113.0389480591 
60573.4570312500 -113.0934295654 
60783.2500000000 -113.1278305054 
60993.7695312500 -113.1002578735 
61204.9531250000 -113.0487823486 
61416.9335937500 -112.9938964844 
61629.6484375000 -112.9372329712 
61843.0976562500 -112.9041595459 
62057.2890625000 -112.8844223022 
62272.2226562500 -112.8622665405 
62487.8984375000 -112.8433380127 
62704.3203125000 -112.8598403931 
62921.4257812500 -112.8935165405 
63139.3515625000 -112.9484176636 
63358.0312500000 -112.9898986816 
63577.4687500000 -113.0102310181 
63797.6679687500 -113.0278320313 
64018.6289062500 -113.0261154175 
64240.3554687500 -112.9702072144 
64462.8476562500 -112.9075775146 
64686.1093750000 -112.8481750488 
64910.0781250000 -112.8638458252 
65134.8906250000 -112.9152145386 
65360.4804687500 -112.9828033447 
65586.8515625000 -112.9867935181 
65814.0156250000 -112.9357376099 
66041.9531250000 -112.8143157959 
66270.6875000000 -112.7032470703 
66500.2109375000 -112.6599197388 
66730.4609375000 -112.6279144287 
66961.5781250000 -112.6036987305 
67193.5000000000 -112.5977020264 
67426.2187500000 -112.6320953369 
67659.7500000000 -112.6826324463 
67894.0859375000 -112.7542266846 
68129.2343750000 -112.7657546997 
68365.1953125000 -112.7217330933 
68601.8984375000 -112.6455001831 
68839.5000000000 -112.6218109131 
69077.9218750000 -112.6562194824 
69317.1718750000 -112.6843032837 
69557.2421875000 -112.6826324463 
69798.1562500000 -112.6537933350 
70039.8984375000 -112.6148605347 
70282.4765625000 -112.6261520386 
70525.8203125000 -112.7247695923 
70770.0859375000 -112.8581466675 
71015.1875000000 -112.9094924927 
71261.1484375000 -112.8548583984 
71507.9609375000 -112.7910156250 
71755.6250000000 -112.7677230835 
72004.1484375000 -112.7460327148 
72253.5312500000 -112.7021408081 
72503.6953125000 -112.6254577637 
72754.8125000000 -112.5731964111 
73006.7890625000 -112.5997009277 
73259.6484375000 -112.6607284546 
73513.3828125000 -112.6907119751 
73767.9921875000 -112.6845474243 
74023.4843750000 -112.6571578979 
74279.8593750000 -112.6130447388 
74537.0390625000 -112.5658645630 
74795.1953125000 -112.5583496094 
75054.2500000000 -112.6257934570 
75314.1953125000 -112.7211227417 
75575.0390625000 -112.7556381226 
75836.7890625000 -112.6347579956 
76099.4453125000 -112.4983520508 
76363.0156250000 -112.4874496460 
76627.4140625000 -112.6105728149 
76892.8046875000 -112.7793731689 
77159.1250000000 -112.8702850342 
77426.3593750000 -112.8421783447 
77694.5234375000 -112.7296218872 
77963.6093750000 -112.6185150146 
78233.6328125000 -112.5312576294 
78504.5937500000 -112.5122222900 
78776.4062500000 -112.5673141479 
79049.2421875000 -112.6738357544 
79323.0234375000 -112.7558364868 
79597.7578125000 -112.7704086304 
79873.4453125000 -112.6985702515 
80150.0781250000 -112.6101837158 
80427.6796875000 -112.5863723755 
80706.2343750000 -112.5869750977 
80985.7578125000 -112.5279617310 
81266.1562500000 -112.4218521118 
81547.6171875000 -112.3869781494 
81830.0546875000 -112.4009857178 
82113.4687500000 -112.4380798340 
82397.8671875000 -112.4745101929 
82683.2500000000 -112.4960937500 
82969.6171875000 -112.4723434448 
83256.9765625000 -112.4583511353 
83545.2421875000 -112.5042190552 
83834.6015625000 -112.6030883789 
84124.9531250000 -112.6304321289 
84416.3203125000 -112.5848693848 
84708.6875000000 -112.5334777832 
85002.0781250000 -112.4935836792 
85296.4765625000 -112.4267883301 
85591.8984375000 -112.2905044556 
85888.2500000000 -112.1697769165 
86185.7187500000 -112.2262802124 
86484.2187500000 -112.3213119507 
86783.7500000000 -112.3981857300 
87084.3203125000 -112.4471969604 
87385.9375000000 -112.4132156372 
87688.5937500000 -112.3298645020 
87992.2968750000 -112.2900390625 
88296.9609375000 -112.2950744629 
88602.7734375000 -112.3269882202 
88909.6406250000 -112.3441390991 
89217.5781250000 -112.2927017212 
89526.5781250000 -112.2056732178 
89836.6484375000 -112.1319656372 
90147.7968750000 -112.1073684692 
90460.0156250000 -112.1324691772 
90773.2187500000 -112.1674804688 
91087.6093750000 -112.1492691040 
91403.0859375000 -112.0232543945 
91719.6562500000 -111.9435272217 
92037.3281250000 -111.9652633667 
92356.0937500000 -112.0349655151 
92675.9609375000 -112.0153808594 
92996.9453125000 -111.9816436768 
93318.9296875000 -111.9994812012 
93642.1328125000 -111.9576644897 
93966.4609375000 -111.8158950806 
94291.9062500000 -111.6967086792 
94618.4843750000 -111.7325744629 
94946.1953125000 -111.8489379883 
95275.0312500000 -111.9815139771 
95605.0156250000 -112.0970764160 
95936.0312500000 -112.0893173218 
96268.3046875000 -112.0120849609 
96601.7265625000 -111.9562606812 
96936.2968750000 -111.9632339478 
97272.0312500000 -111.9998703003 
97608.9296875000 -111.9388885498 
97946.9921875000 -111.7528915405 
98286.2265625000 -111.6052703857 
98626.5312500000 -111.5792770386 
98968.1171875000 -111.6231155396 
99310.8906250000 -111.6501693726 
99654.8515625000 -111.6339111328 
100000.0000000000 -111.7647781372 
100346.3437500000 -111.7524490356 
100693.8906250000 -111.7369995117 
101042.6406250000 -111.7159957886 
101392.5937500000 -111.6923522949 
101743.6562500000 -111.6661224365 
102096.0390625000 -111.6361160278 
102449.6406250000 -111.6047058105 
102804.4687500000 -111.5728607178 
103160.5312500000 -111.5431365967 
103517.8203125000 -111.5214767456 
103876.3515625000 -111.5085449219 
104236.1250000000 -111.5080337524 
104597.0234375000 -111.5251770020 
104959.2890625000 -111.5494689941 
105322.8125000000 -111.5787277222 
105687.5937500000 -111.6046752930 
106053.6406250000 -111.6197586060 
106420.9531250000 -111.6246414185 
106789.5312500000 -111.6174316406 
107159.3906250000 -111.5988540649 
107530.4218750000 -111.5771255493 
107902.8437500000 -111.5536422729 
108276.5625000000 -111.5306320190 
108651.5703125000 -111.5096282959 
109027.8828125000 -111.4907760620 
109405.4921875000 -111.4745254517 
109784.4140625000 -111.4629669189 
110164.6484375000 -111.4556274414 
110546.0781250000 -111.4495239258 
110928.9453125000 -111.4424057007 
111313.1484375000 -111.4272766113 
111698.6718750000 -111.3981857300 
112085.5390625000 -111.3565444946 
112473.7421875000 -111.3030090332 
112863.2890625000 -111.2389297485 
113254.1875000000 -111.1720581055 
113646.3125000000 -111.1083755493 
114039.9218750000 -111.0513000488 
114434.8906250000 -111.0045547485 
114831.2343750000 -110.9754104614 
115228.9453125000 -110.9562911987 
115628.0312500000 -110.9424438477 
116028.5078125000 -110.9288101196 
116430.3671875000 -110.9079895020 
116833.4921875000 -110.8782501221 
117238.1406250000 -110.8473739624 
117644.1875000000 -110.8216400146 
118051.6406250000 -110.8070983887 
118460.5078125000 -110.8106536865 
118870.7890625000 -110.8280258179 
119282.4921875000 -110.8487701416 
119695.6250000000 -110.8656005859 
120110.0546875000 -110.8720397949 
120526.0468750000 -110.8625869751 
120943.4843750000 -110.8355484009 
121362.3671875000 -110.7999496460 
121782.6953125000 -110.7621154785 
122204.4843750000 -110.7285995483 
122627.7343750000 -110.7055892944 
123052.4531250000 -110.6996383667 
123478.5000000000 -110.7121810913 
123906.1640625000 -110.7377624512 
124335.3125000000 -110.7727584839 
124765.9375000000 -110.8137283325 
125198.0625000000 -110.8577117920 
125631.6796875000 -110.9021377563 
126066.7968750000 -110.9415054321 
126503.4218750000 -110.9695510864 
126941.5625000000 -110.9808883667 
127381.0781250000 -110.9734573364 
127822.2578125000 -110.9497680664 
128264.9609375000 -110.9166946411 
128709.2031250000 -110.8834838867 
129154.9843750000 -110.8580017090 
129602.3046875000 -110.8393554688 
130051.1796875000 -110.8223953247 
130501.6015625000 -110.8060684204 
130953.4453125000 -110.7952575684 
131407.0000000000 -110.7988739014 
131862.1250000000 -110.8248214722 
132318.8125000000 -110.8737792969 
132777.0937500000 -110.9350662231 
133236.9687500000 -110.9865798950 
133698.4218750000 -111.0060958862 
134161.4843750000 -110.9898834229 
134626.0000000000 -110.9464111328 
135092.2656250000 -110.8903427124 
135560.1562500000 -110.8361968994 
136029.6562500000 -110.7947082520 
136500.7968750000 -110.7721252441 
136973.5625000000 -110.7706146240 
137447.9531250000 -110.7882690430 
137924.0000000000 -110.8189163208 
138401.5468750000 -110.8532333374 
138880.8906250000 -110.8819656372 
139361.9062500000 -110.8995285034 
139844.5781250000 -110.9049835205 
140328.9218750000 -110.9018554688 
140814.9375000000 -110.8940963745 
141302.6406250000 -110.8868865967 
141792.0468750000 -110.8865509033 
142282.9843750000 -110.8979568481 
142775.7656250000 -110.9202575684 
143270.2656250000 -110.9450073242 
143766.4687500000 -110.9601440430 
144264.4062500000 -110.9584045410 
144764.0625000000 -110.9430541992 
145265.4375000000 -110.9253845215 
145768.5625000000 -110.9159240723 
146273.2656250000 -110.9174575806 
146779.8750000000 -110.9250640869 
147288.2343750000 -110.9339370728 
147798.3593750000 -110.9349441528 
148310.2500000000 -110.9381256104 
148823.9218750000 -110.9530258179 
149339.3750000000 -110.9858474731 
149856.5937500000 -111.0338439941 
150375.4531250000 -111.0855255127 
150896.2656250000 -111.1277542114 
151418.8906250000 -111.1536865234 
151943.3281250000 -111.1641159058 
152469.5781250000 -111.1629791260 
152997.6406250000 -111.1539916992 
153527.5468750000 -111.1420898438 
154059.2812500000 -111.1353454590 
154592.6875000000 -111.1426696777 
155128.1093750000 -111.1687393188 
155665.3906250000 -111.2110443115 
156204.5312500000 -111.2609329224 
156745.5468750000 -111.3070678711 
157288.4218750000 -111.3392028809 
157833.1875000000 -111.3514099121 
158379.8281250000 -111.3439025879 
158928.3750000000 -111.3095779419 
159478.6406250000 -111.2758178711 
160030.9843750000 -111.2656707764 
160585.2500000000 -111.2634429932 
161141.4218750000 -111.2580642700 
161699.5312500000 -111.2385330200 
162259.5781250000 -111.2058105469 
162821.5468750000 -111.1760330200 
163385.4687500000 -111.1693801880 
163951.1718750000 -111.1935119629 
164519.0156250000 -111.2540435791 
165088.8125000000 -111.2841720581 
165660.5937500000 -111.2726745605 
166234.3437500000 -111.2534866333 
166810.0937500000 -111.2420043945 
167387.8281250000 -111.2422866821 
167967.5781250000 -111.2483520508 
168549.1406250000 -111.2528991699 
169132.9062500000 -111.2561569214 
169718.6875000000 -111.2711029053 
170306.5000000000 -111.2995300293 
170896.3437500000 -111.3424453735 
171488.2343750000 -111.3913574219 
172082.1718750000 -111.4328613281 
172678.1718750000 -111.4552917480 
173276.0468750000 -111.4388046265 
173876.1875000000 -111.4191665649 
174478.3906250000 -111.4103164673 
175082.6875000000 -111.4205245972 
175689.0781250000 -111.4619140625 
176297.5781250000 -111.4914474487 
176908.1718750000 -111.4819335938 
177520.8906250000 -111.4532928467 
178135.5312500000 -111.4207763672 
178752.4843750000 -111.3933944702 
179371.5937500000 -111.3889923096 
179992.8437500000 -111.3926925659 
180616.2343750000 -111.3968963623 
181241.7968750000 -111.4002838135 
181869.5156250000 -111.3992996216 
182499.4062500000 -111.3936843872 
183131.2812500000 -111.3943710327 
183765.5468750000 -111.3932876587 
184402.0156250000 -111.2435302734 
185040.6875000000 -110.6782989502 
185681.5625000000 -109.9475326538 
186324.6718750000 -109.1282882690 
186969.9843750000 -108.2882308960 
187617.5468750000 -108.1931304932 
188267.1562500000 -108.6535720825 
188919.2031250000 -109.7689971924 
189573.5156250000 -110.8292160034 
190230.0937500000 -111.2085342407 
190888.9531250000 -111.3878784180 
191550.0937500000 -111.5348587036 
192213.5156250000 -111.6883773804 
192879.2343750000 -111.7851867676 
193547.0468750000 -111.8484802246 
194217.3906250000 -111.8129653931 
194890.0468750000 -111.7558212280 
195565.0468750000 -111.7046585083 
196242.3750000000 -111.7152023315 
196922.0468750000 -111.7521514893 
197604.0781250000 -111.8234786987 
198288.4843750000 -111.9072723389 
198975.0156250000 -111.9694747925 
199664.1562500000 -112.0383987427 
200355.6875000000 -112.0447463989 
201049.6093750000 -111.9975280762 
201745.9375000000 -111.8760223389 
202444.6718750000 -111.7509460449 
203145.8281250000 -111.6938095093 
203849.4218750000 -111.7144622803 
204555.4375000000 -111.7591629028 
205263.6875000000 -111.8088531494 
205974.6093750000 -111.8183441162 
206688.0000000000 -111.8119125366 
207403.8437500000 -111.8318328857 
208122.1875000000 -111.8626937866 
208843.0000000000 -111.8880233765 
209566.3125000000 -111.8576889038 
210292.1406250000 -111.7883300781 
211020.2500000000 -111.7521514893 
211751.1093750000 -111.7831878662 
212484.5000000000 -111.8322372437 
213220.4218750000 -111.8510818481 
213958.9062500000 -111.8432312012 
214699.9375000000 -111.8082733154 
215443.5468750000 -111.7648620605 
216189.7343750000 -111.7410049438 
216938.2500000000 -111.7675933838 
217689.6093750000 -111.8268890381 
218443.5625000000 -111.8728332520 
219200.1406250000 -111.8773193359 
219959.3281250000 -111.8609695435 
220721.1406250000 -111.8633804321 
221485.5937500000 -111.8687210083 
222252.7031250000 -111.8391418457 
223022.2187500000 -111.7875442505 
223794.6562500000 -111.7709503174 
224569.7500000000 -111.8114624023 
225347.5468750000 -111.8672103882 
226128.0156250000 -111.9118423462 
226911.2031250000 -111.9384689331 
227697.0937500000 -111.9399795532 
228485.7187500000 -111.9332275391 
229276.8125000000 -111.9362945557 
230070.9062500000 -111.9527282715 
230867.7500000000 -111.9655380249 
231667.3437500000 -111.9838943481 
232469.7187500000 -112.0176620483 
233274.8593750000 -112.0758972168 
234082.7968750000 -112.1591033936 
234893.5312500000 -112.1838073730 
235706.8281250000 -112.1255569458 
236523.1875000000 -112.0120391846 
237342.3750000000 -111.8978424072 
238164.3906250000 -111.8206863403 
238989.2656250000 -111.8125457764 
239816.9843750000 -111.8229751587 
240647.5937500000 -111.8404464722 
241481.0625000000 -111.8787765503 
242317.1562500000 -111.9636306763 
243156.4062500000 -112.0263824463 
243998.5625000000 -112.0544357300 
244843.6406250000 -112.0734481812 
245691.6562500000 -112.1010284424 
246542.5937500000 -112.1197586060 
247396.4843750000 -112.1060028076 
248253.3281250000 -112.0941848755 
249112.8593750000 -112.1033020020 
249975.6562500000 -112.1189498901 
250841.4375000000 -112.1283416748 
251710.2187500000 -112.1409606934 
252582.0000000000 -112.1531906128 
253456.8125000000 -112.1756439209 
254334.6406250000 -112.2275848389 
255215.5156250000 -112.3150100708 
256099.4531250000 -112.3747253418 
256986.1562500000 -112.2810974121 
257876.2187500000 -112.1673278809 
258769.3593750000 -112.1130676270 
259665.5937500000 -112.1474380493 
260564.9375000000 -112.1836624146 
261467.3906250000 -112.1433181763 
262372.9687500000 -112.0708541870 
263281.6875000000 -112.0325393677 
264193.2500000000 -112.0940399170 
265108.2812500000 -112.1897048950 
266026.4687500000 -112.2354431152 
266947.8437500000 -112.2512512207 
267872.4062500000 -112.2935638428 
268800.1562500000 -112.3738632202 
269731.1562500000 -112.4026870728 
270665.3437500000 -112.3633575439 
271602.4687500000 -112.3221740723 
272543.1562500000 -112.2892608643 
273487.0937500000 -112.2628707886 
274434.3125000000 -112.2526092529 
275384.8125000000 -112.2761154175 
276338.5937500000 -112.3094100952 
277295.6875000000 -112.2975234985 
278256.0625000000 -112.2841796875 
279219.5000000000 -112.2999191284 
280186.5625000000 -112.3274154663 
281156.9687500000 -112.3571548462 
282130.7500000000 -112.3523254395 
283107.9062500000 -112.2964859009 
284088.4375000000 -112.2239532471 
285072.3437500000 -112.1862564087 
286059.6875000000 -112.1799011230 
287050.1250000000 -112.1563110352 
288044.3125000000 -112.1412353516 
289041.9375000000 -112.2100906372 
290043.0312500000 -112.3358383179 
291047.5625000000 -112.4297256470 
292055.5937500000 -112.5030975342 
293067.1250000000 -112.5851974487 
294082.1562500000 -112.6096038818 
295100.3750000000 -112.5426940918 
296122.4375000000 -112.4577178955 
297148.0312500000 -112.4250488281 
298177.1875000000 -112.4666290283 
299209.9062500000 -112.5581130981 
300246.2187500000 -112.4938583374 
301286.1250000000 -112.5021514893 
302329.5937500000 -112.5083084106 
303376.3750000000 -112.5089645386 
304427.0937500000 -112.5070266724 
305481.4687500000 -112.5061874390 
306539.5000000000 -112.5103149414 
307601.1875000000 -112.5297775269 
308666.5312500000 -112.5609283447 
309735.5937500000 -112.6048126221 
310808.3437500000 -112.6619720459 
311884.4687500000 -112.7174758911 
312964.6875000000 -112.7686233521 
314048.6250000000 -112.8028488159 
315136.3125000000 -112.8171463013 
316227.7812500000 -112.8172454834 
317323.0000000000 -112.8033447266 
318422.0312500000 -112.7826309204 
319524.8750000000 -112.7651519775 
320631.5312500000 -112.7528533936 
321741.6875000000 -112.7512664795 
322856.0312500000 -112.7586669922 
323974.2187500000 -112.7704544067 
325096.2812500000 -112.7850723267 
326222.2500000000 -112.7996139526 
327352.0937500000 -112.8125762939 
328485.8750000000 -112.8238677979 
329623.5625000000 -112.8332214355 
330764.8437500000 -112.8385925293 
331910.4062500000 -112.8401718140 
333059.9687500000 -112.8381423950 
334213.5312500000 -112.8326492310 
335371.0625000000 -112.8249282837 
336532.5937500000 -112.8193664551 
337698.1562500000 -112.8181228638 
338867.7500000000 -112.8229827881 
340041.0312500000 -112.8372268677 
341218.7500000000 -112.8560562134 
342400.5625000000 -112.8731536865 
343586.4375000000 -112.8835678101 
344776.4375000000 -112.8801498413 
345970.5625000000 -112.8555450439 
347168.8125000000 -112.8197250366 
348371.2187500000 -112.7797622681 
349577.4062500000 -112.7435226440 
350788.1250000000 -112.7237854004 
352003.0625000000 -112.7255630493 
353222.2187500000 -112.7408828735 
354445.5937500000 -112.7629394531 
355673.1875000000 -112.7841644287 
356905.0625000000 -112.7960739136 
358141.1875000000 -112.8010711670 
359381.1875000000 -112.8086853027 
360625.9062500000 -112.8255538940 
361874.9062500000 -112.8560409546 
363128.2500000000 -112.9007415771 
364385.9062500000 -112.9507141113 
365647.9375000000 -112.9928207397 
366914.3437500000 -113.0212554932 
368185.1562500000 -113.0335922241 
369459.9375000000 -113.0304031372 
370739.5312500000 -113.0141448975 
372023.5937500000 -112.9872131348 
373312.0625000000 -112.9537353516 
374605.0312500000 -112.9168319702 
375902.4375000000 -112.8816223145 
377204.3750000000 -112.8549652100 
378510.7812500000 -112.8447723389 
379821.3437500000 -112.8608474731 
381136.8125000000 -112.9031066895 
382456.8750000000 -112.9622802734 
383781.5000000000 -113.0280380249 
385110.7187500000 -113.0901031494 
386444.5312500000 -113.1407699585 
387782.9687500000 -113.1765823364 
389126.0312500000 -113.1984863281 
390473.3125000000 -113.2093734741 
391825.6875000000 -113.2144470215 
393182.7812500000 -113.2154922485 
394544.5312500000 -113.2120742798 
395911.0312500000 -113.2023086548 
397282.2500000000 -113.1843795776 
398658.2187500000 -113.1583175659 
400038.9375000000 -113.1272125244 
401424.4687500000 -113.0967254639 
402814.3437500000 -113.0730743408 
404209.4687500000 -113.0623779297 
405609.4375000000 -113.0679550171 
407014.2500000000 -113.0937118530 
408423.9062500000 -113.1408004761 
409838.4687500000 -113.2039947510 
411257.9375000000 -113.2704467773 
412682.3125000000 -113.3227157593 
414111.1562500000 -113.3450698853 
415545.4062500000 -113.3299026489 
416984.6250000000 -113.2810516357 
418428.8437500000 -113.2128906250 
419878.0625000000 -113.1459274292 
421332.2812500000 -113.1003265381 
422791.5312500000 -113.0893707275 
424255.8750000000 -113.1149520874 
425724.7812500000 -113.1674041748 
427199.2500000000 -113.2296447754 
428678.8437500000 -113.2836074829 
430163.5625000000 -113.3168716431 
431653.4062500000 -113.3229598999 
433148.4062500000 -113.3012084961 
434648.5937500000 -113.2565383911 
436154.0000000000 -113.1988372803 
437664.1250000000 -113.1410751343 
439179.9375000000 -113.0958404541 
440701.0312500000 -113.0718841553 
442227.3750000000 -113.0728073120 
443759.0000000000 -113.0981063843 
445295.9375000000 -113.1386871338 
446838.2187500000 -113.1896209717 
448385.8125000000 -113.2457199097 
449938.2812500000 -113.2998886108 
451496.6250000000 -113.3446426392 
453060.3437500000 -113.3767929077 
454629.5000000000 -113.3995895386 
456204.0937500000 -113.4176788330 
457784.1562500000 -113.4290771484 
459369.6562500000 -113.4238052368 
460960.6562500000 -113.3923950195 
462556.6562500000 -113.3366851807 
464158.7187500000 -113.2714614868 
465766.3125000000 -113.2158813477 
467379.4687500000 -113.1836853027 
468998.2187500000 -113.1792602539 
470622.5625000000 -113.1989593506 
472252.5625000000 -113.2535858154 
473888.1875000000 -113.3085403442 
475528.9375000000 -113.3364257813 
477175.9062500000 -113.3579711914 
478828.5937500000 -113.3730468750 
480487.0000000000 -113.3772201538 
482151.1250000000 -113.3652877808 
483821.0312500000 -113.3385467529 
485496.7500000000 -113.3080291748 
487178.2187500000 -113.2894744873 
488865.0000000000 -113.2936325073 
490558.1875000000 -113.3365173340 
492257.1875000000 -113.3813781738 
493962.1250000000 -113.3927154541 
495672.9375000000 -113.3893432617 
497389.6562500000 -113.3786773682 
499112.3437500000 -113.3659667969 
500841.0000000000 -113.3516769409 
502575.6562500000 -113.3355255127 
504315.7500000000 -113.3162994385 
506062.4062500000 -113.3119354248 
507815.1250000000 -113.3178482056 
509573.9375000000 -113.3260879517 
511338.8125000000 -113.3367691040 
513109.8125000000 -113.3543624878 
514886.9375000000 -113.4037628174 
516670.2500000000 -113.4706268311 
518459.1250000000 -113.5151824951 
520254.7812500000 -113.5527801514 
522056.6562500000 -113.5832672119 
523864.7812500000 -113.6089096069 
525679.1875000000 -113.6382827759 
527499.8125000000 -113.6550369263 
529326.8125000000 -113.6586990356 
531160.1250000000 -113.6598815918 
532999.1875000000 -113.6597061157 
534845.1875000000 -113.6583175659 
536697.6250000000 -113.6623229980 
538556.4375000000 -113.6701660156 
540421.6875000000 -113.6732711792 
542293.4375000000 -113.6404724121 
544171.6250000000 -113.5655212402 
546056.3125000000 -113.5043106079 
547947.0000000000 -113.4512405396 
549844.7500000000 -113.4130859375 
551749.1250000000 -113.3820114136 
553660.0625000000 -113.3598632813 
555577.6875000000 -113.3370971680 
557501.8750000000 -113.3034820557 
559432.7500000000 -113.2507781982 
561370.3125000000 -113.2318801880 
563314.0000000000 -113.2590942383 
565265.0000000000 -113.3475036621 
567222.7500000000 -113.4481506348 
569187.3125000000 -113.5015487671 
571158.6875000000 -113.5369567871 
573136.8750000000 -113.5593795776 
575121.8750000000 -113.5695724487 
577113.8125000000 -113.5817718506 
579112.0000000000 -113.6137466431 
581117.6875000000 -113.6471023560 
583130.3750000000 -113.6603775024 
585150.0000000000 -113.6537475586 
587176.6875000000 -113.6148834229 
589210.3125000000 -113.5728836060 
591251.0000000000 -113.5179443359 
593298.8125000000 -113.4929656982 
595353.0000000000 -113.4953460693 
597415.0000000000 -113.5115432739 
599484.1250000000 -113.5387954712 
601560.3750000000 -113.5679779053 
603643.8750000000 -113.6222457886 
605734.5625000000 -113.6716308594 
607832.5000000000 -113.6988143921 
609937.6875000000 -113.7058181763 
612049.5000000000 -113.6975479126 
614169.3125000000 -113.6680526733 
616296.4375000000 -113.6278610229 
618431.0000000000 -113.5975723267 
620572.8750000000 -113.5439300537 
622722.1875000000 -113.4827957153 
624879.0000000000 -113.4379119873 
627043.2500000000 -113.4307556152 
629214.2500000000 -113.4716949463 
631393.5000000000 -113.5320053101 
633580.3125000000 -113.5727081299 
635774.6875000000 -113.6218109131 
637976.6875000000 -113.6545333862 
640186.2500000000 -113.6644287109 
642403.5625000000 -113.6562576294 
644628.5000000000 -113.6135559082 
646861.1250000000 -113.5328292847 
649100.7500000000 -113.4424896240 
651348.8750000000 -113.4044876099 
653604.8125000000 -113.4590530396 
655868.5625000000 -113.5526199341 
658140.1250000000 -113.6354522705 
660419.5625000000 -113.6956634521 
662706.8750000000 -113.7321395874 
665002.1250000000 -113.7400894165 
667304.6250000000 -113.7013397217 
669615.8125000000 -113.6415176392 
671935.0000000000 -113.5875854492 
674262.1875000000 -113.5452499390 
676597.5000000000 -113.5178604126 
678940.8125000000 -113.5192794800 
681292.3125000000 -113.5627288818 
683651.9375000000 -113.6069259644 
686019.0000000000 -113.6132888794 
688395.0000000000 -113.6008453369 
690779.1875000000 -113.5974273682 
693171.6875000000 -113.6153869629 
695572.4375000000 -113.6415634155 
697981.5625000000 -113.6791458130 
700398.9375000000 -113.7265319824 
702824.7500000000 -113.7729797363 
705258.1875000000 -113.7936477661 
707700.8125000000 -113.7676849365 
710151.9375000000 -113.7165145874 
712611.5000000000 -113.6969909668 
715079.5625000000 -113.6880874634 
717556.2500000000 -113.6695556641 
720041.4375000000 -113.6590576172 
722535.3125000000 -113.6686172485 
725036.9375000000 -113.7066497803 
727548.0625000000 -113.7810592651 
730067.9375000000 -113.8762817383 
732596.5000000000 -113.9043655396 
735133.8125000000 -113.8782348633 
737679.8750000000 -113.7952957153 
740234.8125000000 -113.7263565063 
742798.5625000000 -113.6997070313 
745370.4375000000 -113.7459793091 
747952.0000000000 -113.8329544067 
750542.4375000000 -113.8781204224 
753141.9375000000 -113.8854827881 
755750.4375000000 -113.8574829102 
758367.9375000000 -113.8090286255 
760994.5000000000 -113.7248306274 
763630.1875000000 -113.6046752930 
766274.1250000000 -113.5554504395 
768928.0625000000 -113.5743637085 
771591.1875000000 -113.6085052490 
774263.5625000000 -113.6365737915 
776945.1875000000 -113.6566772461 
779636.1250000000 -113.6825790405 
782336.3750000000 -113.7258453369 
785045.9375000000 -113.7816467285 
787764.0625000000 -113.8003845215 
790492.4375000000 -113.8015899658 
793230.2500000000 -113.8034133911 
795977.5625000000 -113.7926177979 
798734.4375000000 -113.7931060791 
801500.8125000000 -113.8356323242 
804276.7500000000 -113.8714447021 
807062.3125000000 -113.8844223022 
809857.5625000000 -113.9022140503 
812661.5625000000 -113.9125595093 
815476.1875000000 -113.8855133057 
818300.5625000000 -113.8736190796 
821134.6875000000 -113.8872451782 
823978.6875000000 -113.8700790405 
826832.5000000000 -113.8087692261 
829696.1875000000 -113.7302246094 
832569.8125000000 -113.7136306763 
835452.4375000000 -113.7219009399 
838346.0000000000 -113.7015533447 
841249.5625000000 -113.6848068237 
844163.1875000000 -113.7076950073 
847086.9375000000 -113.7578506470 
850020.7500000000 -113.8062744141 
852964.7500000000 -113.8220214844 
855919.0000000000 -113.8311462402 
858882.4375000000 -113.8729019165 
861857.1875000000 -113.8991241455 
864842.1875000000 -113.8310012817 
867837.5000000000 -113.7334671021 
870843.2500000000 -113.7270812988 
873859.3750000000 -113.8058090210 
876885.9375000000 -113.8676147461 
879923.0000000000 -113.9038238525 
882969.5625000000 -113.9681854248 
886027.6875000000 -114.0096206665 
889096.4375000000 -113.9094009399 
892175.7500000000 -113.6776580811 
895265.7500000000 -113.5036773682 
898366.5000000000 -113.5285949707 
901477.9375000000 -113.6787338257 
904600.1875000000 -113.7942276001 
907732.1875000000 -113.7961807251 
910876.1250000000 -113.6903610229 
914030.8750000000 -113.6091918945 
917196.5625000000 -113.6747665405 
920373.2500000000 -113.6794204712 
923560.9375000000 -113.6153717041 
926759.6250000000 -113.6405639648 
929969.4375000000 -113.7889328003 
933189.3125000000 -113.9051818848 
936421.3750000000 -113.8765182495 
939664.6250000000 -113.7904052734 
942919.0625000000 -113.7511901855 
946184.8750000000 -113.6813583374 
949461.9375000000 -113.5632781982 
952750.3125000000 -113.4943771362 
956050.1250000000 -113.5377273560 
959360.3125000000 -113.6496582031 
962683.0000000000 -113.7396926880 
966017.2500000000 -113.7588729858 
969363.0000000000 -113.7150344849 
972720.3125000000 -113.6603775024 
976089.3125000000 -113.6021118164 
979469.9375000000 -113.5540618896 
982862.3125000000 -113.5657501221 
986265.3125000000 -113.5926742554 
989681.1875000000 -113.5826110840 
993108.9375000000 -113.5907211304 
996548.5000000000 -113.7099914551 
1000000.0000000000 -113.9311447144 
1003463.4375000000 -113.9214782715 
1006938.8750000000 -113.9091796875 
1010426.3750000000 -113.8878097534 
1013925.9375000000 -113.8666992188 
1017436.5000000000 -113.8479995728 
1020960.3750000000 -113.8375473022 
1024496.4375000000 -113.8362426758 
1028044.6875000000 -113.8504791260 
1031605.3125000000 -113.8702392578 
1035178.1875000000 -113.8986358643 
1038763.5000000000 -113.9238815308 
1042361.2500000000 -113.9425811768 
1045970.2500000000 -113.9491653442 
1049592.8750000000 -113.9485778809 
1053228.1250000000 -113.9366531372 
1056875.8750000000 -113.9250030518 
1060536.3750000000 -113.9160690308 
1064209.5000000000 -113.9149703979 
1067895.3750000000 -113.9191284180 
1071594.0000000000 -113.9317550659 
1075304.1250000000 -113.9436950684 
1079028.5000000000 -113.9526901245 
1082765.6250000000 -113.9512710571 
1086515.7500000000 -113.9438858032 
1090278.8750000000 -113.9188690186 
1094055.0000000000 -113.8900985718 
1097844.1250000000 -113.8557891846 
1101646.5000000000 -113.8259963989 
1105460.7500000000 -113.8012008667 
1109289.5000000000 -113.7926406860 
1113131.5000000000 -113.7998046875 
1116986.7500000000 -113.8178253174 
1120855.3750000000 -113.8545532227 
1124737.3750000000 -113.8910598755 
1128632.8750000000 -113.9272918701 
1132541.8750000000 -113.9475173950 
1136463.1250000000 -113.9593048096 
1140399.2500000000 -113.9576568604 
1144348.8750000000 -113.9531631470 
1148312.3750000000 -113.9501571655 
1152289.5000000000 -113.9559402466 
1156280.3750000000 -113.9685440063 
1160285.1250000000 -113.9835052490 
1164303.6250000000 -113.9937973022 
1168334.8750000000 -113.9919128418 
1172381.3750000000 -113.9810333252 
1176441.8750000000 -113.9561538696 
1180516.3750000000 -113.9326553345 
1184605.1250000000 -113.9124221802 
1188707.8750000000 -113.9087905884 
1192824.8750000000 -113.9179000854 
1196956.2500000000 -113.9347076416 
1201100.5000000000 -113.9543914795 
1205260.5000000000 -113.9608459473 
1209434.8750000000 -113.9542465210 
1213623.6250000000 -113.9232482910 
1217827.0000000000 -113.8757171631 
1222044.8750000000 -113.8251190186 
1226277.3750000000 -113.7786941528 
1230524.5000000000 -113.7598495483 
1234785.0000000000 -113.7611846924 
1239061.6250000000 -113.7834777832 
1243353.1250000000 -113.8281173706 
1247659.3750000000 -113.8743133545 
1251980.6250000000 -113.9195175171 
1256316.7500000000 -113.9550094604 
1260668.0000000000 -113.9746170044 
1265034.2500000000 -113.9802856445 
1269415.6250000000 -113.9702529907 
1273810.7500000000 -113.9417266846 
1278222.6250000000 -113.9114379883 
1282649.6250000000 -113.8834457397 
1287092.0000000000 -113.8676910400 
1291549.8750000000 -113.8697128296 
1296023.0000000000 -113.8812637329 
1300511.7500000000 -113.8992767334 
1305016.0000000000 -113.9138412476 
1309534.5000000000 -113.9157333374 
1314070.0000000000 -113.9067535400 
1318621.1250000000 -113.8877258301 
1323188.1250000000 -113.8668136597 
1327771.0000000000 -113.8578491211 
1332369.6250000000 -113.8636550903 
1336984.2500000000 -113.8865280151 
1341614.8750000000 -113.9270477295 
1346260.0000000000 -113.9675369263 
1350922.6250000000 -114.0009307861 
1355601.5000000000 -114.0230102539 
1360296.6250000000 -114.0307159424 
1365007.8750000000 -114.0353393555 
1369735.6250000000 -114.0432052612 
1374479.6250000000 -114.0557861328 
1379240.0000000000 -114.0725784302 
1384015.5000000000 -114.0856781006 
1388808.8750000000 -114.0925674438 
1393619.0000000000 -114.0952301025 
1398445.7500000000 -114.0967178345 
1403289.1250000000 -114.1031951904 
1408149.3750000000 -114.1174621582 
1413026.5000000000 -114.1322631836 
1417920.3750000000 -114.1402435303 
1422829.7500000000 -114.1339263916 
1427757.6250000000 -114.1042938232 
1432702.6250000000 -114.0551528931 
1437664.7500000000 -114.0025253296 
1442644.0000000000 -113.9575958252 
1447640.6250000000 -113.9295501709 
1452654.3750000000 -113.9239807129 
1457685.6250000000 -113.9385757446 
1462732.6250000000 -113.9511795044 
1467798.7500000000 -113.9505920410 
1472882.3750000000 -113.9339294434 
1477983.6250000000 -113.9067916870 
1483102.6250000000 -113.8840332031 
1488239.2500000000 -113.8864212036 
1493393.6250000000 -113.9060668945 
1498566.0000000000 -113.9289779663 
1503754.5000000000 -113.9431991577 
1508962.7500000000 -113.9431533813 
1514189.0000000000 -113.9323043823 
1519433.2500000000 -113.9226150513 
1524695.7500000000 -113.9275207520 
1529976.5000000000 -113.9494476318 
1535275.5000000000 -113.9859619141 
1540592.8750000000 -114.0315780640 
1545926.8750000000 -114.0800476074 
1551281.1250000000 -114.1264114380 
1556654.0000000000 -114.1679000854 
1562045.3750000000 -114.2016830444 
1567455.3750000000 -114.2239990234 
1572884.2500000000 -114.2304611206 
1578331.8750000000 -114.2167587280 
1583798.3750000000 -114.1816635132 
1589283.7500000000 -114.1295242310 
1594786.3750000000 -114.0707778931 
1600309.8750000000 -114.0192489624 
1605852.5000000000 -113.9866409302 
1611414.2500000000 -113.9763488770 
1616995.3750000000 -113.9819412231 
1622595.7500000000 -113.9913406372 
1628215.5000000000 -113.9998092651 
1633854.7500000000 -114.0051498413 
1639511.7500000000 -114.0019760132 
1645190.1250000000 -113.9833526611 
1650888.1250000000 -113.9489059448 
1656605.8750000000 -113.9102172852 
1662343.5000000000 -113.8865509033 
1668101.0000000000 -113.8933486938 
1673878.3750000000 -113.9322128296 
1679675.7500000000 -113.9890136719 
1685491.3750000000 -114.0399703979 
1691329.0000000000 -114.0634078979 
1697186.8750000000 -114.0523376465 
1703065.0000000000 -114.0199584961 
1708963.5000000000 -113.9912185669 
1714882.3750000000 -113.9858932495 
1720821.7500000000 -114.0039672852 
1726781.7500000000 -114.0322952271 
1732760.5000000000 -114.0568847656 
1738761.8750000000 -114.0722579956 
1744784.0000000000 -114.0824737549 
1750826.8750000000 -114.0956878662 
1756890.8750000000 -114.1160964966 
1762975.7500000000 -114.1385650635 
1769081.7500000000 -114.1532440186 
1775208.8750000000 -114.1470184326 
1781355.2500000000 -114.1308517456 
1787524.8750000000 -114.1175155640 
1793715.8750000000 -114.1117553711 
1799928.3750000000 -114.1090469360 
1806162.3750000000 -114.1063003540 
1812417.8750000000 -114.1076507568 
1818695.1250000000 -114.1186904907 
1824994.1250000000 -114.1410903931 
1831312.8750000000 -114.1734924316 
1837655.5000000000 -114.2103729248 
1844020.1250000000 -114.2377395630 
1850406.8750000000 -114.2370452881 
1856815.6250000000 -114.1989059448 
1863246.6250000000 -114.1328353882 
1869699.8750000000 -114.0638046265 
1876175.5000000000 -114.0191268921 
1882671.5000000000 -114.0125885010 
1889192.0000000000 -114.0461044312 
1895735.2500000000 -114.0615463257 
1902301.0000000000 -114.0479431152 
1908889.5000000000 -114.0394210815 
1915500.8750000000 -114.0591583252 
1922135.1250000000 -114.1156234741 
1928792.3750000000 -114.2007904053 
1935470.5000000000 -114.3005371094 
1942173.8750000000 -114.4065628052 
1948900.5000000000 -114.5162658691 
1955650.5000000000 -114.6180114746 
1962423.7500000000 -114.6679153442 
1969220.5000000000 -114.5384140015 
1976040.8750000000 -114.3586578369 
1982884.7500000000 -114.1857376099 
1989750.2500000000 -114.0807189941 
1996641.6250000000 -114.0700607300 
2003556.8750000000 -114.1392211914 
2010496.1250000000 -114.2434463501 
2017459.3750000000 -114.3440704346 
2024446.7500000000 -114.3266677856 
2031458.3750000000 -114.2642669678 
2038494.2500000000 -114.2216720581 
2045554.5000000000 -114.2336044312 
2052636.8750000000 -114.2945709229 
2059746.1250000000 -114.3905334473 
2066879.8750000000 -114.4283752441 
2074038.5000000000 -114.4174423218 
2081221.7500000000 -114.3895568848 
2088430.0000000000 -114.3485946655 
2095663.2500000000 -114.3032989502 
2102921.5000000000 -114.2678756714 
2110202.5000000000 -114.2912673950 
2117511.0000000000 -114.3337326050 
2124845.0000000000 -114.3712615967 
2132204.2500000000 -114.3910064697 
2139589.0000000000 -114.4112396240 
2146999.5000000000 -114.4723968506 
2154435.5000000000 -114.5381240845 
2161897.2500000000 -114.5819702148 
2169382.5000000000 -114.5474548340 
2176896.0000000000 -114.4564285278 
2184435.7500000000 -114.4187850952 
2192001.2500000000 -114.4258651733 
2199593.2500000000 -114.4991531372 
2207211.5000000000 -114.5859527588 
2214856.0000000000 -114.6453170776 
2222527.0000000000 -114.7154693604 
2230222.2500000000 -114.8199691772 
2237946.5000000000 -114.8788681030 
2245697.5000000000 -114.8863754272 
2253475.5000000000 -114.8946685791 
2261280.2500000000 -114.9493026733 
2269112.0000000000 -115.0536270142 
2276971.0000000000 -115.1449203491 
2284857.2500000000 -115.2396163940 
2292768.2500000000 -115.3791427612 
2300709.0000000000 -115.5198822021 
2308677.5000000000 -115.6096725464 
2316673.5000000000 -115.7353515625 
2324697.2500000000 -115.8691024780 
2332748.7500000000 -115.9701538086 
2340828.0000000000 -116.1499099731 
2348935.2500000000 -116.3751525879 
2357068.2500000000 -116.5494232178 
2365231.7500000000 -116.8122634888 
2373423.7500000000 -117.0602951050 
2381644.0000000000 -117.1969070435 
2389892.7500000000 -117.3273544312 
2398170.0000000000 -117.4153900146 
2406475.7500000000 -117.4961929321 
2414810.5000000000 -117.7060317993 
2423171.5000000000 -118.0048141479 
2431564.0000000000 -118.3580627441 
2439985.7500000000 -118.6636276245 
2448436.5000000000 -118.7758560181 
2456916.5000000000 -118.8469390869 
2465426.0000000000 -118.9580535889 
2473964.7500000000 -119.2547683716 
2482533.2500000000 -119.6880416870 
2491128.7500000000 -120.0074157715 
2499756.5000000000 -120.4362258911 
2508414.2500000000 -120.7883071899 
2517102.2500000000 -121.0635986328 
2525820.0000000000 -121.3616714478 
2534568.0000000000 -121.6337585449 
2543346.5000000000 -122.1986999512 
2552155.2500000000 -122.8772888184 
2560994.5000000000 -123.4811782837 
2569861.5000000000 -123.9581985474 
2578762.2500000000 -124.3676528931 
2587693.5000000000 -124.8350601196 
2596656.0000000000 -125.4086761475 
2605649.2500000000 -126.0815811157 
2614673.7500000000 -126.7741012573 
2623729.7500000000 -127.4213714600 
2632816.7500000000 -128.0005493164 
2641932.5000000000 -128.5888824463 
2651082.7500000000 -129.1766662598 
2660264.7500000000 -129.7970275879 
2669478.5000000000 -130.4729156494 
2678724.0000000000 -131.2126922607 
2688001.7500000000 -131.9829254150 
2697311.5000000000 -132.7791748047 
2706653.5000000000 -133.5488281250 
2716024.7500000000 -134.3454895020 
2725431.7500000000 -135.1534729004 
2734871.0000000000 -135.9908447266 
2744343.2500000000 -136.8332214355 
2753848.0000000000 -137.7342376709 
2763386.0000000000 -138.6672821045 
2772956.7500000000 -139.8914489746 
2782560.7500000000 -140.7466278076 
2792195.0000000000 -141.5881805420 
2801865.5000000000 -142.4651489258 
2811569.7500000000 -143.2846679688 
2821307.5000000000 -144.2806396484 
2831079.0000000000 -144.9100646973 
2840884.2500000000 -145.3934478760 
2850723.5000000000 -145.8041687012 
2860597.0000000000 -146.1289978027 
2870501.2500000000 -146.3558807373 
2880443.2500000000 -146.3916625977 
2890419.5000000000 -146.4466400146 
2900430.2500000000 -146.5680084229 
2910475.7500000000 -146.5856170654 
2920556.0000000000 -146.5138092041 
2930671.2500000000 -146.4912567139 
2940821.5000000000 -146.5781555176 
2951003.7500000000 -146.6590728760 
2961224.2500000000 -146.6595611572 
2971480.5000000000 -146.6819610596 
2981772.0000000000 -146.7402343750 
2992099.2500000000 -146.8128051758 
3002462.2500000000 -146.6937561035 
3012861.0000000000 -146.7254943848 
3023296.0000000000 -146.7463684082 
3033763.7500000000 -146.7544250488 
3044271.0000000000 -146.7507019043 
3054814.7500000000 -146.7391967773 
3065395.0000000000 -146.7262268066 
3076011.7500000000 -146.7192077637 
3086665.5000000000 -146.7257385254 
3097356.0000000000 -146.7446289063 
3108083.5000000000 -146.7720947266 
3118844.7500000000 -146.8023071289 
3129646.7500000000 -146.8291778564 
3140486.2500000000 -146.8481903076 
3151363.0000000000 -146.8576660156 
3162277.7500000000 -146.8593750000 
3173230.0000000000 -146.8577117920 
3184220.5000000000 -146.8579406738 
3195248.7500000000 -146.8622131348 
3206315.5000000000 -146.8699035645 
3217416.7500000000 -146.8788909912 
3228560.2500000000 -146.8869476318 
3239742.2500000000 -146.8931732178 
3250962.7500000000 -146.8986358643 
3262222.5000000000 -146.9055633545 
3273521.0000000000 -146.9156799316 
3284858.7500000000 -146.9281768799 
3296235.5000000000 -146.9388732910 
3307648.2500000000 -146.9406890869 
3319104.2500000000 -146.9279937744 
3330599.7500000000 -146.9004974365 
3342135.2500000000 -146.8625030518 
3353710.5000000000 -146.8216552734 
3365326.0000000000 -146.7864227295 
3376981.5000000000 -146.7637481689 
3388677.5000000000 -146.7576904297 
3400410.5000000000 -146.7688446045 
3412187.5000000000 -146.7942657471 
3424005.5000000000 -146.8278656006 
3435864.5000000000 -146.8615264893 
3447764.2500000000 -146.8871612549 
3459705.5000000000 -146.8992614746 
3471688.0000000000 -146.8968353271 
3483712.0000000000 -146.8836364746 
3495774.0000000000 -146.8663330078 
3507881.5000000000 -146.8517913818 
3520030.7500000000 -146.8448181152 
3532222.2500000000 -146.8442077637 
3544456.0000000000 -146.8519592285 
3556732.0000000000 -146.8647918701 
3569050.5000000000 -146.8774261475 
3581411.7500000000 -146.8846130371 
3593812.0000000000 -146.8831939697 
3606259.0000000000 -146.8738250732 
3618749.0000000000 -146.8611450195 
3631282.5000000000 -146.8520202637 
3643859.2500000000 -146.8580322266 
3656479.5000000000 -146.8840179443 
3669143.5000000000 -146.9068756104 
3681851.5000000000 -146.9263763428 
3694599.2500000000 -146.9391479492 
3707395.5000000000 -146.9452056885 
3720235.7500000000 -146.9468688965 
3733120.7500000000 -146.9470520020 
3746050.2500000000 -146.9481201172 
3759024.5000000000 -146.9516601563 
3772043.7500000000 -146.9582214355 
3785108.0000000000 -146.9670715332 
3798213.2500000000 -146.9757995605 
3811368.2500000000 -146.9809265137 
3824568.7500000000 -146.9794006348 
3837815.0000000000 -146.9703063965 
3851107.0000000000 -146.9471893311 
3864445.2500000000 -146.9243316650 
3877829.5000000000 -146.9149322510 
3891260.2500000000 -146.9124603271 
3904733.2500000000 -146.9182281494 
3918257.0000000000 -146.9337768555 
3931827.7500000000 -146.9610443115 
3945445.5000000000 -147.0017700195 
3959110.2500000000 -147.0565338135 
3972822.5000000000 -147.1605224609 
3986582.2500000000 -147.2703552246 
4000389.5000000000 -147.3298492432 
4014244.7500000000 -147.3643646240 
4028143.5000000000 -147.3651123047 
4042094.7500000000 -147.3294677734 
4056094.2500000000 -147.2625732422 
4070142.5000000000 -147.1309204102 
4084239.2500000000 -147.0063781738 
4098384.7500000000 -146.9481201172 
4112579.2500000000 -146.9161224365 
4126823.0000000000 -146.9099121094 
4141111.5000000000 -146.9255523682 
4155454.0000000000 -146.9805908203 
4169846.2500000000 -147.0562744141 
4184288.5000000000 -147.1124725342 
4198780.5000000000 -147.1654205322 
4213323.0000000000 -147.2084350586 
4227915.5000000000 -147.2366027832 
4242558.5000000000 -147.2458801270 
4257248.0000000000 -147.2245788574 
4271992.5000000000 -147.1918029785 
4286788.5000000000 -147.1469573975 
4301635.5000000000 -147.0948638916 
4316534.0000000000 -147.0262756348 
4331484.0000000000 -146.9928436279 
4346486.0000000000 -147.0007019043 
4361540.0000000000 -147.0240325928 
4376641.0000000000 -147.0587310791 
4391799.5000000000 -147.0705718994 
4407010.0000000000 -147.0629425049 
4422273.5000000000 -147.0525207520 
4437590.0000000000 -147.0489807129 
4452959.5000000000 -147.0613861084 
4468382.0000000000 -147.0735931396 
4483858.0000000000 -147.0814208984 
4499383.0000000000 -147.0784759521 
4514966.0000000000 -147.0663299561 
4530603.5000000000 -147.0591278076 
4546295.0000000000 -147.0565338135 
4562041.0000000000 -147.0616607666 
4577841.5000000000 -147.0698242188 
4593696.5000000000 -147.0819549561 
4609606.5000000000 -147.1041412354 
4625566.5000000000 -147.1185760498 
4641587.0000000000 -147.1138153076 
4657663.0000000000 -147.0822448730 
4673794.5000000000 -147.0402374268 
4689982.0000000000 -147.0182037354 
4706225.5000000000 -147.0084686279 
4722525.5000000000 -147.0213623047 
4738881.5000000000 -147.0397186279 
4755289.5000000000 -147.0693206787 
4771759.0000000000 -147.0914459229 
4788286.0000000000 -147.0969848633 
4804870.0000000000 -147.0946502686 
4821511.5000000000 -147.0942687988 
4838210.5000000000 -147.1136474609 
4854967.5000000000 -147.1471405029 
4871782.5000000000 -147.1686859131 
4888650.0000000000 -147.1783599854 
4905581.5000000000 -147.1485443115 
4922572.0000000000 -147.0860443115 
4939621.0000000000 -146.8906250000 
4956729.5000000000 -146.5953063965 
4973896.5000000000 -146.2749023438 
4991123.5000000000 -146.0725250244 
5008410.0000000000 -146.0730133057 
5025756.5000000000 -146.2887420654 
5043157.5000000000 -146.6499176025 
5060624.0000000000 -147.0108947754 
5078151.5000000000 -147.2560119629 
5095739.5000000000 -147.3199920654 
5113388.0000000000 -147.2874908447 
5131098.0000000000 -147.2136535645 
5148869.5000000000 -147.1424255371 
5166702.5000000000 -147.0987548828 
5184591.5000000000 -147.0335845947 
5202548.0000000000 -146.9725952148 
5220566.5000000000 -146.9353942871 
5238648.0000000000 -146.9304504395 
5256791.5000000000 -146.9662170410 
5274998.5000000000 -147.0235290527 
5293268.0000000000 -147.0795898438 
5311601.0000000000 -147.1052703857 
5329991.5000000000 -147.0669403076 
5348452.0000000000 -146.9850158691 
5366976.0000000000 -146.8993988037 
5385564.5000000000 -146.8556518555 
5404217.0000000000 -146.8825988770 
5422934.0000000000 -146.9683837891 
5441716.5000000000 -147.0240173340 
5460563.5000000000 -147.0468292236 
5479470.0000000000 -147.0540313721 
5498447.5000000000 -147.0608520508 
5517491.5000000000 -147.0716705322 
5536601.0000000000 -147.0808715820 
5555776.5000000000 -147.0842437744 
5575019.0000000000 -147.0815124512 
5594327.5000000000 -147.0795440674 
5613703.5000000000 -147.0873413086 
5633140.0000000000 -147.1092529297 
5652650.0000000000 -147.1386718750 
5672228.0000000000 -147.1636505127 
5691873.5000000000 -147.1659698486 
5711587.0000000000 -147.1329498291 
5731368.5000000000 -147.0645446777 
5751219.0000000000 -146.9799346924 
5771138.0000000000 -146.9013214111 
5791120.0000000000 -146.8420257568 
5811177.0000000000 -146.8403167725 
5831304.0000000000 -146.8721923828 
5851500.0000000000 -146.9396820068 
5871766.5000000000 -147.0054168701 
5892103.0000000000 -147.0904541016 
5912510.5000000000 -147.2248687744 
5932988.0000000000 -147.3278503418 
5953530.0000000000 -147.4178924561 
5974150.0000000000 -147.5113830566 
5994841.0000000000 -147.5530395508 
6015604.0000000000 -147.5545806885 
6036438.5000000000 -147.5065765381 
6057345.5000000000 -147.4263458252 
6078325.0000000000 -147.3580474854 
6099377.0000000000 -147.2772827148 
6120495.0000000000 -147.1536407471 
6141693.0000000000 -147.0679779053 
6162964.5000000000 -147.0206909180 
6184310.0000000000 -147.0228576660 
6205729.0000000000 -147.0678863525 
6227222.0000000000 -147.0997314453 
6248790.0000000000 -147.1065673828 
6270432.0000000000 -147.1150665283 
6292142.5000000000 -147.1476440430 
6313935.0000000000 -147.1820526123 
6335803.0000000000 -147.1813812256 
6357747.0000000000 -147.1484069824 
6379767.0000000000 -147.1021881104 
6401863.0000000000 -147.1030120850 
6424035.5000000000 -147.1293640137 
6446284.5000000000 -147.1168365479 
6468611.0000000000 -147.0526733398 
6491007.5000000000 -146.9662017822 
6513489.0000000000 -146.9826202393 
6536048.0000000000 -147.1127471924 
6558685.5000000000 -147.2462768555 
6581401.0000000000 -147.2866363525 
6604195.5000000000 -147.2595825195 
6627069.0000000000 -147.2087402344 
6650021.5000000000 -147.1467132568 
6673046.0000000000 -147.1160430908 
6696158.0000000000 -147.1217803955 
6719350.0000000000 -147.1369781494 
6742622.0000000000 -147.1382751465 
6765974.5000000000 -147.1540527344 
6789408.5000000000 -147.2255706787 
6812923.0000000000 -147.3281707764 
6836519.5000000000 -147.3822937012 
6860190.0000000000 -147.3661956787 
6883950.0000000000 -147.3143920898 
6907792.0000000000 -147.2591094971 
6931717.0000000000 -147.2572479248 
6955724.5000000000 -147.2842864990 
6979815.5000000000 -147.3126678467 
7003989.5000000000 -147.3539276123 
7028247.5000000000 -147.3943481445 
7052582.0000000000 -147.3876953125 
7077008.0000000000 -147.3330383301 
7101519.0000000000 -147.2667388916 
7126115.0000000000 -147.1963806152 
7150796.0000000000 -147.1262207031 
7175562.5000000000 -147.1027526855 
7200414.5000000000 -147.1538391113 
7225353.0000000000 -147.2321472168 
7250369.5000000000 -147.2813110352 
7275481.0000000000 -147.3164215088 
7300679.0000000000 -147.3515167236 
7325965.0000000000 -147.3557281494 
7351338.0000000000 -147.3441467285 
7376799.0000000000 -147.3452148438 
7402348.0000000000 -147.3470306396 
7427986.0000000000 -147.3188171387 
7453704.0000000000 -147.2722930908 
7479519.5000000000 -147.2348327637 
7505424.5000000000 -147.2085266113 
7531419.5000000000 -147.1997222900 
7557504.0000000000 -147.2351226807 
7583679.0000000000 -147.2945861816 
7609945.0000000000 -147.3721923828 
7636301.5000000000 -147.4658203125 
7662741.0000000000 -147.5491638184 
7689280.5000000000 -147.5724487305 
7715912.0000000000 -147.5112609863 
7742636.0000000000 -147.4483795166 
7769452.0000000000 -147.4428253174 
7796361.5000000000 -147.4606933594 
7823363.5000000000 -147.4701232910 
7850459.5000000000 -147.4495239258 
7877640.5000000000 -147.4055938721 
7904924.5000000000 -147.3676910400 
7932302.5000000000 -147.3436889648 
7959776.0000000000 -147.3146057129 
7987344.0000000000 -147.2844085693 
8015008.0000000000 -147.2865447998 
8042767.5000000000 -147.2675170898 
8070623.5000000000 -147.1878356934 
8098575.5000000000 -147.1384429932 
8126615.5000000000 -147.1548919678 
8154762.0000000000 -147.2286529541 
8183005.5000000000 -147.2527618408 
8211347.0000000000 -147.2174377441 
8239786.5000000000 -147.2131347656 
8268325.0000000000 -147.2988891602 
8296961.5000000000 -147.4119567871 
8325698.0000000000 -147.5403442383 
8354524.5000000000 -147.5798950195 
8383460.0000000000 -147.5326995850 
8412496.0000000000 -147.4708404541 
8441632.0000000000 -147.4172058105 
8470869.0000000000 -147.2679748535 
8500208.0000000000 -147.0834503174 
8529648.0000000000 -147.0345611572 
8559190.0000000000 -147.1176147461 
8588825.0000000000 -147.2280426025 
8618572.0000000000 -147.2945404053 
8648422.0000000000 -147.3402557373 
8678375.0000000000 -147.3312683105 
8708432.0000000000 -147.2470245361 
8738593.0000000000 -147.1600341797 
8768859.0000000000 -147.1381683350 
8799230.0000000000 -147.1693572998 
8829696.0000000000 -147.1993103027 
8860277.0000000000 -147.2147827148 
8890964.0000000000 -147.2260284424 
8921758.0000000000 -147.2602539063 
8952658.0000000000 -147.3047943115 
8983665.0000000000 -147.2853393555 
9014779.0000000000 -147.2582702637 
9046002.0000000000 -147.3191986084 
9077322.0000000000 -147.4112091064 
9108761.0000000000 -147.4491577148 
9140309.0000000000 -147.3996429443 
9171966.0000000000 -147.3296051025 
9203732.0000000000 -147.2753906250 
9235609.0000000000 -147.2684173584 
9267596.0000000000 -147.3241271973 
9299694.0000000000 -147.3088073730 
9331893.0000000000 -147.2095794678 
9364214.0000000000 -147.2008666992 
9396646.0000000000 -147.2941436768 
9429191.0000000000 -147.3208465576 
9461849.0000000000 -147.2235870361 
9494619.0000000000 -147.0786132813 
9527503.0000000000 -147.1189727783 
9560501.0000000000 -147.2659301758 
9593603.0000000000 -147.3058471680 
9626830.0000000000 -147.2513122559 
9660172.0000000000 -147.2522583008 
9693630.0000000000 -147.2742156982 
9727203.0000000000 -147.1661529541 
9760893.0000000000 -147.0316314697 
9794699.0000000000 -146.9459991455 
9828623.0000000000 -146.9343261719 
9862653.0000000000 -147.0672454834 
9896812.0000000000 -147.1161041260 
9931089.0000000000 -146.5676879883 
9965485.0000000000 -145.1400146484 
10000000.0000000000 -144.0637969971 
%Trace 4 
%Trace Mode VIEW 
%Trace Result PN 
%Smoothing OFF 
%Smoothing Value 1.0000000000 %
%Spurious Removal OFF 
%Spurious Removal Threshold 6.0000000000 dB
%Trace Offset OFF 
%Trace Offset 0.0000000000 dB
%Trace Label OFF 
%Trace Label Trace 4 
%x-Unit Hz 
%y-Unit dBc/Hz 
%Values 4663 
1.0000000000 -85.5163421631 
1.0034632683 -85.5126113892 
1.0069385767 -85.5303649902 
1.0104259253 -85.5481185913 
1.0139254332 -85.5658721924 
1.0174369812 -85.5858917236 
1.0209606886 -85.6469345093 
1.0244965553 -85.7079696655 
1.0280447006 -85.7690048218 
1.0316051245 -85.8300476074 
1.0351779461 -85.9061050415 
1.0387630463 -85.9935836792 
1.0423606634 -86.0810699463 
1.0459706783 -86.1685485840 
1.0495932102 -86.2574615479 
1.0532282591 -86.3544006348 
1.0568759441 -86.4513320923 
1.0605362654 -86.5482711792 
1.0642092228 -86.6452102661 
1.0678949356 -86.7248382568 
1.0715934038 -86.8002014160 
1.0753046274 -86.8755722046 
1.0790288448 -86.9509429932 
1.0827658176 -86.9875946045 
1.0865157843 -86.9881286621 
1.0902787447 -86.9886627197 
1.0940546989 -86.9891967773 
1.0978437662 -86.9608840942 
1.1016459465 -86.8635711670 
1.1054613590 -86.7662506104 
1.1092898846 -86.6689376831 
1.1131316423 -86.5639572144 
1.1169868708 -86.4090270996 
1.1208553314 -86.2540969849 
1.1247371435 -86.0991744995 
1.1286325455 -85.9440765381 
1.1325412989 -85.7837829590 
1.1364636421 -85.6234893799 
1.1403995752 -85.4632034302 
1.1443492174 -85.3029022217 
1.1483124495 -85.1761093140 
1.1522893906 -85.0498352051 
1.1562801600 -84.9235534668 
1.1602846384 -84.7972717285 
1.1643031836 -84.7330017090 
1.1683354378 -84.6690292358 
1.1723817587 -84.6050643921 
1.1764421463 -84.5454559326 
1.1805164814 -84.5543212891 
1.1846050024 -84.5631790161 
1.1887077093 -84.5720443726 
1.1928246021 -84.5912933350 
1.1969556808 -84.6586990356 
1.2011011839 -84.7261123657 
1.2052608728 -84.7935104370 
1.2094351053 -84.8696823120 
1.2136237621 -84.9623947144 
1.2178269625 -85.0550994873 
1.2220447063 -85.1478042603 
1.2262769938 -85.2396774292 
1.2305239439 -85.3309097290 
1.2347856760 -85.4221420288 
1.2390621901 -85.5133743286 
1.2433534861 -85.6075057983 
1.2476595640 -85.7022171021 
1.2519805431 -85.7969284058 
1.2563166618 -85.8959808350 
1.2606676817 -86.0198593140 
1.2650337219 -86.1437301636 
1.2694149017 -86.2676086426 
1.2738113403 -86.4107894897 
1.2782229185 -86.5724868774 
1.2826498747 -86.7341918945 
1.2870920897 -86.8958969116 
1.2915496826 -87.0612258911 
1.2960226536 -87.2268905640 
1.3005112410 -87.3925552368 
1.3050153255 -87.5354537964 
1.3095350266 -87.6392898560 
1.3140703440 -87.7431182861 
1.3186213970 -87.8469543457 
1.3231881857 -87.8705673218 
1.3277708292 -87.8813629150 
1.3323693275 -87.8921661377 
1.3369836807 -87.8885498047 
1.3416141272 -87.8631591797 
1.3462605476 -87.8377685547 
1.3509230614 -87.8123779297 
1.3556017876 -87.8300476074 
1.3602966070 -87.8488159180 
1.3650077581 -87.8675918579 
1.3697352409 -87.9310226440 
1.3744791746 -88.0252075195 
1.3792393208 -88.1193771362 
1.3840161562 -88.2221298218 
1.3888094425 -88.3507919312 
1.3936192989 -88.4794616699 
1.3984458447 -88.6081237793 
1.4032890797 -88.6621704102 
1.4081491232 -88.7116928101 
1.4130259752 -88.7612075806 
1.4179197550 -88.7187271118 
1.4228304625 -88.6318588257 
1.4277582169 -88.5449905396 
1.4327028990 -88.4398574829 
1.4376648664 -88.3117294312 
1.4426438808 -88.1835937500 
1.4476402998 -88.0625305176 
1.4526538849 -87.9630508423 
1.4576849937 -87.8635635376 
1.4627333879 -87.7636489868 
1.4677993059 -87.6591033936 
1.4728827477 -87.5545578003 
1.4779838324 -87.4500045776 
1.4831025600 -87.2983932495 
1.4882389307 -87.1447525024 
1.4933931828 -86.9911117554 
1.4985653162 -86.8278656006 
1.5037553310 -86.6631317139 
1.5089633465 -86.4983901978 
1.5141893625 -86.3777389526 
1.5194333792 -86.2678146362 
1.5246957541 -86.1578903198 
1.5299762487 -86.1009216309 
1.5352749825 -86.0592651367 
1.5405921936 -86.0176162720 
1.5459277630 -85.9883270264 
1.5512818098 -85.9625625610 
1.5566543341 -85.9367980957 
1.5620455742 -85.8580856323 
1.5674554110 -85.7670822144 
1.5728839636 -85.6760864258 
1.5783313513 -85.5096054077 
1.5837976933 -85.3323516846 
1.5892828703 -85.1551055908 
1.5947870016 -84.9710845947 
1.6003103256 -84.7868347168 
1.6058527231 -84.6107711792 
1.6114143133 -84.5171890259 
1.6169950962 -84.4236068726 
1.6225953102 -84.3625793457 
1.6282148361 -84.4043273926 
1.6338539124 -84.4460830688 
1.6395124197 -84.5358734131 
1.6451905966 -84.6923599243 
1.6508884430 -84.8488388062 
1.6566059589 -85.0291824341 
1.6623432636 -85.2238998413 
1.6681005955 -85.4186172485 
1.6738777161 -85.5723342896 
1.6796748638 -85.7191772461 
1.6854921579 -85.8591308594 
1.6913294792 -85.9459152222 
1.6971870661 -86.0326919556 
1.7030650377 -86.1238784790 
1.7089632750 -86.2216949463 
1.7148818970 -86.3195114136 
1.7208211422 -86.4719543457 
1.7267808914 -86.6469192505 
1.7327612638 -86.8248901367 
1.7387623787 -87.0711975098 
1.7447843552 -87.3175048828 
1.7508270741 -87.5590515137 
1.7568907738 -87.7934646606 
1.7629753351 -88.0278778076 
1.7690811157 -88.1844635010 
1.7752079964 -88.3194961548 
1.7813560963 -88.4390945435 
1.7875255346 -88.4924926758 
1.7937163115 -88.5458984375 
1.7999285460 -88.6087570190 
1.8061622381 -88.6774597168 
1.8124175072 -88.7519607544 
1.8186944723 -88.9039001465 
1.8249932528 -89.0558395386 
1.8313137293 -89.2496337891 
1.8376561403 -89.4785919189 
1.8440206051 -89.7077331543 
1.8504070044 -89.9411926270 
1.8568155766 -90.1746520996 
1.8632462025 -90.3601837158 
1.8696992397 -90.5075225830 
1.8761746883 -90.6421737671 
1.8826724291 -90.6557998657 
1.8891928196 -90.6694259644 
1.8957357407 -90.5831451416 
1.9023011923 -90.4440002441 
1.9088895321 -90.2621841431 
1.9155006409 -89.9403686523 
1.9221346378 -89.6185531616 
1.9287915230 -89.1495285034 
1.9354715347 -88.6510314941 
1.9421746731 -88.1167297363 
1.9489010572 -87.5391311646 
1.9556506872 -86.9673614502 
1.9624238014 -86.4534912109 
1.9692202806 -85.9396286011 
1.9760403633 -85.5559158325 
1.9828839302 -85.2157135010 
1.9897513390 -84.9749145508 
1.9966424704 -84.8679504395 
2.0035574436 -84.7919769287 
2.0104963779 -84.9401168823 
2.0174593925 -85.0882644653 
2.0244464874 -85.4332275391 
2.0314579010 -85.8170852661 
2.0384933949 -86.2703247070 
2.0455532074 -86.7766876221 
2.0526378155 -87.2278671265 
2.0597467422 -87.5593032837 
2.0668802261 -87.8505935669 
2.0740385056 -87.6924743652 
2.0812215805 -87.5343475342 
2.0884294510 -87.0577621460 
2.0956623554 -86.5317230225 
2.1029202938 -85.9977874756 
2.1102032661 -85.4598922729 
2.1175117493 -85.0135726929 
2.1248455048 -84.6652908325 
2.1322045326 -84.3950653076 
2.1395888329 -84.2933731079 
2.1469991207 -84.2317962646 
2.1544346809 -84.3717346191 
2.1618962288 -84.5182189941 
2.1693835258 -84.8662185669 
2.1768968105 -85.2142181396 
2.1844360828 -85.7009048462 
2.1920015812 -86.2009277344 
2.1995930672 -86.7559814453 
2.2072110176 -87.3240737915 
2.2148551941 -87.8555831909 
2.2225260735 -88.3729095459 
2.2302234173 -88.7765808105 
2.2379472256 -89.1182479858 
2.2456979752 -89.3338546753 
2.2534756660 -89.4612655640 
2.2612800598 -89.5200729370 
2.2691116333 -89.5214309692 
2.2769701481 -89.5195236206 
2.2848560810 -89.5145187378 
2.2927691936 -89.5363845825 
2.3007099628 -89.5852432251 
2.3086779118 -89.6436996460 
2.3166735172 -89.7118606567 
2.3246970177 -89.6567306519 
2.3327481747 -89.4828109741 
2.3408272266 -88.8607635498 
2.3489341736 -87.8491287231 
2.3570692539 -86.3535690308 
2.3652327061 -84.4988098145 
2.3734242916 -82.5839385986 
2.3816442490 -80.6331405640 
2.3898925781 -78.9022293091 
2.3981695175 -77.2693634033 
2.4064753056 -75.9592895508 
2.4148097038 -74.7458953857 
2.4231729507 -73.9045944214 
2.4315650463 -73.1236190796 
2.4399862289 -72.7566909790 
2.4484367371 -72.4393692017 
2.4569165707 -72.5165176392 
2.4654254913 -72.6833572388 
2.4739642143 -73.1930160522 
2.4825322628 -73.8553466797 
2.4911301136 -74.8046646118 
2.4997575283 -75.9733047485 
2.5084149837 -77.3620529175 
2.5171024799 -79.0088348389 
2.5258200169 -80.7869644165 
2.5345678329 -82.6829605103 
2.5433456898 -84.5889205933 
2.5521540642 -85.9803237915 
2.5609929562 -87.1467666626 
2.5698626041 -87.5259475708 
2.5787627697 -87.6673660278 
2.5876939297 -87.4952621460 
2.5966558456 -87.2636489868 
2.6056489944 -87.0001831055 
2.6146731377 -86.7778549194 
2.6237285137 -86.5708999634 
2.6328153610 -86.4337768555 
2.6419336796 -86.3274917603 
2.6510834694 -86.2723159790 
2.6602649689 -86.2528152466 
2.6694786549 -86.2534484863 
2.6787238121 -86.2703323364 
2.6880011559 -86.2901535034 
2.6973104477 -86.3156509399 
2.7066521645 -86.3620910645 
2.7160260677 -86.4303817749 
2.7254326344 -86.5779342651 
2.7348716259 -86.7612304688 
2.7443432808 -87.0709228516 
2.7538478374 -87.4430160522 
2.7633852959 -87.8979721069 
2.7729558945 -88.4256591797 
2.7825593948 -88.9728393555 
2.7921962738 -89.4929580688 
2.8018665314 -89.9132843018 
2.8115704060 -90.2149810791 
2.8213076591 -90.2409896851 
2.8310787678 -90.1573257446 
2.8408837318 -89.8655090332 
2.8507225513 -89.5326995850 
2.8605954647 -89.1687164307 
2.8705027103 -88.8700866699 
2.8804440498 -88.6215667725 
2.8904199600 -88.4589691162 
2.9004304409 -88.4002685547 
2.9104754925 -88.3876571655 
2.9205553532 -88.4379043579 
2.9306702614 -88.4576110840 
2.9408199787 -88.4512329102 
2.9510049820 -88.2725601196 
2.9612252712 -88.0125656128 
2.9714810848 -87.6618347168 
2.9817721844 -87.2929229736 
2.9920992851 -86.9789733887 
3.0024619102 -86.7575531006 
3.0128602982 -86.7478942871 
3.0232946873 -86.8667526245 
3.0337653160 -87.1773986816 
3.0442721844 -87.6871414185 
3.0548155308 -88.2879943848 
3.0653953552 -88.9902725220 
3.0760118961 -89.6620483398 
3.0866649151 -90.2634277344 
3.0973551273 -90.7144622803 
3.1080822945 -90.9712371826 
3.1188464165 -91.1280670166 
3.1296479702 -91.1752700806 
3.1404869556 -91.1013946533 
3.1513633728 -90.9365005493 
3.1622776985 -90.6613159180 
3.1732296944 -90.2615432739 
3.1842195988 -89.8658828735 
3.1952474117 -89.4918518066 
3.2063136101 -89.2987747192 
3.2174181938 -89.2651062012 
3.2285611629 -89.3753356934 
3.2397425175 -89.6706619263 
3.2509627342 -90.0145645142 
3.2622220516 -90.3216323853 
3.2735199928 -90.5265655518 
3.2848572731 -90.4829025269 
3.2962338924 -90.3122482300 
3.3076496124 -90.0303344727 
3.3191051483 -89.6526336670 
3.3306002617 -89.2216873169 
3.3421351910 -88.7622985840 
3.3537099361 -88.2846221924 
3.3653249741 -87.8655548096 
3.3769800663 -87.5473937988 
3.3886756897 -87.3499832153 
3.4004118443 -87.3204040527 
3.4121885300 -87.5194244385 
3.4240059853 -87.8689041138 
3.4358644485 -88.3547973633 
3.4477639198 -88.9706497192 
3.4597046375 -89.6485824585 
3.4716866016 -90.2990722656 
3.4837102890 -90.8700103760 
3.4957754612 -91.2715301514 
3.5078823566 -91.3652801514 
3.5200312138 -91.2391815186 
3.5322222710 -90.9352569580 
3.5444555283 -90.5084762573 
3.5567314625 -90.0533370972 
3.5690495968 -89.6432113647 
3.5814104080 -89.3052902222 
3.5938138962 -89.0675125122 
3.6062602997 -88.9945678711 
3.6187500954 -89.1258544922 
3.6312828064 -89.4320449829 
3.6438591480 -89.8871231079 
3.6564791203 -90.4449005127 
3.6691424847 -90.9687271118 
3.6818499565 -91.2978973389 
3.6946012974 -91.4186325073 
3.7073969841 -91.3654022217 
3.7202367783 -91.2158279419 
3.7331211567 -91.1014633179 
3.7460501194 -91.0937957764 
3.7590239048 -91.1626586914 
3.7720425129 -91.2449188232 
3.7851064205 -91.2549972534 
3.7982153893 -91.0843963623 
3.8113698959 -90.7056350708 
3.8245697021 -90.2703018188 
3.8378155231 -89.8666610718 
3.8511071205 -89.5552673340 
3.8644447327 -89.3662643433 
3.8778283596 -89.3061599731 
3.8912587166 -89.3585052490 
3.9047353268 -89.4399261475 
3.9182586670 -89.4679718018 
3.9318287373 -89.3765182495 
3.9454460144 -89.1502838135 
3.9591102600 -88.8481750488 
3.9728219509 -88.6035461426 
3.9865810871 -88.5372695923 
4.0003876686 -88.6460952759 
4.0142426491 -88.8988037109 
4.0281448364 -89.2563934326 
4.0420956612 -89.6881637573 
4.0560946465 -90.1732482910 
4.0701422691 -90.6846008301 
4.0842385292 -91.1487655640 
4.0983834267 -91.4314270020 
4.1125774384 -91.4776840210 
4.1268205643 -91.3113403320 
4.1411132813 -91.0000610352 
4.1554551125 -90.6182403564 
4.1698470116 -90.2323455811 
4.1842885017 -89.9024887085 
4.1987800598 -89.6830673218 
4.2133216858 -89.6086883545 
4.2279138565 -89.6706542969 
4.2425560951 -89.8006973267 
4.2572493553 -89.9017791748 
4.2719936371 -89.9424743652 
4.2867889404 -89.9578552246 
4.3016357422 -90.0157699585 
4.3165335655 -90.1731338501 
4.3314828873 -90.4414901733 
4.3464841843 -90.7739562988 
4.3615374565 -91.0912246704 
4.3766427040 -91.3431701660 
4.3918004036 -91.5498580933 
4.4070110321 -91.7556762695 
4.4222736359 -91.9265518188 
4.4375896454 -91.9259567261 
4.4529581070 -91.6589584351 
4.4683809280 -91.2355422974 
4.4838562012 -90.8775253296 
4.4993853569 -90.7048950195 
4.5149679184 -90.6444854736 
4.5306048393 -90.4698638916 
4.5462956429 -89.9981384277 
4.5620408058 -89.2971878052 
4.5778408051 -88.6160507202 
4.5936951637 -88.1822967529 
4.6096048355 -88.1107559204 
4.6255693436 -88.4144973755 
4.6415891647 -89.0041046143 
4.6576642990 -89.6778564453 
4.6737952232 -90.1541595459 
4.6899819374 -90.2291030884 
4.7062249184 -89.9340896606 
4.7225241661 -89.4635543823 
4.7388796806 -89.0106964111 
4.7552919388 -88.7145004272 
4.7717609406 -88.6686782837 
4.7882871628 -88.8982086182 
4.8048706055 -89.2445220947 
4.8215112686 -89.1622009277 
4.8382096291 -87.9756774902 
4.8549661636 -85.9221038818 
4.8717803955 -82.9819259644 
4.8886528015 -81.3430404663 
4.9055838585 -81.1402587891 
4.9225735664 -81.6469421387 
4.9396219254 -82.8086242676 
4.9567294121 -84.4713287354 
4.9738960266 -86.2937088013 
4.9911222458 -87.7881164551 
5.0084080696 -88.7255020142 
5.0257534981 -89.3661727905 
5.0431594849 -90.0595779419 
5.0606255531 -90.9535293579 
5.0781521797 -92.4736328125 
5.0957393646 -93.6037750244 
5.1133875847 -93.5655746460 
5.1310968399 -93.0400238037 
5.1488671303 -92.4093399048 
5.1666994095 -91.9395599365 
5.1845936775 -91.6977844238 
5.2025494576 -91.5818862915 
5.2205672264 -91.1007843018 
5.2386479378 -90.0122756958 
5.2567911148 -89.0422058105 
5.2749967575 -88.1671981812 
5.2932658195 -87.5690002441 
5.3115983009 -87.3622894287 
5.3299937248 -87.5931320190 
5.3484535217 -88.6698608398 
5.3669767380 -90.1641464233 
5.3855643272 -91.0430526733 
5.4042162895 -91.7022781372 
5.4229326248 -92.1547470093 
5.4417138100 -92.4027938843 
5.4605603218 -92.3746185303 
5.4794721603 -92.1043777466 
5.4984493256 -91.8104629517 
5.5174922943 -91.3921279907 
5.5366010666 -90.8419189453 
5.5557761192 -89.7539443970 
5.5750174522 -88.6292266846 
5.5943255424 -88.1212692261 
5.6137003899 -88.0190582275 
5.6331429482 -88.7726364136 
5.6526522636 -90.2702026367 
5.6722292900 -91.2907333374 
5.6918740273 -91.8903350830 
5.7115869522 -91.9866027832 
5.7313680649 -91.7656784058 
5.7512173653 -91.7062072754 
5.7711358070 -91.8181533813 
5.7911229134 -91.9285736084 
5.8111796379 -91.9066925049 
5.8313055038 -91.7644958496 
5.8515009880 -91.6466140747 
5.8717665672 -91.1551284790 
5.8921022415 -90.0696792603 
5.9125084877 -88.9322891235 
5.9329853058 -87.6309814453 
5.9535331726 -85.7732772827 
5.9741520882 -84.5301437378 
5.9948425293 -84.2190551758 
6.0156044960 -84.6040039063 
6.0364384651 -85.6695785522 
6.0573449135 -86.5585327148 
6.0783233643 -87.6446914673 
6.0993742943 -88.2809219360 
6.1204986572 -88.4109344482 
6.1416954994 -88.6846160889 
6.1629662514 -89.6150741577 
6.1843104362 -90.8950195313 
6.2057290077 -93.3938903809 
6.2272214890 -95.9504699707 
6.2487878799 -96.9279632568 
6.2704296112 -95.7173843384 
6.2921462059 -94.6739044189 
6.3139376640 -94.5715103149 
6.3358049393 -93.5415649414 
6.3577480316 -91.8494415283 
6.3797669411 -90.7149429321 
6.4018621445 -90.3678970337 
6.4240336418 -90.6236419678 
6.4462819099 -91.1213150024 
6.4686074257 -90.7526168823 
6.4910101891 -89.6322326660 
6.5134906769 -88.7268524170 
6.5360488892 -88.3268432617 
6.5586853027 -87.9518051147 
6.5814003944 -87.8281631470 
6.6041936874 -88.1089172363 
6.6270661354 -88.2109603882 
6.6500177383 -87.1120910645 
6.6730489731 -85.6894073486 
6.6961598396 -85.0351867676 
6.7193508148 -85.5545043945 
6.7426218987 -86.6426849365 
6.7659740448 -88.0584487915 
6.7894062996 -87.9383087158 
6.8129205704 -86.9369354248 
6.8365159035 -86.3745880127 
6.8601927757 -86.7243423462 
6.8839516640 -87.5293426514 
6.9077930450 -88.2013320923 
6.9317169189 -88.6655502319 
6.9557237625 -88.9483184814 
6.9798135757 -88.6781845093 
7.0039868355 -87.9303207397 
7.0282440186 -87.5033340454 
7.0525846481 -87.7361145020 
7.0770101547 -88.4100646973 
7.1015210152 -88.7876052856 
7.1261157990 -89.2149505615 
7.1507959366 -89.9357528687 
7.1755614281 -90.5793075562 
7.2004127502 -90.4826583862 
7.2253499031 -89.7987213135 
7.2503733635 -89.2575683594 
7.2754840851 -87.3086471558 
7.3006811142 -82.0280151367 
7.3259658813 -78.8231735229 
7.3513379097 -77.2338333130 
7.3767981529 -77.1941833496 
7.4023461342 -78.9121475220 
7.4279828072 -83.2693710327 
7.4537081718 -87.5994873047 
7.4795227051 -90.2113800049 
7.5054268837 -90.4159317017 
7.5314202309 -89.8675384521 
7.5575041771 -90.1397247314 
7.5836782455 -91.0680770874 
7.6099429131 -91.7186050415 
7.6362986565 -90.8588562012 
7.6627454758 -89.8532180786 
7.6892838478 -89.4755172729 
7.7159142494 -89.4688644409 
7.7426371574 -89.3148193359 
7.7694520950 -89.0775527954 
7.7963600159 -88.9154434204 
7.8233613968 -88.6507339478 
7.8504562378 -88.6431961060 
7.8776450157 -89.4196395874 
7.9049277306 -91.1412048340 
7.9323048592 -91.6825866699 
7.9597768784 -91.0193176270 
7.9873442650 -90.0142059326 
8.0150070190 -89.5375289917 
8.0427656174 -89.2091369629 
8.0706205368 -88.4956741333 
8.0985708237 -87.9168853760 
8.1266193390 -88.6848220825 
8.1547641754 -90.0447387695 
8.1830062866 -91.6398315430 
8.2113466263 -93.4716186523 
8.2397851944 -93.4879531860 
8.2683229446 -91.7351303101 
8.2969579697 -90.4674453735 
8.3256931305 -89.6511306763 
8.3545274734 -88.5877609253 
8.3834619522 -87.1839752197 
8.4124965668 -86.5692062378 
8.4416322708 -87.3320846558 
8.4708681107 -88.4245834351 
8.5002050400 -89.3146133423 
8.5296440125 -90.1228561401 
8.5591850281 -90.8002777100 
8.5888280869 -90.8032073975 
8.6185741425 -89.8845062256 
8.6484231949 -88.9239730835 
8.6783752441 -88.6304702759 
8.7084312439 -89.0963287354 
8.7385911942 -90.5022964478 
8.7688560486 -91.5487594604 
8.7992248535 -91.6952438354 
8.8296995163 -91.5349578857 
8.8602790833 -90.2445373535 
8.8909654617 -88.8735733032 
8.9217586517 -89.1837997437 
8.9526576996 -90.1128845215 
8.9836635590 -89.1233596802 
9.0147771835 -88.0349273682 
9.0459976196 -88.4229965210 
9.0773267746 -89.6467742920 
9.1087646484 -90.1651458740 
9.1403112411 -89.9950485229 
9.1719665527 -89.5955352783 
9.2037324905 -89.2714080811 
9.2356081009 -89.7074737549 
9.2675933838 -90.8391113281 
9.2996902466 -91.3654098511 
9.3318977356 -91.2490997314 
9.3642177582 -91.5257492065 
9.3966484070 -91.7180252075 
9.4291925430 -91.1232376099 
9.4618482590 -90.0735778809 
9.4946174622 -88.8623428345 
9.5275011063 -87.8117752075 
9.5604972839 -87.5945434570 
9.5936088562 -88.5615768433 
9.6268339157 -90.0909347534 
9.6601753235 -90.9929351807 
9.6936311722 -91.1496200562 
9.7272033691 -87.2124099731 
9.7608919144 -80.1615676880 
9.7946968079 -76.9083023071 
9.8286190033 -76.7924652100 
9.8626585007 -79.8254623413 
9.8968162537 -86.0050582886 
9.9310922623 -91.8218765259 
9.9654865265 -89.5321350098 
10.0000000000 -84.8502197266 
10.0346345901 -86.0696640015 
10.0693864822 -87.1700592041 
10.1042613983 -88.2172851563 
10.1392536163 -88.8939590454 
10.1743707657 -89.4957885742 
10.2096061707 -89.7806320190 
10.2449674606 -90.0292587280 
10.2804470062 -90.1693115234 
10.3160533905 -90.2802047729 
10.3517789841 -90.3567504883 
10.3876323700 -90.3774871826 
10.4236068726 -90.3718872070 
10.4597082138 -90.2631607056 
10.4959316254 -90.1327514648 
10.5322837830 -89.9379806519 
10.5687589645 -89.7487945557 
10.6053638458 -89.5677947998 
10.6420917511 -89.4441680908 
10.6789503098 -89.3491363525 
10.7159337997 -89.3574295044 
10.7530479431 -89.3943557739 
10.7902870178 -89.5078735352 
10.8276586533 -89.6631240845 
10.8651571274 -89.8572845459 
10.9027881622 -90.1112670898 
10.9405460358 -90.3857955933 
10.9784383774 -90.7088088989 
11.0164585114 -91.0278930664 
11.0546140671 -91.3423843384 
11.0928983688 -91.5701599121 
11.1313180923 -91.7535324097 
11.1698675156 -91.7971343994 
11.2085533142 -91.7881164551 
11.2473707199 -91.7232208252 
11.2863254547 -91.6533355713 
11.3254127502 -91.5978240967 
11.3646373749 -91.5975723267 
11.4039955139 -91.6483612061 
11.4434919357 -91.7337265015 
11.4831228256 -91.8557815552 
11.5228948593 -91.9632186890 
11.5628004074 -92.0461120605 
11.6028470993 -92.0617141724 
11.6430301666 -92.0433654785 
11.6833553314 -91.9627685547 
11.7238168716 -91.8449783325 
11.7644214630 -91.7010803223 
11.8051643372 -91.4941406250 
11.8460512161 -91.2228393555 
11.8870754242 -90.8874206543 
11.9282464981 -90.2283172607 
11.9695558548 -89.3043289185 
12.0110120773 -88.0193862915 
12.0526084900 -86.3966979980 
12.0943517685 -84.7859725952 
12.1362361908 -83.2911529541 
12.1782703400 -82.2385559082 
12.2204456329 -81.4903259277 
12.2627706528 -81.1982879639 
12.3052387238 -81.4816818237 
12.3478574753 -82.1155014038 
12.3906202316 -83.2157592773 
12.4335346222 -84.7765808105 
12.4765939713 -86.4759292603 
12.5198059082 -88.2602844238 
12.5631647110 -89.5582885742 
12.6066761017 -90.4903335571 
12.6503391266 -91.0022430420 
12.6941490173 -91.2031326294 
12.7381153107 -91.3339614868 
12.7822294235 -91.4034881592 
12.8264999390 -91.3846740723 
12.8709201813 -91.3143997192 
12.9154977798 -91.2087707520 
12.9602270126 -91.0820159912 
13.0051136017 -90.9906692505 
13.0501527786 -90.9413757324 
13.0953512192 -90.9473571777 
13.1407032013 -91.0104980469 
13.1862154007 -91.0613708496 
13.2318820953 -91.0868301392 
13.2777099609 -91.0423507690 
13.3236923218 -90.9586563110 
13.3698387146 -90.8723220825 
13.4161405563 -90.7999877930 
13.4626073837 -90.7740783691 
13.5092306137 -90.7621307373 
13.5560188293 -90.7569046021 
13.6029663086 -90.7502593994 
13.6500797272 -90.7562103271 
13.6973524094 -90.7783813477 
13.7447919846 -90.8046417236 
13.7923927307 -90.8113327026 
13.8401622772 -90.7199478149 
13.8880929947 -90.5694122314 
13.9361934662 -90.3985290527 
13.9844570160 -90.2707901001 
14.0328922272 -90.3079833984 
14.0814905167 -90.4550857544 
14.1302604675 -90.6772766113 
14.1791963577 -90.9333648682 
14.2283058167 -91.1633682251 
14.2775802612 -91.2848663330 
14.3270301819 -90.9753570557 
14.3766469955 -89.8886947632 
14.4264402390 -87.3065109253 
14.4764013290 -84.1197357178 
14.5265398026 -81.1735458374 
14.5768480301 -78.7306137085 
14.6273345947 -76.9318237305 
14.6779909134 -75.9707489014 
14.7288274765 -75.7732849121 
14.7798366547 -76.2697906494 
14.8310260773 -77.4695587158 
14.8823881149 -79.3773193359 
14.9339323044 -82.0925140381 
14.9856519699 -85.3286132813 
15.0375537872 -88.4182357788 
15.0896310806 -90.8006896973 
15.1418933868 -92.1494369507 
15.1943330765 -92.6095504761 
15.2469577789 -92.4710235596 
15.2997608185 -92.0745468140 
15.3527507782 -91.5865707397 
15.4059200287 -91.1325225830 
15.4592771530 -90.7917938232 
15.5128154755 -90.5960845947 
15.5665435791 -90.5846252441 
15.6204538345 -90.7282562256 
15.6745538712 -91.0044631958 
15.7288379669 -91.3365173340 
15.7833137512 -91.6038360596 
15.8379745483 -91.6815185547 
15.8928289413 -91.5360107422 
15.9478731155 -91.3619003296 
16.0031032562 -91.3290710449 
16.0585289001 -91.4357986450 
16.1141433716 -91.5871734619 
16.1699523926 -91.6751556396 
16.2259521484 -91.6563491821 
16.2821502686 -91.5926666260 
16.3385391235 -91.5947494507 
16.3951263428 -91.7135467529 
16.4519062042 -91.9020919800 
16.5088863373 -92.1411590576 
16.5660591125 -92.4281082153 
16.6234340668 -92.7208633423 
16.6810054779 -92.8922042847 
16.7387790680 -92.6953201294 
16.7967472076 -91.7109375000 
16.8549232483 -89.4024124146 
16.9132938385 -85.8660964966 
16.9718723297 -82.2979736328 
17.0306491852 -79.4758605957 
17.0896339417 -77.5717086792 
17.1488189697 -76.6299362183 
17.2082138062 -76.6592636108 
17.2678089142 -77.6620178223 
17.3276138306 -79.6279754639 
17.3876228333 -82.4808425903 
17.4478435516 -85.9169616699 
17.5082683563 -89.1722564697 
17.5689086914 -91.3075332642 
17.6297531128 -92.1052627563 
17.6908130646 -92.2186660767 
17.7520790100 -92.1043395996 
17.8135623932 -91.7740097046 
17.8752536774 -91.1659240723 
17.9371643066 -90.4546356201 
17.9992828369 -89.9572677612 
18.0616226196 -89.8690032959 
18.1241741180 -90.1899337769 
18.1869468689 -90.7812957764 
18.2499313354 -91.4671783447 
18.3131389618 -92.1215362549 
18.3765602112 -92.6317977905 
18.4402065277 -92.8462295532 
18.5040683746 -92.7167358398 
18.5681571960 -92.4259796143 
18.6324615479 -92.2000579834 
18.6969947815 -92.0864486694 
18.7617454529 -91.9795684814 
18.8267250061 -91.7891845703 
18.8919258118 -91.5738754272 
18.9573574066 -91.4904327393 
19.0230102539 -91.6506576538 
19.0888957977 -92.0363540649 
19.1550025940 -92.4706878662 
19.2213459015 -92.5611724854 
19.2879123688 -91.3058700562 
19.3547153473 -87.7257614136 
19.4217453003 -81.0070953369 
19.4890098572 -76.8950195313 
19.5565052032 -75.4443054199 
19.6242370605 -75.1553649902 
19.6921997070 -76.0167999268 
19.7604026794 -78.0197067261 
19.8288364410 -81.0860137939 
19.8975124359 -84.7823867798 
19.9664268494 -87.8400955200 
20.0355739594 -89.3317642212 
20.1049671173 -90.1319808960 
20.1745929718 -90.8276214600 
20.2444667816 -91.2950286865 
20.3145771027 -91.4778900146 
20.3849372864 -91.3413314819 
20.4555339813 -91.0178985596 
20.5263805389 -90.6559219360 
20.5974674225 -90.5121994019 
20.6688041687 -90.7326049805 
20.7403850555 -91.2567138672 
20.8122177124 -91.8500366211 
20.8842945099 -92.3652648926 
20.9566268921 -92.5821456909 
21.0292034149 -92.7284927368 
21.1020374298 -92.8907623291 
21.1751174927 -92.9577865601 
21.2484550476 -92.8098678589 
21.3220424652 -92.4531555176 
21.3958911896 -91.9299697876 
21.4699878693 -91.7452163696 
21.5443496704 -91.7680969238 
21.6189613342 -91.7080917358 
21.6938362122 -91.3295669556 
21.7689666748 -89.9205017090 
21.8443622589 -84.6011352539 
21.9200134277 -80.0381927490 
21.9959316254 -77.9790954590 
22.0721073151 -77.0425872803 
22.1485538483 -77.2382507324 
22.2252578735 -79.6110000610 
22.3022346497 -84.3324203491 
22.3794708252 -87.8164062500 
22.4569816589 -89.9697265625 
22.5347537994 -90.4646377563 
22.6128025055 -90.2451095581 
22.6911144257 -90.2872390747 
22.7697048187 -90.6887512207 
22.8485603333 -91.3914947510 
22.9276943207 -92.3825607300 
23.0070972443 -92.6964569092 
23.0867805481 -92.3441162109 
23.1667346954 -91.5448226929 
23.2469711304 -91.1915664673 
23.3274803162 -91.4250335693 
23.4082736969 -91.8038406372 
23.4893398285 -91.8503646851 
23.5706958771 -91.3137969971 
23.6523246765 -90.9227218628 
23.7342433929 -90.4850311279 
23.8164386749 -88.8251953125 
23.8989257813 -86.4414672852 
23.9816932678 -84.9599838257 
24.0647525787 -83.4290313721 
24.1480922699 -81.9043045044 
24.2317276001 -79.8698730469 
24.3156471252 -75.1134109497 
24.3998641968 -71.4180068970 
24.4843635559 -69.9353179932 
24.5691642761 -69.8343734741 
24.6542530060 -71.9973907471 
24.7396411896 -74.9794082642 
24.8253192902 -80.9546737671 
24.9113006592 -88.9735717773 
24.9975719452 -91.5864181519 
25.0841503143 -92.2777252197 
25.1710281372 -92.0807647705 
25.2581996918 -91.8218383789 
25.3456802368 -91.4171295166 
25.4334583282 -91.1644515991 
25.5215454102 -91.2941741943 
25.6099300385 -91.6371688843 
25.6986293793 -91.8796310425 
25.7876281738 -91.8309326172 
25.8769435883 -91.0244369507 
25.9665584564 -90.1411666870 
26.0564937592 -90.1640472412 
26.1467323303 -90.8240966797 
26.2372894287 -91.9184570313 
26.3281536102 -92.3403778076 
26.4193401337 -92.2057418823 
26.5108356476 -92.1628723145 
26.6026535034 -91.4297027588 
26.6947841644 -87.8935623169 
26.7872409821 -82.0199279785 
26.8800086975 -78.3686294556 
26.9731063843 -77.2108001709 
27.0665187836 -77.7371902466 
27.1602630615 -80.6826171875 
27.2543239594 -85.8924713135 
27.3487186432 -92.6826858521 
27.4434318542 -94.0285034180 
27.5384807587 -93.9955139160 
27.6338520050 -94.0471954346 
27.7295608521 -93.5152435303 
27.8255920410 -92.2797317505 
27.9219646454 -91.1724472046 
28.0186634064 -90.7162094116 
28.1157054901 -90.8899230957 
28.2130756378 -91.2795257568 
28.3107891083 -91.2725753784 
28.4088344574 -91.2114944458 
28.5072269440 -91.4016876221 
28.6059532166 -91.6966934204 
28.7050285339 -92.2109146118 
28.8044395447 -92.8283081055 
28.9042015076 -92.7958297729 
29.0043029785 -91.9248123169 
29.1047573090 -86.8150405884 
29.2055530548 -76.8794326782 
29.3067054749 -72.0183792114 
29.4081993103 -69.6893005371 
29.5100536346 -69.7653350830 
29.6122512817 -72.5871353149 
29.7148113251 -80.3384704590 
29.8177204132 -89.4558410645 
29.9209918976 -92.2882308960 
30.0246143341 -79.6844177246 
30.1286029816 -81.8454818726 
30.2329425812 -84.3582611084 
30.3376541138 -86.9829940796 
30.4427185059 -89.3274536133 
30.5481548309 -90.8139724731 
30.6539497375 -90.7773361206 
30.7601184845 -88.6569671631 
30.8666458130 -85.4921646118 
30.9735507965 -82.1479797363 
31.0808181763 -78.9731063843 
31.1884651184 -76.1405792236 
31.2964763641 -73.7101211548 
31.4048690796 -71.7037658691 
31.5136299133 -70.1693878174 
31.6227760315 -69.0253829956 
31.7322998047 -68.2668838501 
31.8421955109 -67.8915176392 
31.9524784088 -67.8999404907 
32.0631370544 -68.2960739136 
32.1741867065 -69.0874786377 
32.2856101990 -70.3389129639 
32.3974304199 -72.0312347412 
32.5096282959 -74.1673889160 
32.6222229004 -76.7624282837 
32.7351989746 -79.8071746826 
32.8485755920 -83.2026290894 
32.9623374939 -86.5291061401 
33.0764999390 -88.6812133789 
33.1910514832 -87.7145614624 
33.3060073853 -84.0742950439 
33.4213523865 -80.1769943237 
33.5371055603 -76.6302642822 
33.6532516479 -73.5753173828 
33.7698059082 -71.0301818848 
33.8867568970 -68.9825057983 
34.0041236877 -67.4150314331 
34.1218833923 -66.3141250610 
34.2400627136 -65.6708221436 
34.3586425781 -65.4818801880 
34.4776420593 -65.7494430542 
34.5970458984 -66.4812622070 
34.7168693542 -67.6911773682 
34.8371009827 -69.4169006348 
34.9577598572 -71.6832122803 
35.0788230896 -74.5068893433 
35.2003173828 -77.9086227417 
35.3222236633 -81.8268127441 
35.4445610046 -85.7265319824 
35.5673103333 -87.3164978027 
35.6904945374 -85.0675888062 
35.8140983582 -80.9556198120 
35.9381370544 -76.8470764160 
36.0625991821 -73.2879867554 
36.1875000000 -70.3404998779 
36.3128242493 -67.9859390259 
36.4385910034 -66.1970443726 
36.5647850037 -64.9526596069 
36.6914253235 -64.2389984131 
36.8184928894 -64.0714721680 
36.9460144043 -64.6443023682 
37.0739631653 -65.7513809204 
37.2023696899 -67.4087753296 
37.3312072754 -69.6409072876 
37.4605026245 -72.4796066284 
37.5902328491 -75.9566421509 
37.7204246521 -80.0664138794 
37.8510589600 -84.5540390015 
37.9821548462 -87.6728286743 
38.1136932373 -85.8891448975 
38.2456970215 -81.5585250854 
38.3781509399 -77.3657684326 
38.5110702515 -73.7893753052 
38.6444396973 -70.8605270386 
38.7782859802 -68.5479583740 
38.9125823975 -66.8173904419 
39.0473518372 -65.6419830322 
39.1825790405 -65.0035858154 
39.3182868958 -64.8923339844 
39.4544525146 -65.3061370850 
39.5911026001 -66.2506103516 
39.7282142639 -67.7392807007 
39.8658103943 -70.9202041626 
40.0038833618 -75.7256011963 
40.1424255371 -79.6515045166 
40.2814559937 -84.1033096313 
40.4209594727 -88.2576828003 
40.5609550476 -89.4007797241 
40.7014236450 -86.6778717041 
40.8423919678 -82.8700485229 
40.9838371277 -79.2939376831 
41.1257820129 -76.2499465942 
41.2682075500 -72.7425918579 
41.4111366272 -70.5667037964 
41.5545539856 -69.7705230713 
41.6984748840 -69.5011367798 
41.8428840637 -69.7546005249 
41.9878044128 -70.5339279175 
42.1332168579 -71.8491210938 
42.2791442871 -74.7682952881 
42.4255638123 -79.1899108887 
42.5725021362 -82.7819061279 
42.7199363708 -86.7013092041 
42.8678970337 -90.0249786377 
43.0163574219 -90.8923187256 
43.1653404236 -86.8027114868 
43.3148307800 -81.9042816162 
43.4648475647 -78.7702484131 
43.6153755188 -76.1697769165 
43.7664337158 -74.1290283203 
43.9180068970 -72.6400833130 
44.0701141357 -71.4724044800 
44.2227363586 -71.3647613525 
44.3759002686 -71.9873428345 
44.5295829773 -73.1416854858 
44.6838073730 -75.8292160034 
44.8385581970 -79.9536972046 
44.9938507080 -83.3491973877 
45.1496734619 -87.0814437866 
45.3060493469 -90.3705825806 
45.4629516602 -91.0791168213 
45.6204109192 -87.5903778076 
45.7784004211 -84.1569061279 
45.9369544983 -80.9297332764 
46.0960426331 -76.9407043457 
46.2556915283 -74.3262405396 
46.4158859253 -73.2149581909 
46.5766448975 -72.6323471069 
46.7379455566 -72.7954483032 
46.8998222351 -74.0167846680 
47.0622444153 -75.5366363525 
47.2252426147 -78.7110061646 
47.3887901306 -83.2936706543 
47.5529212952 -86.6127853394 
47.7176055908 -89.4260864258 
47.8828735352 -90.1237030029 
48.0486984253 -87.7568740845 
48.2151145935 -85.4085083008 
48.3820915222 -81.9824066162 
48.5496597290 -79.4237899780 
48.7177963257 -78.1690063477 
48.8865280151 -77.1379241943 
49.0558319092 -76.9838790894 
49.2257347107 -77.4466323853 
49.3962097168 -78.8348464966 
49.5672912598 -80.7210159302 
49.7389526367 -81.8582000732 
49.9112205505 -82.9327468872 
50.0840721130 -83.7305450439 
50.2575378418 -84.4245300293 
50.4316024780 -85.6773071289 
50.6062545776 -85.8314361572 
50.7815284729 -82.7107772827 
50.9573936462 -79.3129272461 
51.1338806152 -77.3955459595 
51.3109664917 -75.5209045410 
51.4886817932 -74.7322235107 
51.6669960022 -75.2020874023 
51.8459396362 -76.7387771606 
52.0254936218 -78.4578094482 
52.2056808472 -81.8562545776 
52.3864784241 -86.4949722290 
52.5679168701 -90.4337005615 
52.7499694824 -92.6602554321 
52.9326667786 -92.6893463135 
53.1159820557 -91.2411804199 
53.2999458313 -88.7667465210 
53.4845352173 -85.8720397949 
53.6697731018 -83.7074356079 
53.8556442261 -82.5131454468 
54.0421676636 -82.2715759277 
54.2293281555 -83.1826171875 
54.4171485901 -85.0522232056 
54.6056022644 -87.6766281128 
54.7947273254 -90.6577835083 
54.9844932556 -92.3951492310 
55.1749267578 -92.6178588867 
55.3660087585 -89.7930984497 
55.5577659607 -85.2989883423 
55.7501716614 -80.3612518311 
55.9432601929 -76.8568038940 
56.1370010376 -74.4472198486 
56.3314323425 -73.1944732666 
56.5265159607 -73.2035140991 
56.7222938538 -74.2619171143 
56.9187316895 -76.5342483521 
57.1158676147 -80.0966186523 
57.3136711121 -84.3858871460 
57.5121726990 -89.9023971558 
57.7113494873 -89.9680328369 
57.9112281799 -84.9991912842 
58.1117858887 -80.0264968872 
58.3130531311 -75.5392761230 
58.5150032043 -72.5318527222 
58.7176666260 -70.7047271729 
58.9210166931 -70.0814437866 
59.1250877380 -70.9100570679 
59.3298454285 -72.9810333252 
59.5353317261 -77.5822525024 
59.7415161133 -82.7866439819 
59.9484252930 -87.9363327026 
60.1560401917 -90.9744033813 
60.3643875122 -86.4990692139 
60.5734405518 -79.3073730469 
60.7832336426 -75.2718200684 
60.9937362671 -72.3126373291 
61.2049865723 -70.3528518677 
61.4169502258 -70.1670761108 
61.6296615601 -71.2534561157 
61.8430976868 -74.4498367310 
62.0572891235 -78.4721679688 
62.2722053528 -83.2727737427 
62.4878807068 -90.1172943115 
62.7042884827 -92.0843887329 
62.9214630127 -89.9229888916 
63.1393852234 -85.0019226074 
63.3580513000 -80.9395751953 
63.5774879456 -79.0718765259 
63.7976684570 -78.3952407837 
64.0186309814 -79.1626129150 
64.2403335571 -81.8966751099 
64.4628295898 -85.2913284302 
64.6860733032 -88.9323501587 
64.9101104736 -92.1927261353 
65.1349105835 -91.2238540649 
65.3604965210 -88.2044067383 
65.5868530273 -83.8996505737 
65.8140106201 -79.4894638062 
66.0419387817 -76.9843292236 
66.2706680298 -76.4753646851 
66.5001754761 -77.3695983887 
66.7304992676 -79.4688796997 
66.9616012573 -83.9534912109 
67.1935195923 -89.5884857178 
67.4262161255 -92.3981018066 
67.6597442627 -89.1788635254 
67.8940658569 -84.8240432739 
68.1292114258 -80.3858413696 
68.3651580811 -76.4960479736 
68.6019363403 -74.6670074463 
68.8395156860 -74.8594818115 
69.0779418945 -77.0769882202 
69.3171691895 -81.3404693604 
69.5572433472 -85.9556579590 
69.7981338501 -89.9134826660 
70.0398788452 -91.6776962280 
70.2824401855 -88.0148239136 
70.5258560181 -82.5352859497 
70.7701034546 -78.4419021606 
71.0152130127 -76.3357849121 
71.2611465454 -76.2354049683 
71.5079574585 -78.1420822144 
71.7555999756 -82.0476303101 
72.0041275024 -87.2867431641 
72.2534866333 -89.7506408691 
72.5037384033 -87.2576446533 
72.7548294067 -82.9140396118 
73.0068130493 -78.6117553711 
73.2596511841 -75.6161575317 
73.5133819580 -74.3882675171 
73.7679672241 -75.0612182617 
74.0234603882 -77.7115402222 
74.2798156738 -82.3773727417 
74.5370788574 -88.4962539673 
74.7952194214 -92.1750869751 
75.0542678833 -89.0919342041 
75.3141937256 -83.1344757080 
75.5750427246 -78.3619461060 
75.8367691040 -75.6075515747 
76.0994262695 -74.8889846802 
76.3629760742 -76.1830444336 
76.6274566650 -79.5064697266 
76.8928298950 -84.7219390869 
77.1591415405 -90.2756576538 
77.4263610840 -92.3214874268 
77.6945190430 -89.1052627563 
77.9635925293 -84.0233383179 
78.2336120605 -81.1530532837 
78.5045547485 -80.1767883301 
78.7764511108 -81.1449508667 
79.0492630005 -84.0120391846 
79.3230514526 -88.3227844238 
79.5977783203 -92.2857360840 
79.8734436035 -92.0245361328 
80.1500778198 -88.1118698120 
80.4276504517 -83.4475479126 
80.7062149048 -80.2554016113 
80.9857101440 -78.9834365845 
81.2662048340 -80.1989746094 
81.5476379395 -84.3464050293 
81.8300781250 -89.2193984985 
82.1134719849 -92.4622268677 
82.3978652954 -90.1999664307 
82.6832275391 -83.8129196167 
82.9695968628 -79.2177658081 
83.2569351196 -76.5899658203 
83.5452880859 -76.2388381958 
83.8346252441 -78.8480911255 
84.1249771118 -83.2911071777 
84.4163208008 -89.7292327881 
84.7086944580 -91.6278305054 
85.0020523071 -88.8405151367 
85.2964553833 -84.3065795898 
85.5918502808 -80.0304031372 
85.8882904053 -78.5911331177 
86.1857376099 -79.6624603271 
86.4842376709 -83.5424118042 
86.7837524414 -89.5341949463 
87.0843200684 -92.4351196289 
87.3859100342 -92.2171630859 
87.6885681152 -90.2486343384 
87.9922485352 -87.1044845581 
88.2970046997 -85.6382598877 
88.6027908325 -86.6791305542 
88.9096679688 -89.4946212769 
89.2175750732 -91.4879913330 
89.5265808105 -92.2273178101 
89.8366241455 -92.1857604980 
90.1477661133 -91.0673141479 
90.4599685669 -89.2389068604 
90.7732696533 -88.4458694458 
91.0876312256 -89.3325576782 
91.4031143188 -91.1506423950 
91.7196578979 -92.3127975464 
92.0373229980 -92.5450592041 
92.3560638428 -90.6774902344 
92.6759338379 -85.5889587402 
92.9968872070 -82.1663360596 
93.3189773560 -81.5946044922 
93.6421585083 -83.7563552856 
93.9664840698 -88.1394119263 
94.2919082642 -92.0830001831 
94.6184844971 -91.5071640015 
94.9461669922 -86.8420181274 
95.2750091553 -81.2451782227 
95.6049652100 -78.3050460815 
95.9360885620 -79.0054016113 
96.2683258057 -82.7066268921 
96.6017532349 -89.5163192749 
96.9363021851 -92.4208984375 
97.2720336914 -90.8622970581 
97.6089019775 -86.9629364014 
97.9469680786 -83.7888107300 
98.2861785889 -83.3864974976 
98.6265869141 -85.9947357178 
98.9681472778 -89.7309875488 
99.3109207153 -89.5435485840 
99.6548461914 -86.0173034668 
100.0000000000 -84.4160385132 
100.3463439941 -84.2070541382 
100.6938934326 -84.0227966309 
101.0425872803 -83.8115997314 
101.3925399780 -83.5544967651 
101.7437057495 -83.2510375977 
102.0960922241 -82.9114379883 
102.4496383667 -82.6299743652 
102.8044738770 -82.4201278687 
103.1605300903 -82.3736419678 
103.5178222656 -82.4810104370 
103.8762969971 -82.6816558838 
104.2360610962 -82.9674530029 
104.5970840454 -83.2738647461 
104.9593505859 -83.5783843994 
105.3228149414 -83.8847427368 
105.6875915527 -84.2416305542 
106.0536346436 -84.6883010864 
106.4209518433 -85.2092819214 
106.7894744873 -85.8090744019 
107.1593322754 -86.4238052368 
107.5304794312 -86.9827270508 
107.9029006958 -87.4691848755 
108.2765579224 -87.8387374878 
108.6515731812 -88.1006546021 
109.0278854370 -88.2933425903 
109.4054946899 -88.4274520874 
109.7843551636 -88.5177459717 
110.1645889282 -88.6394729614 
110.5461349487 -88.8281784058 
110.9290084839 -89.1063537598 
111.3131484985 -89.5189132690 
111.6986770630 -89.9977416992 
112.0855407715 -90.4557647705 
112.4737396240 -90.8299179077 
112.8632278442 -90.9917068481 
113.2541198730 -90.8559951782 
113.6463699341 -90.5210800171 
114.0399856567 -90.0374679565 
114.4348907471 -89.4702453613 
114.8312301636 -88.8963623047 
115.2289428711 -88.3214035034 
115.6280364990 -87.7269821167 
116.0284423828 -87.1028442383 
116.4303054810 -86.4558486938 
116.8335571289 -85.8866500854 
117.2382049561 -85.4674911499 
117.6441879272 -85.2435073853 
118.0516433716 -85.2433090210 
118.4605102539 -85.4953155518 
118.8707885742 -85.9149932861 
119.2824249268 -86.3945007324 
119.6955566406 -86.8886413574 
120.1101150513 -87.3781280518 
120.5261154175 -87.8874130249 
120.9434814453 -88.4928817749 
121.3623657227 -89.1749649048 
121.7826995850 -89.8611755371 
122.2044906616 -90.4433517456 
122.6276702881 -90.7960128784 
123.0523834229 -90.7814331055 
123.4785690308 -90.4455261230 
123.9062347412 -89.9826583862 
124.3353118896 -89.5230789185 
124.7659378052 -89.1672821045 
125.1980590820 -88.9738235474 
125.6316757202 -88.9514007568 
126.0667953491 -89.0615997314 
126.5033569336 -89.1992721558 
126.9414901733 -89.3365783691 
127.3811492920 -89.4875946045 
127.8223266602 -89.6855697632 
128.2649688721 -89.9548950195 
128.7091979980 -90.2811050415 
129.1549835205 -90.5790023804 
129.6023101807 -90.7093048096 
130.0511016846 -90.5908584595 
130.5015258789 -90.2144775391 
130.9535217285 -89.6535568237 
131.4070739746 -89.0382156372 
131.8621215820 -88.5095520020 
132.3188171387 -88.1713562012 
132.7770996094 -88.0606155396 
133.2369689941 -88.1446380615 
133.6983489990 -88.3143768311 
134.1614074707 -88.4936447144 
134.6260681152 -88.6978149414 
135.0923461914 -88.9971618652 
135.5601501465 -89.4540939331 
136.0296630859 -90.0647277832 
136.5007934570 -90.7195053101 
136.9735565186 -91.2042312622 
137.4478759766 -91.2785873413 
137.9239349365 -90.8364639282 
138.4016265869 -90.0210647583 
138.8809661865 -89.1077575684 
139.3618927002 -88.2965545654 
139.8445739746 -87.6349411011 
140.3289184570 -87.0373382568 
140.8149414063 -86.4362869263 
141.3025665283 -85.8703918457 
141.7919616699 -85.4705963135 
142.2830505371 -85.3746566772 
142.7758483887 -85.6569519043 
143.2702636719 -86.2922592163 
143.7664794922 -87.1370010376 
144.2644042969 -87.9498596191 
144.7640533447 -88.5073394775 
145.2653656006 -88.7471313477 
145.7684783936 -88.7709350586 
146.2733459473 -88.7172927856 
146.7799530029 -88.6510543823 
147.2882385254 -88.4517059326 
147.7983703613 -88.0441513062 
148.3102569580 -87.4135818481 
148.8239288330 -86.7734298706 
149.3392791748 -86.3775482178 
149.8565216064 -86.3859405518 
150.3755340576 -86.8426132202 
150.8963623047 -87.6869125366 
151.4188995361 -88.7592620850 
151.9433288574 -89.8312454224 
152.4695739746 -90.7014160156 
152.9976501465 -91.2930526733 
153.5274658203 -91.6302947998 
154.0592041016 -91.7429504395 
154.5927734375 -91.6288833618 
155.1282043457 -91.2907333374 
155.6653900146 -90.7966232300 
156.2045288086 -90.2899703979 
156.7455444336 -89.9224777222 
157.2884216309 -89.7776184082 
157.8330993652 -89.8395385742 
158.3797454834 -90.0142974854 
158.9282836914 -90.2756347656 
159.4787292480 -90.5018386841 
160.0310668945 -90.6546936035 
160.5852508545 -90.7767868042 
161.1414337158 -90.8236694336 
161.6995391846 -90.7909469604 
162.2595672607 -90.7013931274 
162.8214569092 -90.5679931641 
163.3853912354 -90.4027175903 
163.9512634277 -90.2456207275 
164.5191040039 -90.1287078857 
165.0888214111 -90.0890960693 
165.6605987549 -90.0394134521 
166.2343444824 -90.0042343140 
166.8100891113 -90.0903320313 
167.3877410889 -90.3758163452 
167.9674835205 -90.8370971680 
168.5492248535 -91.3398895264 
169.1329956055 -91.7914352417 
169.7186889648 -91.8831176758 
170.3064880371 -91.8660583496 
170.8963470459 -91.9083251953 
171.4882354736 -92.0318450928 
172.0820770264 -92.1977996826 
172.6780853271 -92.3401184082 
173.2761383057 -92.2614746094 
173.8762817383 -92.1076049805 
174.4783935547 -91.9502029419 
175.0826873779 -91.8145294189 
175.6890869141 -91.6622772217 
176.2975769043 -91.6168212891 
176.9080810547 -91.7160644531 
177.5207824707 -91.9164505005 
178.1356201172 -92.1595230103 
178.7525939941 -92.3773498535 
179.3715972900 -92.2776107788 
179.9928436279 -92.0034561157 
180.6162414551 -91.6663742065 
181.2417907715 -91.3586807251 
181.8694152832 -91.0382919312 
182.4993133545 -90.7817001343 
183.1313934326 -90.6019515991 
183.7656555176 -90.4614715576 
184.4020233154 -90.4711990356 
185.0406799316 -90.6795272827 
185.6815643311 -90.8521347046 
186.3246612549 -91.0174255371 
186.9698944092 -91.3458938599 
187.6174468994 -91.7895126343 
188.2672576904 -92.0607757568 
188.9193115234 -92.1589279175 
189.5735168457 -91.8249435425 
190.2301025391 -91.3760986328 
190.8889465332 -90.9081802368 
191.5500793457 -90.4143447876 
192.2134094238 -90.1427230835 
192.8791351318 -90.0187149048 
193.5471496582 -89.9138793945 
194.2174987793 -90.0300903320 
194.8900604248 -90.2857818604 
195.5650482178 -90.7822875977 
196.2423706055 -91.2876205444 
196.9220581055 -91.6045913696 
197.6039733887 -91.9371032715 
198.2883758545 -91.9727096558 
198.9751281738 -91.8134613037 
199.6642761230 -91.5712966919 
200.3558044434 -91.4996948242 
201.0496063232 -91.5773544312 
201.7459411621 -91.7215576172 
202.4446716309 -91.7284851074 
203.1458282471 -91.5753097534 
203.8493041992 -91.4700851440 
204.5553283691 -91.4736862183 
205.2637939453 -91.5283355713 
205.9747161865 -91.6392059326 
206.6879882813 -91.9384689331 
207.4038391113 -92.3988494873 
208.1221771240 -92.7366256714 
208.8430023193 -93.1645431519 
209.5662078857 -93.4598159790 
210.2920227051 -93.5129547119 
211.0203704834 -93.3794021606 
211.7512207031 -93.1344146729 
212.4844970703 -92.9025268555 
213.2204284668 -92.7934112549 
213.9589080811 -92.7359771729 
214.6999511719 -92.7664947510 
215.4434356689 -92.8225708008 
216.1896057129 -92.8456573486 
216.9383697510 -92.7783508301 
217.6897277832 -92.5690460205 
218.4435577393 -92.1442565918 
219.2001342773 -91.6699142456 
219.9593200684 -91.3786621094 
220.7211456299 -91.3499755859 
221.4854736328 -91.5094146729 
222.2525787354 -91.6173324585 
223.0223388672 -91.6819763184 
223.7947692871 -91.9120483398 
224.5697479248 -92.3762435913 
225.3475341797 -92.8284683228 
226.1280212402 -93.0321273804 
226.9112091064 -93.0414352417 
227.6969757080 -92.9115447998 
228.4855957031 -92.7767028809 
229.2769470215 -92.7590332031 
230.0710296631 -92.8691558838 
230.8677520752 -92.8814697266 
231.6673431396 -92.6979598999 
232.4697113037 -92.4814453125 
233.2748718262 -92.4126052856 
234.0826721191 -92.3973159790 
234.8934020996 -92.2662353516 
235.7069549561 -92.0719375610 
236.5233154297 -91.8992614746 
237.3423614502 -91.7253875732 
238.1643981934 -91.6652526855 
238.9892578125 -91.9071731567 
239.8169860840 -92.3248062134 
240.6474609375 -92.6527557373 
241.4809265137 -92.6939849854 
242.3172912598 -92.4824600220 
243.1565399170 -92.3024520874 
243.9985656738 -92.2455978394 
244.8436431885 -92.2639465332 
245.6916503906 -92.1310195923 
246.5425872803 -91.6539077759 
247.3963470459 -90.9495697021 
248.2531890869 -90.6984329224 
249.1130065918 -90.7273254395 
249.9757995605 -90.9594573975 
250.8414306641 -91.5677413940 
251.7102203369 -92.2499923706 
252.5820007324 -92.8126068115 
253.4568023682 -93.1622085571 
254.3346405029 -93.1963272095 
255.2153778076 -93.1503524780 
256.0993041992 -93.0634765625 
256.9862976074 -92.9275054932 
257.8763427734 -92.8135910034 
258.7693481445 -92.7779617310 
259.6655883789 -92.9316711426 
260.5649414063 -93.2537460327 
261.4673767090 -93.4725418091 
262.3728332520 -93.6038665771 
263.2815246582 -93.6896209717 
264.1933898926 -93.6190414429 
265.1084289551 -93.4078445435 
266.0264587402 -93.2461166382 
266.9478454590 -93.1273117065 
267.8724060059 -93.0769042969 
268.8001708984 -93.1895675659 
269.7309875488 -93.3089828491 
270.6651916504 -93.2615432739 
271.6026306152 -93.1680603027 
272.5433044434 -93.1035003662 
273.4870910645 -93.0050201416 
274.4343261719 -92.8749771118 
275.3847961426 -92.9430389404 
276.3385925293 -93.1936950684 
277.2955322266 -93.2644653320 
278.2559204102 -93.0298690796 
279.2196350098 -92.7770080566 
280.1867065430 -92.6166610718 
281.1569824219 -92.6967468262 
282.1307373047 -93.0269241333 
283.1079101563 -93.1744689941 
284.0884399414 -93.0149993896 
285.0722045898 -92.9050140381 
286.0595397949 -92.9849395752 
287.0502929688 -93.0889053345 
288.0444641113 -93.0572280884 
289.0419311523 -92.9198150635 
290.0430297852 -92.8168258667 
291.0475769043 -92.7559356689 
292.0556030273 -92.7757797241 
293.0669555664 -92.9847335815 
294.0820007324 -93.2870635986 
295.1005249023 -93.5763702393 
296.1225891113 -93.8783035278 
297.1480407715 -93.9726867676 
298.1771850586 -93.6316909790 
299.2099304199 -93.1857452393 
300.2462158203 -93.2364730835 
301.2859497070 -93.1735687256 
302.3294372559 -93.1252288818 
303.3765258789 -93.0902709961 
304.4272766113 -93.0924301147 
305.4814758301 -93.1083602905 
306.5394897461 -93.1481094360 
307.6011657715 -93.1941299438 
308.6665344238 -93.2410125732 
309.7354125977 -93.2685317993 
310.8081665039 -93.2761764526 
311.8846435547 -93.2646255493 
312.9648437500 -93.2272949219 
314.0486145020 -93.1906967163 
315.1362915039 -93.1586074829 
316.2277526855 -93.1560058594 
317.3229980469 -93.1691207886 
318.4220275879 -93.2073974609 
319.5247192383 -93.2434692383 
320.6313781738 -93.2708053589 
321.7418518066 -93.2618179321 
322.8562011719 -93.2188186646 
323.9742126465 -93.1546173096 
325.0962829590 -93.0708236694 
326.2222290039 -92.9968719482 
327.3520812988 -92.9333724976 
328.4856872559 -92.9027633667 
329.6233825684 -92.8962936401 
330.7650146484 -92.9081192017 
331.9106140137 -92.9437408447 
333.0599670410 -92.9870834351 
334.2135314941 -93.0338745117 
335.3710632324 -93.0781631470 
336.5325927734 -93.1154022217 
337.6979675293 -93.1485671997 
338.8675842285 -93.1779708862 
340.0412292480 -93.2099151611 
341.2189331055 -93.2431488037 
342.4005432129 -93.2775802612 
343.5864257813 -93.3009109497 
344.7764282227 -93.3109130859 
345.9705505371 -93.3070220947 
347.1686096191 -93.2849807739 
348.3710327148 -93.2643051147 
349.5775756836 -93.2499923706 
350.7883300781 -93.2514343262 
352.0030822754 -93.2705078125 
353.2222290039 -93.2922515869 
354.4455871582 -93.3120498657 
355.6731872559 -93.3117675781 
356.9048461914 -93.2932510376 
358.1409912109 -93.2637939453 
359.3813781738 -93.2277297974 
360.6260986328 -93.2033233643 
361.8749084473 -93.1936416626 
363.1282348633 -93.1981582642 
364.3859252930 -93.2171783447 
365.6479492188 -93.2410049438 
366.9141540527 -93.2618789673 
368.1849365234 -93.2777099609 
369.4601440430 -93.2855834961 
370.7397460938 -93.2859039307 
372.0235900879 -93.2827224731 
373.3120727539 -93.2779998779 
374.6050109863 -93.2745895386 
375.9024353027 -93.2804336548 
377.2041625977 -93.2964401245 
378.5105895996 -93.3220977783 
379.8215332031 -93.3560256958 
381.1370239258 -93.3914108276 
382.4568786621 -93.4183502197 
383.7814941406 -93.4332504272 
385.1107177734 -93.4338836670 
386.4445190430 -93.4185256958 
387.7827453613 -93.3937988281 
389.1258239746 -93.3703918457 
390.4735412598 -93.3518981934 
391.8259277344 -93.3396224976 
393.1827697754 -93.3294525146 
394.5445556641 -93.3111190796 
395.9110412598 -93.2860107422 
397.2822570801 -93.2601623535 
398.6582031250 -93.2413864136 
400.0387268066 -93.2394027710 
401.4242553711 -93.2544479370 
402.8145751953 -93.2705001831 
404.2096862793 -93.2755432129 
405.6094360352 -93.2594604492 
407.0142517090 -93.2155609131 
408.4239196777 -93.1411285400 
409.8384704590 -93.0549774170 
411.2576904297 -92.9798736572 
412.6820678711 -92.9337387085 
414.1113891602 -92.9286575317 
415.5456237793 -92.9677505493 
416.9846191406 -93.0434265137 
418.4288330078 -93.1328887939 
419.8780517578 -93.2177124023 
421.3322753906 -93.2900085449 
422.7913208008 -93.3443603516 
424.2556152344 -93.3761749268 
425.7250061035 -93.3810958862 
427.1994934082 -93.3567199707 
428.6788330078 -93.3122024536 
430.1635437012 -93.2686691284 
431.6534118652 -93.2391586304 
433.1484069824 -93.2284622192 
434.6483764648 -93.2339553833 
436.1537475586 -93.2490615845 
437.6643676758 -93.2673492432 
439.1801757813 -93.2841796875 
440.7010192871 -93.2911300659 
442.2273559570 -93.2714996338 
443.7590026855 -93.2106399536 
445.2959289551 -93.1088943481 
446.8379516602 -92.9915390015 
448.3855590820 -92.9028701782 
449.9385375977 -92.8871917725 
451.4968566895 -92.9665374756 
453.0603637695 -93.1280975342 
454.6295166016 -93.3301315308 
456.2041015625 -93.5243682861 
457.7841491699 -93.6797332764 
459.3694152832 -93.7822723389 
460.9604187012 -93.8301010132 
462.5569152832 -93.8231735229 
464.1589660645 -93.7725448608 
465.7662963867 -93.6993331909 
467.3794555664 -93.6218032837 
468.9981994629 -93.5461959839 
470.6225585938 -93.4707794189 
472.2522888184 -93.3973541260 
473.8879089355 -93.3363952637 
475.5292053223 -93.3001327515 
477.1761779785 -93.2917098999 
478.8285827637 -93.3023452759 
480.4869995117 -93.3189086914 
482.1511230469 -93.3341445923 
483.8210449219 -93.3507614136 
485.4964599609 -93.3761672974 
487.1779479980 -93.4116516113 
488.8652954102 -93.4448165894 
490.5584411621 -93.4594268799 
492.2572021484 -93.4434661865 
493.9620971680 -93.3879699707 
495.6729125977 -93.3150100708 
497.3896789551 -93.2538681030 
499.1120910645 -93.2233047485 
500.8407287598 -93.2262191772 
502.5753784180 -93.2541351318 
504.3160095215 -93.2926559448 
506.0626831055 -93.3283691406 
507.8151245117 -93.3075027466 
509.5739440918 -93.2581253052 
511.3388061523 -93.2116241455 
513.1098022461 -93.2015762329 
514.8866577148 -93.2471923828 
516.6699829102 -93.3409729004 
518.4594116211 -93.4533615112 
520.2550659180 -93.5499420166 
522.0566406250 -93.6085128784 
523.8648071289 -93.6252593994 
525.6791992188 -93.6095275879 
527.4998168945 -93.5749969482 
529.3265380859 -93.5347442627 
531.1597900391 -93.5008316040 
532.9994506836 -93.4838027954 
534.8454589844 -93.5012130737 
536.6975708008 -93.5432968140 
538.5563964844 -93.5593414307 
540.4216918945 -93.5410232544 
542.2933959961 -93.4774322510 
544.1713256836 -93.3792343140 
546.0560302734 -93.2807159424 
547.9472656250 -93.2232360840 
549.8450927734 -93.2290573120 
551.7491455078 -93.2846908569 
553.6600952148 -93.3630218506 
555.5776367188 -93.3706817627 
557.5018920898 -93.3567352295 
559.4324340820 -93.3710937500 
561.3700561523 -93.4159622192 
563.3143310547 -93.4588775635 
565.2653198242 -93.4670410156 
567.2227783203 -93.4328155518 
569.1873168945 -93.4348297119 
571.1586914063 -93.4831008911 
573.1368408203 -93.5478363037 
575.1215820313 -93.6097183228 
577.1134643555 -93.6617965698 
579.1123046875 -93.7256622314 
581.1180419922 -93.7774353027 
583.1303710938 -93.7958145142 
585.1500244141 -93.7914123535 
587.1766357422 -93.7587585449 
589.2103271484 -93.6656494141 
591.2507324219 -93.5637588501 
593.2984619141 -93.5145034790 
595.3533325195 -93.4882354736 
597.4152832031 -93.4818191528 
599.4841308594 -93.4953002930 
601.5603637695 -93.5171356201 
603.6438598633 -93.5268936157 
605.7345581055 -93.5276870728 
607.8321533203 -93.5205688477 
609.9373779297 -93.5176620483 
612.0498657227 -93.5153656006 
614.1696777344 -93.5049972534 
616.2964477539 -93.4733352661 
618.4309692383 -93.4471740723 
620.5728759766 -93.4537048340 
622.7222290039 -93.4869155884 
624.8786621094 -93.5771484375 
627.0429077148 -93.6802215576 
629.2145996094 -93.7345352173 
631.3938598633 -93.7523498535 
633.5806884766 -93.6928100586 
635.7747192383 -93.6120452881 
637.9766845703 -93.5152359009 
640.1862792969 -93.3756484985 
642.4035644531 -93.2897186279 
644.6281127930 -93.2889480591 
646.8607788086 -93.3471298218 
649.1011352539 -93.4092330933 
651.3492431641 -93.4244689941 
653.6047973633 -93.3959655762 
655.8685302734 -93.3362579346 
658.1401367188 -93.3015823364 
660.4195556641 -93.2885665894 
662.7065429688 -93.3099746704 
665.0017700195 -93.3428726196 
667.3049926758 -93.4067993164 
669.6161499023 -93.4415588379 
671.9349975586 -93.4117355347 
674.2622070313 -93.4039764404 
676.5974731445 -93.4585189819 
678.9408569336 -93.5986251831 
681.2919311523 -93.7250595093 
683.6515502930 -93.7707672119 
686.0193481445 -93.7651596069 
688.3953857422 -93.6810684204 
690.7792358398 -93.5300903320 
693.1716918945 -93.3977279663 
695.5724487305 -93.3710861206 
697.9815673828 -93.4469451904 
700.3985595703 -93.5738296509 
702.8244018555 -93.6260223389 
705.2586059570 -93.5691528320 
707.7012329102 -93.4352035522 
710.1519165039 -93.3122482300 
712.6115112305 -93.2526321411 
715.0795898438 -93.2470779419 
717.5562133789 -93.2706375122 
720.0410766602 -93.3281936646 
722.5349121094 -93.3747406006 
725.0373535156 -93.3478851318 
727.5484619141 -93.2617340088 
730.0679321289 -93.1653671265 
732.5964965820 -93.1109313965 
735.1337890625 -93.1403961182 
737.6798706055 -93.2276458740 
740.2344360352 -93.3168029785 
742.7981567383 -93.3397750854 
745.3708496094 -93.2434768677 
747.9523925781 -93.1019821167 
750.5424804688 -93.0587615967 
753.1419067383 -93.1660614014 
755.7504272461 -93.3618927002 
758.3679199219 -93.5418853760 
760.9940795898 -93.6101226807 
763.6297607422 -93.6752471924 
766.2745361328 -93.7487106323 
768.9284667969 -93.7649536133 
771.5912475586 -93.6889114380 
774.2636108398 -93.5825805664 
776.9451904297 -93.5388107300 
779.6361083984 -93.5271759033 
782.3359375000 -93.5020980835 
785.0455322266 -93.5496673584 
787.7644653320 -93.7158737183 
790.4928588867 -93.8784790039 
793.2302856445 -93.8382186890 
795.9776000977 -93.6653900146 
798.7344360352 -93.4808273315 
801.5007934570 -93.4001770020 
804.2767333984 -93.4344863892 
807.0618896484 -93.4761734009 
809.8571166992 -93.4602050781 
812.6620483398 -93.3781204224 
815.4766235352 -93.3457183838 
818.3005371094 -93.4000930786 
821.1347045898 -93.5477523804 
823.9786376953 -93.6600418091 
826.8324584961 -93.6659088135 
829.6957397461 -93.4538345337 
832.5693359375 -93.2417221069 
835.4528808594 -93.1792221069 
838.3464355469 -93.3381042480 
841.2495727539 -93.4851379395 
844.1632080078 -93.3686141968 
847.0869140625 -93.0671768188 
850.0207519531 -92.8410263062 
852.9642944336 -92.9523010254 
855.9185180664 -93.1622543335 
858.8829345703 -93.2565002441 
861.8576049805 -93.2543182373 
864.8421630859 -93.3336486816 
867.8375244141 -93.4911804199 
870.8432006836 -93.6751632690 
873.8593750000 -93.6769409180 
876.8854370117 -93.4878692627 
879.9224853516 -93.3279495239 
882.9700317383 -93.2731399536 
886.0281982422 -93.3652038574 
889.0964355469 -93.5350494385 
892.1757812500 -93.6069259644 
895.2657470703 -93.5480422974 
898.3664550781 -93.4757690430 
901.4774169922 -93.5133209229 
904.5996704102 -93.6408309937 
907.7327270508 -93.7358169556 
910.8765869141 -93.7643737793 
914.0308837891 -93.6778793335 
917.1965942383 -93.5774078369 
920.3732299805 -93.4928894043 
923.5609130859 -93.4169311523 
926.7590942383 -93.3959884644 
929.9689331055 -93.4145507813 
933.1898193359 -93.4301528931 
936.4218750000 -93.4123992920 
939.6646118164 -93.3205718994 
942.9190673828 -93.2465438843 
946.1848754883 -93.3004455566 
949.4619140625 -93.3644409180 
952.7498168945 -93.4073944092 
956.0496215820 -93.4053573608 
959.3608398438 -93.2983703613 
962.6835327148 -93.2717819214 
966.0172119141 -93.3843460083 
969.3629760742 -93.3988876343 
972.7203369141 -93.3446044922 
976.0892944336 -93.4486618042 
979.4694213867 -93.6467895508 
982.8617553711 -93.7522811890 
986.2658691406 -93.6955337524 
989.6817626953 -93.5463943481 
993.1088867188 -93.3504943848 
996.5485229492 -92.9412460327 
1000.0000000000 -92.9634170532 
1003.4634399414 -92.9706497192 
1006.9389038086 -93.0134201050 
1010.4258422852 -93.0982818604 
1013.9254150391 -93.1915664673 
1017.4370727539 -93.2906112671 
1020.9609375000 -93.3750305176 
1024.4964599609 -93.4410476685 
1028.0446777344 -93.4903335571 
1031.6053466797 -93.5160293579 
1035.1782226563 -93.5287704468 
1038.7629394531 -93.5352706909 
1042.3605957031 -93.5379409790 
1045.9708251953 -93.5411453247 
1049.5935058594 -93.5448989868 
1053.2281494141 -93.5490417480 
1056.8759765625 -93.5524520874 
1060.5363769531 -93.5552139282 
1064.2094726563 -93.5583190918 
1067.8947753906 -93.5626983643 
1071.5933837891 -93.5727081299 
1075.3048095703 -93.5883636475 
1079.0290527344 -93.6101226807 
1082.7656250000 -93.6400909424 
1086.5157470703 -93.6756820679 
1090.2788085938 -93.7109222412 
1094.0549316406 -93.7423400879 
1097.8435058594 -93.7591171265 
1101.6458740234 -93.7538070679 
1105.4614257813 -93.7299041748 
1109.2901611328 -93.6886291504 
1113.1314697266 -93.6327743530 
1116.9866943359 -93.5757369995 
1120.8553466797 -93.5228881836 
1124.7374267578 -93.4770660400 
1128.6323242188 -93.4421463013 
1132.5412597656 -93.4194641113 
1136.4637451172 -93.4077453613 
1140.3997802734 -93.4079513550 
1144.3488769531 -93.4214172363 
1148.3123779297 -93.4511108398 
1152.2894287109 -93.4865798950 
1156.2803955078 -93.5225143433 
1160.2844238281 -93.5539093018 
1164.3029785156 -93.5744171143 
1168.3355712891 -93.5839385986 
1172.3819580078 -93.5881042480 
1176.4418945313 -93.5887527466 
1180.5163574219 -93.5865707397 
1184.6051025391 -93.5782089233 
1188.7078857422 -93.5580368042 
1192.8243408203 -93.5272521973 
1196.9555664063 -93.4888305664 
1201.1011962891 -93.4473953247 
1205.2611083984 -93.4095001221 
1209.4348144531 -93.3825225830 
1213.6236572266 -93.3652572632 
1217.8270263672 -93.3559036255 
1222.0449218750 -93.3514022827 
1226.2767333984 -93.3476028442 
1230.5238037109 -93.3382492065 
1234.7857666016 -93.3168334961 
1239.0623779297 -93.2842712402 
1243.3531494141 -93.2447204590 
1247.6594238281 -93.2052078247 
1251.9805908203 -93.1743850708 
1256.3167724609 -93.1604919434 
1260.6679687500 -93.1717147827 
1265.0335693359 -93.1999053955 
1269.4149169922 -93.2382736206 
1273.8115234375 -93.2806549072 
1278.2232666016 -93.3230667114 
1282.6496582031 -93.3643188477 
1287.0920410156 -93.4055404663 
1291.5498046875 -93.4480209351 
1296.0230712891 -93.4891738892 
1300.5111083984 -93.5230026245 
1305.0152587891 -93.5424957275 
1309.5351562500 -93.5419540405 
1314.0706787109 -93.5195159912 
1318.6212158203 -93.4789810181 
1323.1881103516 -93.4299926758 
1327.7709960938 -93.3862304688 
1332.3696289063 -93.3629150391 
1336.9835205078 -93.3685073853 
1341.6141357422 -93.3984603882 
1346.2607421875 -93.4410476685 
1350.9234619141 -93.4796371460 
1355.6015625000 -93.4991531372 
1360.2966308594 -93.4931488037 
1365.0079345703 -93.4675598145 
1369.7355957031 -93.4382324219 
1374.4788818359 -93.4226074219 
1379.2392578125 -93.4300994873 
1384.0162353516 -93.4573822021 
1388.8096923828 -93.4914245605 
1393.6190185547 -93.5180053711 
1398.4456787109 -93.5291595459 
1403.2891845703 -93.5280380249 
1408.1494140625 -93.5220489502 
1413.0257568359 -93.5189208984 
1417.9196777344 -93.5230026245 
1422.8305664063 -93.5329666138 
1427.7584228516 -93.5422439575 
1432.7026367188 -93.5429458618 
1437.6647949219 -93.5311279297 
1442.6440429688 -93.5094375610 
1447.6405029297 -93.4851760864 
1452.6535644531 -93.4652252197 
1457.6848144531 -93.4518585205 
1462.7333984375 -93.4424209595 
1467.7995605469 -93.4330596924 
1472.8823242188 -93.4202270508 
1477.9836425781 -93.4219665527 
1483.1025390625 -93.4433975220 
1488.2392578125 -93.4851913452 
1493.3928222656 -93.5358200073 
1498.5651855469 -93.5778884888 
1503.7553710938 -93.6001892090 
1508.9635009766 -93.6040115356 
1514.1889648438 -93.5978393555 
1519.4332275391 -93.5879745483 
1524.6958007813 -93.5764160156 
1529.9764404297 -93.5665359497 
1535.2746582031 -93.5671844482 
1540.5920410156 -93.5880279541 
1545.9277343750 -93.6295471191 
1551.2819824219 -93.6772079468 
1556.6539306641 -93.7070388794 
1562.0452880859 -93.7009201050 
1567.4554443359 -93.6599273682 
1572.8842773438 -93.6032638550 
1578.3309326172 -93.5539703369 
1583.7974853516 -93.5249252319 
1589.2828369141 -93.5178985596 
1594.7872314453 -93.5306701660 
1600.3107910156 -93.5440292358 
1605.8524169922 -93.5564422607 
1611.4143066406 -93.5652770996 
1616.9953613281 -93.5719909668 
1622.5957031250 -93.5825653076 
1628.2145996094 -93.6019363403 
1633.8538818359 -93.6271286011 
1639.5125732422 -93.6467514038 
1645.1910400391 -93.6403808594 
1650.8881835938 -93.6013031006 
1656.6059570313 -93.5666122437 
1662.3435058594 -93.5304718018 
1668.1009521484 -93.4923553467 
1673.8774414063 -93.4565963745 
1679.6748046875 -93.4358139038 
1685.4923095703 -93.4442672729 
1691.3299560547 -93.5192413330 
1697.1867675781 -93.6177673340 
1703.0649414063 -93.6603927612 
1708.9635009766 -93.6683197021 
1714.8823242188 -93.6470489502 
1720.8208007813 -93.6139907837 
1726.7807617188 -93.5785293579 
1732.7614746094 -93.5609512329 
1738.7628173828 -93.5446548462 
1744.7839355469 -93.5143280029 
1750.8269042969 -93.4745330811 
1756.8908691406 -93.4318313599 
1762.9757080078 -93.4308547974 
1769.0808105469 -93.4517211914 
1775.2078857422 -93.4730758667 
1781.3562011719 -93.4870758057 
1787.5258789063 -93.4992065430 
1793.7159423828 -93.5112152100 
1799.9283447266 -93.5136184692 
1806.1623535156 -93.5039825439 
1812.4178466797 -93.4833602905 
1818.6940917969 -93.4531402588 
1824.9930419922 -93.4414520264 
1831.3138427734 -93.4457321167 
1837.6564941406 -93.4545745850 
1844.0201416016 -93.4744567871 
1850.4068603516 -93.5051727295 
1856.8156738281 -93.5365219116 
1863.2467041016 -93.5740356445 
1869.6988525391 -93.6135253906 
1876.1745605469 -93.6016540527 
1882.6726074219 -93.5575256348 
1889.1931152344 -93.4894561768 
1895.7352294922 -93.4590072632 
1902.3010253906 -93.4595870972 
1908.8895263672 -93.4544601440 
1915.5008544922 -93.4058456421 
1922.1340332031 -93.3295288086 
1928.7912597656 -93.2865676880 
1935.4715576172 -93.2666931152 
1942.1749267578 -93.2859420776 
1948.9005126953 -93.3118972778 
1955.6505126953 -93.3591766357 
1962.4238281250 -93.4131774902 
1969.2205810547 -93.4427947998 
1976.0397949219 -93.4447708130 
1982.8836669922 -93.4023666382 
1989.7513427734 -93.3648071289 
1996.6427001953 -93.3374099731 
2003.5579833984 -93.3541564941 
2010.4960937500 -93.3918762207 
2017.4593505859 -93.4566345215 
2024.4467773438 -93.4898910522 
2031.4583740234 -93.4647216797 
2038.4930419922 -93.4365615845 
2045.5533447266 -93.4472427368 
2052.6379394531 -93.5013961792 
2059.7473144531 -93.5422592163 
2066.8798828125 -93.5196609497 
2074.0385742188 -93.4685287476 
2081.2219238281 -93.4415969849 
2088.4299316406 -93.4399566650 
2095.6621093750 -93.4809570313 
2102.9201660156 -93.5570907593 
2110.2036132813 -93.6328430176 
2117.5122070313 -93.6758651733 
2124.8449707031 -93.6817550659 
2132.2043457031 -93.6601028442 
2139.5891113281 -93.5986785889 
2146.9995117188 -93.5326156616 
2154.4343261719 -93.4999771118 
2161.8959960938 -93.5031814575 
2169.3837890625 -93.5367355347 
2176.8972167969 -93.5860671997 
2184.4355468750 -93.6475601196 
2192.0014648438 -93.7051696777 
2199.5932617188 -93.7280426025 
2207.2114257813 -93.7066421509 
2214.8547363281 -93.6514205933 
2222.5258789063 -93.6017379761 
2230.2233886719 -93.5735626221 
2237.9477539063 -93.5603866577 
2245.6975097656 -93.5603866577 
2253.4753417969 -93.5554962158 
2261.2802734375 -93.5310287476 
2269.1120605469 -93.5068511963 
2276.9697265625 -93.5017471313 
2284.8559570313 -93.4991607666 
2292.7695312500 -93.4847640991 
2300.7104492188 -93.4873962402 
2308.6774902344 -93.5395812988 
2316.6735839844 -93.6447525024 
2324.6972656250 -93.7656097412 
2332.7485351563 -93.8465576172 
2340.8266601563 -93.8309707642 
2348.9340820313 -93.7452468872 
2357.0695800781 -93.6659927368 
2365.2331542969 -93.6337814331 
2373.4235839844 -93.6643600464 
2381.6440429688 -93.7380905151 
2389.8925781250 -93.7641830444 
2398.1699218750 -93.7355422974 
2406.4746093750 -93.6935272217 
2414.8093261719 -93.6691741943 
2423.1728515625 -93.6406936646 
2431.5654296875 -93.6084518433 
2439.9855957031 -93.5845184326 
2448.4365234375 -93.5705108643 
2456.9165039063 -93.5598831177 
2465.4260253906 -93.5520401001 
2473.9633789063 -93.5555343628 
2482.5319824219 -93.5616073608 
2491.1301269531 -93.5645523071 
2499.7580566406 -93.5781326294 
2508.4143066406 -93.6164169312 
2517.1020507813 -93.6346893311 
2525.8200683594 -93.6137237549 
2534.5681152344 -93.5826644897 
2543.3464355469 -93.5955810547 
2552.1538085938 -93.6319351196 
2560.9931640625 -93.6626586914 
2569.8630371094 -93.6506500244 
2578.7636718750 -93.6116485596 
2587.6936035156 -93.5512008667 
2596.6560058594 -93.4656982422 
2605.6494140625 -93.3938598633 
2614.6738281250 -93.3731918335 
2623.7282714844 -93.4195556641 
2632.8154296875 -93.5634918213 
2641.9340820313 -93.7202453613 
2651.0842285156 -93.7751541138 
2660.2646484375 -93.7355422974 
2669.4785156250 -93.6735000610 
2678.7241210938 -93.6470565796 
2688.0017089844 -93.6961135864 
2697.3100585938 -93.7669372559 
2706.6518554688 -93.7905349731 
2716.0263671875 -93.7573547363 
2725.4331054688 -93.6884689331 
2734.8710937500 -93.5701522827 
2744.3432617188 -93.4407196045 
2753.8481445313 -93.3765106201 
2763.3859863281 -93.4432907104 
2772.9553222656 -93.5907287598 
2782.5593261719 -93.6995697021 
2792.1965332031 -93.7298660278 
2801.8671875000 -93.7352447510 
2811.5698242188 -93.7570114136 
2821.3073730469 -93.7925491333 
2831.0788574219 -93.7329711914 
2840.8842773438 -93.5712738037 
2850.7219238281 -93.4797744751 
2860.5952148438 -93.5118408203 
2870.5029296875 -93.5382461548 
2880.4448242188 -93.4836807251 
2890.4194335938 -93.4281768799 
2900.4301757813 -93.4473953247 
2910.4758300781 -93.5090026855 
2920.5561523438 -93.5181808472 
2930.6696777344 -93.4230957031 
2940.8198242188 -93.3096008301 
2951.0053710938 -93.3038406372 
2961.2260742188 -93.3942947388 
2971.4804687500 -93.4762115479 
2981.7719726563 -93.4911270142 
2992.0991210938 -93.4557418823 
3002.4621582031 -93.3754348755 
3012.8593750000 -93.3926773071 
3023.2944335938 -93.4065704346 
3033.7653808594 -93.4173812866 
3044.2727050781 -93.4204864502 
3054.8146972656 -93.4204711914 
3065.3950195313 -93.4148483276 
3076.0117187500 -93.4049453735 
3086.6655273438 -93.3927917480 
3097.3542480469 -93.3778152466 
3108.0817871094 -93.3647918701 
3118.8464355469 -93.3536605835 
3129.6484375000 -93.3552932739 
3140.4860839844 -93.3650436401 
3151.3630371094 -93.3873291016 
3162.2775878906 -93.4220886230 
3173.2299804688 -93.4605102539 
3184.2204589844 -93.5008239746 
3195.2470703125 -93.5344009399 
3206.3137207031 -93.5630340576 
3217.4184570313 -93.5814132690 
3228.5620117188 -93.5944976807 
3239.7421875000 -93.6041793823 
3250.9628906250 -93.6101226807 
3262.2224121094 -93.6125411987 
3273.5209960938 -93.6117172241 
3284.8569335938 -93.6027984619 
3296.2338867188 -93.5884780884 
3307.6501464844 -93.5707168579 
3319.1059570313 -93.5517196655 
3330.5998535156 -93.5379714966 
3342.1352539063 -93.5291442871 
3353.7104492188 -93.5299072266 
3365.3259277344 -93.5356292725 
3376.9797363281 -93.5429153442 
3388.6757812500 -93.5492324829 
3400.4123535156 -93.5525665283 
3412.1894531250 -93.5560379028 
3424.0056152344 -93.5608978271 
3435.8645019531 -93.5744018555 
3447.7644042969 -93.5927505493 
3459.7055664063 -93.6150207520 
3471.6860351563 -93.6353607178 
3483.7102050781 -93.6457290649 
3495.7758789063 -93.6462020874 
3507.8833007813 -93.6327133179 
3520.0307617188 -93.6100997925 
3532.2221679688 -93.5876464844 
3544.4558105469 -93.5679550171 
3556.7319335938 -93.5586624146 
3569.0485839844 -93.5553817749 
3581.4099121094 -93.5546569824 
3593.8139648438 -93.5539932251 
3606.2609863281 -93.5467910767 
3618.7490234375 -93.5330123901 
3631.2824707031 -93.5119018555 
3643.8591308594 -93.4811706543 
3656.4794921875 -93.4400482178 
3669.1416015625 -93.3960952759 
3681.8493652344 -93.3534011841 
3694.6013183594 -93.3199157715 
3707.3974609375 -93.3087539673 
3720.2358398438 -93.3172988892 
3733.1206054688 -93.3449172974 
3746.0500488281 -93.3909454346 
3759.0244140625 -93.4475708008 
3772.0415039063 -93.5017242432 
3785.1059570313 -93.5475006104 
3798.2153320313 -93.5790405273 
3811.3703613281 -93.5839996338 
3824.5688476563 -93.5706481934 
3837.8149414063 -93.5460205078 
3851.1071777344 -93.5166244507 
3864.4453125000 -93.4919357300 
3877.8273925781 -93.4819259644 
3891.2580566406 -93.4833908081 
3904.7353515625 -93.4939117432 
3918.2590332031 -93.5106582642 
3931.8276367188 -93.5313339233 
3945.4453125000 -93.5551300049 
3959.1103515625 -93.5799407959 
3972.8225097656 -93.6019210815 
3986.5822753906 -93.6159439087 
4000.3872070313 -93.6140060425 
4014.2424316406 -93.5898666382 
4028.1455078125 -93.5528869629 
4042.0969238281 -93.5112152100 
4056.0942382813 -93.4739837646 
4070.1423339844 -93.4504547119 
4084.2392578125 -93.4526062012 
4098.3847656250 -93.4799423218 
4112.5771484375 -93.5200119019 
4126.8208007813 -93.5590209961 
4141.1137695313 -93.5846481323 
4155.4565429688 -93.5903244019 
4169.8461914063 -93.5812911987 
4184.2885742188 -93.5776062012 
4198.7802734375 -93.5886535645 
4213.3227539063 -93.6127929688 
4227.9130859375 -93.6448516846 
4242.5561523438 -93.6801986694 
4257.2500000000 -93.7178421021 
4271.9951171875 -93.7603683472 
4286.7885742188 -93.8073120117 
4301.6357421875 -93.8504791260 
4316.5341796875 -93.8809661865 
4331.4843750000 -93.8922271729 
4346.4838867188 -93.8826828003 
4361.5375976563 -93.8569259644 
4376.6435546875 -93.8250198364 
4391.8017578125 -93.7994613647 
4407.0102539063 -93.7916030884 
4422.2739257813 -93.8010025024 
4437.5898437500 -93.8164138794 
4452.9594726563 -93.8237686157 
4468.3793945313 -93.8128814697 
4483.8554687500 -93.7828826904 
4499.3852539063 -93.7415161133 
4514.9687500000 -93.6987915039 
4530.6035156250 -93.6596450806 
4546.2949218750 -93.6221389771 
4562.0410156250 -93.5839538574 
4577.8413085938 -93.5513916016 
4593.6938476563 -93.5416412354 
4609.6040039063 -93.5640563965 
4625.5693359375 -93.6105041504 
4641.5898437500 -93.6615524292 
4657.6630859375 -93.7008285522 
4673.7944335938 -93.7250137329 
4689.9819335938 -93.7402267456 
4706.2255859375 -93.7507629395 
4722.5229492188 -93.7524871826 
4738.8789062500 -93.7368011475 
4755.2919921875 -93.7003021240 
4771.7617187500 -93.6503448486 
4788.2861328125 -93.6014938354 
4804.8701171875 -93.5668945313 
4821.5112304688 -93.5521697998 
4838.2104492188 -93.5554122925 
4854.9648437500 -93.5710372925 
4871.7797851563 -93.5941467285 
4888.6528320313 -93.6232833862 
4905.5844726563 -93.6454086304 
4922.5717773438 -93.6893157959 
4939.6210937500 -93.7427291870 
4956.7294921875 -93.7969665527 
4973.8964843750 -93.8372192383 
4991.1206054688 -93.8496780396 
5008.4072265625 -93.8286056519 
5025.7539062500 -93.7793731689 
5043.1601562500 -93.7162857056 
5060.6269531250 -93.6346130371 
5078.1513671875 -93.5896148682 
5095.7392578125 -93.5816650391 
5113.3881835938 -93.5768890381 
5131.0981445313 -93.5605850220 
5148.8666992188 -93.5234298706 
5166.6997070313 -93.4703674316 
5184.5942382813 -93.4218444824 
5202.5507812500 -93.4025878906 
5220.5668945313 -93.4257965088 
5238.6479492188 -93.4847259521 
5256.7915039063 -93.5564575195 
5274.9985351563 -93.6138916016 
5293.2651367188 -93.6388015747 
5311.5981445313 -93.6296615601 
5329.9946289063 -93.6004104614 
5348.4545898438 -93.5613632202 
5366.9760742188 -93.5463256836 
5385.5644531250 -93.5455474854 
5404.2167968750 -93.5461044312 
5422.9340820313 -93.5523376465 
5441.7133789063 -93.5716781616 
5460.5605468750 -93.6048278809 
5479.4726562500 -93.6400833130 
5498.4506835938 -93.6568527222 
5517.4912109375 -93.6379470825 
5536.6010742188 -93.5457992554 
5555.7768554688 -93.4419097900 
5575.0190429688 -93.3957672119 
5594.3247070313 -93.3709945679 
5613.7001953125 -93.3605880737 
5633.1430664063 -93.3608093262 
5652.6533203125 -93.3732604980 
5672.2275390625 -93.4101257324 
5691.8730468750 -93.4350585938 
5711.5869140625 -93.4250335693 
5731.3686523438 -93.3995513916 
5751.2158203125 -93.3757781982 
5771.1347656250 -93.3700180054 
5791.1230468750 -93.4065780640 
5811.1801757813 -93.4614944458 
5831.3037109375 -93.4807281494 
5851.5000000000 -93.4718704224 
5871.7666015625 -93.4370193481 
5892.1030273438 -93.3680038452 
5912.5068359375 -93.3265762329 
5932.9848632813 -93.3367309570 
5953.5332031250 -93.3758010864 
5974.1533203125 -93.4344635010 
5994.8408203125 -93.5255126953 
6015.6040039063 -93.5827026367 
6036.4384765625 -93.5853042603 
6057.3457031250 -93.5668945313 
6078.3217773438 -93.5246505737 
6099.3735351563 -93.4898605347 
6120.4985351563 -93.4872970581 
6141.6967773438 -93.5146026611 
6162.9648437500 -93.6100769043 
6184.3095703125 -93.7009735107 
6205.7290039063 -93.7125625610 
6227.2221679688 -93.6850128174 
6248.7866210938 -93.6281890869 
6270.4287109375 -93.6023101807 
6292.1459960938 -93.6083526611 
6313.9384765625 -93.6306304932 
6335.8066406250 -93.6512451172 
6357.7470703125 -93.6585464478 
6379.7666015625 -93.6583480835 
6401.8627929688 -93.6410522461 
6424.0351562500 -93.6154403687 
6446.2812500000 -93.6035461426 
6468.6074218750 -93.6023406982 
6491.0112304688 -93.6152877808 
6513.4926757813 -93.6332168579 
6536.0483398438 -93.6731185913 
6558.6855468750 -93.7107620239 
6581.4013671875 -93.7164077759 
6604.1958007813 -93.6897964478 
6627.0654296875 -93.6651306152 
6650.0175781250 -93.6727447510 
6673.0498046875 -93.7034912109 
6696.1616210938 -93.7180862427 
6719.3496093750 -93.6902542114 
6742.6220703125 -93.6391067505 
6765.9746093750 -93.6115493774 
6789.4082031250 -93.6150741577 
6812.9194335938 -93.6426620483 
6836.5156250000 -93.6431198120 
6860.1938476563 -93.6054687500 
6883.9536132813 -93.5765533447 
6907.7919921875 -93.6016616821 
6931.7167968750 -93.6542434692 
6955.7246093750 -93.6939697266 
6979.8154296875 -93.7390518188 
7003.9858398438 -93.7436523438 
7028.2436523438 -93.6972885132 
7052.5859375000 -93.6557083130 
7077.0122070313 -93.6548156738 
7101.5190429688 -93.6632995605 
7126.1147460938 -93.6565093994 
7150.7958984375 -93.6489715576 
7175.5625000000 -93.6403121948 
7200.4106445313 -93.5858917236 
7225.3491210938 -93.5034179688 
7250.3735351563 -93.4772720337 
7275.4848632813 -93.5224533081 
7300.6791992188 -93.5783920288 
7325.9648437500 -93.5988845825 
7351.3378906250 -93.6086654663 
7376.7988281250 -93.6259613037 
7402.3442382813 -93.6119613647 
7427.9819335938 -93.5681533813 
7453.7080078125 -93.5675354004 
7479.5239257813 -93.6520538330 
7505.4248046875 -93.8007888794 
7531.4194335938 -93.9379501343 
7557.5039062500 -94.0015106201 
7583.6791992188 -93.9024963379 
7609.9409179688 -93.7096786499 
7636.2973632813 -93.5526580811 
7662.7451171875 -93.5115509033 
7689.2851562500 -93.5740051270 
7715.9121093750 -93.6203155518 
7742.6357421875 -93.5904159546 
7769.4521484375 -93.5534133911 
7796.3613281250 -93.6010742188 
7823.3593750000 -93.6922302246 
7850.4550781250 -93.7516555786 
7877.6450195313 -93.7593765259 
7904.9287109375 -93.7662429810 
7932.3027343750 -93.7810668945 
7959.7758789063 -93.7893753052 
7987.3442382813 -93.7913360596 
8015.0078125000 -93.7785186768 
8042.7675781250 -93.7215652466 
8070.6191406250 -93.6869812012 
8098.5712890625 -93.7228088379 
8126.6201171875 -93.8175888062 
8154.7666015625 -93.8463363647 
8183.0053710938 -93.7860107422 
8211.3466796875 -93.6802444458 
8239.7871093750 -93.6734390259 
8268.3251953125 -93.7299804688 
8296.9570312500 -93.7654724121 
8325.6933593750 -93.7527313232 
8354.5292968750 -93.7332305908 
8383.4648437500 -93.6701965332 
8412.4960937500 -93.5685577393 
8441.6318359375 -93.5244979858 
8470.8691406250 -93.5470962524 
8500.2080078125 -93.6265182495 
8529.6425781250 -93.6729965210 
8559.1845703125 -93.6811523438 
8588.8291015625 -93.6755447388 
8618.5761718750 -93.6772994995 
8648.4218750000 -93.6832580566 
8678.3750000000 -93.6897125244 
8708.4326171875 -93.6784210205 
8738.5937500000 -93.6397247314 
8768.8544921875 -93.6230163574 
8799.2246093750 -93.6712417603 
8829.7001953125 -93.7943038940 
8860.2822265625 -93.9308319092 
8890.9638671875 -93.8831787109 
8921.7578125000 -93.7250823975 
8952.6582031250 -93.6268844604 
8983.6650390625 -93.5985565186 
9014.7744140625 -93.6582107544 
9045.9970703125 -93.7474594116 
9077.3271484375 -93.7464447021 
9108.7656250000 -93.6559906006 
9140.3085937500 -93.5589065552 
9171.9658203125 -93.5143280029 
9203.7324218750 -93.5077133179 
9235.6093750000 -93.5256118774 
9267.5908203125 -93.5472717285 
9299.6894531250 -93.6125793457 
9331.8984375000 -93.6932373047 
9364.2187500000 -93.6525497437 
9396.6464843750 -93.5195465088 
9429.1914062500 -93.4091033936 
9461.8486328125 -93.3735427856 
9494.6191406250 -93.4157180786 
9527.4980468750 -93.5199127197 
9560.4960937500 -93.6548080444 
9593.6083984375 -93.7026672363 
9626.8359375000 -93.7225646973 
9660.1718750000 -93.7357711792 
9693.6298828125 -93.6502838135 
9727.2031250000 -93.5738449097 
9760.8935546875 -93.6051177979 
9794.6943359375 -93.6746749878 
9828.6171875000 -93.7232666016 
9862.6582031250 -93.7154693604 
9896.8173828125 -93.6759872437 
9931.0888671875 -93.6594848633 
9965.4853515625 -93.6495971680 
10000.0000000000 -93.7708206177 
10034.6347656250 -93.8135833740 
10069.3886718750 -93.8511810303 
10104.2636718750 -93.8704605103 
10139.2597656250 -93.8779144287 
10174.3652343750 -93.8735885620 
10209.6035156250 -93.8541259766 
10244.9638671875 -93.8317947388 
10280.4472656250 -93.8085556030 
10316.0527343750 -93.7896881104 
10351.7822265625 -93.7774734497 
10387.6347656250 -93.7692947388 
10423.6123046875 -93.7647933960 
10459.7021484375 -93.7589492798 
10495.9287109375 -93.7498474121 
10532.2812500000 -93.7371063232 
10568.7597656250 -93.7195510864 
10605.3642578125 -93.7021026611 
10642.0947265625 -93.6867599487 
10678.9531250000 -93.6757736206 
10715.9394531250 -93.6743469238 
10753.0419921875 -93.6797180176 
10790.2841796875 -93.6917953491 
10827.6562500000 -93.7118301392 
10865.1572265625 -93.7384109497 
10902.7880859375 -93.7677841187 
10940.5498046875 -93.7979507446 
10978.4414062500 -93.8227691650 
11016.4648437500 -93.8323364258 
11054.6074218750 -93.8242950439 
11092.8945312500 -93.7963104248 
11131.3144531250 -93.7424850464 
11169.8671875000 -93.6757583618 
11208.5537109375 -93.6077957153 
11247.3740234375 -93.5455017090 
11286.3291015625 -93.5003890991 
11325.4189453125 -93.4804458618 
11364.6308593750 -93.4809417725 
11403.9921875000 -93.5006637573 
11443.4892578125 -93.5378417969 
11483.1230468750 -93.5886535645 
11522.8945312500 -93.6388168335 
11562.8037109375 -93.6809692383 
11602.8505859375 -93.7083969116 
11643.0371093750 -93.7116622925 
11683.3486328125 -93.6917953491 
11723.8134765625 -93.6622619629 
11764.4189453125 -93.6320953369 
11805.1640625000 -93.6104583740 
11846.0507812500 -93.6089706421 
11887.0791015625 -93.6288681030 
11928.2490234375 -93.6598587036 
11969.5625000000 -93.6932754517 
12011.0048828125 -93.7200622559 
12052.6044921875 -93.7309036255 
12094.3486328125 -93.7203140259 
12136.2363281250 -93.6970291138 
12178.2695312500 -93.6654891968 
12220.4492187500 -93.6292190552 
12262.7734375000 -93.5907058716 
12305.2451171875 -93.5520095825 
12347.8505859375 -93.5185470581 
12390.6162109375 -93.4956665039 
12433.5312500000 -93.4867935181 
12476.5937500000 -93.4922409058 
12519.8056640625 -93.5086746216 
12563.1679687500 -93.5292205811 
12606.6796875000 -93.5430755615 
12650.3427734375 -93.5467758179 
12694.1562500000 -93.5428543091 
12738.1074218750 -93.5370025635 
12782.2255859375 -93.5358657837 
12826.4960937500 -93.5447158813 
12870.9199218750 -93.5653457642 
12915.4980468750 -93.5950393677 
12960.2304687500 -93.6256713867 
13005.1171875000 -93.6511154175 
13050.1601562500 -93.6682281494 
13095.3447265625 -93.6760253906 
13140.6992187500 -93.6752243042 
13186.2119140625 -93.6676559448 
13231.8818359375 -93.6558837891 
13277.7099609375 -93.6429748535 
13323.6962890625 -93.6324005127 
13369.8427734375 -93.6273498535 
13416.1484375000 -93.6293792725 
13462.5996093750 -93.6386566162 
13509.2265625000 -93.6531982422 
13556.0156250000 -93.6692047119 
13602.9658203125 -93.6830596924 
13650.0791015625 -93.6937408447 
13697.3554687500 -93.7033081055 
13744.7958984375 -93.7141342163 
13792.4003906250 -93.7245178223 
13840.1542968750 -93.7270278931 
13888.0888671875 -93.7132644653 
13936.1904296875 -93.6828079224 
13984.4570312500 -93.6487960815 
14032.8916015625 -93.6301956177 
14081.4941406250 -93.6373596191 
14130.2646484375 -93.6673812866 
14179.2041015625 -93.7072372437 
14228.2978515625 -93.7424926758 
14277.5771484375 -93.7646331787 
14327.0263671875 -93.7724151611 
14376.6474609375 -93.7686538696 
14426.4404296875 -93.7565917969 
14476.4052734375 -93.7388916016 
14526.5439453125 -93.7185745239 
14576.8564453125 -93.6995697021 
14627.3261718750 -93.6853485107 
14677.9873046875 -93.6764221191 
14728.8242187500 -93.6659164429 
14779.8369140625 -93.6512527466 
14831.0253906250 -93.6269683838 
14882.3925781250 -93.5951080322 
14933.9365234375 -93.5588760376 
14985.6601562500 -93.5199127197 
15037.5458984375 -93.4801025391 
15089.6269531250 -93.4451751709 
15141.8896484375 -93.4242324829 
15194.3330078125 -93.4249114990 
15246.9580078125 -93.4494018555 
15299.7646484375 -93.4953384399 
15352.7548828125 -93.5592346191 
15405.9287109375 -93.6377639771 
15459.2695312500 -93.7254562378 
15512.8115234375 -93.8119583130 
15566.5390625000 -93.8832015991 
15620.4531250000 -93.9266204834 
15674.5546875000 -93.9361953735 
15728.8427734375 -93.9130630493 
15783.3183593750 -93.8624725342 
15837.9833984375 -93.7914276123 
15892.8369140625 -93.6681365967 
15947.8642578125 -93.5594863892 
16003.0986328125 -93.5154876709 
16058.5244140625 -93.5014724731 
16114.1425781250 -93.5182037354 
16169.9531250000 -93.5600357056 
16225.9570312500 -93.6130752563 
16282.1552734375 -93.6568069458 
16338.5478515625 -93.6726303101 
16395.1171875000 -93.6555252075 
16451.9003906250 -93.6010589600 
16508.8808593750 -93.5707168579 
16566.0585937500 -93.5857009888 
16623.4355468750 -93.6244812012 
16681.0097656250 -93.6782989502 
16738.7832031250 -93.7385253906 
16796.7578125000 -93.7959136963 
16854.9140625000 -93.8385467529 
16913.2890625000 -93.8456344604 
16971.8691406250 -93.7901382446 
17030.6503906250 -93.7230606079 
17089.6347656250 -93.6475143433 
17148.8242187500 -93.5779190063 
17208.2167968750 -93.5327148438 
17267.8183593750 -93.5523605347 
17327.6054687500 -93.6564788818 
17387.6191406250 -93.7429809570 
17447.8398437500 -93.8004989624 
17508.2695312500 -93.8087768555 
17568.9082031250 -93.7367248535 
17629.7578125000 -93.6317749023 
17690.8164062500 -93.5728836060 
17752.0878906250 -93.5376281738 
17813.5527343750 -93.5302047729 
17875.2500000000 -93.5724563599 
17937.1582031250 -93.6606826782 
17999.2832031250 -93.7395553589 
18061.6230468750 -93.8158187866 
18124.1796875000 -93.8692398071 
18186.9511718750 -93.8785400391 
18249.9414062500 -93.8397064209 
18313.1289062500 -93.8112640381 
18376.5546875000 -93.7915115356 
18440.2011718750 -93.7593536377 
18504.0683593750 -93.7005691528 
18568.1562500000 -93.6428909302 
18632.4667968750 -93.5829849243 
18697.0000000000 -93.5152893066 
18761.7558593750 -93.4819259644 
18826.7148437500 -93.4797821045 
18891.9199218750 -93.4949569702 
18957.3515625000 -93.5277099609 
19023.0097656250 -93.5641784668 
19088.8945312500 -93.6082229614 
19155.0078125000 -93.6620635986 
19221.3515625000 -93.6842117310 
19287.9238281250 -93.6875381470 
19354.7050781250 -93.7186279297 
19421.7382812500 -93.7815856934 
19489.0058593750 -93.8240966797 
19556.5039062500 -93.8571166992 
19624.2382812500 -93.8639526367 
19692.2050781250 -93.8553924561 
19760.4082031250 -93.8131713867 
19828.8476562500 -93.7479705811 
19897.5019531250 -93.7116775513 
19966.4160156250 -93.7029418945 
20035.5683593750 -93.7295761108 
20104.9609375000 -93.7503433228 
20174.5937500000 -93.7706909180 
20244.4667968750 -93.7904815674 
20314.5839843750 -93.8078231812 
20384.9414062500 -93.8014373779 
20455.5449218750 -93.7772674561 
20526.3691406250 -93.7351303101 
20597.4609375000 -93.7037582397 
20668.7988281250 -93.6719055176 
20740.3847656250 -93.6270065308 
20812.2187500000 -93.5990142822 
20884.3007812500 -93.5896224976 
20956.6328125000 -93.6139221191 
21029.2148437500 -93.6508560181 
21102.0253906250 -93.6810531616 
21175.1113281250 -93.7134552002 
21248.4492187500 -93.7591171265 
21322.0429687500 -93.7912826538 
21395.8906250000 -93.8130950928 
21469.9941406250 -93.8055419922 
21544.3554687500 -93.7984771729 
21618.9726562500 -93.8122329712 
21693.8242187500 -93.8368530273 
21768.9609375000 -93.8556289673 
21844.3574218750 -93.8674163818 
21920.0136718750 -93.8809204102 
21995.9316406250 -93.8890380859 
22072.1152343750 -93.8568038940 
22148.5605468750 -93.7357254028 
22225.2714843750 -93.5798339844 
22302.2226562500 -93.4864578247 
22379.4648437500 -93.4906311035 
22456.9746093750 -93.5731582642 
22534.7539062500 -93.6560287476 
22612.8027343750 -93.7157440186 
22691.1210937500 -93.7848815918 
22769.7109375000 -93.8832626343 
22848.5722656250 -93.9659271240 
22927.6816406250 -93.9525375366 
23007.0898437500 -93.8196334839 
23086.7753906250 -93.7189559937 
23166.7343750000 -93.6637344360 
23246.9707031250 -93.6179504395 
23327.4863281250 -93.5750579834 
23408.2792968750 -93.5941085815 
23489.3535156250 -93.6786727905 
23570.6816406250 -93.7508316040 
23652.3183593750 -93.7553634644 
23734.2363281250 -93.6955032349 
23816.4394531250 -93.6016159058 
23898.9257812500 -93.5276870728 
23981.6992187500 -93.4732437134 
24064.7578125000 -93.4761505127 
24148.1054687500 -93.5533599854 
24231.7148437500 -93.6627807617 
24315.6406250000 -93.6987075806 
24399.8574218750 -93.6844100952 
24484.3652343750 -93.6555480957 
24569.1640625000 -93.6837539673 
24654.2597656250 -93.7850646973 
24739.6484375000 -93.9081726074 
24825.3320312500 -93.8970336914 
24911.2871093750 -93.7716293335 
24997.5664062500 -93.6188278198 
25084.1445312500 -93.6535873413 
25171.0214843750 -93.7604980469 
25258.1992187500 -93.8138122559 
25345.6816406250 -93.7726669312 
25433.4648437500 -93.7041778564 
25521.5527343750 -93.6221466064 
25609.9453125000 -93.5087661743 
25698.6152343750 -93.4504623413 
25787.6210937500 -93.4671096802 
25876.9355468750 -93.5299530029 
25966.5585937500 -93.6098251343 
26056.4941406250 -93.6131515503 
26146.7382812500 -93.5605468750 
26237.2968750000 -93.4841918945 
26328.1679687500 -93.4262008667 
26419.3261718750 -93.4797058105 
26510.8281250000 -93.6024627686 
26602.6464843750 -93.6854095459 
26694.7832031250 -93.7303466797 
26787.2402343750 -93.7429275513 
26880.0156250000 -93.7446670532 
26973.1132812500 -93.7825012207 
27066.5351562500 -93.8329086304 
27160.2480468750 -93.8557052612 
27254.3164062500 -93.8466339111 
27348.7109375000 -93.7854461670 
27443.4316406250 -93.7106323242 
27538.4804687500 -93.7020797729 
27633.8593750000 -93.7673797607 
27729.5683593750 -93.7642059326 
27825.6074218750 -93.6270217896 
27921.9492187500 -93.5288314819 
28018.6562500000 -93.5153579712 
28115.6972656250 -93.5877532959 
28213.0742187500 -93.7038192749 
28310.7890625000 -93.8186950684 
28408.8417968750 -93.8434371948 
28507.2343750000 -93.7306900024 
28605.9687500000 -93.6198272705 
28705.0136718750 -93.6450576782 
28804.4316406250 -93.7355880737 
28904.1933593750 -93.7563705444 
29004.3027343750 -93.7111511230 
29104.7578125000 -93.6683349609 
29205.5605468750 -93.6323699951 
29306.7128906250 -93.5717010498 
29408.2148437500 -93.5236892700 
29510.0371093750 -93.5569305420 
29612.2441406250 -93.6552810669 
29714.8046875000 -93.7378997803 
29817.7207031250 -93.7392654419 
29920.9921875000 -93.7267150879 
30024.6230468750 -93.7282257080 
30128.6113281250 -93.7502517700 
30232.9609375000 -93.7695770264 
30337.6367187500 -93.7864227295 
30442.7109375000 -93.7973861694 
30548.1464843750 -93.8052139282 
30653.9492187500 -93.8069534302 
30760.1171875000 -93.8018875122 
30866.6542968750 -93.7930908203 
30973.5585937500 -93.7781906128 
31080.8339843750 -93.7636184692 
31188.4472656250 -93.7493820190 
31296.4667968750 -93.7411422729 
31404.8613281250 -93.7350616455 
31513.6308593750 -93.7319717407 
31622.7773437500 -93.7250671387 
31732.3007812500 -93.7134552002 
31842.2031250000 -93.6907882690 
31952.4882812500 -93.6568679810 
32063.1542968750 -93.6176300049 
32174.1679687500 -93.5749053955 
32285.6015625000 -93.5405654907 
32397.4218750000 -93.5140380859 
32509.6289062500 -93.5090866089 
32622.2246093750 -93.5203628540 
32735.2089843750 -93.5435333252 
32848.5859375000 -93.5818099976 
32962.3554687500 -93.6209564209 
33076.4843750000 -93.6584320068 
33191.0429687500 -93.6821823120 
33305.9960937500 -93.6890792847 
33421.3515625000 -93.6835479736 
33537.1054687500 -93.6619110107 
33653.2578125000 -93.6383361816 
33769.8164062500 -93.6169662476 
33886.7773437500 -93.6037673950 
34004.1054687500 -93.5998001099 
34121.8750000000 -93.5986328125 
34240.0546875000 -93.5986785889 
34358.6445312500 -93.5939407349 
34477.6445312500 -93.5875167847 
34597.0546875000 -93.5802841187 
34716.8789062500 -93.5785598755 
34837.1210937500 -93.5860671997 
34957.7382812500 -93.6019973755 
35078.8125000000 -93.6288681030 
35200.3085937500 -93.6633682251 
35322.2226562500 -93.6990890503 
35444.5585937500 -93.7344512939 
35567.3203125000 -93.7656784058 
35690.5039062500 -93.7952194214 
35814.1171875000 -93.8245010376 
35938.1171875000 -93.8547058105 
36062.5898437500 -93.8848648071 
36187.4921875000 -93.9104690552 
36312.8242187500 -93.9294052124 
36438.5898437500 -93.9371566772 
36564.7968750000 -93.9319000244 
36691.4375000000 -93.9212417603 
36818.5156250000 -93.9071121216 
36945.9921875000 -93.8918075562 
37073.9531250000 -93.8710937500 
37202.3593750000 -93.8398361206 
37331.2070312500 -93.7953033447 
37460.5000000000 -93.7334899902 
37590.2460937500 -93.6587905884 
37720.4375000000 -93.5871734619 
37851.0781250000 -93.5263214111 
37982.1328125000 -93.4838256836 
38113.6835937500 -93.4747924805 
38245.6875000000 -93.4891891479 
38378.1484375000 -93.5205535889 
38511.0703125000 -93.5636901855 
38644.4531250000 -93.6126403809 
38778.2968750000 -93.6621932983 
38912.6015625000 -93.7108917236 
39047.3320312500 -93.7566223145 
39182.5703125000 -93.7961654663 
39318.2773437500 -93.8208999634 
39454.4531250000 -93.8229598999 
39591.1015625000 -93.8086242676 
39728.2265625000 -93.7849273682 
39865.8203125000 -93.7602233887 
40003.8945312500 -93.7440338135 
40142.4453125000 -93.7395172119 
40281.4335937500 -93.7378463745 
40420.9453125000 -93.7332153320 
40560.9414062500 -93.7220306396 
40701.4257812500 -93.7037734985 
40842.3906250000 -93.6830673218 
40983.8476562500 -93.6674346924 
41125.7929687500 -93.6581878662 
41268.2304687500 -93.6539764404 
41411.1171875000 -93.6524505615 
41554.5390625000 -93.6513977051 
41698.4648437500 -93.6501617432 
41842.8828125000 -93.6498870850 
41987.8046875000 -93.6511917114 
42133.2265625000 -93.6541824341 
42279.1523437500 -93.6584854126 
42425.5859375000 -93.6632156372 
42572.4765625000 -93.6673126221 
42719.9257812500 -93.6705703735 
42867.8828125000 -93.6771926880 
43016.3554687500 -93.6929473877 
43165.3398437500 -93.7206192017 
43314.8437500000 -93.7578277588 
43464.8593750000 -93.7969055176 
43615.3984375000 -93.8267288208 
43766.4101562500 -93.8360290527 
43917.9960937500 -93.8172836304 
44070.1015625000 -93.7689590454 
44222.7382812500 -93.7042770386 
44375.9023437500 -93.6406173706 
44529.5937500000 -93.5919418335 
44683.8203125000 -93.5657272339 
44838.5820312500 -93.5626296997 
44993.8281250000 -93.5794219971 
45149.6601562500 -93.6127395630 
45306.0351562500 -93.6602554321 
45462.9492187500 -93.7180786133 
45620.4101562500 -93.7764663696 
45778.4140625000 -93.8185577393 
45936.9648437500 -93.8234329224 
46096.0664062500 -93.7866058350 
46255.6679687500 -93.7225875854 
46415.8710937500 -93.6572647095 
46576.6289062500 -93.6141052246 
46737.9453125000 -93.6016159058 
46899.8203125000 -93.6104888916 
47062.2578125000 -93.6210556030 
47225.2539062500 -93.6160888672 
47388.8164062500 -93.5910644531 
47552.8945312500 -93.5560455322 
47717.5898437500 -93.5291366577 
47882.8593750000 -93.5264968872 
48048.6992187500 -93.5549011230 
48215.1132812500 -93.6097412109 
48382.1054687500 -93.6766738892 
48549.6718750000 -93.7353591919 
48717.8242187500 -93.7661972046 
48886.5000000000 -93.7600097656 
49055.8164062500 -93.7404937744 
49225.7187500000 -93.6939697266 
49396.2109375000 -93.6561889648 
49567.2929687500 -93.6467056274 
49738.9648437500 -93.6719894409 
49911.2343750000 -93.7228851318 
50084.1015625000 -93.7756652832 
50257.5664062500 -93.7995376587 
50431.5742187500 -93.7727584839 
50606.2421875000 -93.6568984985 
50781.5156250000 -93.5550994873 
50957.3945312500 -93.5427856445 
51133.8828125000 -93.5677413940 
51310.9804687500 -93.6058654785 
51488.6953125000 -93.6422958374 
51667.0234375000 -93.6794738770 
51845.9140625000 -93.7226333618 
52025.4804687500 -93.7630538940 
52205.6679687500 -93.7790451050 
52386.4804687500 -93.7524871826 
52567.9179687500 -93.6828231812 
52749.9843750000 -93.5872344971 
52932.6796875000 -93.4917755127 
53116.0117187500 -93.4219818115 
53299.9179687500 -93.3950805664 
53484.5195312500 -93.4413833618 
53669.7617187500 -93.5403137207 
53855.6445312500 -93.6137237549 
54042.1679687500 -93.6771469116 
54229.3398437500 -93.7166061401 
54417.1640625000 -93.7146835327 
54605.6328125000 -93.6637725830 
54794.6992187500 -93.5827560425 
54984.4765625000 -93.5136108398 
55174.9140625000 -93.4937896729 
55366.0078125000 -93.5556411743 
55557.7656250000 -93.6217803955 
55750.1875000000 -93.6303253174 
55943.2773437500 -93.6324691772 
56137.0351562500 -93.6571960449 
56331.3984375000 -93.7090606689 
56526.5000000000 -93.7650222778 
56722.2773437500 -93.7914657593 
56918.7343750000 -93.7480773926 
57115.8671875000 -93.6960067749 
57313.6875000000 -93.6464920044 
57512.1914062500 -93.6052932739 
57711.3789062500 -93.5702972412 
57911.1992187500 -93.5289077759 
58111.7695312500 -93.5143051147 
58313.0390625000 -93.5319747925 
58515.0039062500 -93.5665740967 
58717.6679687500 -93.6079483032 
58921.0312500000 -93.6514282227 
59125.1015625000 -93.6458892822 
59329.8789062500 -93.6104049683 
59535.3007812500 -93.5812530518 
59741.5000000000 -93.5918350220 
59948.4101562500 -93.6993408203 
60156.0390625000 -93.8216781616 
60364.3867187500 -93.8527832031 
60573.4570312500 -93.8387832642 
60783.2500000000 -93.7730636597 
60993.7695312500 -93.6875534058 
61204.9531250000 -93.6228713989 
61416.9335937500 -93.5660018921 
61629.6484375000 -93.5386276245 
61843.0976562500 -93.5855560303 
62057.2890625000 -93.6434936523 
62272.2226562500 -93.6829223633 
62487.8984375000 -93.6574096680 
62704.3203125000 -93.5866546631 
62921.4257812500 -93.5682983398 
63139.3515625000 -93.6285705566 
63358.0312500000 -93.7294692993 
63577.4687500000 -93.7785034180 
63797.6679687500 -93.7950897217 
64018.6289062500 -93.7533950806 
64240.3554687500 -93.6648406982 
64462.8476562500 -93.6062240601 
64686.1093750000 -93.5780792236 
64910.0781250000 -93.6092300415 
65134.8906250000 -93.6476516724 
65360.4804687500 -93.7144699097 
65586.8515625000 -93.7856292725 
65814.0156250000 -93.8061065674 
66041.9531250000 -93.7285385132 
66270.6875000000 -93.5700454712 
66500.2109375000 -93.4737701416 
66730.4609375000 -93.4254760742 
66961.5781250000 -93.4582290649 
67193.5000000000 -93.5060958862 
67426.2187500000 -93.5242462158 
67659.7500000000 -93.5241470337 
67894.0859375000 -93.5286483765 
68129.2343750000 -93.5344772339 
68365.1953125000 -93.5307159424 
68601.8984375000 -93.5114974976 
68839.5000000000 -93.4879913330 
69077.9218750000 -93.4729614258 
69317.1718750000 -93.4711074829 
69557.2421875000 -93.4777450562 
69798.1562500000 -93.4864120483 
70039.8984375000 -93.4844741821 
70282.4765625000 -93.5023956299 
70525.8203125000 -93.5784683228 
70770.0859375000 -93.6764526367 
71015.1875000000 -93.6985626221 
71261.1484375000 -93.6262359619 
71507.9609375000 -93.5595932007 
71755.6250000000 -93.5453186035 
72004.1484375000 -93.5418777466 
72253.5312500000 -93.5076065063 
72503.6953125000 -93.4134750366 
72754.8125000000 -93.3243484497 
73006.7890625000 -93.3157043457 
73259.6484375000 -93.3685226440 
73513.3828125000 -93.4422225952 
73767.9921875000 -93.4956054688 
74023.4843750000 -93.4880371094 
74279.8593750000 -93.4353103638 
74537.0390625000 -93.3879089355 
74795.1953125000 -93.3830718994 
75054.2500000000 -93.4401550293 
75314.1953125000 -93.5360412598 
75575.0390625000 -93.6038894653 
75836.7890625000 -93.5306320190 
76099.4453125000 -93.4228973389 
76363.0156250000 -93.4519729614 
76627.4140625000 -93.6124267578 
76892.8046875000 -93.7927551270 
77159.1250000000 -93.8907394409 
77426.3593750000 -93.8796310425 
77694.5234375000 -93.7697906494 
77963.6093750000 -93.6607818604 
78233.6328125000 -93.5967559814 
78504.5937500000 -93.5817413330 
78776.4062500000 -93.5853958130 
79049.2421875000 -93.5886535645 
79323.0234375000 -93.6096725464 
79597.7578125000 -93.6517562866 
79873.4453125000 -93.6985931396 
80150.0781250000 -93.7494964600 
80427.6796875000 -93.7999572754 
80706.2343750000 -93.7902603149 
80985.7578125000 -93.7470932007 
81266.1562500000 -93.7264175415 
81547.6171875000 -93.7482910156 
81830.0546875000 -93.7673263550 
82113.4687500000 -93.7510986328 
82397.8671875000 -93.7133483887 
82683.2500000000 -93.6594924927 
82969.6171875000 -93.5912017822 
83256.9765625000 -93.5867156982 
83545.2421875000 -93.6480178833 
83834.6015625000 -93.7527236938 
84124.9531250000 -93.7898483276 
84416.3203125000 -93.7477264404 
84708.6875000000 -93.6842346191 
85002.0781250000 -93.6151275635 
85296.4765625000 -93.5455245972 
85591.8984375000 -93.4518585205 
85888.2500000000 -93.3802490234 
86185.7187500000 -93.4271392822 
86484.2187500000 -93.5139312744 
86783.7500000000 -93.6244201660 
87084.3203125000 -93.7374267578 
87385.9375000000 -93.7195434570 
87688.5937500000 -93.6495590210 
87992.2968750000 -93.6526641846 
88296.9609375000 -93.7064514160 
88602.7734375000 -93.7750320435 
88909.6406250000 -93.8134613037 
89217.5781250000 -93.7833938599 
89526.5781250000 -93.6887969971 
89836.6484375000 -93.5789260864 
90147.7968750000 -93.5362319946 
90460.0156250000 -93.6003799438 
90773.2187500000 -93.6761474609 
91087.6093750000 -93.6985321045 
91403.0859375000 -93.6157226563 
91719.6562500000 -93.5452270508 
92037.3281250000 -93.5713119507 
92356.0937500000 -93.6830902100 
92675.9609375000 -93.7024536133 
92996.9453125000 -93.6937026978 
93318.9296875000 -93.7754516602 
93642.1328125000 -93.7920303345 
93966.4609375000 -93.6411132813 
94291.9062500000 -93.4873352051 
94618.4843750000 -93.5259552002 
94946.1953125000 -93.6582107544 
95275.0312500000 -93.7826461792 
95605.0156250000 -93.8674926758 
95936.0312500000 -93.8163909912 
96268.3046875000 -93.6562957764 
96601.7265625000 -93.5261764526 
96936.2968750000 -93.5041275024 
97272.0312500000 -93.5918502808 
97608.9296875000 -93.7116241455 
97946.9921875000 -93.7338180542 
98286.2265625000 -93.6524963379 
98626.5312500000 -93.5536499023 
98968.1171875000 -93.4738845825 
99310.8906250000 -93.4219360352 
99654.8515625000 -93.4491500854 
100000.0000000000 -93.4984817505 
100346.3437500000 -93.4717864990 
100693.8906250000 -93.4466094971 
101042.6406250000 -93.4239807129 
101392.5937500000 -93.4033203125 
101743.6562500000 -93.3848495483 
102096.0390625000 -93.3723526001 
102449.6406250000 -93.3656311035 
102804.4687500000 -93.3645629883 
103160.5312500000 -93.3727264404 
103517.8203125000 -93.3887100220 
103876.3515625000 -93.4101943970 
104236.1250000000 -93.4375839233 
104597.0234375000 -93.4720230103 
104959.2890625000 -93.5106658936 
105322.8125000000 -93.5531463623 
105687.5937500000 -93.5989456177 
106053.6406250000 -93.6427764893 
106420.9531250000 -93.6827621460 
106789.5312500000 -93.7163543701 
107159.3906250000 -93.7383651733 
107530.4218750000 -93.7532882690 
107902.8437500000 -93.7615280151 
108276.5625000000 -93.7623977661 
108651.5703125000 -93.7565689087 
109027.8828125000 -93.7465972900 
109405.4921875000 -93.7334442139 
109784.4140625000 -93.7193756104 
110164.6484375000 -93.7088317871 
110546.0781250000 -93.7018585205 
110928.9453125000 -93.6980514526 
111313.1484375000 -93.6944732666 
111698.6718750000 -93.6834945679 
112085.5390625000 -93.6632232666 
112473.7421875000 -93.6328964233 
112863.2890625000 -93.5925064087 
113254.1875000000 -93.5522918701 
113646.3125000000 -93.5204391479 
114039.9218750000 -93.5010910034 
114434.8906250000 -93.4981384277 
114831.2343750000 -93.5147171021 
115228.9453125000 -93.5386123657 
115628.0312500000 -93.5656890869 
116028.5078125000 -93.5924911499 
116430.3671875000 -93.6162033081 
116833.4921875000 -93.6365585327 
117238.1406250000 -93.6538314819 
117644.1875000000 -93.6670303345 
118051.6406250000 -93.6749725342 
118460.5078125000 -93.6754074097 
118870.7890625000 -93.6701049805 
119282.4921875000 -93.6634216309 
119695.6250000000 -93.6580581665 
120110.0546875000 -93.6557846069 
120526.0468750000 -93.6567611694 
120943.4843750000 -93.6564559937 
121362.3671875000 -93.6508941650 
121782.6953125000 -93.6396408081 
122204.4843750000 -93.6246566772 
122627.7343750000 -93.6100311279 
123052.4531250000 -93.6023941040 
123478.5000000000 -93.6055908203 
123906.1640625000 -93.6152725220 
124335.3125000000 -93.6264572144 
124765.9375000000 -93.6350479126 
125198.0625000000 -93.6397323608 
125631.6796875000 -93.6439285278 
126066.7968750000 -93.6595382690 
126503.4218750000 -93.6913070679 
126941.5625000000 -93.7351989746 
127381.0781250000 -93.7801208496 
127822.2578125000 -93.8119430542 
128264.9609375000 -93.8184967041 
128709.2031250000 -93.7954101563 
129154.9843750000 -93.7495422363 
129602.3046875000 -93.7008895874 
130051.1796875000 -93.6638641357 
130501.6015625000 -93.6454315186 
130953.4453125000 -93.6470260620 
131407.0000000000 -93.6658248901 
131862.1250000000 -93.6962203979 
132318.8125000000 -93.7313232422 
132777.0937500000 -93.7643432617 
133236.9687500000 -93.7894897461 
133698.4218750000 -93.8045883179 
134161.4843750000 -93.8114929199 
134626.0000000000 -93.8127593994 
135092.2656250000 -93.8107299805 
135560.1562500000 -93.8065719604 
136029.6562500000 -93.7999725342 
136500.7968750000 -93.7896652222 
136973.5625000000 -93.7746505737 
137447.9531250000 -93.7554473877 
137924.0000000000 -93.7344818115 
138401.5468750000 -93.7148895264 
138880.8906250000 -93.6985778809 
139361.9062500000 -93.6852493286 
139844.5781250000 -93.6739578247 
140328.9218750000 -93.6663360596 
140814.9375000000 -93.6683578491 
141302.6406250000 -93.6878738403 
141792.0468750000 -93.7288589478 
142282.9843750000 -93.7859191895 
142775.7656250000 -93.8438720703 
143270.2656250000 -93.8847198486 
143766.4687500000 -93.8985137939 
144264.4062500000 -93.8888778687 
144764.0625000000 -93.8683395386 
145265.4375000000 -93.8479156494 
145768.5625000000 -93.8301239014 
146273.2656250000 -93.8101348877 
146779.8750000000 -93.7821502686 
147288.2343750000 -93.7276229858 
147798.3593750000 -93.6844711304 
148310.2500000000 -93.6489105225 
148823.9218750000 -93.6319046021 
149339.3750000000 -93.6421432495 
149856.5937500000 -93.6813125610 
150375.4531250000 -93.7417297363 
150896.2656250000 -93.8090896606 
151418.8906250000 -93.8674392700 
151943.3281250000 -93.9019317627 
152469.5781250000 -93.9001922607 
152997.6406250000 -93.8570175171 
153527.5468750000 -93.7809219360 
154059.2812500000 -93.6946029663 
154592.6875000000 -93.6257858276 
155128.1093750000 -93.5953140259 
155665.3906250000 -93.6101684570 
156204.5312500000 -93.6631317139 
156745.5468750000 -93.7368164063 
157288.4218750000 -93.8108215332 
157833.1875000000 -93.8701324463 
158379.8281250000 -93.9104232788 
158928.3750000000 -93.9421386719 
159478.6406250000 -93.9483795166 
160030.9843750000 -93.9283599854 
160585.2500000000 -93.8867111206 
161141.4218750000 -93.8295288086 
161699.5312500000 -93.7691726685 
162259.5781250000 -93.7189025879 
162821.5468750000 -93.6881561279 
163385.4687500000 -93.6793746948 
163951.1718750000 -93.6861724854 
164519.0156250000 -93.6909561157 
165088.8125000000 -93.6572723389 
165660.5937500000 -93.6074752808 
166234.3437500000 -93.5530319214 
166810.0937500000 -93.5109176636 
167387.8281250000 -93.4922714233 
167967.5781250000 -93.4989395142 
168549.1406250000 -93.5246582031 
169132.9062500000 -93.5764007568 
169718.6875000000 -93.6213150024 
170306.5000000000 -93.6390914917 
170896.3437500000 -93.6456222534 
171488.2343750000 -93.6434783936 
172082.1718750000 -93.6408462524 
172678.1718750000 -93.6620483398 
173276.0468750000 -93.7150421143 
173876.1875000000 -93.7533569336 
174478.3906250000 -93.7713775635 
175082.6875000000 -93.7591094971 
175689.0781250000 -93.6992416382 
176297.5781250000 -93.6418533325 
176908.1718750000 -93.6261520386 
177520.8906250000 -93.6254653931 
178135.5312500000 -93.6272277832 
178752.4843750000 -93.6130294800 
179371.5937500000 -93.5896148682 
179992.8437500000 -93.5829391479 
180616.2343750000 -93.5881347656 
181241.7968750000 -93.6010894775 
181869.5156250000 -93.6195831299 
182499.4062500000 -93.6227798462 
183131.2812500000 -93.6078033447 
183765.5468750000 -93.5808486938 
184402.0156250000 -93.5443496704 
185040.6875000000 -93.5506591797 
185681.5625000000 -93.5989990234 
186324.6718750000 -93.6751022339 
186969.9843750000 -93.8026962280 
187617.5468750000 -93.8996124268 
188267.1562500000 -93.9210586548 
188919.2031250000 -93.8742675781 
189573.5156250000 -93.7720108032 
190230.0937500000 -93.7023849487 
190888.9531250000 -93.6607589722 
191550.0937500000 -93.6772842407 
192213.5156250000 -93.7543182373 
192879.2343750000 -93.8144454956 
193547.0468750000 -93.8659591675 
194217.3906250000 -93.8754653931 
194890.0468750000 -93.8743972778 
195565.0468750000 -93.8962631226 
196242.3750000000 -93.9360656738 
196922.0468750000 -93.9569396973 
197604.0781250000 -93.9608078003 
198288.4843750000 -93.9421997070 
198975.0156250000 -93.9170227051 
199664.1562500000 -93.8464889526 
200355.6875000000 -93.7380599976 
201049.6093750000 -93.6539764404 
201745.9375000000 -93.5646133423 
202444.6718750000 -93.5543289185 
203145.8281250000 -93.6411514282 
203849.4218750000 -93.7370910645 
204555.4375000000 -93.7593841553 
205263.6875000000 -93.7247390747 
205974.6093750000 -93.6818313599 
206688.0000000000 -93.6998825073 
207403.8437500000 -93.7686920166 
208122.1875000000 -93.8293838501 
208843.0000000000 -93.9042587280 
209566.3125000000 -93.9369659424 
210292.1406250000 -93.8990402222 
211020.2500000000 -93.8174667358 
211751.1093750000 -93.7236785889 
212484.5000000000 -93.6462860107 
213220.4218750000 -93.6081390381 
213958.9062500000 -93.5687637329 
214699.9375000000 -93.5443649292 
215443.5468750000 -93.5271987915 
216189.7343750000 -93.5158615112 
216938.2500000000 -93.5350036621 
217689.6093750000 -93.5807266235 
218443.5625000000 -93.6212158203 
219200.1406250000 -93.6348800659 
219959.3281250000 -93.6328277588 
220721.1406250000 -93.6436691284 
221485.5937500000 -93.6695327759 
222252.7031250000 -93.6821975708 
223022.2187500000 -93.6654663086 
223794.6562500000 -93.6465606689 
224569.7500000000 -93.6623382568 
225347.5468750000 -93.7174377441 
226128.0156250000 -93.7863006592 
226911.2031250000 -93.8112258911 
227697.0937500000 -93.7531967163 
228485.7187500000 -93.6697692871 
229276.8125000000 -93.6252059937 
230070.9062500000 -93.6330337524 
230867.7500000000 -93.6507339478 
231667.3437500000 -93.6498336792 
232469.7187500000 -93.6465225220 
233274.8593750000 -93.6775741577 
234082.7968750000 -93.7867202759 
234893.5312500000 -93.8844528198 
235706.8281250000 -93.9257507324 
236523.1875000000 -93.9003372192 
237342.3750000000 -93.8217391968 
238164.3906250000 -93.7021560669 
238989.2656250000 -93.6217117310 
239816.9843750000 -93.5713043213 
240647.5937500000 -93.5546569824 
241481.0625000000 -93.5806121826 
242317.1562500000 -93.6606445313 
243156.4062500000 -93.7326889038 
243998.5625000000 -93.7917175293 
244843.6406250000 -93.8797454834 
245691.6562500000 -93.9788742065 
246542.5937500000 -94.0795516968 
247396.4843750000 -94.1124420166 
248253.3281250000 -94.0352096558 
249112.8593750000 -93.9012298584 
249975.6562500000 -93.7538299561 
250841.4375000000 -93.7197189331 
251710.2187500000 -93.7526473999 
252582.0000000000 -93.7948684692 
253456.8125000000 -93.8262710571 
254334.6406250000 -93.8318710327 
255215.5156250000 -93.8241271973 
256099.4531250000 -93.7831039429 
256986.1562500000 -93.7368164063 
257876.2187500000 -93.7389297485 
258769.3593750000 -93.7607727051 
259665.5937500000 -93.7654037476 
260564.9375000000 -93.7390899658 
261467.3906250000 -93.7071838379 
262372.9687500000 -93.6837997437 
263281.6875000000 -93.6711730957 
264193.2500000000 -93.6649017334 
265108.2812500000 -93.7171783447 
266026.4687500000 -93.7993469238 
266947.8437500000 -93.8678283691 
267872.4062500000 -93.9026336670 
268800.1562500000 -93.8943939209 
269731.1562500000 -93.8527908325 
270665.3437500000 -93.7536010742 
271602.4687500000 -93.6544723511 
272543.1562500000 -93.5777435303 
273487.0937500000 -93.5324325562 
274434.3125000000 -93.5249633789 
275384.8125000000 -93.5454254150 
276338.5937500000 -93.6040725708 
277295.6875000000 -93.6923522949 
278256.0625000000 -93.7855834961 
279219.5000000000 -93.8400726318 
280186.5625000000 -93.8571472168 
281156.9687500000 -93.8040695190 
282130.7500000000 -93.7234420776 
283107.9062500000 -93.7331771851 
284088.4375000000 -93.7879333496 
285072.3437500000 -93.7985000610 
286059.6875000000 -93.8001403809 
287050.1250000000 -93.8237380981 
288044.3125000000 -93.8267898560 
289041.9375000000 -93.7432556152 
290043.0312500000 -93.6238403320 
291047.5625000000 -93.6036758423 
292055.5937500000 -93.6793975830 
293067.1250000000 -93.7569885254 
294082.1562500000 -93.8182754517 
295100.3750000000 -93.8663024902 
296122.4375000000 -93.8652725220 
297148.0312500000 -93.8128509521 
298177.1875000000 -93.7732009888 
299209.9062500000 -93.7518386841 
300246.2187500000 -93.6678161621 
301286.1250000000 -93.6451644897 
302329.5937500000 -93.6320724487 
303376.3750000000 -93.6366348267 
304427.0937500000 -93.6546478271 
305481.4687500000 -93.6795806885 
306539.5000000000 -93.7098312378 
307601.1875000000 -93.7375488281 
308666.5312500000 -93.7617721558 
309735.5937500000 -93.7816314697 
310808.3437500000 -93.7953948975 
311884.4687500000 -93.8065414429 
312964.6875000000 -93.8149566650 
314048.6250000000 -93.8188858032 
315136.3125000000 -93.8181152344 
316227.7812500000 -93.8143768311 
317323.0000000000 -93.8080749512 
318422.0312500000 -93.8036575317 
319524.8750000000 -93.8031692505 
320631.5312500000 -93.8069686890 
321741.6875000000 -93.8165817261 
322856.0312500000 -93.8288116455 
323974.2187500000 -93.8411026001 
325096.2812500000 -93.8523254395 
326222.2500000000 -93.8597259521 
327352.0937500000 -93.8633193970 
328485.8750000000 -93.8630676270 
329623.5625000000 -93.8585739136 
330764.8437500000 -93.8460311890 
331910.4062500000 -93.8264694214 
333059.9687500000 -93.8003768921 
334213.5312500000 -93.7680969238 
335371.0625000000 -93.7316131592 
336532.5937500000 -93.6979064941 
337698.1562500000 -93.6697921753 
338867.7500000000 -93.6495742798 
340041.0312500000 -93.6411361694 
341218.7500000000 -93.6403656006 
342400.5625000000 -93.6431427002 
343586.4375000000 -93.6473541260 
344776.4375000000 -93.6509017944 
345970.5625000000 -93.6543731689 
347168.8125000000 -93.6610794067 
348371.2187500000 -93.6733856201 
349577.4062500000 -93.6931762695 
350788.1250000000 -93.7221984863 
352003.0625000000 -93.7539825439 
353222.2187500000 -93.7801589966 
354445.5937500000 -93.7947235107 
355673.1875000000 -93.7928237915 
356905.0625000000 -93.7703170776 
358141.1875000000 -93.7372665405 
359381.1875000000 -93.7078170776 
360625.9062500000 -93.6919708252 
361874.9062500000 -93.6974945068 
363128.2500000000 -93.7288208008 
364385.9062500000 -93.7807006836 
365647.9375000000 -93.8316574097 
366914.3437500000 -93.8689804077 
368185.1562500000 -93.8846054077 
369459.9375000000 -93.8762130737 
370739.5312500000 -93.8484573364 
372023.5937500000 -93.8145446777 
373312.0625000000 -93.7851257324 
374605.0312500000 -93.7614212036 
375902.4375000000 -93.7397613525 
377204.3750000000 -93.7133560181 
378510.7812500000 -93.6751251221 
379821.3437500000 -93.6227645874 
381136.8125000000 -93.5714569092 
382456.8750000000 -93.5411682129 
383781.5000000000 -93.5467987061 
385110.7187500000 -93.5941848755 
386444.5312500000 -93.6776199341 
387782.9687500000 -93.7803497314 
389126.0312500000 -93.8787612915 
390473.3125000000 -93.9459228516 
391825.6875000000 -93.9759979248 
393182.7812500000 -93.9752044678 
394544.5312500000 -93.9538040161 
395911.0312500000 -93.9223861694 
397282.2500000000 -93.8892288208 
398658.2187500000 -93.8589782715 
400038.9375000000 -93.8322372437 
401424.4687500000 -93.8057632446 
402814.3437500000 -93.7735061646 
404209.4687500000 -93.7298889160 
405609.4375000000 -93.6791000366 
407014.2500000000 -93.6326751709 
408423.9062500000 -93.6056289673 
409838.4687500000 -93.6091613770 
411257.9375000000 -93.6437988281 
412682.3125000000 -93.6966323853 
414111.1562500000 -93.7449493408 
415545.4062500000 -93.7659759521 
416984.6250000000 -93.7481002808 
418428.8437500000 -93.6972198486 
419878.0625000000 -93.6339035034 
421332.2812500000 -93.5835876465 
422791.5312500000 -93.5661163330 
424255.8750000000 -93.5890350342 
425724.7812500000 -93.6458740234 
427199.2500000000 -93.7190093994 
428678.8437500000 -93.7857666016 
430163.5625000000 -93.8294219971 
431653.4062500000 -93.8426055908 
433148.4062500000 -93.8274993896 
434648.5937500000 -93.7929000854 
436154.0000000000 -93.7504730225 
437664.1250000000 -93.7114486694 
439179.9375000000 -93.6833572388 
440701.0312500000 -93.6674652100 
442227.3750000000 -93.6567687988 
443759.0000000000 -93.6446228027 
445295.9375000000 -93.6234970093 
446838.2187500000 -93.5979156494 
448385.8125000000 -93.5808868408 
449938.2812500000 -93.5867767334 
451496.6250000000 -93.6228561401 
453060.3437500000 -93.6846694946 
454629.5000000000 -93.7576446533 
456204.0937500000 -93.8237915039 
457784.1562500000 -93.8694381714 
459369.6562500000 -93.8897171021 
460960.6562500000 -93.8880615234 
462556.6562500000 -93.8727188110 
464158.7187500000 -93.8531417847 
465766.3125000000 -93.8370361328 
467379.4687500000 -93.8275146484 
468998.2187500000 -93.8218231201 
470622.5625000000 -93.8137741089 
472252.5625000000 -93.7907409668 
473888.1875000000 -93.7695846558 
475528.9375000000 -93.7711944580 
477175.9062500000 -93.7903976440 
478828.5937500000 -93.8228607178 
480487.0000000000 -93.8573074341 
482151.1250000000 -93.8808212280 
483821.0312500000 -93.8870162964 
485496.7500000000 -93.8808212280 
487178.2187500000 -93.8741760254 
488865.0000000000 -93.8747406006 
490558.1875000000 -93.8723144531 
492257.1875000000 -93.8318634033 
493962.1250000000 -93.7760620117 
495672.9375000000 -93.7208328247 
497389.6562500000 -93.6894531250 
499112.3437500000 -93.6912689209 
500841.0000000000 -93.7169189453 
502575.6562500000 -93.7476043701 
504315.7500000000 -93.7735137939 
506062.4062500000 -93.7769012451 
507815.1250000000 -93.7684249878 
509573.9375000000 -93.7551269531 
511338.8125000000 -93.7444458008 
513109.8125000000 -93.7485122681 
514886.9375000000 -93.7981796265 
516670.2500000000 -93.8634109497 
518459.1250000000 -93.8788604736 
520254.7812500000 -93.8551406860 
522056.6562500000 -93.8031921387 
523864.7812500000 -93.7510833740 
525679.1875000000 -93.7334289551 
527499.8125000000 -93.7824325562 
529326.8125000000 -93.8285293579 
531160.1250000000 -93.8571777344 
532999.1875000000 -93.8626785278 
534845.1875000000 -93.8547439575 
536697.6250000000 -93.8620605469 
538556.4375000000 -93.8740310669 
540421.6875000000 -93.8728256226 
542293.4375000000 -93.8241806030 
544171.6250000000 -93.7509841919 
546056.3125000000 -93.7120056152 
547947.0000000000 -93.6882476807 
549844.7500000000 -93.6704864502 
551749.1250000000 -93.6234359741 
553660.0625000000 -93.5505447388 
555577.6875000000 -93.5052871704 
557501.8750000000 -93.4837722778 
559432.7500000000 -93.5105895996 
561370.3125000000 -93.5759735107 
563314.0000000000 -93.6264495850 
565265.0000000000 -93.6969680786 
567222.7500000000 -93.7546157837 
569187.3125000000 -93.7743759155 
571158.6875000000 -93.7758255005 
573136.8750000000 -93.7593460083 
575121.8750000000 -93.7505264282 
577113.8125000000 -93.7574996948 
579112.0000000000 -93.7801971436 
581117.6875000000 -93.8091735840 
583130.3750000000 -93.8295288086 
585150.0000000000 -93.8473587036 
587176.6875000000 -93.8429946899 
589210.3125000000 -93.8312988281 
591251.0000000000 -93.8313980103 
593298.8125000000 -93.8639373779 
595353.0000000000 -93.8990097046 
597415.0000000000 -93.9340744019 
599484.1250000000 -93.9342117310 
601560.3750000000 -93.9187088013 
603643.8750000000 -93.9050827026 
605734.5625000000 -93.9153671265 
607832.5000000000 -93.9445800781 
609937.6875000000 -93.9717559814 
612049.5000000000 -93.9830322266 
614169.3125000000 -93.9891433716 
616296.4375000000 -93.9854125977 
618431.0000000000 -93.9731445313 
620572.8750000000 -93.9310836792 
622722.1875000000 -93.8755340576 
624879.0000000000 -93.8509445190 
627043.2500000000 -93.8779602051 
629214.2500000000 -93.9367446899 
631393.5000000000 -93.9693069458 
633580.3125000000 -93.9559936523 
635774.6875000000 -93.8860397339 
637976.6875000000 -93.7796478271 
640186.2500000000 -93.6643295288 
642403.5625000000 -93.5956954956 
644628.5000000000 -93.6341629028 
646861.1250000000 -93.7363357544 
649100.7500000000 -93.8267517090 
651348.8750000000 -93.8593444824 
653604.8125000000 -93.8413696289 
655868.5625000000 -93.8278656006 
658140.1250000000 -93.8508605957 
660419.5625000000 -93.8975219727 
662706.8750000000 -93.9390258789 
665002.1250000000 -93.9463119507 
667304.6250000000 -93.9138412476 
669615.8125000000 -93.8928909302 
671935.0000000000 -93.9378585815 
674262.1875000000 -94.0304107666 
676597.5000000000 -94.1254196167 
678940.8125000000 -94.1877288818 
681292.3125000000 -94.1958236694 
683651.9375000000 -94.1485977173 
686019.0000000000 -94.0247497559 
688395.0000000000 -93.8657989502 
690779.1875000000 -93.7307357788 
693171.6875000000 -93.6721420288 
695572.4375000000 -93.7112808228 
697981.5625000000 -93.7563934326 
700398.9375000000 -93.7723236084 
702824.7500000000 -93.7660675049 
705258.1875000000 -93.7548065186 
707700.8125000000 -93.7400665283 
710151.9375000000 -93.7314300537 
712611.5000000000 -93.7352066040 
715079.5625000000 -93.7311172485 
717556.2500000000 -93.7082672119 
720041.4375000000 -93.6810150146 
722535.3125000000 -93.6418609619 
725036.9375000000 -93.6036376953 
727548.0625000000 -93.5887603760 
730067.9375000000 -93.6175537109 
732596.5000000000 -93.6835784912 
735133.8125000000 -93.7888031006 
737679.8750000000 -93.9286956787 
740234.8125000000 -93.9985351563 
742798.5625000000 -94.0034561157 
745370.4375000000 -93.9080581665 
747952.0000000000 -93.7997360229 
750542.4375000000 -93.7946777344 
753141.9375000000 -93.8482818604 
755750.4375000000 -93.9151458740 
758367.9375000000 -93.9421157837 
760994.5000000000 -93.9229812622 
763630.1875000000 -93.8088760376 
766274.1250000000 -93.6605682373 
768928.0625000000 -93.5982284546 
771591.1875000000 -93.6193389893 
774263.5625000000 -93.7243957520 
776945.1875000000 -93.8091278076 
779636.1250000000 -93.8177337646 
782336.3750000000 -93.7984619141 
785045.9375000000 -93.7872390747 
787764.0625000000 -93.8205718994 
790492.4375000000 -93.8580245972 
793230.2500000000 -93.8643493652 
795977.5625000000 -93.8274993896 
798734.4375000000 -93.7957992554 
801500.8125000000 -93.8037872314 
804276.7500000000 -93.8181610107 
807062.3125000000 -93.7945480347 
809857.5625000000 -93.7395248413 
812661.5625000000 -93.7093658447 
815476.1875000000 -93.7714157104 
818300.5625000000 -93.8620529175 
821134.6875000000 -93.9503097534 
823978.6875000000 -94.0115814209 
826832.5000000000 -94.0389938354 
829696.1875000000 -94.0133819580 
832569.8125000000 -93.9432449341 
835452.4375000000 -93.8607482910 
838346.0000000000 -93.7794189453 
841249.5625000000 -93.7264251709 
844163.1875000000 -93.7389297485 
847086.9375000000 -93.7927017212 
850020.7500000000 -93.8214569092 
852964.7500000000 -93.8195648193 
855919.0000000000 -93.8105545044 
858882.4375000000 -93.7937240601 
861857.1875000000 -93.7666931152 
864842.1875000000 -93.7210388184 
867837.5000000000 -93.6738739014 
870843.2500000000 -93.6880416870 
873859.3750000000 -93.7687301636 
876885.9375000000 -93.8554763794 
879923.0000000000 -93.9134445190 
882969.5625000000 -93.9474411011 
886027.6875000000 -93.9574050903 
889096.4375000000 -93.9072341919 
892175.7500000000 -93.8247909546 
895265.7500000000 -93.7779159546 
898366.5000000000 -93.7572860718 
901477.9375000000 -93.7515792847 
904600.1875000000 -93.8013229370 
907732.1875000000 -93.9060363770 
910876.1250000000 -93.9867248535 
914030.8750000000 -93.9580688477 
917196.5625000000 -93.8413619995 
920373.2500000000 -93.7890090942 
923560.9375000000 -93.8321838379 
926759.6250000000 -93.8921508789 
929969.4375000000 -93.8723068237 
933189.3125000000 -93.8040390015 
936421.3750000000 -93.7797851563 
939664.6250000000 -93.8213043213 
942919.0625000000 -93.8835906982 
946184.8750000000 -93.8464508057 
949461.9375000000 -93.7448043823 
952750.3125000000 -93.6910781860 
956050.1250000000 -93.7355041504 
959360.3125000000 -93.8029174805 
962683.0000000000 -93.7981567383 
966017.2500000000 -93.7754974365 
969363.0000000000 -93.8215332031 
972720.3125000000 -93.8696746826 
976089.3125000000 -93.8953781128 
979469.9375000000 -93.8943634033 
982862.3125000000 -93.8965759277 
986265.3125000000 -93.8817138672 
989681.1875000000 -93.8538284302 
993108.9375000000 -93.8360595703 
996548.5000000000 -93.8366470337 
1000000.0000000000 -93.7717132568 
1003463.4375000000 -93.8019027710 
1006938.8750000000 -93.8298034668 
1010426.3750000000 -93.8369293213 
1013925.9375000000 -93.8407974243 
1017436.5000000000 -93.8358154297 
1020960.3750000000 -93.8350524902 
1024496.4375000000 -93.8389663696 
1028044.6875000000 -93.8558807373 
1031605.3125000000 -93.8774948120 
1035178.1875000000 -93.9090957642 
1038763.5000000000 -93.9403152466 
1042361.2500000000 -93.9707260132 
1045970.2500000000 -93.9944381714 
1049592.8750000000 -94.0141830444 
1053228.1250000000 -94.0155334473 
1056875.8750000000 -94.0095214844 
1060536.3750000000 -93.9862365723 
1064209.5000000000 -93.9546432495 
1067895.3750000000 -93.9174575806 
1071594.0000000000 -93.8842239380 
1075304.1250000000 -93.8551635742 
1079028.5000000000 -93.8355789185 
1082765.6250000000 -93.8200683594 
1086515.7500000000 -93.8065948486 
1090278.8750000000 -93.7885513306 
1094055.0000000000 -93.7695617676 
1097844.1250000000 -93.7491455078 
1101646.5000000000 -93.7392807007 
1105460.7500000000 -93.7372894287 
1109289.5000000000 -93.7570877075 
1113131.5000000000 -93.7920227051 
1116986.7500000000 -93.8373260498 
1120855.3750000000 -93.8922576904 
1124737.3750000000 -93.9436187744 
1128632.8750000000 -93.9903488159 
1132541.8750000000 -94.0218353271 
1136463.1250000000 -94.0455474854 
1140399.2500000000 -94.0570297241 
1144348.8750000000 -94.0577011108 
1148312.3750000000 -94.0527954102 
1152289.5000000000 -94.0401535034 
1156280.3750000000 -94.0257568359 
1160285.1250000000 -94.0114669800 
1164303.6250000000 -94.0023727417 
1168334.8750000000 -93.9998855591 
1172381.3750000000 -94.0019378662 
1176441.8750000000 -94.0092620850 
1180516.3750000000 -94.0147247314 
1184605.1250000000 -94.0181808472 
1188707.8750000000 -94.0156860352 
1192824.8750000000 -94.0128707886 
1196956.2500000000 -94.0112228394 
1201100.5000000000 -94.0166397095 
1205260.5000000000 -94.0280303955 
1209434.8750000000 -94.0420379639 
1213623.6250000000 -94.0557403564 
1217827.0000000000 -94.0622863770 
1222044.8750000000 -94.0624542236 
1226277.3750000000 -94.0535507202 
1230524.5000000000 -94.0303344727 
1234785.0000000000 -93.9969024658 
1239061.6250000000 -93.9528808594 
1243353.1250000000 -93.8974075317 
1247659.3750000000 -93.8465652466 
1251980.6250000000 -93.8040313721 
1256316.7500000000 -93.7854080200 
1260668.0000000000 -93.7959976196 
1265034.2500000000 -93.8262100220 
1269415.6250000000 -93.8750305176 
1273810.7500000000 -93.9312591553 
1278222.6250000000 -93.9791641235 
1282649.6250000000 -94.0165023804 
1287092.0000000000 -94.0363693237 
1291549.8750000000 -94.0474929810 
1296023.0000000000 -94.0593185425 
1300511.7500000000 -94.0745620728 
1305016.0000000000 -94.0946807861 
1309534.5000000000 -94.1044845581 
1314070.0000000000 -94.0979080200 
1318621.1250000000 -94.0704498291 
1323188.1250000000 -94.0186920166 
1327771.0000000000 -93.9707031250 
1332369.6250000000 -93.9372024536 
1336984.2500000000 -93.9262237549 
1341614.8750000000 -93.9463195801 
1346260.0000000000 -93.9717407227 
1350922.6250000000 -93.9910583496 
1355601.5000000000 -93.9981155396 
1360296.6250000000 -93.9910354614 
1365007.8750000000 -93.9899139404 
1369735.6250000000 -94.0024261475 
1374479.6250000000 -94.0284805298 
1379240.0000000000 -94.0632095337 
1384015.5000000000 -94.0815353394 
1388808.8750000000 -94.0761642456 
1393619.0000000000 -94.0501785278 
1398445.7500000000 -94.0094146729 
1403289.1250000000 -93.9654159546 
1408149.3750000000 -93.9302978516 
1413026.5000000000 -93.9054946899 
1417920.3750000000 -93.8923492432 
1422829.7500000000 -93.8919296265 
1427757.6250000000 -93.9072952271 
1432702.6250000000 -93.9379730225 
1437664.7500000000 -93.9746551514 
1442644.0000000000 -94.0086059570 
1447640.6250000000 -94.0320434570 
1452654.3750000000 -94.0399246216 
1457685.6250000000 -94.0434570313 
1462732.6250000000 -94.0666732788 
1467798.7500000000 -94.1147537231 
1472882.3750000000 -94.1783828735 
1477983.6250000000 -94.2368087769 
1483102.6250000000 -94.2612304688 
1488239.2500000000 -94.2263488770 
1493393.6250000000 -94.1606597900 
1498566.0000000000 -94.0868530273 
1503754.5000000000 -94.0226821899 
1508962.7500000000 -93.9791107178 
1514189.0000000000 -93.9600296021 
1519433.2500000000 -93.9661788940 
1524695.7500000000 -93.9933624268 
1529976.5000000000 -94.0321121216 
1535275.5000000000 -94.0747299194 
1540592.8750000000 -94.1148452759 
1545926.8750000000 -94.1488265991 
1551281.1250000000 -94.1762847900 
1556654.0000000000 -94.1986923218 
1562045.3750000000 -94.2158584595 
1567455.3750000000 -94.2244110107 
1572884.2500000000 -94.2212295532 
1578331.8750000000 -94.2074279785 
1583798.3750000000 -94.1891708374 
1589283.7500000000 -94.1736755371 
1594786.3750000000 -94.1633300781 
1600309.8750000000 -94.1527404785 
1605852.5000000000 -94.1331176758 
1611414.2500000000 -94.1038360596 
1616995.3750000000 -94.0813674927 
1622595.7500000000 -94.0831069946 
1628215.5000000000 -94.1077575684 
1633854.7500000000 -94.1379013062 
1639511.7500000000 -94.1529693604 
1645190.1250000000 -94.1443710327 
1650888.1250000000 -94.1209182739 
1656605.8750000000 -94.1000823975 
1662343.5000000000 -94.0927810669 
1668101.0000000000 -94.0962982178 
1673878.3750000000 -94.1026153564 
1679675.7500000000 -94.1114273071 
1685491.3750000000 -94.1297912598 
1691329.0000000000 -94.1570739746 
1697186.8750000000 -94.1750564575 
1703065.0000000000 -94.1585311890 
1708963.5000000000 -94.0981750488 
1714882.3750000000 -94.0147018433 
1720821.7500000000 -93.9467315674 
1726781.7500000000 -93.9205169678 
1732760.5000000000 -93.9367294312 
1738761.8750000000 -93.9770889282 
1744784.0000000000 -94.0216751099 
1750826.8750000000 -94.0574951172 
1756890.8750000000 -94.0755920410 
1762975.7500000000 -94.0716552734 
1769081.7500000000 -94.0504302979 
1775208.8750000000 -94.0382995605 
1781355.2500000000 -94.0486450195 
1787524.8750000000 -94.0779724121 
1793715.8750000000 -94.1066436768 
1799928.3750000000 -94.1096496582 
1806162.3750000000 -94.0719757080 
1812417.8750000000 -94.0036926270 
1818695.1250000000 -93.9395751953 
1824994.1250000000 -93.9150314331 
1831312.8750000000 -93.9375305176 
1837655.5000000000 -93.9820632935 
1844020.1250000000 -94.0161132813 
1850406.8750000000 -94.0281219482 
1856815.6250000000 -94.0295791626 
1863246.6250000000 -94.0349502563 
1869699.8750000000 -94.0476684570 
1876175.5000000000 -94.0642089844 
1882671.5000000000 -94.0831604004 
1889192.0000000000 -94.1162490845 
1895735.2500000000 -94.1444396973 
1902301.0000000000 -94.1552886963 
1908889.5000000000 -94.1649169922 
1915500.8750000000 -94.1794967651 
1922135.1250000000 -94.2027740479 
1928792.3750000000 -94.2343597412 
1935470.5000000000 -94.2665100098 
1942173.8750000000 -94.2852020264 
1948900.5000000000 -94.2821731567 
1955650.5000000000 -94.2652893066 
1962423.7500000000 -94.2427749634 
1969220.5000000000 -94.2161026001 
1976040.8750000000 -94.1827850342 
1982884.7500000000 -94.1481857300 
1989750.2500000000 -94.1317443848 
1996641.6250000000 -94.1439437866 
2003556.8750000000 -94.1814727783 
2010496.1250000000 -94.2333831787 
2017459.3750000000 -94.3067245483 
2024446.7500000000 -94.3407516479 
2031458.3750000000 -94.3257369995 
2038494.2500000000 -94.2964782715 
2045554.5000000000 -94.2772827148 
2052636.8750000000 -94.2859420776 
2059746.1250000000 -94.3531799316 
2066879.8750000000 -94.4414215088 
2074038.5000000000 -94.4878463745 
2081221.7500000000 -94.5156326294 
2088430.0000000000 -94.5297775269 
2095663.2500000000 -94.5350189209 
2102921.5000000000 -94.5033493042 
2110202.5000000000 -94.4174804688 
2117511.0000000000 -94.3591995239 
2124845.0000000000 -94.3463668823 
2132204.2500000000 -94.3962631226 
2139589.0000000000 -94.5539245605 
2146999.5000000000 -94.6972732544 
2154435.5000000000 -94.7166900635 
2161897.2500000000 -94.6700897217 
2169382.5000000000 -94.5611877441 
2176896.0000000000 -94.4902572632 
2184435.7500000000 -94.4713973999 
2192001.2500000000 -94.4643936157 
2199593.2500000000 -94.4774017334 
2207211.5000000000 -94.5107727051 
2214856.0000000000 -94.5426177979 
2222527.0000000000 -94.5824508667 
2230222.2500000000 -94.6513214111 
2237946.5000000000 -94.7091522217 
2245697.5000000000 -94.7333984375 
2253475.5000000000 -94.7583999634 
2261280.2500000000 -94.8396301270 
2269112.0000000000 -94.9808883667 
2276971.0000000000 -95.0992965698 
2284857.2500000000 -95.2138290405 
2292768.2500000000 -95.3444824219 
2300709.0000000000 -95.4348983765 
2308677.5000000000 -95.4873580933 
2316673.5000000000 -95.5856399536 
2324697.2500000000 -95.7177581787 
2332748.7500000000 -95.8397369385 
2340828.0000000000 -96.0703582764 
2348935.2500000000 -96.2957153320 
2357068.2500000000 -96.4023590088 
2365231.7500000000 -96.5214080811 
2373423.7500000000 -96.6659011841 
2381644.0000000000 -96.7966461182 
2389892.7500000000 -97.0054244995 
2398170.0000000000 -97.1956405640 
2406475.7500000000 -97.3165740967 
2414810.5000000000 -97.5287704468 
2423171.5000000000 -97.7813262939 
2431564.0000000000 -98.0621261597 
2439985.7500000000 -98.3512878418 
2448436.5000000000 -98.5441055298 
2456916.5000000000 -98.8423309326 
2465426.0000000000 -99.1529846191 
2473964.7500000000 -99.4608078003 
2482533.2500000000 -99.7675552368 
2491128.7500000000 -99.9734954834 
2499756.5000000000 -100.3071899414 
2508414.2500000000 -100.6871032715 
2517102.2500000000 -101.1029205322 
2525820.0000000000 -101.5333251953 
2534568.0000000000 -101.8215484619 
2543346.5000000000 -102.2560272217 
2552155.2500000000 -102.7040023804 
2560994.5000000000 -103.1648254395 
2569861.5000000000 -103.6427917480 
2578762.2500000000 -104.1276092529 
2587693.5000000000 -104.6379852295 
2596656.0000000000 -105.1845092773 
2605649.2500000000 -105.7752227783 
2614673.7500000000 -106.3650054932 
2623729.7500000000 -106.9633560181 
2632816.7500000000 -107.6019287109 
2641932.5000000000 -108.3064422607 
2651082.7500000000 -108.9923934937 
2660264.7500000000 -109.6346130371 
2669478.5000000000 -110.2567520142 
2678724.0000000000 -110.9449386597 
2688001.7500000000 -111.6913757324 
2697311.5000000000 -112.4978256226 
2706653.5000000000 -113.3291778564 
2716024.7500000000 -114.1757965088 
2725431.7500000000 -114.9649429321 
2734871.0000000000 -115.7674865723 
2744343.2500000000 -116.6165924072 
2753848.0000000000 -117.5466918945 
2763386.0000000000 -118.4913253784 
2772956.7500000000 -119.7779006958 
2782560.7500000000 -120.7593383789 
2792195.0000000000 -121.7144317627 
2801865.5000000000 -122.6856689453 
2811569.7500000000 -123.6226348877 
2821307.5000000000 -124.8223342896 
2831079.0000000000 -125.6493530273 
2840884.2500000000 -126.3984069824 
2850723.5000000000 -127.0778656006 
2860597.0000000000 -127.5747909546 
2870501.2500000000 -128.0786743164 
2880443.2500000000 -128.3943634033 
2890419.5000000000 -128.6318817139 
2900430.2500000000 -128.8609313965 
2910475.7500000000 -128.9844970703 
2920556.0000000000 -129.0677032471 
2930671.2500000000 -129.1356353760 
2940821.5000000000 -129.2077941895 
2951003.7500000000 -129.3326568604 
2961224.2500000000 -129.4607696533 
2971480.5000000000 -129.5090789795 
2981772.0000000000 -129.4710388184 
2992099.2500000000 -129.3272857666 
3002462.2500000000 -129.5169830322 
3012861.0000000000 -129.5564727783 
3023296.0000000000 -129.6039123535 
3033763.7500000000 -129.6571197510 
3044271.0000000000 -129.7122497559 
3054814.7500000000 -129.7646942139 
3065395.0000000000 -129.8101959229 
3076011.7500000000 -129.8458099365 
3086665.5000000000 -129.8698577881 
3097356.0000000000 -129.8859252930 
3108083.5000000000 -129.8966369629 
3118844.7500000000 -129.9047698975 
3129646.7500000000 -129.9132232666 
3140486.2500000000 -129.9248199463 
3151363.0000000000 -129.9423065186 
3162277.7500000000 -129.9679870605 
3173230.0000000000 -130.0036010742 
3184220.5000000000 -130.0474700928 
3195248.7500000000 -130.0944824219 
3206315.5000000000 -130.1387329102 
3217416.7500000000 -130.1746978760 
3228560.2500000000 -130.1995086670 
3239742.2500000000 -130.2143096924 
3250962.7500000000 -130.2242889404 
3262222.5000000000 -130.2370910645 
3273521.0000000000 -130.2600708008 
3284858.7500000000 -130.2973327637 
3296235.5000000000 -130.3479156494 
3307648.2500000000 -130.4055633545 
3319104.2500000000 -130.4600677490 
3330599.7500000000 -130.5032043457 
3342135.2500000000 -130.5315093994 
3353710.5000000000 -130.5472259521 
3365326.0000000000 -130.5571441650 
3376981.5000000000 -130.5698852539 
3388677.5000000000 -130.5926513672 
3400410.5000000000 -130.6288757324 
3412187.5000000000 -130.6774444580 
3424005.5000000000 -130.7334442139 
3435864.5000000000 -130.7900390625 
3447764.2500000000 -130.8409729004 
3459705.5000000000 -130.8827362061 
3471688.0000000000 -130.9159088135 
3483712.0000000000 -130.9449768066 
3495774.0000000000 -130.9765930176 
3507881.5000000000 -131.0170440674 
3520030.7500000000 -131.0696563721 
3532222.2500000000 -131.1085205078 
3544456.0000000000 -131.1787719727 
3556732.0000000000 -131.2536468506 
3569050.5000000000 -131.3295288086 
3581411.7500000000 -131.4052124023 
3593812.0000000000 -131.4805297852 
3606259.0000000000 -131.5538787842 
3618749.0000000000 -131.6208343506 
3631282.5000000000 -131.6758117676 
3643859.2500000000 -131.7317199707 
3656479.5000000000 -131.7796325684 
3669143.5000000000 -131.8286285400 
3681851.5000000000 -131.9051361084 
3694599.2500000000 -132.0107727051 
3707395.5000000000 -132.1354370117 
3720235.7500000000 -132.2593688965 
3733120.7500000000 -132.3600311279 
3746050.2500000000 -132.4210968018 
3759024.5000000000 -132.4390258789 
3772043.7500000000 -132.4231262207 
3785108.0000000000 -132.3893737793 
3798213.2500000000 -132.3527679443 
3811368.2500000000 -132.3227233887 
3824568.7500000000 -132.3030090332 
3837815.0000000000 -132.2944641113 
3851107.0000000000 -132.3075408936 
3864445.2500000000 -132.3545989990 
3877829.5000000000 -132.4146423340 
3891260.2500000000 -132.4978942871 
3904733.2500000000 -132.6013793945 
3918257.0000000000 -132.7181091309 
3931827.7500000000 -132.8381958008 
3945445.5000000000 -132.9514465332 
3959110.2500000000 -133.0503082275 
3972822.5000000000 -133.1659851074 
3986582.2500000000 -133.2607421875 
4000389.5000000000 -133.3223419189 
4014244.7500000000 -133.3909606934 
4028143.5000000000 -133.4687805176 
4042094.7500000000 -133.5534210205 
4056094.2500000000 -133.6392822266 
4070142.5000000000 -133.7553100586 
4084239.2500000000 -133.8513793945 
4098384.7500000000 -133.9039306641 
4112579.2500000000 -133.9536895752 
4126823.0000000000 -134.0061187744 
4141111.5000000000 -134.0650329590 
4155454.0000000000 -134.1655273438 
4169846.2500000000 -134.2676391602 
4184288.5000000000 -134.3268737793 
4198780.5000000000 -134.3759155273 
4213323.0000000000 -134.4176940918 
4227915.5000000000 -134.4592285156 
4242558.5000000000 -134.5386047363 
4257248.0000000000 -134.6415710449 
4271992.5000000000 -134.7196807861 
4286788.5000000000 -134.7961120605 
4301635.5000000000 -134.8654785156 
4316534.0000000000 -134.9573822021 
4331484.0000000000 -135.0547943115 
4346486.0000000000 -135.1392211914 
4361540.0000000000 -135.2476959229 
4376641.0000000000 -135.4567871094 
4391799.5000000000 -135.6917724609 
4407010.0000000000 -135.8397827148 
4422273.5000000000 -135.9645385742 
4437590.0000000000 -136.0974578857 
4452959.5000000000 -136.1957550049 
4468382.0000000000 -136.2593841553 
4483858.0000000000 -136.3359069824 
4499383.0000000000 -136.4885406494 
4514966.0000000000 -136.6779785156 
4530603.5000000000 -136.8188323975 
4546295.0000000000 -137.0263214111 
4562041.0000000000 -137.2135772705 
4577841.5000000000 -137.3205108643 
4593696.5000000000 -137.4200134277 
4609606.5000000000 -137.5767822266 
4625566.5000000000 -137.7615203857 
4641587.0000000000 -137.9069366455 
4657663.0000000000 -138.1445159912 
4673794.5000000000 -138.3836364746 
4689982.0000000000 -138.5330047607 
4706225.5000000000 -138.7444458008 
4722525.5000000000 -138.9582366943 
4738881.5000000000 -139.1084289551 
4755289.5000000000 -139.3433990479 
4771759.0000000000 -139.5773162842 
4788286.0000000000 -139.7205810547 
4804870.0000000000 -139.9058074951 
4821511.5000000000 -140.0664672852 
4838210.5000000000 -140.2183685303 
4854967.5000000000 -140.3869934082 
4871782.5000000000 -140.5159454346 
4888650.0000000000 -140.7063140869 
4905581.5000000000 -140.8096771240 
4922572.0000000000 -140.7204895020 
4939621.0000000000 -140.1927642822 
4956729.5000000000 -139.3651580811 
4973896.5000000000 -138.5388793945 
4991123.5000000000 -138.0649871826 
5008410.0000000000 -138.0749053955 
5025756.5000000000 -138.6024780273 
5043157.5000000000 -139.5576019287 
5060624.0000000000 -140.6542663574 
5078151.5000000000 -141.5693664551 
5095739.5000000000 -142.0211791992 
5113388.0000000000 -142.2124938965 
5131098.0000000000 -142.2774810791 
5148869.5000000000 -142.3367767334 
5166702.5000000000 -142.3890686035 
5184591.5000000000 -142.4847259521 
5202548.0000000000 -142.5884094238 
5220566.5000000000 -142.6912231445 
5238648.0000000000 -142.7882537842 
5256791.5000000000 -142.8688964844 
5274998.5000000000 -142.9317932129 
5293268.0000000000 -142.9783935547 
5311601.0000000000 -143.0242004395 
5329991.5000000000 -143.0812225342 
5348452.0000000000 -143.1484375000 
5366976.0000000000 -143.2173919678 
5385564.5000000000 -143.2752380371 
5404217.0000000000 -143.3039093018 
5422934.0000000000 -143.2919464111 
5441716.5000000000 -143.2537994385 
5460563.5000000000 -143.2178039551 
5479470.0000000000 -143.2100372314 
5498447.5000000000 -143.2564239502 
5517491.5000000000 -143.3460845947 
5536601.0000000000 -143.4708709717 
5555776.5000000000 -143.6007690430 
5575019.0000000000 -143.7034912109 
5594327.5000000000 -143.7813568115 
5613703.5000000000 -143.8101348877 
5633140.0000000000 -143.8458251953 
5652650.0000000000 -143.9039306641 
5672228.0000000000 -143.9821777344 
5691873.5000000000 -144.0702362061 
5711587.0000000000 -144.1012115479 
5731368.5000000000 -144.1009521484 
5751219.0000000000 -144.0935058594 
5771138.0000000000 -144.0958862305 
5791120.0000000000 -144.1248168945 
5811177.0000000000 -144.1693725586 
5831304.0000000000 -144.2382659912 
5851500.0000000000 -144.3479766846 
5871766.5000000000 -144.4218292236 
5892103.0000000000 -144.4688415527 
5912510.5000000000 -144.5165557861 
5932988.0000000000 -144.5679779053 
5953530.0000000000 -144.6432647705 
5974150.0000000000 -144.7415466309 
5994841.0000000000 -144.7918548584 
6015604.0000000000 -144.8202362061 
6036438.5000000000 -144.8549194336 
6057345.5000000000 -144.8963165283 
6078325.0000000000 -144.9229125977 
6099377.0000000000 -144.9408569336 
6120495.0000000000 -144.9705200195 
6141693.0000000000 -145.0093383789 
6162964.5000000000 -145.0652770996 
6184310.0000000000 -145.1495971680 
6205729.0000000000 -145.2328033447 
6227222.0000000000 -145.2990875244 
6248790.0000000000 -145.3212585449 
6270432.0000000000 -145.3002471924 
6292142.5000000000 -145.2306671143 
6313935.0000000000 -145.1781158447 
6335803.0000000000 -145.1887359619 
6357747.0000000000 -145.2533721924 
6379767.0000000000 -145.3709564209 
6401863.0000000000 -145.4721984863 
6424035.5000000000 -145.5378265381 
6446284.5000000000 -145.5797729492 
6468611.0000000000 -145.6345520020 
6491007.5000000000 -145.7254638672 
6513489.0000000000 -145.7988128662 
6536048.0000000000 -145.8082733154 
6558685.5000000000 -145.7738037109 
6581401.0000000000 -145.7779998779 
6604195.5000000000 -145.8386230469 
6627069.0000000000 -145.9445953369 
6650021.5000000000 -146.0882415771 
6673046.0000000000 -146.1867523193 
6696158.0000000000 -146.2573089600 
6719350.0000000000 -146.3360290527 
6742622.0000000000 -146.4020843506 
6765974.5000000000 -146.4126739502 
6789408.5000000000 -146.3782043457 
6812923.0000000000 -146.3603210449 
6836519.5000000000 -146.4104461670 
6860190.0000000000 -146.4887542725 
6883950.0000000000 -146.5688629150 
6907792.0000000000 -146.6130981445 
6931717.0000000000 -146.5651397705 
6955724.5000000000 -146.4865417480 
6979815.5000000000 -146.4363555908 
7003989.5000000000 -146.4266662598 
7028247.5000000000 -146.4600372314 
7052582.0000000000 -146.5242614746 
7077008.0000000000 -146.5650787354 
7101519.0000000000 -146.5367736816 
7126115.0000000000 -146.4761047363 
7150796.0000000000 -146.4596252441 
7175562.5000000000 -146.5026702881 
7200414.5000000000 -146.5646362305 
7225353.0000000000 -146.6274414063 
7250369.5000000000 -146.6973876953 
7275481.0000000000 -146.7538146973 
7300679.0000000000 -146.7272796631 
7325965.0000000000 -146.6732330322 
7351338.0000000000 -146.6667785645 
7376799.0000000000 -146.7220001221 
7402348.0000000000 -146.7867736816 
7427986.0000000000 -146.8215332031 
7453704.0000000000 -146.8254547119 
7479519.5000000000 -146.8141326904 
7505424.5000000000 -146.8233032227 
7531419.5000000000 -146.8930053711 
7557504.0000000000 -146.9725646973 
7583679.0000000000 -147.0213470459 
7609945.0000000000 -147.0583038330 
7636301.5000000000 -147.0552520752 
7662741.0000000000 -146.9907379150 
7689280.5000000000 -146.8906860352 
7715912.0000000000 -146.7951507568 
7742636.0000000000 -146.7868957520 
7769452.0000000000 -146.8555450439 
7796361.5000000000 -146.9445495605 
7823363.5000000000 -146.9886779785 
7850459.5000000000 -146.9387969971 
7877640.5000000000 -146.8266906738 
7904924.5000000000 -146.7159423828 
7932302.5000000000 -146.6048431396 
7959776.0000000000 -146.5242919922 
7987344.0000000000 -146.5286865234 
8015008.0000000000 -146.5800628662 
8042767.5000000000 -146.6859436035 
8070623.5000000000 -146.8278503418 
8098575.5000000000 -146.9725952148 
8126615.5000000000 -147.1242980957 
8154762.0000000000 -147.2062072754 
8183005.5000000000 -147.1584930420 
8211347.0000000000 -147.1283874512 
8239786.5000000000 -147.1602172852 
8268325.0000000000 -147.1866455078 
8296961.5000000000 -147.1809082031 
8325698.0000000000 -147.1601562500 
8354524.5000000000 -147.1267852783 
8383460.0000000000 -147.0816802979 
8412496.0000000000 -146.9997711182 
8441632.0000000000 -146.9389953613 
8470869.0000000000 -146.9770050049 
8500208.0000000000 -147.0590209961 
8529648.0000000000 -147.0788574219 
8559190.0000000000 -147.0425415039 
8588825.0000000000 -146.9993591309 
8618572.0000000000 -146.9568939209 
8648422.0000000000 -146.9387512207 
8678375.0000000000 -146.9293060303 
8708432.0000000000 -146.8692169189 
8738593.0000000000 -146.8345794678 
8768859.0000000000 -146.9068298340 
8799230.0000000000 -147.0271606445 
8829696.0000000000 -147.0762939453 
8860277.0000000000 -147.0483093262 
8890964.0000000000 -147.0281982422 
8921758.0000000000 -147.0037536621 
8952658.0000000000 -146.9332580566 
8983665.0000000000 -146.8749694824 
9014779.0000000000 -146.8753204346 
9046002.0000000000 -146.8869323730 
9077322.0000000000 -146.8725280762 
9108761.0000000000 -146.8417968750 
9140309.0000000000 -146.8845214844 
9171966.0000000000 -147.0031738281 
9203732.0000000000 -147.0410766602 
9235609.0000000000 -146.9843597412 
9267596.0000000000 -146.9759521484 
9299694.0000000000 -147.0807189941 
9331893.0000000000 -147.1549224854 
9364214.0000000000 -147.1316680908 
9396646.0000000000 -147.0364379883 
9429191.0000000000 -146.9454345703 
9461849.0000000000 -146.8749389648 
9494619.0000000000 -146.8865661621 
9527503.0000000000 -147.0010528564 
9560501.0000000000 -147.1261901855 
9593603.0000000000 -147.1428527832 
9626830.0000000000 -147.1152648926 
9660172.0000000000 -147.1443481445 
9693630.0000000000 -147.0681762695 
9727203.0000000000 -146.8376770020 
9760893.0000000000 -146.7418670654 
9794699.0000000000 -146.8274993896 
9828623.0000000000 -146.9172668457 
9862653.0000000000 -146.8984375000 
9896812.0000000000 -146.8689422607 
9931089.0000000000 -146.5664978027 
9965485.0000000000 -145.7617187500 
10000000.0000000000 -145.1123962402 
%Trace 5 
%Trace Mode VIEW 
%Trace Result PN 
%Smoothing OFF 
%Smoothing Value 1.0000000000 %
%Spurious Removal OFF 
%Spurious Removal Threshold 6.0000000000 dB
%Trace Offset OFF 
%Trace Offset 0.0000000000 dB
%Trace Label OFF 
%Trace Label Trace 5 
%x-Unit Hz 
%y-Unit dBc/Hz 
%Values 4663 
1.0000000000 -86.0113601685 
1.0034632683 -86.0622940063 
1.0069385767 -86.0989532471 
1.0104259253 -86.1356124878 
1.0139254332 -86.1722717285 
1.0174369812 -86.2073440552 
1.0209606886 -86.2136535645 
1.0244965553 -86.2199707031 
1.0280447006 -86.2262802124 
1.0316051245 -86.2325973511 
1.0351779461 -86.2522811890 
1.0387630463 -86.2821426392 
1.0423606634 -86.3120040894 
1.0459706783 -86.3418655396 
1.0495932102 -86.3769149780 
1.0532282591 -86.4409332275 
1.0568759441 -86.5049438477 
1.0605362654 -86.5689544678 
1.0642092228 -86.6329650879 
1.0678949356 -86.6495971680 
1.0715934038 -86.6545562744 
1.0753046274 -86.6595153809 
1.0790288448 -86.6644744873 
1.0827658176 -86.5866546631 
1.0865157843 -86.4316177368 
1.0902787447 -86.2765731812 
1.0940546989 -86.1215362549 
1.0978437662 -85.9388504028 
1.1016459465 -85.6900329590 
1.1054613590 -85.4412155151 
1.1092898846 -85.1923980713 
1.1131316423 -84.9446411133 
1.1169868708 -84.7037506104 
1.1208553314 -84.4628753662 
1.1247371435 -84.2220001221 
1.1286325455 -83.9825897217 
1.1325412989 -83.7903213501 
1.1364636421 -83.5980453491 
1.1403995752 -83.4057769775 
1.1443492174 -83.2135009766 
1.1483124495 -83.0759201050 
1.1522893906 -82.9391860962 
1.1562801600 -82.8024444580 
1.1602846384 -82.6657104492 
1.1643031836 -82.5759124756 
1.1683354378 -82.4863433838 
1.1723817587 -82.3967742920 
1.1764421463 -82.3091888428 
1.1805164814 -82.2528381348 
1.1846050024 -82.1964797974 
1.1887077093 -82.1401214600 
1.1928246021 -82.0882186890 
1.1969556808 -82.0569229126 
1.2011011839 -82.0256195068 
1.2052608728 -81.9943237305 
1.2094351053 -81.9735107422 
1.2136237621 -81.9724807739 
1.2178269625 -81.9714508057 
1.2220447063 -81.9704132080 
1.2262769938 -81.9948806763 
1.2305239439 -82.0389328003 
1.2347856760 -82.0829849243 
1.2390621901 -82.1270370483 
1.2433534861 -82.2201385498 
1.2476595640 -82.3230590820 
1.2519805431 -82.4259719849 
1.2563166618 -82.5384140015 
1.2606676817 -82.7053604126 
1.2650337219 -82.8723068237 
1.2694149017 -83.0392456055 
1.2738113403 -83.2348556519 
1.2782229185 -83.4579544067 
1.2826498747 -83.6810531616 
1.2870920897 -83.9041519165 
1.2915496826 -84.1499557495 
1.2960226536 -84.3978042603 
1.3005112410 -84.6456680298 
1.3050153255 -84.8751525879 
1.3095350266 -85.0731048584 
1.3140703440 -85.2710647583 
1.3186213970 -85.4690246582 
1.3231881857 -85.5289688110 
1.3277708292 -85.5668716431 
1.3323693275 -85.6047668457 
1.3369836807 -85.5584487915 
1.3416141272 -85.3848800659 
1.3462605476 -85.2113113403 
1.3509230614 -85.0377426147 
1.3556017876 -84.7376403809 
1.3602966070 -84.4343414307 
1.3650077581 -84.1310348511 
1.3697352409 -83.8293609619 
1.3744791746 -83.5288238525 
1.3792393208 -83.2282943726 
1.3840161562 -82.9517440796 
1.3888094425 -82.7477264404 
1.3936192989 -82.5437088013 
1.3984458447 -82.3396987915 
1.4032890797 -82.2719726563 
1.4081491232 -82.2125091553 
1.4130259752 -82.1530532837 
1.4179197550 -82.2032623291 
1.4228304625 -82.3063888550 
1.4277582169 -82.4095077515 
1.4327028990 -82.5800704956 
1.4376648664 -82.8355255127 
1.4426438808 -83.0909729004 
1.4476402998 -83.3693847656 
1.4526538849 -83.7178802490 
1.4576849937 -84.0663833618 
1.4627333879 -84.4107513428 
1.4677993059 -84.7109680176 
1.4728827477 -85.0111846924 
1.4779838324 -85.3114013672 
1.4831025600 -85.3974304199 
1.4882389307 -85.4742202759 
1.4933931828 -85.5510101318 
1.4985653162 -85.4172592163 
1.5037553310 -85.2506790161 
1.5089633465 -85.0840988159 
1.5141893625 -84.8364639282 
1.5194333792 -84.5691299438 
1.5246957541 -84.3017807007 
1.5299762487 -84.0573043823 
1.5352749825 -83.8194427490 
1.5405921936 -83.5815811157 
1.5459277630 -83.4219131470 
1.5512818098 -83.2845153809 
1.5566543341 -83.1471252441 
1.5620455742 -83.1175842285 
1.5674554110 -83.1130599976 
1.5728839636 -83.1085357666 
1.5783313513 -83.2205657959 
1.5837976933 -83.3492126465 
1.5892828703 -83.4778518677 
1.5947870016 -83.6978912354 
1.6003103256 -83.9209289551 
1.6058527231 -84.1456298828 
1.6114143133 -84.3871002197 
1.6169950962 -84.6285705566 
1.6225953102 -84.8574829102 
1.6282148361 -85.0467529297 
1.6338539124 -85.2360229492 
1.6395124197 -85.4022140503 
1.6451905966 -85.5363464355 
1.6508884430 -85.6704788208 
1.6566059589 -85.8056869507 
1.6623432636 -85.9415359497 
1.6681005955 -86.0774002075 
1.6738777161 -86.2581939697 
1.6796748638 -86.4465332031 
1.6854921579 -86.6418609619 
1.6913294792 -86.8911361694 
1.6971870661 -87.1404113770 
1.7030650377 -87.4000396729 
1.7089632750 -87.6752548218 
1.7148818970 -87.9504699707 
1.7208211422 -88.1911468506 
1.7267808914 -88.4175643921 
1.7327612638 -88.6378250122 
1.7387623787 -88.7183990479 
1.7447843552 -88.7989807129 
1.7508270741 -88.8016510010 
1.7568907738 -88.6878128052 
1.7629753351 -88.5739746094 
1.7690811157 -88.3535461426 
1.7752079964 -88.1036148071 
1.7813560963 -87.8469161987 
1.7875255346 -87.5611419678 
1.7937163115 -87.2753753662 
1.7999285460 -87.0049591064 
1.8061622381 -86.7440261841 
1.8124175072 -86.4860610962 
1.8186944723 -86.2676010132 
1.8249932528 -86.0491485596 
1.8313137293 -85.8572006226 
1.8376561403 -85.6875076294 
1.8440206051 -85.5203704834 
1.8504070044 -85.4158554077 
1.8568155766 -85.3113403320 
1.8632462025 -85.2568283081 
1.8696992397 -85.2421569824 
1.8761746883 -85.2373046875 
1.8826724291 -85.3261032104 
1.8891928196 -85.4149017334 
1.8957357407 -85.5524215698 
1.9023011923 -85.7157211304 
1.9088895321 -85.8711318970 
1.9155006409 -86.0006408691 
1.9221346378 -86.1301574707 
1.9287915230 -86.1015090942 
1.9354715347 -86.0412139893 
1.9421746731 -85.8825683594 
1.9489010572 -85.6049728394 
1.9556506872 -85.3211212158 
1.9624238014 -84.9750823975 
1.9692202806 -84.6290512085 
1.9760403633 -84.3406906128 
1.9828839302 -84.0716247559 
1.9897513390 -83.8579635620 
1.9966424704 -83.7189254761 
2.0035574436 -83.5930633545 
2.0104963779 -83.5624923706 
2.0174593925 -83.5319213867 
2.0244464874 -83.5446243286 
2.0314579010 -83.5658950806 
2.0384933949 -83.5919876099 
2.0455532074 -83.6217880249 
2.0526378155 -83.6556549072 
2.0597467422 -83.6983642578 
2.0668802261 -83.7452163696 
2.0740385056 -83.8384780884 
2.0812215805 -83.9317474365 
2.0884294510 -84.0911560059 
2.0956623554 -84.2608489990 
2.1029202938 -84.4681243896 
2.1102032661 -84.6942520142 
2.1175117493 -84.9122924805 
2.1248455048 -85.1216506958 
2.1322045326 -85.2951354980 
2.1395888329 -85.3911590576 
2.1469991207 -85.4596481323 
2.1544346809 -85.3897781372 
2.1618962288 -85.3160629272 
2.1693835258 -85.1237106323 
2.1768968105 -84.9313583374 
2.1844360828 -84.7317504883 
2.1920015812 -84.5314407349 
2.1995930672 -84.4135360718 
2.2072110176 -84.3151016235 
2.2148551941 -84.3233413696 
2.2225260735 -84.3729782104 
2.2302234173 -84.4860229492 
2.2379472256 -84.6336517334 
2.2456979752 -84.7532272339 
2.2534756660 -84.8531723022 
2.2612800598 -84.8561477661 
2.2691116333 -84.7779312134 
2.2769701481 -84.6282348633 
2.2848560810 -84.4110870361 
2.2927691936 -84.1995010376 
2.3007099628 -83.9934997559 
2.3086779118 -83.8473052979 
2.3166735172 -83.7615966797 
2.3246970177 -83.7374954224 
2.3327481747 -83.7727661133 
2.3408272266 -83.7504730225 
2.3489341736 -83.6781158447 
2.3570692539 -83.2409973145 
2.3652327061 -82.5331115723 
2.3734242916 -81.3817214966 
2.3816442490 -79.9656066895 
2.3898925781 -78.4768447876 
2.3981695175 -76.9556350708 
2.4064753056 -75.6582870483 
2.4148097038 -74.4280090332 
2.4231729507 -73.5467224121 
2.4315650463 -72.7220153809 
2.4399862289 -72.3089752197 
2.4484367371 -71.9455490112 
2.4569165707 -71.9777908325 
2.4654254913 -72.0995635986 
2.4739642143 -72.5635986328 
2.4825322628 -73.1779785156 
2.4911301136 -74.0749893188 
2.4997575283 -75.1814346313 
2.5084149837 -76.4980773926 
2.5171024799 -78.0458984375 
2.5258200169 -79.7114105225 
2.5345678329 -81.4797439575 
2.5433456898 -83.2602691650 
2.5521540642 -84.7321853638 
2.5609929562 -86.0629119873 
2.5698626041 -86.8995895386 
2.5787627697 -87.5109481812 
2.5876939297 -87.8252029419 
2.5966558456 -87.9357833862 
2.6056489944 -87.9373397827 
2.6146731377 -87.7912139893 
2.6237285137 -87.6186294556 
2.6328153610 -87.3983383179 
2.6419336796 -87.1758422852 
2.6510834694 -86.9496841431 
2.6602649689 -86.7160415649 
2.6694786549 -86.4781570435 
2.6787238121 -86.2364501953 
2.6880011559 -86.0054473877 
2.6973104477 -85.8199462891 
2.7066521645 -85.7036895752 
2.7160260677 -85.6596984863 
2.7254326344 -85.7735214233 
2.7348716259 -85.9489746094 
2.7443432808 -86.2958831787 
2.7538478374 -86.6805801392 
2.7633852959 -87.1154632568 
2.7729558945 -87.4552993774 
2.7825593948 -87.7300949097 
2.7921962738 -87.7027893066 
2.8018665314 -87.5188598633 
2.8115704060 -87.1487274170 
2.8213076591 -86.6521606445 
2.8310787678 -86.1330566406 
2.8408837318 -85.6380920410 
2.8507225513 -85.2155914307 
2.8605954647 -84.8481597900 
2.8705027103 -84.6296386719 
2.8804440498 -84.4683609009 
2.8904199600 -84.3991317749 
2.9004304409 -84.4166336060 
2.9104754925 -84.4779586792 
2.9205553532 -84.6167831421 
2.9306702614 -84.8122863770 
2.9408199787 -85.0491027832 
2.9510049820 -85.3917846680 
2.9612252712 -85.7919921875 
2.9714810848 -86.2563934326 
2.9817721844 -86.8185501099 
2.9920992851 -87.3971252441 
3.0024619102 -87.9889831543 
3.0128602982 -88.4421615601 
3.0232946873 -88.7546081543 
3.0337653160 -88.8203201294 
3.0442721844 -88.6007461548 
3.0548155308 -88.2676162720 
3.0653953552 -87.8308334351 
3.0760118961 -87.4287567139 
3.0866649151 -87.0663375854 
3.0973551273 -86.7771377563 
3.1080822945 -86.5369186401 
3.1188464165 -86.3044357300 
3.1296479702 -86.0634231567 
3.1404869556 -85.7870712280 
3.1513633728 -85.5069198608 
3.1622776985 -85.2302932739 
3.1732296944 -85.0381011963 
3.1842195988 -84.9264907837 
3.1952474117 -84.9012756348 
3.2063136101 -85.0329055786 
3.2174181938 -85.2283172607 
3.2285611629 -85.4638061523 
3.2397425175 -85.6913757324 
3.2509627342 -85.8249969482 
3.2622220516 -85.8776397705 
3.2735199928 -85.8324890137 
3.2848572731 -85.7311096191 
3.2962338924 -85.6584396362 
3.3076496124 -85.6339874268 
3.3191051483 -85.7305374146 
3.3306002617 -85.9319686890 
3.3421351910 -86.1837005615 
3.3537099361 -86.4618148804 
3.3653249741 -86.6188888550 
3.3769800663 -86.6453475952 
3.3886756897 -86.5698089600 
3.4004118443 -86.4255523682 
3.4121885300 -86.3868255615 
3.4240059853 -86.5004196167 
3.4358644485 -86.7771530151 
3.4477639198 -87.2405471802 
3.4597046375 -87.7508392334 
3.4716866016 -88.1313247681 
3.4837102890 -88.3131484985 
3.4957754612 -88.1968383789 
3.5078823566 -87.8829498291 
3.5200312138 -87.5903167725 
3.5322222710 -87.3949661255 
3.5444555283 -87.3679504395 
3.5567314625 -87.5952453613 
3.5690495968 -87.8852005005 
3.5814104080 -88.0962219238 
3.5938138962 -88.0921707153 
3.6062602997 -87.6493606567 
3.6187500954 -86.9035263062 
3.6312828064 -86.1046218872 
3.6438591480 -85.3802490234 
3.6564791203 -84.8375778198 
3.6691424847 -84.6091384888 
3.6818499565 -84.6528701782 
3.6946012974 -84.9224777222 
3.7073969841 -85.3783111572 
3.7202367783 -85.9663772583 
3.7331211567 -86.5939407349 
3.7460501194 -87.1107025146 
3.7590239048 -87.4276046753 
3.7720425129 -87.4951019287 
3.7851064205 -87.3081436157 
3.7982153893 -86.9241333008 
3.8113698959 -86.5247192383 
3.8245697021 -86.2621612549 
3.8378155231 -86.2028350830 
3.8511071205 -86.3682327271 
3.8644447327 -86.7271957397 
3.8778283596 -87.1805267334 
3.8912587166 -87.4755325317 
3.9047353268 -87.4663009644 
3.9182586670 -87.1612854004 
3.9318287373 -86.6407012939 
3.9454460144 -86.0081253052 
3.9591102600 -85.3475646973 
3.9728219509 -84.7190628052 
3.9865810871 -84.1979675293 
4.0003876686 -83.8474273682 
4.0142426491 -83.7290649414 
4.0281448364 -83.8882064819 
4.0420956612 -84.3419570923 
4.0560946465 -85.0621566772 
4.0701422691 -85.9513778687 
4.0842385292 -86.7823181152 
4.0983834267 -87.1533966064 
4.1125774384 -86.9181747437 
4.1268205643 -86.2359924316 
4.1411132813 -85.3672027588 
4.1554551125 -84.5345382690 
4.1698470116 -83.8904266357 
4.1842885017 -83.5400085449 
4.1987800598 -83.5596694946 
4.2133216858 -83.9938964844 
4.2279138565 -84.8342742920 
4.2425560951 -85.9320220947 
4.2572493553 -86.8086853027 
4.2719936371 -87.0069274902 
4.2867889404 -86.6007156372 
4.3016357422 -86.0331497192 
4.3165335655 -85.6994552612 
4.3314828873 -85.8127441406 
4.3464841843 -86.4494705200 
4.3615374565 -87.5990371704 
4.3766427040 -89.1495056152 
4.3918004036 -90.8196487427 
4.4070110321 -92.1380538940 
4.4222736359 -92.6315917969 
4.4375896454 -92.1659011841 
4.4529581070 -91.0770187378 
4.4683809280 -89.9085311890 
4.4838562012 -88.9644927979 
4.4993853569 -88.2862014771 
4.5149679184 -87.7969665527 
4.5306048393 -87.4108886719 
4.5462956429 -87.0824127197 
4.5620408058 -86.7806472778 
4.5778408051 -86.4610519409 
4.5936951637 -86.1166763306 
4.6096048355 -85.8428497314 
4.6255693436 -85.7726287842 
4.6415891647 -85.9401397705 
4.6576642990 -86.1332931519 
4.6737952232 -85.9358596802 
4.6899819374 -85.1920776367 
4.7062249184 -84.2579727173 
4.7225241661 -83.5382995605 
4.7388796806 -83.2062835693 
4.7552919388 -83.2515792847 
4.7717609406 -83.5648880005 
4.7882871628 -84.0001602173 
4.8048706055 -84.3988494873 
4.8215112686 -84.5122528076 
4.8382096291 -83.9531250000 
4.8549661636 -82.6116256714 
4.8717803955 -80.2125167847 
4.8886528015 -78.7115631104 
4.9055838585 -78.5017242432 
4.9225735664 -78.9606781006 
4.9396219254 -80.0523605347 
4.9567294121 -81.6679153442 
4.9738960266 -83.5875778198 
4.9911222458 -85.4992675781 
5.0084080696 -87.1728973389 
5.0257534981 -88.6078109741 
5.0431594849 -89.8284454346 
5.0606255531 -90.5858917236 
5.0781521797 -90.2358779907 
5.0957393646 -89.1151733398 
5.1133875847 -88.2943878174 
5.1310968399 -87.4177932739 
5.1488671303 -86.4493331909 
5.1666994095 -85.5098419189 
5.1845936775 -84.7946853638 
5.2025494576 -84.4401931763 
5.2205672264 -84.6675872803 
5.2386479378 -85.4492111206 
5.2567911148 -86.0582580566 
5.2749967575 -86.5019683838 
5.2932658195 -86.6613769531 
5.3115983009 -86.5428314209 
5.3299937248 -86.2499771118 
5.3484535217 -85.7640380859 
5.3669767380 -85.4903488159 
5.3855643272 -85.5709304810 
5.4042162895 -85.9143524170 
5.4229326248 -86.5315856934 
5.4417138100 -87.3499526978 
5.4605603218 -88.3365402222 
5.4794721603 -88.3678054810 
5.4984493256 -87.8622741699 
5.5174922943 -87.4142837524 
5.5366010666 -87.2329559326 
5.5557761192 -87.3585739136 
5.5750174522 -87.4005889893 
5.5943255424 -87.2380752563 
5.6137003899 -87.1090621948 
5.6331429482 -87.2044525146 
5.6526522636 -87.3449325562 
5.6722292900 -87.2436981201 
5.6918740273 -87.0778808594 
5.7115869522 -87.0969161987 
5.7313680649 -87.9337463379 
5.7512173653 -89.4113235474 
5.7711358070 -89.7213134766 
5.7911229134 -89.0340499878 
5.8111796379 -87.4516220093 
5.8313055038 -86.7138748169 
5.8515009880 -87.1347579956 
5.8717665672 -89.0413360596 
5.8921022415 -91.8376388550 
5.9125084877 -94.8145828247 
5.9329853058 -97.2110519409 
5.9535331726 -89.7404403687 
5.9741520882 -87.3628005981 
5.9948425293 -86.8571090698 
6.0156044960 -86.9227600098 
6.0364384651 -86.8713226318 
6.0573449135 -86.4398574829 
6.0783233643 -86.2285156250 
6.0993742943 -87.2865600586 
6.1204986572 -88.6263275146 
6.1416954994 -89.3065109253 
6.1629662514 -89.8305435181 
6.1843104362 -90.7225875854 
6.2057290077 -93.3672790527 
6.2272214890 -95.8883666992 
6.2487878799 -94.6930847168 
6.2704296112 -95.1790695190 
6.2921462059 -90.7387008667 
6.3139376640 -88.9499206543 
6.3358049393 -88.2080535889 
6.3577480316 -88.1685562134 
6.3797669411 -87.7098541260 
6.4018621445 -86.6600265503 
6.4240336418 -85.8089218140 
6.4462819099 -84.9538421631 
6.4686074257 -84.7390518188 
6.4910101891 -85.1476821899 
6.5134906769 -85.8034667969 
6.5360488892 -86.3532104492 
6.5586853027 -87.3200454712 
6.5814003944 -88.2283782959 
6.6041936874 -87.8466720581 
6.6270661354 -86.6111831665 
6.6500177383 -85.7750473022 
6.6730489731 -85.3102340698 
6.6961598396 -84.9028320313 
6.7193508148 -84.6112518311 
6.7426218987 -84.6665191650 
6.7659740448 -85.2464447021 
6.7894062996 -86.0151672363 
6.8129205704 -86.2258682251 
6.8365159035 -85.9771270752 
6.8601927757 -85.8975906372 
6.8839516640 -86.2142410278 
6.9077930450 -87.0997543335 
6.9317169189 -88.7994918823 
6.9557237625 -91.3552093506 
6.9798135757 -97.3633575439 
7.0039868355 -92.5632934570 
7.0282440186 -89.8783569336 
7.0525846481 -89.1935272217 
7.0770101547 -88.0588989258 
7.1015210152 -86.8431015015 
7.1261157990 -85.9917755127 
7.1507959366 -85.6133270264 
7.1755614281 -85.4771881104 
7.2004127502 -85.3332901001 
7.2253499031 -85.5823898315 
7.2503733635 -86.3001022339 
7.2754840851 -85.7807846069 
7.3006811142 -81.5111312866 
7.3259658813 -78.5578613281 
7.3513379097 -77.0691146851 
7.3767981529 -77.0332412720 
7.4023461342 -78.6007537842 
7.4279828072 -82.1297912598 
7.4537081718 -84.8135986328 
7.4795227051 -86.4516067505 
7.5054268837 -87.6565322876 
7.5314202309 -87.7915725708 
7.5575041771 -87.4036407471 
7.5836782455 -86.7093734741 
7.6099429131 -85.9740753174 
7.6362986565 -85.5187988281 
7.6627454758 -85.5805740356 
7.6892838478 -85.9671249390 
7.7159142494 -86.4015884399 
7.7426371574 -86.0029449463 
7.7694520950 -85.1728668213 
7.7963600159 -84.6255493164 
7.8233613968 -84.8916702271 
7.8504562378 -85.5270996094 
7.8776450157 -86.5456619263 
7.9049277306 -87.8780822754 
7.9323048592 -87.7570419312 
7.9597768784 -86.0294189453 
7.9873442650 -83.8794250488 
8.0150070190 -83.2512817383 
8.0427656174 -83.6114883423 
8.0706205368 -84.1184387207 
8.0985708237 -84.6395645142 
8.1266193390 -85.3638534546 
8.1547641754 -85.6832733154 
8.1830062866 -85.3039855957 
8.2113466263 -85.0364456177 
8.2397851944 -86.0993881226 
8.2683229446 -87.8062286377 
8.2969579697 -88.3315124512 
8.3256931305 -88.0396575928 
8.3545274734 -87.5630722046 
8.3834619522 -87.0213623047 
8.4124965668 -86.8894271851 
8.4416322708 -87.8111419678 
8.4708681107 -88.3546676636 
8.5002050400 -87.4728088379 
8.5296440125 -85.8758621216 
8.5591850281 -85.2184600830 
8.5888280869 -85.6123580933 
8.6185741425 -86.1830291748 
8.6484231949 -85.7669296265 
8.6783752441 -85.3692779541 
8.7084312439 -85.8748626709 
8.7385911942 -87.9491424561 
8.7688560486 -89.1696014404 
8.7992248535 -87.1702728271 
8.8296995163 -86.3656997681 
8.8602790833 -88.0981674194 
8.8909654617 -90.9890060425 
8.9217586517 -89.9956359863 
8.9526576996 -85.7378540039 
8.9836635590 -82.7294158936 
9.0147771835 -81.9430007935 
9.0459976196 -83.1978759766 
9.0773267746 -85.3229598999 
9.1087646484 -86.0005874634 
9.1403112411 -85.4946365356 
9.1719665527 -85.5877685547 
9.2037324905 -86.5867919922 
9.2356081009 -87.9649429321 
9.2675933838 -89.4847183228 
9.2996902466 -90.6871109009 
9.3318977356 -89.6454925537 
9.3642177582 -86.7291183472 
9.3966484070 -84.4457092285 
9.4291925430 -84.0052413940 
9.4618482590 -85.3549880981 
9.4946174622 -87.0268478394 
9.5275011063 -87.1755676270 
9.5604972839 -86.6016769409 
9.5936088562 -85.9424819946 
9.6268339157 -85.2782897949 
9.6601753235 -85.4388351440 
9.6936311722 -86.8784637451 
9.7272033691 -86.1835174561 
9.7608919144 -79.9875106812 
9.7946968079 -76.8757781982 
9.8286190033 -76.7606201172 
9.8626585007 -79.6492233276 
9.8968162537 -85.1339950562 
9.9310922623 -88.9491577148 
9.9654865265 -87.6307449341 
10.0000000000 -83.9510803223 
10.0346345901 -84.6399536133 
10.0693864822 -85.0425109863 
10.1042613983 -85.3169250488 
10.1392536163 -85.3245239258 
10.1743707657 -85.2895965576 
10.2096061707 -85.2330703735 
10.2449674606 -85.2074127197 
10.2804470062 -85.2741928101 
10.3160533905 -85.4136581421 
10.3517789841 -85.6386489868 
10.3876323700 -85.9535827637 
10.4236068726 -86.3109207153 
10.4597082138 -86.6870422363 
10.4959316254 -87.0379714966 
10.5322837830 -87.2381668091 
10.5687589645 -87.3255691528 
10.6053638458 -87.2467956543 
10.6420917511 -87.0804367065 
10.6789503098 -86.8703613281 
10.7159337997 -86.7252044678 
10.7530479431 -86.6142425537 
10.7902870178 -86.6076507568 
10.8276586533 -86.6452865601 
10.8651571274 -86.7241821289 
10.9027881622 -86.8210296631 
10.9405460358 -86.9229965210 
10.9784383774 -87.0327682495 
11.0164585114 -87.1482543945 
11.0546140671 -87.2705535889 
11.0928983688 -87.3621749878 
11.1313180923 -87.4296264648 
11.1698675156 -87.3924865723 
11.2085533142 -87.3002166748 
11.2473707199 -87.1494064331 
11.2863254547 -87.0007858276 
11.3254127502 -86.8764038086 
11.3646373749 -86.8382110596 
11.4039955139 -86.8750457764 
11.4434919357 -86.9626998901 
11.4831228256 -87.1021423340 
11.5228948593 -87.2232894897 
11.5628004074 -87.3135604858 
11.6028470993 -87.3356475830 
11.6430301666 -87.3348312378 
11.6833553314 -87.3158798218 
11.7238168716 -87.3247451782 
11.7644214630 -87.3500823975 
11.8051643372 -87.3750305176 
11.8460512161 -87.3225479126 
11.8870754242 -87.1928405762 
11.9282464981 -86.7615203857 
11.9695558548 -86.1431884766 
12.0110120773 -85.2756729126 
12.0526084900 -84.1209182739 
12.0943517685 -82.9301071167 
12.1362361908 -81.7506103516 
12.1782703400 -80.8735427856 
12.2204456329 -80.2364349365 
12.2627706528 -79.9796218872 
12.3052387238 -80.2297821045 
12.3478574753 -80.7806625366 
12.3906202316 -81.7254867554 
12.4335346222 -82.9643783569 
12.4765939713 -84.2000122070 
12.5198059082 -85.3224258423 
12.5631647110 -85.8532714844 
12.6066761017 -86.0901184082 
12.6503391266 -86.0270614624 
12.6941490173 -85.8697357178 
12.7381153107 -85.7733154297 
12.7822294235 -85.7507858276 
12.8264999390 -85.8894271851 
12.8709201813 -86.0703125000 
12.9154977798 -86.2534179688 
12.9602270126 -86.3492431641 
13.0051136017 -86.3279113770 
13.0501527786 -86.2701950073 
13.0953512192 -86.2058715820 
13.1407032013 -86.2369918823 
13.1862154007 -86.3012161255 
13.2318820953 -86.3744888306 
13.2777099609 -86.3780593872 
13.3236923218 -86.2771682739 
13.3698387146 -86.1374893188 
13.4161405563 -85.9871902466 
13.4626073837 -85.9634399414 
13.5092306137 -86.0513610840 
13.5560188293 -86.2085494995 
13.6029663086 -86.3916549683 
13.6500797272 -86.4300613403 
13.6973524094 -86.3776397705 
13.7447919846 -86.2906875610 
13.7923927307 -86.2688293457 
13.8401622772 -86.4749603271 
13.8880929947 -86.8158111572 
13.9361934662 -87.2149353027 
13.9844570160 -87.5505142212 
14.0328922272 -87.5197677612 
14.0814905167 -87.2497711182 
14.1302604675 -86.8497772217 
14.1791963577 -86.4495849609 
14.2283058167 -86.2870788574 
14.2775802612 -86.3053436279 
14.3270301819 -86.3129959106 
14.3766469955 -86.0498199463 
14.4264402390 -84.8744277954 
14.4764013290 -82.6989822388 
14.5265398026 -80.3618392944 
14.5768480301 -78.2207794189 
14.6273345947 -76.5549850464 
14.6779909134 -75.6383056641 
14.7288274765 -75.4444351196 
14.7798366547 -75.9119186401 
14.8310260773 -77.0428009033 
14.8823881149 -78.8225173950 
14.9339323044 -81.2705383301 
14.9856519699 -83.9220123291 
15.0375537872 -86.0955657959 
15.0896310806 -87.4789581299 
15.1418933868 -88.0336990356 
15.1943330765 -88.0900878906 
15.2469577789 -87.8623657227 
15.2997608185 -87.4791030884 
15.3527507782 -87.0148468018 
15.4059200287 -86.5497283936 
15.4592771530 -86.1589813232 
15.5128154755 -85.9004592896 
15.5665435791 -85.8419036865 
15.6204538345 -85.9428787231 
15.6745538712 -86.1631927490 
15.7288379669 -86.4263229370 
15.7833137512 -86.6354141235 
15.8379745483 -86.7052459717 
15.8928289413 -86.6248168945 
15.9478731155 -86.5430374146 
16.0031032562 -86.5873031616 
16.0585289001 -86.7486877441 
16.1141433716 -86.9205474854 
16.1699523926 -86.9681396484 
16.2259521484 -86.8208923340 
16.2821502686 -86.5481033325 
16.3385391235 -86.3372192383 
16.3951263428 -86.3832855225 
16.4519062042 -86.6978607178 
16.5088863373 -87.2062835693 
16.5660591125 -87.7649688721 
16.6234340668 -88.2309036255 
16.6810054779 -88.5293350220 
16.7387790680 -88.6229171753 
16.7967472076 -88.3325195313 
16.8549232483 -87.1653060913 
16.9132938385 -84.7077941895 
16.9718723297 -81.6932601929 
17.0306491852 -79.1162490845 
17.0896339417 -77.3149642944 
17.1488189697 -76.4010238647 
17.2082138062 -76.4090347290 
17.2678089142 -77.3420104980 
17.3276138306 -79.1599426270 
17.3876228333 -81.6879119873 
17.4478435516 -84.4044570923 
17.5082683563 -86.4376068115 
17.5689086914 -87.2653121948 
17.6297531128 -87.2959060669 
17.6908130646 -87.1655426025 
17.7520790100 -87.0520629883 
17.8135623932 -86.8733291626 
17.8752536774 -86.5687103271 
17.9371643066 -86.2252960205 
17.9992828369 -86.0001983643 
18.0616226196 -85.9823989868 
18.1241741180 -86.1524734497 
18.1869468689 -86.4463424683 
18.2499313354 -86.8464508057 
18.3131389618 -87.3771133423 
18.3765602112 -87.9800796509 
18.4402065277 -88.4312286377 
18.5040683746 -88.5217971802 
18.5681571960 -88.2505722046 
18.6324615479 -87.8537826538 
18.6969947815 -87.5199737549 
18.7617454529 -87.2791137695 
18.8267250061 -87.0886459351 
18.8919258118 -86.9691009521 
18.9573574066 -87.0035629272 
19.0230102539 -87.2033462524 
19.0888957977 -87.4393692017 
19.1550025940 -87.5528869629 
19.2213459015 -87.4857101440 
19.2879123688 -87.0179367065 
19.3547153473 -85.3034820557 
19.4217453003 -80.1768875122 
19.4890098572 -76.3174972534 
19.5565052032 -74.8708114624 
19.6242370605 -74.5418319702 
19.6921997070 -75.3323669434 
19.7604026794 -77.2130050659 
19.8288364410 -80.0185852051 
19.8975124359 -83.1057815552 
19.9664268494 -85.2167282104 
20.0355739594 -86.0643615723 
20.1049671173 -86.5448455811 
20.1745929718 -87.0357131958 
20.2444667816 -87.4785461426 
20.3145771027 -87.9675064087 
20.3849372864 -88.1973724365 
20.4555339813 -87.9771270752 
20.5263805389 -87.4978942871 
20.5974674225 -86.9879760742 
20.6688041687 -86.6334686279 
20.7403850555 -86.5037002563 
20.8122177124 -86.6028213501 
20.8842945099 -87.0706558228 
20.9566268921 -87.4781112671 
21.0292034149 -87.4081954956 
21.1020374298 -87.1471710205 
21.1751174927 -86.9493713379 
21.2484550476 -86.9569244385 
21.3220424652 -87.0970230103 
21.3958911896 -87.1763000488 
21.4699878693 -87.1238098145 
21.5443496704 -87.1880340576 
21.6189613342 -87.3617477417 
21.6938362122 -87.4871978760 
21.7689666748 -87.0467300415 
21.8443622589 -83.5902252197 
21.9200134277 -79.6431579590 
21.9959316254 -77.6856994629 
22.0721073151 -76.7290420532 
22.1485538483 -76.8156280518 
22.2252578735 -78.8164978027 
22.3022346497 -82.5088653564 
22.3794708252 -84.8002929688 
22.4569816589 -86.0287704468 
22.5347537994 -86.4545898438 
22.6128025055 -86.4419174194 
22.6911144257 -86.3452835083 
22.7697048187 -86.3090209961 
22.8485603333 -86.3837509155 
22.9276943207 -86.6767196655 
23.0070972443 -87.1044082642 
23.0867805481 -87.2971496582 
23.1667346954 -87.0189208984 
23.2469711304 -86.5826873779 
23.3274803162 -86.6003494263 
23.4082736969 -86.8939514160 
23.4893398285 -87.3272552490 
23.5706958771 -87.4137802124 
23.6523246765 -87.4740905762 
23.7342433929 -87.6664581299 
23.8164386749 -87.2922286987 
23.8989257813 -85.6088867188 
23.9816932678 -84.1762008667 
24.0647525787 -82.4928207397 
24.1480922699 -81.0749511719 
24.2317276001 -79.4875259399 
24.3156471252 -75.1429138184 
24.3998641968 -71.4171600342 
24.4843635559 -69.8556900024 
24.5691642761 -69.6474227905 
24.6542530060 -71.6942062378 
24.7396411896 -74.5572052002 
24.8253192902 -80.0521545410 
24.9113006592 -85.7731628418 
24.9975719452 -87.0576324463 
25.0841503143 -87.7388916016 
25.1710281372 -88.1311264038 
25.2581996918 -88.2620773315 
25.3456802368 -88.3313674927 
25.4334583282 -88.2205810547 
25.5215454102 -87.9667968750 
25.6099300385 -87.8778076172 
25.6986293793 -88.0396270752 
25.7876281738 -88.3635101318 
25.8769435883 -88.1156768799 
25.9665584564 -87.1465911865 
26.0564937592 -86.4683227539 
26.1467323303 -86.3019943237 
26.2372894287 -86.1012802124 
26.3281536102 -85.9017181396 
26.4193401337 -86.0284500122 
26.5108356476 -86.3867416382 
26.6026535034 -86.4729843140 
26.6947841644 -85.3903732300 
26.7872409821 -81.6989364624 
26.8800086975 -78.4969558716 
26.9731063843 -77.3399581909 
27.0665187836 -77.7008209229 
27.1602630615 -80.2621459961 
27.2543239594 -84.4232330322 
27.3487186432 -87.6540069580 
27.4434318542 -87.4630966187 
27.5384807587 -87.3528747559 
27.6338520050 -87.5676956177 
27.7295608521 -87.3987197876 
27.8255920410 -86.8704071045 
27.9219646454 -86.4652328491 
28.0186634064 -86.3782119751 
28.1157054901 -86.6352539063 
28.2130756378 -87.0107269287 
28.3107891083 -86.7008361816 
28.4088344574 -86.0652999878 
28.5072269440 -85.7128677368 
28.6059532166 -85.7211990356 
28.7050285339 -86.0488891602 
28.8044395447 -86.5647735596 
28.9042015076 -87.0665283203 
29.0043029785 -87.2654190063 
29.1047573090 -85.0714950562 
29.2055530548 -76.7682342529 
29.3067054749 -71.9481506348 
29.4081993103 -69.5137329102 
29.5100536346 -69.4568557739 
29.6122512817 -72.1017913818 
29.7148113251 -79.2474975586 
29.8177204132 -85.9904098511 
29.9209918976 -87.3324813843 
30.0246143341 -78.9262466431 
30.1286029816 -80.7985229492 
30.2329425812 -82.7554931641 
30.3376541138 -84.4944381714 
30.4427185059 -85.7664184570 
30.5481548309 -86.4017105103 
30.6539497375 -86.3234024048 
30.7601184845 -85.3875885010 
30.8666458130 -83.5451049805 
30.9735507965 -81.1372070313 
31.0808181763 -78.5018081665 
31.1884651184 -75.9304809570 
31.2964763641 -73.6150741577 
31.4048690796 -71.6543502808 
31.5136299133 -70.1323699951 
31.6227760315 -68.9874725342 
31.7322998047 -68.2200088501 
31.8421955109 -67.8304061890 
31.9524784088 -67.8204879761 
32.0631370544 -68.1942749023 
32.1741867065 -68.9584045410 
32.2856101990 -70.1737670898 
32.3974304199 -71.8145980835 
32.5096282959 -73.8694305420 
32.6222229004 -76.3200607300 
32.7351989746 -79.0847015381 
32.8485755920 -81.9414138794 
32.9623374939 -84.4379196167 
33.0764999390 -85.8737640381 
33.1910514832 -85.5037460327 
33.3060073853 -83.1065216064 
33.4213523865 -79.8562850952 
33.5371055603 -76.5811233521 
33.6532516479 -73.6234970093 
33.7698059082 -71.1053924561 
33.8867568970 -69.0569305420 
34.0041236877 -67.4771499634 
34.1218833923 -66.3587188721 
34.2400627136 -65.6951217651 
34.3586425781 -65.4838943481 
34.4776420593 -65.7271118164 
34.5970458984 -66.4317474365 
34.7168693542 -67.6098937988 
34.8371009827 -69.2950210571 
34.9577598572 -71.5019226074 
35.0788230896 -74.2229156494 
35.2003173828 -77.4109573364 
35.3222236633 -80.8310317993 
35.4445610046 -83.7616806030 
35.5673103333 -84.8901824951 
35.6904945374 -83.4751281738 
35.8140983582 -80.3136291504 
35.9381370544 -76.6651077271 
36.0625991821 -73.2663879395 
36.1875000000 -70.3657913208 
36.3128242493 -68.0166320801 
36.4385910034 -66.2168045044 
36.5647850037 -64.9542770386 
36.6914253235 -64.2187347412 
36.8184928894 -64.0154190063 
36.9460144043 -64.5603408813 
37.0739631653 -65.6358566284 
37.2023696899 -67.2552871704 
37.3312072754 -69.4369430542 
37.4605026245 -72.1982040405 
37.5902328491 -75.5342712402 
37.7204246521 -79.3440093994 
37.8510589600 -83.1765594482 
37.9821548462 -85.5824050903 
38.1136932373 -84.5746078491 
38.2456970215 -81.1152572632 
38.3781509399 -77.2592773438 
38.5110702515 -73.7934646606 
38.6444396973 -70.8951110840 
38.7782859802 -68.5823898315 
38.9125823975 -66.8386535645 
39.0473518372 -65.6439437866 
39.1825790405 -64.9828948975 
39.3182868958 -64.8466491699 
39.4544525146 -65.2332153320 
39.5911026001 -66.1474914551 
39.7282142639 -67.6010971069 
39.8658103943 -70.7144775391 
40.0038833618 -75.3609771729 
40.1424255371 -79.0320663452 
40.2814559937 -82.8742141724 
40.4209594727 -85.9201507568 
40.5609550476 -86.8127517700 
40.7014236450 -85.2919235229 
40.8423919678 -82.3739624023 
40.9838371277 -79.1709747314 
41.1257820129 -76.2625808716 
41.2682075500 -72.8030929565 
41.4111366272 -70.6201171875 
41.5545539856 -69.8054733276 
41.6984748840 -69.5117568970 
41.8428840637 -69.7353286743 
41.9878044128 -70.4773635864 
42.1332168579 -71.7427368164 
42.2791442871 -74.5409698486 
42.4255638123 -78.6325378418 
42.5725021362 -81.6911773682 
42.7199363708 -84.5309219360 
42.8678970337 -86.3901443481 
43.0163574219 -86.8697509766 
43.1653404236 -84.9528503418 
43.3148307800 -81.4184036255 
43.4648475647 -78.6845779419 
43.6153755188 -76.2534713745 
43.7664337158 -74.2784194946 
43.9180068970 -72.8077239990 
44.0701141357 -71.6252441406 
44.2227363586 -71.4811782837 
44.3759002686 -72.0663986206 
44.5295829773 -73.1689910889 
44.6838073730 -75.7253646851 
44.8385581970 -79.4898605347 
44.9938507080 -82.3056945801 
45.1496734619 -84.8945236206 
45.3060493469 -86.6102218628 
45.4629516602 -86.9825668335 
45.6204109192 -85.3425445557 
45.7784004211 -83.0384979248 
45.9369544983 -80.4024963379 
46.0960426331 -76.7475357056 
46.2556915283 -74.2148895264 
46.4158859253 -73.1093444824 
46.5766448975 -72.5137786865 
46.7379455566 -72.6326370239 
46.8998222351 -73.7775115967 
47.0622444153 -75.2108078003 
47.2252426147 -78.1387481689 
47.3887901306 -81.9971389771 
47.5529212952 -84.3023757935 
47.7176055908 -85.8072586060 
47.8828735352 -86.2131118774 
48.0486984253 -85.3003616333 
48.2151145935 -83.9943542480 
48.3820915222 -81.4235382080 
48.5496597290 -79.1103439331 
48.7177963257 -77.8629608154 
48.8865280151 -76.7474899292 
49.0558319092 -76.4786071777 
49.2257347107 -76.8620910645 
49.3962097168 -78.1714630127 
49.5672912598 -80.0739898682 
49.7389526367 -81.3226776123 
49.9112205505 -82.5456542969 
50.0840721130 -83.2365951538 
50.2575378418 -83.6255264282 
50.4316024780 -84.1789627075 
50.6062545776 -83.9837799072 
50.7815284729 -81.7126922607 
50.9573936462 -78.8860702515 
51.1338806152 -77.1453933716 
51.3109664917 -75.3566284180 
51.4886817932 -74.5627975464 
51.6669960022 -74.9624176025 
51.8459396362 -76.3601074219 
52.0254936218 -77.9132537842 
52.2056808472 -80.8495330811 
52.3864784241 -84.2992782593 
52.5679168701 -86.4662933350 
52.7499694824 -87.3035125732 
52.9326667786 -87.2871398926 
53.1159820557 -86.7933425903 
53.2999458313 -85.7482986450 
53.4845352173 -84.0675735474 
53.6697731018 -82.4911499023 
53.8556442261 -81.5023956299 
54.0421676636 -81.2672882080 
54.2293281555 -81.9902648926 
54.4171485901 -83.4273223877 
54.6056022644 -85.2387008667 
54.7947273254 -86.9224166870 
54.9844932556 -87.7898330688 
55.1749267578 -88.0683059692 
55.3660087585 -87.0081939697 
55.5577659607 -84.1438903809 
55.7501716614 -79.9127731323 
55.9432601929 -76.5765533447 
56.1370010376 -74.1870498657 
56.3314323425 -72.9076690674 
56.5265159607 -72.8569564819 
56.7222938538 -73.8250045776 
56.9187316895 -75.9511566162 
57.1158676147 -79.1927413940 
57.3136711121 -82.7722396851 
57.5121726990 -86.2534027100 
57.7113494873 -86.2816162109 
57.9112281799 -83.5288696289 
58.1117858887 -79.6167984009 
58.3130531311 -75.4611053467 
58.5150032043 -72.5100631714 
58.7176666260 -70.6572113037 
58.9210166931 -69.9644622803 
59.1250877380 -70.7180480957 
59.3298454285 -72.6836547852 
59.5353317261 -76.9786834717 
59.7415161133 -81.4305953979 
59.9484252930 -84.9386062622 
60.1560401917 -86.4781570435 
60.3643875122 -84.4867782593 
60.5734405518 -79.0220870972 
60.7832336426 -75.2594909668 
60.9937362671 -72.3442230225 
61.2049865723 -70.3462142944 
61.4169502258 -70.1046295166 
61.6296615601 -71.1169891357 
61.8430976868 -74.1676559448 
62.0572891235 -77.9674224854 
62.2722053528 -82.2978134155 
62.4878807068 -87.2490768433 
62.7042884827 -88.1504745483 
62.9214630127 -87.1595535278 
63.1393852234 -83.9559097290 
63.3580513000 -80.4477462769 
63.5774879456 -78.6618576050 
63.7976684570 -77.9496536255 
64.0186309814 -78.5602188110 
64.2403335571 -80.8999710083 
64.4628295898 -83.5442123413 
64.6860733032 -85.8219604492 
64.9101104736 -87.1804199219 
65.1349105835 -86.8107452393 
65.3604965210 -85.5418167114 
65.5868530273 -82.8337783813 
65.8140106201 -79.1211013794 
66.0419387817 -76.7205963135 
66.2706680298 -76.1418304443 
66.5001754761 -76.9121704102 
66.7304992676 -78.7858505249 
66.9616012573 -82.5085678101 
67.1935195923 -85.9996109009 
67.4262161255 -86.9243240356 
67.6597442627 -85.6652832031 
67.8940658569 -83.2328872681 
68.1292114258 -79.7505950928 
68.3651580811 -76.1463088989 
68.6019363403 -74.3108673096 
68.8395156860 -74.4019699097 
69.0779418945 -76.4100418091 
69.3171691895 -80.1369781494 
69.5572433472 -83.6100845337 
69.7981338501 -85.8745117188 
70.0398788452 -86.7308807373 
70.2824401855 -85.3089752197 
70.5258560181 -81.7312850952 
70.7701034546 -78.1980056763 
71.0152130127 -76.1790161133 
71.2611465454 -76.0056076050 
71.5079574585 -77.7052383423 
71.7555999756 -81.0674057007 
72.0041275024 -84.8079757690 
72.2534866333 -86.1588134766 
72.5037384033 -85.0226974487 
72.7548294067 -82.0868225098 
73.0068130493 -78.3793411255 
73.2596511841 -75.5363082886 
73.5133819580 -74.2973327637 
73.7679672241 -74.8644638062 
74.0234603882 -77.2652969360 
74.2798156738 -81.2456207275 
74.5370788574 -85.3767623901 
74.7952194214 -87.1697616577 
75.0542678833 -86.3849411011 
75.3141937256 -82.7223129272 
75.5750427246 -78.5121536255 
75.8367691040 -75.7961883545 
76.0994262695 -74.9775848389 
76.3629760742 -76.0707702637 
76.6274566650 -78.9610061646 
76.8928298950 -83.0093917847 
77.1591415405 -86.1876144409 
77.4263610840 -87.1779174805 
77.6945190430 -86.1071548462 
77.9635925293 -82.8791427612 
78.2336120605 -80.4237060547 
78.5045547485 -79.4492568970 
78.7764511108 -80.1898040771 
79.0492630005 -82.4714431763 
79.3230514526 -85.4003753662 
79.5977783203 -87.1846160889 
79.8734436035 -86.9095458984 
80.1500778198 -85.3554611206 
80.4276504517 -82.4783935547 
80.7062149048 -79.8689575195 
80.9857101440 -78.6990432739 
81.2662048340 -79.7444305420 
81.5476379395 -83.1277694702 
81.8300781250 -86.0543746948 
82.1134719849 -87.0540084839 
82.3978652954 -86.1921691895 
82.6832275391 -82.8101272583 
82.9695968628 -79.0977020264 
83.2569351196 -76.6376342773 
83.5452880859 -76.2059936523 
83.8346252441 -78.5075836182 
84.1249771118 -82.1369781494 
84.4163208008 -85.6702804565 
84.7086944580 -85.9896926880 
85.0020523071 -85.0876159668 
85.2964553833 -82.9444122314 
85.5918502808 -79.8144149780 
85.8882904053 -78.5291519165 
86.1857376099 -79.4265289307 
86.4842376709 -82.5479888916 
86.7837524414 -85.9927444458 
87.0843200684 -86.8915786743 
87.3859100342 -86.9964981079 
87.6885681152 -86.5332641602 
87.9922485352 -85.1040802002 
88.2970046997 -84.1712341309 
88.6027908325 -84.7015686035 
88.9096679688 -86.0455322266 
89.2175750732 -86.8498077393 
89.5265808105 -87.0831375122 
89.8366241455 -86.9165496826 
90.1477661133 -86.4488601685 
90.4599685669 -85.7784118652 
90.7732696533 -85.5150375366 
91.0876312256 -85.9418792725 
91.4031143188 -86.5823974609 
91.7196578979 -86.9458007813 
92.0373229980 -87.1205444336 
92.3560638428 -86.4954681396 
92.6759338379 -83.3669662476 
92.9968872070 -80.5093765259 
93.3189773560 -79.9083328247 
93.6421585083 -81.6237869263 
93.9664840698 -84.6815872192 
94.2919082642 -86.6816940308 
94.6184844971 -86.6748046875 
94.9461669922 -84.6720046997 
95.2750091553 -80.5945434570 
95.6049652100 -77.8775024414 
95.9360885620 -78.3670272827 
96.2683258057 -81.3685836792 
96.6017532349 -85.7399063110 
96.9363021851 -87.2053222656 
97.2720336914 -86.7553482056 
97.6089019775 -84.8838653564 
97.9469680786 -82.7344894409 
98.2861785889 -82.3486633301 
98.6265869141 -84.1449127197 
98.9681472778 -86.0221786499 
99.3109207153 -85.8349151611 
99.6548461914 -84.4875259399 
100.0000000000 -83.1880493164 
100.3463439941 -83.0170059204 
100.6938934326 -82.8513793945 
101.0425872803 -82.6483840942 
101.3925399780 -82.4065780640 
101.7437057495 -82.1265640259 
102.0960922241 -81.8224563599 
102.4496383667 -81.5676345825 
102.8044738770 -81.3716278076 
103.1605300903 -81.3050918579 
103.5178222656 -81.3515548706 
103.8762969971 -81.4615554810 
104.2360610962 -81.6237411499 
104.5970840454 -81.7889633179 
104.9593505859 -81.9566726685 
105.3228149414 -82.1338119507 
105.6875915527 -82.3751220703 
106.0536346436 -82.7032775879 
106.4209518433 -83.0985107422 
106.7894744873 -83.5598220825 
107.1593322754 -84.0246047974 
107.5304794312 -84.4386596680 
107.9029006958 -84.7902374268 
108.2765579224 -85.0472335815 
108.6515731812 -85.2255020142 
109.0278854370 -85.3563919067 
109.4054946899 -85.4476623535 
109.7843551636 -85.5051116943 
110.1645889282 -85.5668640137 
110.5461349487 -85.6538619995 
110.9290084839 -85.7783279419 
111.3131484985 -85.9630508423 
111.6986770630 -86.1770095825 
112.0855407715 -86.3810806274 
112.4737396240 -86.5468978882 
112.8632278442 -86.6165618896 
113.2541198730 -86.5416030884 
113.6463699341 -86.3581542969 
114.0399856567 -86.0872497559 
114.4348907471 -85.7590255737 
114.8312301636 -85.4290084839 
115.2289428711 -85.1178283691 
115.6280364990 -84.8174057007 
116.0284423828 -84.5192794800 
116.4303054810 -84.2128982544 
116.8335571289 -83.9316253662 
117.2382049561 -83.7195205688 
117.6441879272 -83.6061782837 
118.0516433716 -83.6114044189 
118.4605102539 -83.7468719482 
118.8707885742 -83.9501037598 
119.2824249268 -84.1641311646 
119.6955566406 -84.3749618530 
120.1101150513 -84.5862884521 
120.5261154175 -84.8272781372 
120.9434814453 -85.1363830566 
121.3623657227 -85.4791030884 
121.7826995850 -85.8075332642 
122.2044906616 -86.0677108765 
122.6276702881 -86.2077102661 
123.0523834229 -86.1762847900 
123.4785690308 -85.9832992554 
123.9062347412 -85.7084884644 
124.3353118896 -85.4221954346 
124.7659378052 -85.1928710938 
125.1980590820 -85.0746612549 
125.6316757202 -85.0933685303 
126.0667953491 -85.2446899414 
126.5033569336 -85.4435348511 
126.9414901733 -85.6472625732 
127.3811492920 -85.8372955322 
127.8223266602 -86.0126266479 
128.2649688721 -86.1777114868 
128.7091979980 -86.3267517090 
129.1549835205 -86.4298858643 
129.6023101807 -86.4610214233 
130.0511016846 -86.4196395874 
130.5015258789 -86.3116912842 
130.9535217285 -86.1516418457 
131.4070739746 -85.9666671753 
131.8621215820 -85.7970581055 
132.3188171387 -85.6875000000 
132.7770996094 -85.6671752930 
133.2369689941 -85.7299270630 
133.6983489990 -85.8200683594 
134.1614074707 -85.8917312622 
134.6260681152 -85.9454421997 
135.0923461914 -86.0139465332 
135.5601501465 -86.1303863525 
136.0296630859 -86.3018188477 
136.5007934570 -86.5003585815 
136.9735565186 -86.6708602905 
137.4478759766 -86.7471466064 
137.9239349365 -86.6735076904 
138.4016265869 -86.4345321655 
138.8809661865 -86.0800247192 
139.3618927002 -85.7063598633 
139.8445739746 -85.3966445923 
140.3289184570 -85.1570129395 
140.8149414063 -84.9507827759 
141.3025665283 -84.7595138550 
141.7919616699 -84.6198348999 
142.2830505371 -84.5986557007 
142.7758483887 -84.7345581055 
143.2702636719 -84.9959869385 
143.7664794922 -85.2863006592 
144.2644042969 -85.5007095337 
144.7640533447 -85.5950546265 
145.2653656006 -85.5994491577 
145.7684783936 -85.5716857910 
146.2733459473 -85.5466079712 
146.7799530029 -85.5135726929 
147.2882385254 -85.3598403931 
147.7983703613 -85.0646667480 
148.3102569580 -84.6360092163 
148.8239288330 -84.2090072632 
149.3392791748 -83.9490585327 
149.8565216064 -83.9656829834 
150.3755340576 -84.2778701782 
150.8963623047 -84.8147888184 
151.4188995361 -85.4408950806 
151.9433288574 -86.0152511597 
152.4695739746 -86.4605255127 
152.9976501465 -86.7740402222 
153.5274658203 -86.9768524170 
154.0592041016 -87.0754470825 
154.5927734375 -87.0680999756 
155.1282043457 -86.9667968750 
155.6653900146 -86.8072967529 
156.2045288086 -86.6426620483 
156.7455444336 -86.5240631104 
157.2884216309 -86.4784393311 
157.8330993652 -86.4979553223 
158.3797454834 -86.5508270264 
158.9282836914 -86.6292800903 
159.4787292480 -86.6834945679 
160.0310668945 -86.6885604858 
160.5852508545 -86.6497039795 
161.1414337158 -86.5648803711 
161.6995391846 -86.4566726685 
162.2595672607 -86.3548507690 
162.8214569092 -86.2764663696 
163.3853912354 -86.2278747559 
163.9512634277 -86.2187500000 
164.5191040039 -86.3079528809 
165.0888214111 -86.4696731567 
165.6605987549 -86.5758056641 
166.2343444824 -86.6704559326 
166.8100891113 -86.7798843384 
167.3877410889 -86.9196243286 
167.9674835205 -87.0620880127 
168.5492248535 -87.1520843506 
169.1329956055 -87.1315765381 
169.7186889648 -87.0422210693 
170.3064880371 -87.0113525391 
170.8963470459 -87.0247573853 
171.4882354736 -87.0744781494 
172.0820770264 -87.1390762329 
172.6780853271 -87.1830520630 
173.2761383057 -87.1090621948 
173.8762817383 -86.9959640503 
174.4783935547 -86.8889083862 
175.0826873779 -86.8274154663 
175.6890869141 -86.8378906250 
176.2975769043 -86.9085311890 
176.9080810547 -86.9746932983 
177.5207824707 -87.0504608154 
178.1356201172 -87.1195526123 
178.7525939941 -87.1135253906 
179.3715972900 -86.9246139526 
179.9928436279 -86.7028732300 
180.6162414551 -86.4797668457 
181.2417907715 -86.3098449707 
181.8694152832 -86.1963958740 
182.4993133545 -86.1674652100 
183.1313934326 -86.1608963013 
183.7656555176 -86.1657562256 
184.4020233154 -86.2337417603 
185.0406799316 -86.3432006836 
185.6815643311 -86.4126205444 
186.3246612549 -86.4891281128 
186.9698944092 -86.6910171509 
187.6174468994 -86.9806213379 
188.2672576904 -87.1587066650 
188.9193115234 -87.2347030640 
189.5735168457 -87.0364761353 
190.2301025391 -86.7439727783 
190.8889465332 -86.4198837280 
191.5500793457 -86.0715866089 
192.2134094238 -85.9345932007 
192.8791351318 -85.9449157715 
193.5471496582 -86.0310821533 
194.2174987793 -86.1786651611 
194.8900604248 -86.3081893921 
195.5650482178 -86.4928436279 
196.2423706055 -86.6469726563 
196.9220581055 -86.7256622314 
197.6039733887 -86.7548751831 
198.2883758545 -86.6645889282 
198.9751281738 -86.5662536621 
199.6642761230 -86.4877319336 
200.3558044434 -86.5153503418 
201.0496063232 -86.5863800049 
201.7459411621 -86.7138595581 
202.4446716309 -86.8184051514 
203.1458282471 -86.8582229614 
203.8493041992 -86.8636627197 
204.5553283691 -86.8668746948 
205.2637939453 -86.8935546875 
205.9747161865 -86.9497146606 
206.6879882813 -87.0590362549 
207.4038391113 -87.2269592285 
208.1221771240 -87.3825149536 
208.8430023193 -87.6597137451 
209.5662078857 -87.9121932983 
210.2920227051 -87.9781341553 
211.0203704834 -87.8577651978 
211.7512207031 -87.6240692139 
212.4844970703 -87.3919906616 
213.2204284668 -87.2536392212 
213.9589080811 -87.0861206055 
214.6999511719 -86.9703216553 
215.4434356689 -86.9254531860 
216.1896057129 -86.9437789917 
216.9383697510 -86.9949722290 
217.6897277832 -86.9539260864 
218.4435577393 -86.6877517700 
219.2001342773 -86.3466339111 
219.9593200684 -86.1801605225 
220.7211456299 -86.2618560791 
221.4854736328 -86.5041351318 
222.2525787354 -86.6786499023 
223.0223388672 -86.7477569580 
223.7947692871 -86.8662338257 
224.5697479248 -87.0726776123 
225.3475341797 -87.2387237549 
226.1280212402 -87.2614974976 
226.9112091064 -87.1940155029 
227.6969757080 -87.0903091431 
228.4855957031 -87.0232162476 
229.2769470215 -87.0595932007 
230.0710296631 -87.2116928101 
230.8677520752 -87.2956161499 
231.6673431396 -87.2536621094 
232.4697113037 -87.1699447632 
233.2748718262 -87.1859359741 
234.0826721191 -87.3538360596 
234.8934020996 -87.4292449951 
235.7069549561 -87.3328323364 
236.5233154297 -87.1541824341 
237.3423614502 -86.9643936157 
238.1643981934 -86.8056640625 
238.9892578125 -86.8337249756 
239.8169860840 -87.0107116699 
240.6474609375 -87.1946258545 
241.4809265137 -87.2441101074 
242.3172912598 -87.2059326172 
243.1565399170 -87.2212905884 
243.9985656738 -87.2789688110 
244.8436431885 -87.2659454346 
245.6916503906 -87.1355743408 
246.5425872803 -86.9074554443 
247.3963470459 -86.6019439697 
248.2531890869 -86.4489288330 
249.1130065918 -86.3622817993 
249.9757995605 -86.3177185059 
250.8414306641 -86.5091629028 
251.7102203369 -86.8348464966 
252.5820007324 -87.1995162964 
253.4568023682 -87.5358886719 
254.3346405029 -87.6263656616 
255.2153778076 -87.5786132813 
256.0993041992 -87.3985595703 
256.9862976074 -87.1658248901 
257.8763427734 -87.0138397217 
258.7693481445 -86.9705581665 
259.6655883789 -87.1447296143 
260.5649414063 -87.4909744263 
261.4673767090 -87.7324066162 
262.3728332520 -87.8997879028 
263.2815246582 -88.0074539185 
264.1933898926 -87.9096603394 
265.1084289551 -87.6680984497 
266.0264587402 -87.5327072144 
266.9478454590 -87.5088653564 
267.8724060059 -87.5379638672 
268.8001708984 -87.5203475952 
269.7309875488 -87.4295654297 
270.6651916504 -87.3776855469 
271.6026306152 -87.4258346558 
272.5433044434 -87.5018615723 
273.4870910645 -87.4874877930 
274.4343261719 -87.3781738281 
275.3847961426 -87.3776092529 
276.3385925293 -87.4411010742 
277.2955322266 -87.3583145142 
278.2559204102 -87.0811157227 
279.2196350098 -86.8214492798 
280.1867065430 -86.6685638428 
281.1569824219 -86.8108444214 
282.1307373047 -87.2922821045 
283.1079101563 -87.6749801636 
284.0884399414 -87.6898651123 
285.0722045898 -87.5258483887 
286.0595397949 -87.4164962769 
287.0502929688 -87.3863143921 
288.0444641113 -87.2571029663 
289.0419311523 -87.0246810913 
290.0430297852 -86.9101486206 
291.0475769043 -86.9928741455 
292.0556030273 -87.2097854614 
293.0669555664 -87.4733810425 
294.0820007324 -87.7218017578 
295.1005249023 -87.9503860474 
296.1225891113 -88.1404266357 
297.1480407715 -88.1336898804 
298.1771850586 -87.8688125610 
299.2099304199 -87.5606613159 
300.2462158203 -87.4836044312 
301.2859497070 -87.4049835205 
302.3294372559 -87.3441848755 
303.3765258789 -87.2997589111 
304.4272766113 -87.3002853394 
305.4814758301 -87.3181304932 
306.5394897461 -87.3663253784 
307.6011657715 -87.4263458252 
308.6665344238 -87.4903717041 
309.7354125977 -87.5410995483 
310.8081665039 -87.5742034912 
311.8846435547 -87.5902709961 
312.9648437500 -87.5784683228 
314.0486145020 -87.5622100830 
315.1362915039 -87.5417098999 
316.2277526855 -87.5315399170 
317.3229980469 -87.5266113281 
318.4220275879 -87.5297546387 
319.5247192383 -87.5253677368 
320.6313781738 -87.5125656128 
321.7418518066 -87.4748840332 
322.8562011719 -87.4192581177 
323.9742126465 -87.3536071777 
325.0962829590 -87.2851181030 
326.2222290039 -87.2312698364 
327.3520812988 -87.1906433105 
328.4856872559 -87.1819076538 
329.6233825684 -87.1933288574 
330.7650146484 -87.2193374634 
331.9106140137 -87.2609558105 
333.0599670410 -87.3037033081 
334.2135314941 -87.3450927734 
335.3710632324 -87.3779754639 
336.5325927734 -87.4011611938 
337.6979675293 -87.4186782837 
338.8675842285 -87.4308319092 
340.0412292480 -87.4431076050 
341.2189331055 -87.4556732178 
342.4005432129 -87.4686813354 
343.5864257813 -87.4776840210 
344.7764282227 -87.4834594727 
345.9705505371 -87.4863967896 
347.1686096191 -87.4896087646 
348.3710327148 -87.4978103638 
349.5775756836 -87.5098800659 
350.7883300781 -87.5259246826 
352.0030822754 -87.5348281860 
353.2222290039 -87.5307846069 
354.4455871582 -87.5108108521 
355.6731872559 -87.4620971680 
356.9048461914 -87.4000244141 
358.1409912109 -87.3343276978 
359.3813781738 -87.2727584839 
360.6260986328 -87.2393188477 
361.8749084473 -87.2295455933 
363.1282348633 -87.2417297363 
364.3859252930 -87.2752761841 
365.6479492188 -87.3171386719 
366.9141540527 -87.3557510376 
368.1849365234 -87.3877868652 
369.4601440430 -87.4083404541 
370.7397460938 -87.4171905518 
372.0235900879 -87.4199142456 
373.3120727539 -87.4182815552 
374.6050109863 -87.4143295288 
375.9024353027 -87.4127044678 
377.2041625977 -87.4165344238 
378.5105895996 -87.4276123047 
379.8215332031 -87.4475021362 
381.1370239258 -87.4788436890 
382.4568786621 -87.5143585205 
383.7814941406 -87.5496139526 
385.1107177734 -87.5810012817 
386.4445190430 -87.6039733887 
387.7827453613 -87.6160354614 
389.1258239746 -87.6197586060 
390.4735412598 -87.6144256592 
391.8259277344 -87.5991058350 
393.1827697754 -87.5709991455 
394.5445556641 -87.5357437134 
395.9110412598 -87.5050354004 
397.2822570801 -87.4868698120 
398.6582031250 -87.4867477417 
400.0387268066 -87.5062026978 
401.4242553711 -87.5325698853 
402.8145751953 -87.5493927002 
404.2096862793 -87.5481719971 
405.6094360352 -87.5236663818 
407.0142517090 -87.4742736816 
408.4239196777 -87.4010848999 
409.8384704590 -87.3198394775 
411.2576904297 -87.2479019165 
412.6820678711 -87.1987533569 
414.1113891602 -87.1813659668 
415.5456237793 -87.1980056763 
416.9846191406 -87.2433929443 
418.4288330078 -87.3023757935 
419.8780517578 -87.3622894287 
421.3322753906 -87.4167709351 
422.7913208008 -87.4593734741 
424.2556152344 -87.4831161499 
425.7250061035 -87.4814224243 
427.1994934082 -87.4513473511 
428.6788330078 -87.4031295776 
430.1635437012 -87.3580017090 
431.6534118652 -87.3292007446 
433.1484069824 -87.3218994141 
434.6483764648 -87.3329696655 
436.1537475586 -87.3532180786 
437.6643676758 -87.3713607788 
439.1801757813 -87.3781127930 
440.7010192871 -87.3673324585 
442.2273559570 -87.3404846191 
443.7590026855 -87.3040771484 
445.2959289551 -87.2683868408 
446.8379516602 -87.2474822998 
448.3855590820 -87.2557525635 
449.9385375977 -87.3020629883 
451.4968566895 -87.3842849731 
453.0603637695 -87.4884490967 
454.6295166016 -87.5953826904 
456.2041015625 -87.6917419434 
457.7841491699 -87.7757415771 
459.3694152832 -87.8466720581 
460.9604187012 -87.8918075562 
462.5569152832 -87.8923568726 
464.1589660645 -87.8441009521 
465.7662963867 -87.7650222778 
467.3794555664 -87.6812438965 
468.9981994629 -87.6088256836 
470.6225585938 -87.5492553711 
472.2522888184 -87.4983139038 
473.8879089355 -87.4543609619 
475.5292053223 -87.4176864624 
477.1761779785 -87.3863525391 
478.8285827637 -87.3578262329 
480.4869995117 -87.3353195190 
482.1511230469 -87.3292846680 
483.8210449219 -87.3496246338 
485.4964599609 -87.3951797485 
487.1779479980 -87.4495773315 
488.8652954102 -87.4869613647 
490.5584411621 -87.4965972900 
492.2572021484 -87.4651794434 
493.9620971680 -87.4001541138 
495.6729125977 -87.3293685913 
497.3896789551 -87.2791061401 
499.1120910645 -87.2618484497 
500.8407287598 -87.2736129761 
502.5753784180 -87.2988510132 
504.3160095215 -87.3192520142 
506.0626831055 -87.3104400635 
507.8151245117 -87.2534027100 
509.5739440918 -87.1933898926 
511.3388061523 -87.1421737671 
513.1098022461 -87.1282882690 
514.8866577148 -87.1688308716 
516.6699829102 -87.2568817139 
518.4594116211 -87.3654632568 
520.2550659180 -87.4643249512 
522.0566406250 -87.5344467163 
523.8648071289 -87.5708007813 
525.6791992188 -87.5773925781 
527.4998168945 -87.5628509521 
529.3265380859 -87.5388565063 
531.1597900391 -87.5192337036 
532.9994506836 -87.5166320801 
534.8454589844 -87.5537109375 
536.6975708008 -87.6062240601 
538.5563964844 -87.6230010986 
540.4216918945 -87.6060943604 
542.2933959961 -87.5481719971 
544.1713256836 -87.4603347778 
546.0560302734 -87.3753051758 
547.9472656250 -87.3310241699 
549.8450927734 -87.3445205688 
551.7491455078 -87.3985137939 
553.6600952148 -87.4632415771 
555.5776367188 -87.4631423950 
557.5018920898 -87.4516067505 
559.4324340820 -87.4670639038 
561.3700561523 -87.5020980835 
563.3143310547 -87.5164108276 
565.2653198242 -87.4770355225 
567.2227783203 -87.3626785278 
569.1873168945 -87.3140945435 
571.1586914063 -87.3609313965 
573.1368408203 -87.4428482056 
575.1215820313 -87.5282745361 
577.1134643555 -87.6004638672 
579.1123046875 -87.6803436279 
581.1180419922 -87.7361984253 
583.1303710938 -87.7542572021 
585.1500244141 -87.7528152466 
587.1766357422 -87.7279281616 
589.2103271484 -87.6456298828 
591.2507324219 -87.5451965332 
593.2984619141 -87.4957656860 
595.3533325195 -87.4749221802 
597.4152832031 -87.4788589478 
599.4841308594 -87.5037307739 
601.5603637695 -87.5253829956 
603.6438598633 -87.5309677124 
605.7345581055 -87.5279769897 
607.8321533203 -87.5165634155 
609.9373779297 -87.5132522583 
612.0498657227 -87.5150070190 
614.1696777344 -87.5104446411 
616.2964477539 -87.4909744263 
618.4309692383 -87.4855499268 
620.5728759766 -87.5099868774 
622.7222290039 -87.5582733154 
624.8786621094 -87.6610794067 
627.0429077148 -87.7705917358 
629.2145996094 -87.8230514526 
631.3938598633 -87.8143463135 
633.5806884766 -87.7110824585 
635.7747192383 -87.6094665527 
637.9766845703 -87.5094375610 
640.1862792969 -87.3846893311 
642.4035644531 -87.3074188232 
644.6281127930 -87.3050918579 
646.8607788086 -87.3638992310 
649.1011352539 -87.4280853271 
651.3492431641 -87.4354171753 
653.6047973633 -87.3738937378 
655.8685302734 -87.2749557495 
658.1401367188 -87.2224273682 
660.4195556641 -87.2041549683 
662.7065429688 -87.2366867065 
665.0017700195 -87.2798919678 
667.3049926758 -87.3529281616 
669.6161499023 -87.3983230591 
671.9349975586 -87.3994064331 
674.2622070313 -87.4254074097 
676.5974731445 -87.4864044189 
678.9408569336 -87.6052093506 
681.2919311523 -87.6948242188 
683.6515502930 -87.7155227661 
686.0193481445 -87.6810302734 
688.3953857422 -87.5831909180 
690.7792358398 -87.4421386719 
693.1716918945 -87.3370208740 
695.5724487305 -87.3377685547 
697.9815673828 -87.4609909058 
700.3985595703 -87.6282196045 
702.8244018555 -87.6808319092 
705.2586059570 -87.5814819336 
707.7012329102 -87.3826599121 
710.1519165039 -87.2136688232 
712.6115112305 -87.1398315430 
715.0795898438 -87.1345901489 
717.5562133789 -87.1664657593 
720.0410766602 -87.2507781982 
722.5349121094 -87.3316345215 
725.0373535156 -87.3351745605 
727.5484619141 -87.2761993408 
730.0679321289 -87.2047729492 
732.5964965820 -87.1626281738 
735.1337890625 -87.1725387573 
737.6798706055 -87.2199325562 
740.2344360352 -87.2798004150 
742.7981567383 -87.3134155273 
745.3708496094 -87.2988204956 
747.9523925781 -87.2698516846 
750.5424804688 -87.2804412842 
753.1419067383 -87.3454132080 
755.7504272461 -87.4313278198 
758.3679199219 -87.4955215454 
760.9940795898 -87.5272216797 
763.6297607422 -87.5996627808 
766.2745361328 -87.6980285645 
768.9284667969 -87.7306289673 
771.5912475586 -87.6572570801 
774.2636108398 -87.5484008789 
776.9451904297 -87.4997558594 
779.6361083984 -87.4910354614 
782.3359375000 -87.4805297852 
785.0455322266 -87.5335845947 
787.7644653320 -87.6859054565 
790.4928588867 -87.8360519409 
793.2302856445 -87.7949676514 
795.9776000977 -87.6247482300 
798.7344360352 -87.4522171021 
801.5007934570 -87.3966369629 
804.2767333984 -87.4623184204 
807.0618896484 -87.5030212402 
809.8571166992 -87.4586257935 
812.6620483398 -87.3471145630 
815.4766235352 -87.3107147217 
818.3005371094 -87.3698883057 
821.1347045898 -87.5330963135 
823.9786376953 -87.6642761230 
826.8324584961 -87.6898269653 
829.6957397461 -87.5180282593 
832.5693359375 -87.3529663086 
835.4528808594 -87.3112640381 
838.3464355469 -87.4108200073 
841.2495727539 -87.4969558716 
844.1632080078 -87.4434585571 
847.0869140625 -87.3004379272 
850.0207519531 -87.1918869019 
852.9642944336 -87.2370300293 
855.9185180664 -87.3114013672 
858.8829345703 -87.3121719360 
861.8576049805 -87.3137817383 
864.8421630859 -87.3946914673 
867.8375244141 -87.5101928711 
870.8432006836 -87.6140136719 
873.8593750000 -87.5836029053 
876.8854370117 -87.3981628418 
879.9224853516 -87.2370376587 
882.9700317383 -87.1721725464 
886.0281982422 -87.2751159668 
889.0964355469 -87.5105056763 
892.1757812500 -87.6372222900 
895.2657470703 -87.5957489014 
898.3664550781 -87.5400238037 
901.4774169922 -87.5965805054 
904.5996704102 -87.7410278320 
907.7327270508 -87.8332290649 
910.8765869141 -87.8217315674 
914.0308837891 -87.7140502930 
917.1965942383 -87.6148605347 
920.3732299805 -87.5333251953 
923.5609130859 -87.4994354248 
926.7590942383 -87.5406112671 
929.9689331055 -87.5350418091 
933.1898193359 -87.4723052979 
936.4218750000 -87.4082031250 
939.6646118164 -87.2914276123 
942.9190673828 -87.2069244385 
946.1848754883 -87.2652206421 
949.4619140625 -87.3254852295 
952.7498168945 -87.3446502686 
956.0496215820 -87.3279571533 
959.3608398438 -87.2603759766 
962.6835327148 -87.2661895752 
966.0172119141 -87.3828811646 
969.3629760742 -87.4165496826 
972.7203369141 -87.3972930908 
976.0892944336 -87.4850616455 
979.4694213867 -87.6124877930 
982.8617553711 -87.6583786011 
986.2658691406 -87.6091308594 
989.6817626953 -87.5274124146 
993.1088867188 -87.4657592773 
996.5485229492 -87.3886489868 
1000.0000000000 -87.2501525879 
1003.4634399414 -87.2503967285 
1006.9389038086 -87.2686996460 
1010.4258422852 -87.3086929321 
1013.9254150391 -87.3534317017 
1017.4370727539 -87.4016036987 
1020.9609375000 -87.4434585571 
1024.4964599609 -87.4764480591 
1028.0446777344 -87.5012283325 
1031.6053466797 -87.5140304565 
1035.1782226563 -87.5198974609 
1038.7629394531 -87.5223541260 
1042.3605957031 -87.5226058960 
1045.9708251953 -87.5230941772 
1049.5935058594 -87.5238189697 
1053.2281494141 -87.5246505737 
1056.8759765625 -87.5245590210 
1060.5363769531 -87.5234680176 
1064.2094726563 -87.5223312378 
1067.8947753906 -87.5219650269 
1071.5933837891 -87.5273132324 
1075.3048095703 -87.5392608643 
1079.0290527344 -87.5585021973 
1082.7656250000 -87.5879211426 
1086.5157470703 -87.6243972778 
1090.2788085938 -87.6609878540 
1094.0549316406 -87.6939086914 
1097.8435058594 -87.7119598389 
1101.6458740234 -87.7078018188 
1105.4614257813 -87.6849899292 
1109.2901611328 -87.6447982788 
1113.1314697266 -87.5899658203 
1116.9866943359 -87.5342636108 
1120.8553466797 -87.4835205078 
1124.7374267578 -87.4409408569 
1128.6323242188 -87.4111251831 
1132.5412597656 -87.3949203491 
1136.4637451172 -87.3893280029 
1140.3997802734 -87.3939971924 
1144.3488769531 -87.4086761475 
1148.3123779297 -87.4328384399 
1152.2894287109 -87.4581451416 
1156.2803955078 -87.4807052612 
1160.2844238281 -87.4972915649 
1164.3029785156 -87.5046920776 
1168.3355712891 -87.5068817139 
1172.3819580078 -87.5100936890 
1176.4418945313 -87.5165481567 
1180.5163574219 -87.5268173218 
1184.6051025391 -87.5373001099 
1188.7078857422 -87.5397033691 
1192.8243408203 -87.5327835083 
1196.9555664063 -87.5183181763 
1201.1011962891 -87.4999465942 
1205.2611083984 -87.4832229614 
1209.4348144531 -87.4729995728 
1213.6236572266 -87.4662857056 
1217.8270263672 -87.4594726563 
1222.0449218750 -87.4487991333 
1226.2767333984 -87.4309463501 
1230.5238037109 -87.4028701782 
1234.7857666016 -87.3649520874 
1239.0623779297 -87.3211975098 
1243.3531494141 -87.2753829956 
1247.6594238281 -87.2321701050 
1251.9805908203 -87.1968688965 
1256.3167724609 -87.1748352051 
1260.6679687500 -87.1737823486 
1265.0335693359 -87.1898040771 
1269.4149169922 -87.2191848755 
1273.8115234375 -87.2572174072 
1278.2232666016 -87.2993927002 
1282.6496582031 -87.3424453735 
1287.0920410156 -87.3848419189 
1291.5498046875 -87.4263687134 
1296.0230712891 -87.4664611816 
1300.5111083984 -87.5025634766 
1305.0152587891 -87.5301589966 
1309.5351562500 -87.5441131592 
1314.0706787109 -87.5409317017 
1318.6212158203 -87.5211105347 
1323.1881103516 -87.4905395508 
1327.7709960938 -87.4598541260 
1332.3696289063 -87.4421997070 
1336.9835205078 -87.4456710815 
1341.6141357422 -87.4668960571 
1346.2607421875 -87.4959411621 
1350.9234619141 -87.5190048218 
1355.6015625000 -87.5242538452 
1360.2966308594 -87.5076828003 
1365.0079345703 -87.4758071899 
1369.7355957031 -87.4430313110 
1374.4788818359 -87.4244155884 
1379.2392578125 -87.4277343750 
1384.0162353516 -87.4499130249 
1388.8096923828 -87.4798965454 
1393.6190185547 -87.5057830811 
1398.4456787109 -87.5205764771 
1403.2891845703 -87.5254745483 
1408.1494140625 -87.5246353149 
1413.0257568359 -87.5225906372 
1417.9196777344 -87.5224761963 
1422.8305664063 -87.5247421265 
1427.7584228516 -87.5266723633 
1432.7026367188 -87.5233383179 
1437.6647949219 -87.5100326538 
1442.6440429688 -87.4852981567 
1447.6405029297 -87.4527816772 
1452.6535644531 -87.4205932617 
1457.6848144531 -87.3976745605 
1462.7333984375 -87.3889923096 
1467.7995605469 -87.3928756714 
1472.8823242188 -87.4086914063 
1477.9836425781 -87.4231491089 
1483.1025390625 -87.4437103271 
1488.2392578125 -87.4727096558 
1493.3928222656 -87.5035324097 
1498.5651855469 -87.5227890015 
1503.7553710938 -87.5208969116 
1508.9635009766 -87.4994049072 
1514.1889648438 -87.4674377441 
1519.4332275391 -87.4335403442 
1524.6958007813 -87.4035797119 
1529.9764404297 -87.3848800659 
1535.2746582031 -87.3879089355 
1540.5920410156 -87.4206848145 
1545.9277343750 -87.4803848267 
1551.2819824219 -87.5503158569 
1556.6539306641 -87.6062240601 
1562.0452880859 -87.6292495728 
1567.4554443359 -87.6166305542 
1572.8842773438 -87.5817031860 
1578.3309326172 -87.5434265137 
1583.7974853516 -87.5147247314 
1589.2828369141 -87.4936065674 
1594.7872314453 -87.4819107056 
1600.3107910156 -87.4728088379 
1605.8524169922 -87.4612045288 
1611.4143066406 -87.4503021240 
1616.9953613281 -87.4467239380 
1622.5957031250 -87.4568405151 
1628.2145996094 -87.4807662964 
1633.8538818359 -87.5093841553 
1639.5125732422 -87.5287399292 
1645.1910400391 -87.5213775635 
1650.8881835938 -87.4892501831 
1656.6059570313 -87.4660873413 
1662.3435058594 -87.4464645386 
1668.1009521484 -87.4300765991 
1673.8774414063 -87.4199447632 
1679.6748046875 -87.4242477417 
1685.4923095703 -87.4508895874 
1691.3299560547 -87.5296401978 
1697.1867675781 -87.6118392944 
1703.0649414063 -87.6386642456 
1708.9635009766 -87.6323852539 
1714.8823242188 -87.5992050171 
1720.8208007813 -87.5556335449 
1726.7807617188 -87.5067443848 
1732.7614746094 -87.4784393311 
1738.7628173828 -87.4549713135 
1744.7839355469 -87.4154739380 
1750.8269042969 -87.3655014038 
1756.8908691406 -87.3162384033 
1762.9757080078 -87.3270950317 
1769.0808105469 -87.3674545288 
1775.2078857422 -87.4109802246 
1781.3562011719 -87.4441299438 
1787.5258789063 -87.4712371826 
1793.7159423828 -87.4822006226 
1799.9283447266 -87.4748001099 
1806.1623535156 -87.4539489746 
1812.4178466797 -87.4281539917 
1818.6940917969 -87.4126052856 
1824.9930419922 -87.4284820557 
1831.3138427734 -87.4444198608 
1837.6564941406 -87.4520416260 
1844.0201416016 -87.4532699585 
1850.4068603516 -87.4665298462 
1856.8156738281 -87.4942092896 
1863.2467041016 -87.5336685181 
1869.6988525391 -87.5799713135 
1876.1745605469 -87.5701522827 
1882.6726074219 -87.5197601318 
1889.1931152344 -87.4323577881 
1895.7352294922 -87.3815383911 
1902.3010253906 -87.3743515015 
1908.8895263672 -87.3686599731 
1915.5008544922 -87.3294982910 
1922.1340332031 -87.2630004883 
1928.7912597656 -87.2227401733 
1935.4715576172 -87.2055969238 
1942.1749267578 -87.2306671143 
1948.9005126953 -87.2595138550 
1955.6505126953 -87.2976760864 
1962.4238281250 -87.3266296387 
1969.2205810547 -87.3349151611 
1976.0397949219 -87.3165664673 
1982.8836669922 -87.2759323120 
1989.7513427734 -87.2541503906 
1996.6427001953 -87.2611389160 
2003.5579833984 -87.3108596802 
2010.4960937500 -87.3634109497 
2017.4593505859 -87.4406661987 
2024.4467773438 -87.4874725342 
2031.4583740234 -87.4863510132 
2038.4930419922 -87.4809036255 
2045.5533447266 -87.4969940186 
2052.6379394531 -87.5426254272 
2059.7473144531 -87.5684051514 
2066.8798828125 -87.5346908569 
2074.0385742188 -87.4758987427 
2081.2219238281 -87.4441452026 
2088.4299316406 -87.4311676025 
2095.6621093750 -87.4512100220 
2102.9201660156 -87.4926910400 
2110.2036132813 -87.5313339233 
2117.5122070313 -87.5477523804 
2124.8449707031 -87.5399246216 
2132.2043457031 -87.5195312500 
2139.5891113281 -87.4793624878 
2146.9995117188 -87.4478988647 
2154.4343261719 -87.4421386719 
2161.8959960938 -87.4522476196 
2169.3837890625 -87.4772491455 
2176.8972167969 -87.5190124512 
2184.4355468750 -87.5791702271 
2192.0014648438 -87.6400756836 
2199.5932617188 -87.6731338501 
2207.2114257813 -87.6645050049 
2214.8547363281 -87.6139907837 
2222.5258789063 -87.5579147339 
2230.2233886719 -87.5175628662 
2237.9477539063 -87.4973297119 
2245.6975097656 -87.5018234253 
2253.4753417969 -87.5078277588 
2261.2802734375 -87.4956665039 
2269.1120605469 -87.4842376709 
2276.9697265625 -87.4907989502 
2284.8559570313 -87.4874801636 
2292.7695312500 -87.4434661865 
2300.7104492188 -87.3897247314 
2308.6774902344 -87.4141311646 
2316.6735839844 -87.5194931030 
2324.6972656250 -87.6568984985 
2332.7485351563 -87.7576751709 
2340.8266601563 -87.7445678711 
2348.9340820313 -87.6372146606 
2357.0695800781 -87.5271377563 
2365.2331542969 -87.4679794312 
2373.4235839844 -87.4819717407 
2381.6440429688 -87.5537414551 
2389.8925781250 -87.5968704224 
2398.1699218750 -87.5993652344 
2406.4746093750 -87.5898056030 
2414.8093261719 -87.5885696411 
2423.1728515625 -87.5785980225 
2431.5654296875 -87.5541458130 
2439.9855957031 -87.5254516602 
2448.4365234375 -87.4872665405 
2456.9165039063 -87.4592895508 
2465.4260253906 -87.4490051270 
2473.9633789063 -87.4604797363 
2482.5319824219 -87.4679336548 
2491.1301269531 -87.4635314941 
2499.7580566406 -87.4633560181 
2508.4143066406 -87.4848175049 
2517.1020507813 -87.4934387207 
2525.8200683594 -87.4731445313 
2534.5681152344 -87.4469680786 
2543.3464355469 -87.4623107910 
2552.1538085938 -87.5039138794 
2560.9931640625 -87.5370025635 
2569.8630371094 -87.5221557617 
2578.7636718750 -87.4961853027 
2587.6936035156 -87.4653015137 
2596.6560058594 -87.4134597778 
2605.6494140625 -87.3651962280 
2614.6738281250 -87.3577041626 
2623.7282714844 -87.3918991089 
2632.8154296875 -87.4800415039 
2641.9340820313 -87.5981903076 
2651.0842285156 -87.6841506958 
2660.2646484375 -87.6898345947 
2669.4785156250 -87.6591110229 
2678.7241210938 -87.6407241821 
2688.0017089844 -87.6723556519 
2697.3100585938 -87.7206344604 
2706.6518554688 -87.7221603394 
2716.0263671875 -87.6725387573 
2725.4331054688 -87.5954589844 
2734.8710937500 -87.4945755005 
2744.3432617188 -87.4058151245 
2753.8481445313 -87.3552322388 
2763.3859863281 -87.4014739990 
2772.9553222656 -87.5510330200 
2782.5593261719 -87.6950759888 
2792.1965332031 -87.7452239990 
2801.8671875000 -87.7468795776 
2811.5698242188 -87.7339553833 
2821.3073730469 -87.7170486450 
2831.0788574219 -87.6242218018 
2840.8842773438 -87.4639663696 
2850.7219238281 -87.3873519897 
2860.5952148438 -87.4260101318 
2870.5029296875 -87.4489135742 
2880.4448242188 -87.4055938721 
2890.4194335938 -87.3860168457 
2900.4301757813 -87.4342422485 
2910.4758300781 -87.4990615845 
2920.5561523438 -87.4994354248 
2930.6696777344 -87.4007492065 
2940.8198242188 -87.2939453125 
2951.0053710938 -87.2966537476 
2961.2260742188 -87.3757247925 
2971.4804687500 -87.4311218262 
2981.7719726563 -87.4497222900 
2992.0991210938 -87.4494476318 
3002.4621582031 -87.3682250977 
3012.8593750000 -87.3672943115 
3023.2944335938 -87.3607406616 
3033.7653808594 -87.3490142822 
3044.2727050781 -87.3324508667 
3054.8146972656 -87.3158416748 
3065.3950195313 -87.3004379272 
3076.0117187500 -87.2892456055 
3086.6655273438 -87.2807693481 
3097.3542480469 -87.2800216675 
3108.0817871094 -87.2855072021 
3118.8464355469 -87.2970123291 
3129.6484375000 -87.3249206543 
3140.4860839844 -87.3611602783 
3151.3630371094 -87.4098587036 
3162.2775878906 -87.4685592651 
3173.2299804688 -87.5286102295 
3184.2204589844 -87.5855407715 
3195.2470703125 -87.6263046265 
3206.3137207031 -87.6547698975 
3217.4184570313 -87.6565246582 
3228.5620117188 -87.6400375366 
3239.7421875000 -87.6119384766 
3250.9628906250 -87.5718307495 
3262.2224121094 -87.5314407349 
3273.5209960938 -87.4915161133 
3284.8569335938 -87.4563980103 
3296.2338867188 -87.4253311157 
3307.6501464844 -87.3980484009 
3319.1059570313 -87.3791351318 
3330.5998535156 -87.3713607788 
3342.1352539063 -87.3736572266 
3353.7104492188 -87.3946228027 
3365.3259277344 -87.4316711426 
3376.9797363281 -87.4785766602 
3388.6757812500 -87.5356979370 
3400.4123535156 -87.5931625366 
3412.1894531250 -87.6456146240 
3424.0056152344 -87.6894989014 
3435.8645019531 -87.7128219604 
3447.7644042969 -87.7244491577 
3459.7055664063 -87.7250595093 
3471.6860351563 -87.7144927979 
3483.7102050781 -87.6995468140 
3495.7758789063 -87.6807479858 
3507.8833007813 -87.6571884155 
3520.0307617188 -87.6273269653 
3532.2221679688 -87.5948791504 
3544.4558105469 -87.5610046387 
3556.7319335938 -87.5311660767 
3569.0485839844 -87.5090332031 
3581.4099121094 -87.4941253662 
3593.8139648438 -87.4873428345 
3606.2609863281 -87.4868087769 
3618.7490234375 -87.4836578369 
3631.2824707031 -87.4743652344 
3643.8591308594 -87.4520263672 
3656.4794921875 -87.4087677002 
3669.1416015625 -87.3542251587 
3681.8493652344 -87.2934265137 
3694.6013183594 -87.2357406616 
3707.3974609375 -87.2019271851 
3720.2358398438 -87.1935272217 
3733.1206054688 -87.2112655640 
3746.0500488281 -87.2560272217 
3759.0244140625 -87.3190383911 
3772.0415039063 -87.3834457397 
3785.1059570313 -87.4428253174 
3798.2153320313 -87.4908065796 
3811.3703613281 -87.5125808716 
3824.5688476563 -87.5102996826 
3837.8149414063 -87.4886856079 
3851.1071777344 -87.4535369873 
3864.4453125000 -87.4156951904 
3877.8273925781 -87.3943481445 
3891.2580566406 -87.3916473389 
3904.7353515625 -87.4060134888 
3918.2590332031 -87.4338455200 
3931.8276367188 -87.4692840576 
3945.4453125000 -87.5053329468 
3959.1103515625 -87.5372848511 
3972.8225097656 -87.5593872070 
3986.5822753906 -87.5649642944 
4000.3872070313 -87.5442352295 
4014.2424316406 -87.4930801392 
4028.1455078125 -87.4292526245 
4042.0969238281 -87.3663177490 
4056.0942382813 -87.3170776367 
4070.1423339844 -87.2920837402 
4084.2392578125 -87.3016204834 
4098.3847656250 -87.3387603760 
4112.5771484375 -87.3870544434 
4126.8208007813 -87.4306793213 
4141.1137695313 -87.4563293457 
4155.4565429688 -87.4576110840 
4169.8461914063 -87.4411926270 
4184.2885742188 -87.4308395386 
4198.7802734375 -87.4392013550 
4213.3227539063 -87.4663238525 
4227.9130859375 -87.5066375732 
4242.5561523438 -87.5527191162 
4257.2500000000 -87.5985183716 
4271.9951171875 -87.6404190063 
4286.7885742188 -87.6740875244 
4301.6357421875 -87.6967086792 
4316.5341796875 -87.7062072754 
4331.4843750000 -87.7028961182 
4346.4838867188 -87.6898498535 
4361.5375976563 -87.6727447510 
4376.6435546875 -87.6588211060 
4391.8017578125 -87.6547088623 
4407.0102539063 -87.6634445190 
4422.2739257813 -87.6777877808 
4437.5898437500 -87.6865539551 
4452.9594726563 -87.6819763184 
4468.3793945313 -87.6637573242 
4483.8554687500 -87.6386947632 
4499.3852539063 -87.6155471802 
4514.9687500000 -87.5981597900 
4530.6035156250 -87.5818939209 
4546.2949218750 -87.5572052002 
4562.0410156250 -87.5196838379 
4577.8413085938 -87.4786987305 
4593.6938476563 -87.4562377930 
4609.6040039063 -87.4658584595 
4625.5693359375 -87.5022048950 
4641.5898437500 -87.5474166870 
4657.6630859375 -87.5843353271 
4673.7944335938 -87.6070175171 
4689.9819335938 -87.6201782227 
4706.2255859375 -87.6302337646 
4722.5229492188 -87.6374893188 
4738.8789062500 -87.6367950439 
4755.2919921875 -87.6248703003 
4771.7617187500 -87.6062316895 
4788.2861328125 -87.5915603638 
4804.8701171875 -87.5900726318 
4821.5112304688 -87.6025009155 
4838.2104492188 -87.6201629639 
4854.9648437500 -87.6307220459 
4871.7797851563 -87.6264190674 
4888.6528320313 -87.6092300415 
4905.5844726563 -87.5948638916 
4922.5717773438 -87.5801315308 
4939.6210937500 -87.5841293335 
4956.7294921875 -87.6081619263 
4973.8964843750 -87.6405792236 
4991.1206054688 -87.6628112793 
5008.4072265625 -87.6622009277 
5025.7539062500 -87.6416778564 
5043.1601562500 -87.6168060303 
5060.6269531250 -87.6044845581 
5078.1513671875 -87.6190185547 
5095.7392578125 -87.6312179565 
5113.3881835938 -87.6309967041 
5131.0981445313 -87.6091156006 
5148.8666992188 -87.5603637695 
5166.6997070313 -87.4884948730 
5184.5942382813 -87.4104080200 
5202.5507812500 -87.3510971069 
5220.5668945313 -87.3299179077 
5238.6479492188 -87.3507919312 
5256.7915039063 -87.4035873413 
5274.9985351563 -87.4703521729 
5293.2651367188 -87.5292205811 
5311.5981445313 -87.5598602295 
5329.9946289063 -87.5544662476 
5348.4545898438 -87.5066223145 
5366.9760742188 -87.4656143188 
5385.5644531250 -87.4575576782 
5404.2167968750 -87.4635086060 
5422.9340820313 -87.4817504883 
5441.7133789063 -87.5122299194 
5460.5605468750 -87.5541305542 
5479.4726562500 -87.6002731323 
5498.4506835938 -87.6335449219 
5517.4912109375 -87.6328277588 
5536.6010742188 -87.5487670898 
5555.7768554688 -87.4283294678 
5575.0190429688 -87.3716201782 
5594.3247070313 -87.3530197144 
5613.7001953125 -87.3650970459 
5633.1430664063 -87.3885879517 
5652.6533203125 -87.4066009521 
5672.2275390625 -87.4071960449 
5691.8730468750 -87.3760910034 
5711.5869140625 -87.3308792114 
5731.3686523438 -87.2738876343 
5751.2158203125 -87.2233810425 
5771.1347656250 -87.2016754150 
5791.1230468750 -87.2546081543 
5811.1801757813 -87.3695068359 
5831.3037109375 -87.4404602051 
5851.5000000000 -87.4681091309 
5871.7666015625 -87.4397964478 
5892.1030273438 -87.3259963989 
5912.5068359375 -87.2188949585 
5932.9848632813 -87.1922378540 
5953.5332031250 -87.2081756592 
5974.1533203125 -87.2590332031 
5994.8408203125 -87.3667907715 
6015.6040039063 -87.4596481323 
6036.4384765625 -87.4844818115 
6057.3457031250 -87.4761047363 
6078.3217773438 -87.4317779541 
6099.3735351563 -87.4053192139 
6120.4985351563 -87.4210281372 
6141.6967773438 -87.4617996216 
6162.9648437500 -87.5438156128 
6184.3095703125 -87.6100692749 
6205.7290039063 -87.6249542236 
6227.2221679688 -87.6127777100 
6248.7866210938 -87.5535583496 
6270.4287109375 -87.4903335571 
6292.1459960938 -87.4753265381 
6313.9384765625 -87.5067062378 
6335.8066406250 -87.5612106323 
6357.7470703125 -87.5896148682 
6379.7666015625 -87.6032333374 
6401.8627929688 -87.5984725952 
6424.0351562500 -87.5895690918 
6446.2812500000 -87.5976943970 
6468.6074218750 -87.6316680908 
6491.0112304688 -87.6610488892 
6513.4926757813 -87.6616287231 
6536.0483398438 -87.6329116821 
6558.6855468750 -87.5952987671 
6581.4013671875 -87.5814437866 
6604.1958007813 -87.5897750854 
6627.0654296875 -87.6174926758 
6650.0175781250 -87.6349258423 
6673.0498046875 -87.6255187988 
6696.1616210938 -87.5671463013 
6719.3496093750 -87.4848022461 
6742.6220703125 -87.4421005249 
6765.9746093750 -87.4651260376 
6789.4082031250 -87.5576019287 
6812.9194335938 -87.6305313110 
6836.5156250000 -87.6166915894 
6860.1938476563 -87.5302810669 
6883.9536132813 -87.4717178345 
6907.7919921875 -87.4984970093 
6931.7167968750 -87.5431594849 
6955.7246093750 -87.5601043701 
6979.8154296875 -87.5699462891 
7003.9858398438 -87.5637817383 
7028.2436523438 -87.5379867554 
7052.5859375000 -87.5283508301 
7077.0122070313 -87.5668945313 
7101.5190429688 -87.6206436157 
7126.1147460938 -87.6526794434 
7150.7958984375 -87.6587753296 
7175.5625000000 -87.6376571655 
7200.4106445313 -87.5386505127 
7225.3491210938 -87.3936233521 
7250.3735351563 -87.3046340942 
7275.4848632813 -87.3170471191 
7300.6791992188 -87.3872146606 
7325.9648437500 -87.4310379028 
7351.3378906250 -87.4575958252 
7376.7988281250 -87.4965591431 
7402.3442382813 -87.5010375977 
7427.9819335938 -87.4652481079 
7453.7080078125 -87.4664688110 
7479.5239257813 -87.5378494263 
7505.4248046875 -87.6501998901 
7531.4194335938 -87.7569656372 
7557.5039062500 -87.8221435547 
7583.6791992188 -87.7687759399 
7609.9409179688 -87.6309967041 
7636.2973632813 -87.5086898804 
7662.7451171875 -87.4639739990 
7689.2851562500 -87.5077590942 
7715.9121093750 -87.5644378662 
7742.6357421875 -87.5803833008 
7769.4521484375 -87.5799560547 
7796.3613281250 -87.5953903198 
7823.3593750000 -87.6020965576 
7850.4550781250 -87.5795745850 
7877.6450195313 -87.5399780273 
7904.9287109375 -87.5023803711 
7932.3027343750 -87.4897842407 
7959.7758789063 -87.4985580444 
7987.3442382813 -87.5260467529 
8015.0078125000 -87.5401535034 
8042.7675781250 -87.4893569946 
8070.6191406250 -87.4590682983 
8098.5712890625 -87.5348205566 
8126.6201171875 -87.7010574341 
8154.7666015625 -87.7532958984 
8183.0053710938 -87.6841201782 
8211.3466796875 -87.5519714355 
8239.7871093750 -87.5229339600 
8268.3251953125 -87.5774078369 
8296.9570312500 -87.6543579102 
8325.6933593750 -87.6929779053 
8354.5292968750 -87.7079849243 
8383.4648437500 -87.6280746460 
8412.4960937500 -87.5020599365 
8441.6318359375 -87.4715576172 
8470.8691406250 -87.4853897095 
8500.2080078125 -87.5026550293 
8529.6425781250 -87.5117874146 
8559.1845703125 -87.4991302490 
8588.8291015625 -87.4679641724 
8618.5761718750 -87.4773941040 
8648.4218750000 -87.5120697021 
8678.3750000000 -87.5647354126 
8708.4326171875 -87.6359863281 
8738.5937500000 -87.6648788452 
8768.8544921875 -87.6353149414 
8799.2246093750 -87.6249237061 
8829.7001953125 -87.6876373291 
8860.2822265625 -87.7893676758 
8890.9638671875 -87.7661209106 
8921.7578125000 -87.6466293335 
8952.6582031250 -87.5897979736 
8983.6650390625 -87.6035842896 
9014.7744140625 -87.6494827271 
9045.9970703125 -87.6734924316 
9077.3271484375 -87.6461410522 
9108.7656250000 -87.5676116943 
9140.3085937500 -87.5061950684 
9171.9658203125 -87.4972000122 
9203.7324218750 -87.5016326904 
9235.6093750000 -87.4883117676 
9267.5908203125 -87.4551162720 
9299.6894531250 -87.4777984619 
9331.8984375000 -87.5745239258 
9364.2187500000 -87.5913085938 
9396.6464843750 -87.5237503052 
9429.1914062500 -87.4664001465 
9461.8486328125 -87.4139328003 
9494.6191406250 -87.4185256958 
9527.4980468750 -87.5026931763 
9560.4960937500 -87.5914306641 
9593.6083984375 -87.5385208130 
9626.8359375000 -87.4965438843 
9660.1718750000 -87.5295867920 
9693.6298828125 -87.5041275024 
9727.2031250000 -87.4846954346 
9760.8935546875 -87.5401000977 
9794.6943359375 -87.5448532104 
9828.6171875000 -87.5173416138 
9862.6582031250 -87.5524673462 
9896.8173828125 -87.6108474731 
9931.0888671875 -87.6313858032 
9965.4853515625 -87.5684127808 
10000.0000000000 -87.6213150024 
10034.6347656250 -87.5964965820 
10069.3886718750 -87.5736160278 
10104.2636718750 -87.5606994629 
10139.2597656250 -87.5538177490 
10174.3652343750 -87.5529327393 
10209.6035156250 -87.5599822998 
10244.9638671875 -87.5700836182 
10280.4472656250 -87.5827331543 
10316.0527343750 -87.5981826782 
10351.7822265625 -87.6170578003 
10387.6347656250 -87.6393051147 
10423.6123046875 -87.6661071777 
10459.7021484375 -87.6972503662 
10495.9287109375 -87.7261886597 
10532.2812500000 -87.7504806519 
10568.7597656250 -87.7567443848 
10605.3642578125 -87.7424087524 
10642.0947265625 -87.7122726440 
10678.9531250000 -87.6666412354 
10715.9394531250 -87.6181945801 
10753.0419921875 -87.5797195435 
10790.2841796875 -87.5544509888 
10827.6562500000 -87.5511703491 
10865.1572265625 -87.5665359497 
10902.7880859375 -87.5898132324 
10940.5498046875 -87.6173095703 
10978.4414062500 -87.6423873901 
11016.4648437500 -87.6613922119 
11054.6074218750 -87.6753234863 
11092.8945312500 -87.6842041016 
11131.3144531250 -87.6869583130 
11169.8671875000 -87.6836853027 
11208.5537109375 -87.6750946045 
11247.3740234375 -87.6612930298 
11286.3291015625 -87.6421127319 
11325.4189453125 -87.6210784912 
11364.6308593750 -87.6025314331 
11403.9921875000 -87.5893783569 
11443.4892578125 -87.5849761963 
11483.1230468750 -87.5957107544 
11522.8945312500 -87.6148529053 
11562.8037109375 -87.6380386353 
11602.8505859375 -87.6604614258 
11643.0371093750 -87.6742782593 
11683.3486328125 -87.6739578247 
11723.8134765625 -87.6642227173 
11764.4189453125 -87.6491699219 
11805.1640625000 -87.6336288452 
11846.0507812500 -87.6239700317 
11887.0791015625 -87.6217346191 
11928.2490234375 -87.6221923828 
11969.5625000000 -87.6209869385 
12011.0048828125 -87.6137542725 
12052.6044921875 -87.5961914063 
12094.3486328125 -87.5669326782 
12136.2363281250 -87.5326995850 
12178.2695312500 -87.4975891113 
12220.4492187500 -87.4646072388 
12262.7734375000 -87.4351959229 
12305.2451171875 -87.4086608887 
12347.8505859375 -87.3837585449 
12390.6162109375 -87.3632354736 
12433.5312500000 -87.3524551392 
12476.5937500000 -87.3564605713 
12519.8056640625 -87.3777236938 
12563.1679687500 -87.4134902954 
12606.6796875000 -87.4506988525 
12650.3427734375 -87.4742889404 
12694.1562500000 -87.4804306030 
12738.1074218750 -87.4738082886 
12782.2255859375 -87.4648513794 
12826.4960937500 -87.4655075073 
12870.9199218750 -87.4837722778 
12915.4980468750 -87.5196151733 
12960.2304687500 -87.5603637695 
13005.1171875000 -87.5940780640 
13050.1601562500 -87.6141128540 
13095.3447265625 -87.6181030273 
13140.6992187500 -87.6068115234 
13186.2119140625 -87.5826950073 
13231.8818359375 -87.5491256714 
13277.7099609375 -87.5107803345 
13323.6962890625 -87.4747695923 
13369.8427734375 -87.4496841431 
13416.1484375000 -87.4400405884 
13462.5996093750 -87.4466018677 
13509.2265625000 -87.4669647217 
13556.0156250000 -87.4977569580 
13602.9658203125 -87.5365905762 
13650.0791015625 -87.5821914673 
13697.3554687500 -87.6320648193 
13744.7958984375 -87.6794281006 
13792.4003906250 -87.7126922607 
13840.1542968750 -87.7199554443 
13888.0888671875 -87.6968841553 
13936.1904296875 -87.6518783569 
13984.4570312500 -87.6043090820 
14032.8916015625 -87.5730133057 
14081.4941406250 -87.5662994385 
14130.2646484375 -87.5807266235 
14179.2041015625 -87.6037750244 
14228.2978515625 -87.6202239990 
14277.5771484375 -87.6190948486 
14327.0263671875 -87.5973815918 
14376.6474609375 -87.5591430664 
14426.4404296875 -87.5119476318 
14476.4052734375 -87.4636154175 
14526.5439453125 -87.4202270508 
14576.8564453125 -87.3849029541 
14627.3261718750 -87.3578491211 
14677.9873046875 -87.3386154175 
14728.8242187500 -87.3274307251 
14779.8369140625 -87.3401336670 
14831.0253906250 -87.3717727661 
14882.3925781250 -87.4157028198 
14933.9365234375 -87.4581909180 
14985.6601562500 -87.4846115112 
15037.5458984375 -87.4866485596 
15089.6269531250 -87.4665679932 
15141.8896484375 -87.4362716675 
15194.3330078125 -87.4116210938 
15246.9580078125 -87.4051284790 
15299.7646484375 -87.4214401245 
15352.7548828125 -87.4578094482 
15405.9287109375 -87.5081939697 
15459.2695312500 -87.5667877197 
15512.8115234375 -87.6277084351 
15566.5390625000 -87.6824188232 
15620.4531250000 -87.7200164795 
15674.5546875000 -87.7325439453 
15728.8427734375 -87.7208099365 
15783.3183593750 -87.6940765381 
15837.9833984375 -87.6630706787 
15892.8369140625 -87.6165237427 
15947.8642578125 -87.5610351563 
16003.0986328125 -87.5130004883 
16058.5244140625 -87.4616851807 
16114.1425781250 -87.4172897339 
16169.9531250000 -87.3893890381 
16225.9570312500 -87.3819503784 
16282.1552734375 -87.3915863037 
16338.5478515625 -87.4099426270 
16395.1171875000 -87.4288482666 
16451.9003906250 -87.4516906738 
16508.8808593750 -87.4737777710 
16566.0585937500 -87.4899826050 
16623.4355468750 -87.5041809082 
16681.0097656250 -87.5129776001 
16738.7832031250 -87.5167083740 
16796.7578125000 -87.5197753906 
16854.9140625000 -87.5260467529 
16913.2890625000 -87.5324707031 
16971.8691406250 -87.5128936768 
17030.6503906250 -87.4758529663 
17089.6347656250 -87.4308090210 
17148.8242187500 -87.3923492432 
17208.2167968750 -87.3719635010 
17267.8183593750 -87.3866195679 
17327.6054687500 -87.4355773926 
17387.6191406250 -87.4720993042 
17447.8398437500 -87.4962463379 
17508.2695312500 -87.5062026978 
17568.9082031250 -87.5194778442 
17629.7578125000 -87.5536117554 
17690.8164062500 -87.5826339722 
17752.0878906250 -87.5999526978 
17813.5527343750 -87.5998229980 
17875.2500000000 -87.5863876343 
17937.1582031250 -87.5908584595 
17999.2832031250 -87.6107025146 
18061.6230468750 -87.6307373047 
18124.1796875000 -87.6384506226 
18186.9511718750 -87.6261367798 
18249.9414062500 -87.6155014038 
18313.1289062500 -87.6172943115 
18376.5546875000 -87.6150817871 
18440.2011718750 -87.5833358765 
18504.0683593750 -87.5388336182 
18568.1562500000 -87.5219268799 
18632.4667968750 -87.5182495117 
18697.0000000000 -87.5132522583 
18761.7558593750 -87.4943771362 
18826.7148437500 -87.4831542969 
18891.9199218750 -87.4957656860 
18957.3515625000 -87.5348434448 
19023.0097656250 -87.5626068115 
19088.8945312500 -87.5780792236 
19155.0078125000 -87.5620117188 
19221.3515625000 -87.5093383789 
19287.9238281250 -87.4650650024 
19354.7050781250 -87.4291458130 
19421.7382812500 -87.4492950439 
19489.0058593750 -87.4993591309 
19556.5039062500 -87.5974121094 
19624.2382812500 -87.6852951050 
19692.2050781250 -87.7182617188 
19760.4082031250 -87.7162628174 
19828.8476562500 -87.6800765991 
19897.5019531250 -87.6556396484 
19966.4160156250 -87.6404495239 
20035.5683593750 -87.6348571777 
20104.9609375000 -87.6260986328 
20174.5937500000 -87.6066207886 
20244.4667968750 -87.5920791626 
20314.5839843750 -87.5830764771 
20384.9414062500 -87.5653076172 
20455.5449218750 -87.5452041626 
20526.3691406250 -87.5164642334 
20597.4609375000 -87.4969940186 
20668.7988281250 -87.4702758789 
20740.3847656250 -87.4170074463 
20812.2187500000 -87.3680419922 
20884.3007812500 -87.3168487549 
20956.6328125000 -87.3234252930 
21029.2148437500 -87.4063568115 
21102.0253906250 -87.5123443604 
21175.1113281250 -87.5792770386 
21248.4492187500 -87.5859069824 
21322.0429687500 -87.5588073730 
21395.8906250000 -87.5120162964 
21469.9941406250 -87.4831085205 
21544.3554687500 -87.4801940918 
21618.9726562500 -87.4906234741 
21693.8242187500 -87.5102386475 
21768.9609375000 -87.5294265747 
21844.3574218750 -87.5395431519 
21920.0136718750 -87.5534667969 
21995.9316406250 -87.6012954712 
22072.1152343750 -87.6675109863 
22148.5605468750 -87.7008056641 
22225.2714843750 -87.6939773560 
22302.2226562500 -87.6791992188 
22379.4648437500 -87.6772308350 
22456.9746093750 -87.6634140015 
22534.7539062500 -87.6182174683 
22612.8027343750 -87.5668411255 
22691.1210937500 -87.5682830811 
22769.7109375000 -87.6585083008 
22848.5722656250 -87.7653427124 
22927.6816406250 -87.7898178101 
23007.0898437500 -87.6836471558 
23086.7753906250 -87.5655212402 
23166.7343750000 -87.4828720093 
23246.9707031250 -87.4430465698 
23327.4863281250 -87.4448394775 
23408.2792968750 -87.4943313599 
23489.3535156250 -87.5544891357 
23570.6816406250 -87.5809936523 
23652.3183593750 -87.5488052368 
23734.2363281250 -87.4774932861 
23816.4394531250 -87.4210357666 
23898.9257812500 -87.4291687012 
23981.6992187500 -87.4788818359 
24064.7578125000 -87.5431900024 
24148.1054687500 -87.5882263184 
24231.7148437500 -87.5882720947 
24315.6406250000 -87.5474319458 
24399.8574218750 -87.4862213135 
24484.3652343750 -87.4234466553 
24569.1640625000 -87.4195938110 
24654.2597656250 -87.4664154053 
24739.6484375000 -87.5500946045 
24825.3320312500 -87.5837478638 
24911.2871093750 -87.5634307861 
24997.5664062500 -87.5159072876 
25084.1445312500 -87.5482101440 
25171.0214843750 -87.6379394531 
25258.1992187500 -87.7190551758 
25345.6816406250 -87.7187042236 
25433.4648437500 -87.6401824951 
25521.5527343750 -87.5262145996 
25609.9453125000 -87.3952636719 
25698.6152343750 -87.3734664917 
25787.6210937500 -87.4352798462 
25876.9355468750 -87.5227279663 
25966.5585937500 -87.5892257690 
26056.4941406250 -87.5606613159 
26146.7382812500 -87.5186538696 
26237.2968750000 -87.5041732788 
26328.1679687500 -87.5088577271 
26419.3261718750 -87.5138015747 
26510.8281250000 -87.5248718262 
26602.6464843750 -87.5232009888 
26694.7832031250 -87.4971160889 
26787.2402343750 -87.4754638672 
26880.0156250000 -87.5093917847 
26973.1132812500 -87.5531692505 
27066.5351562500 -87.5776596069 
27160.2480468750 -87.5824508667 
27254.3164062500 -87.5462265015 
27348.7109375000 -87.4505233765 
27443.4316406250 -87.4049301147 
27538.4804687500 -87.4815673828 
27633.8593750000 -87.5698699951 
27729.5683593750 -87.5215301514 
27825.6074218750 -87.3889160156 
27921.9492187500 -87.3239593506 
28018.6562500000 -87.3362503052 
28115.6972656250 -87.4313430786 
28213.0742187500 -87.5423126221 
28310.7890625000 -87.5877990723 
28408.8417968750 -87.5610275269 
28507.2343750000 -87.5170593262 
28605.9687500000 -87.4876632690 
28705.0136718750 -87.4847793579 
28804.4316406250 -87.5363998413 
28904.1933593750 -87.5879211426 
29004.3027343750 -87.5416412354 
29104.7578125000 -87.4664840698 
29205.5605468750 -87.4739990234 
29306.7128906250 -87.4979324341 
29408.2148437500 -87.4640197754 
29510.0371093750 -87.4314346313 
29612.2441406250 -87.4424514771 
29714.8046875000 -87.4794158936 
29817.7207031250 -87.5000000000 
29920.9921875000 -87.5144271851 
30024.6230468750 -87.6509933472 
30128.6113281250 -87.6427764893 
30232.9609375000 -87.6284637451 
30337.6367187500 -87.6085586548 
30442.7109375000 -87.5851516724 
30548.1464843750 -87.5627059937 
30653.9492187500 -87.5435562134 
30760.1171875000 -87.5310668945 
30866.6542968750 -87.5225906372 
30973.5585937500 -87.5236358643 
31080.8339843750 -87.5294570923 
31188.4472656250 -87.5398864746 
31296.4667968750 -87.5567474365 
31404.8613281250 -87.5740890503 
31513.6308593750 -87.5914382935 
31622.7773437500 -87.5988388062 
31732.3007812500 -87.5978393555 
31842.2031250000 -87.5793304443 
31952.4882812500 -87.5446014404 
32063.1542968750 -87.5020751953 
32174.1679687500 -87.4538116455 
32285.6015625000 -87.4159088135 
32397.4218750000 -87.3881835938 
32509.6289062500 -87.3904800415 
32622.2246093750 -87.4183044434 
32735.2089843750 -87.4654388428 
32848.5859375000 -87.5406112671 
32962.3554687500 -87.6213531494 
33076.4843750000 -87.7026748657 
33191.0429687500 -87.7669372559 
33305.9960937500 -87.8042678833 
33421.3515625000 -87.8196792603 
33537.1054687500 -87.8004379272 
33653.2578125000 -87.7634048462 
33769.8164062500 -87.7195587158 
33886.7773437500 -87.6758117676 
34004.1054687500 -87.6451416016 
34121.8750000000 -87.6238861084 
34240.0546875000 -87.6135101318 
34358.6445312500 -87.6131820679 
34477.6445312500 -87.6157913208 
34597.0546875000 -87.6204452515 
34716.8789062500 -87.6236114502 
34837.1210937500 -87.6192855835 
34957.7382812500 -87.6063156128 
35078.8125000000 -87.5794830322 
35200.3085937500 -87.5401611328 
35322.2226562500 -87.4994659424 
35444.5585937500 -87.4605865479 
35567.3203125000 -87.4343261719 
35690.5039062500 -87.4171066284 
35814.1171875000 -87.4051513672 
35938.1171875000 -87.3961639404 
36062.5898437500 -87.3897705078 
36187.4921875000 -87.3912506104 
36312.8242187500 -87.4041976929 
36438.5898437500 -87.4364776611 
36564.7968750000 -87.4936065674 
36691.4375000000 -87.5620880127 
36818.5156250000 -87.6364288330 
36945.9921875000 -87.7072753906 
37073.9531250000 -87.7579421997 
37202.3593750000 -87.7858886719 
37331.2070312500 -87.7879409790 
37460.5000000000 -87.7585449219 
37590.2460937500 -87.6949157715 
37720.4375000000 -87.6175308228 
37851.0781250000 -87.5356292725 
37982.1328125000 -87.4591369629 
38113.6835937500 -87.4083633423 
38245.6875000000 -87.3845520020 
38378.1484375000 -87.3861999512 
38511.0703125000 -87.4116516113 
38644.4531250000 -87.4586410522 
38778.2968750000 -87.5174102783 
38912.6015625000 -87.5761260986 
39047.3320312500 -87.6294784546 
39182.5703125000 -87.6731491089 
39318.2773437500 -87.7023315430 
39454.4531250000 -87.7145385742 
39591.1015625000 -87.7098922729 
39728.2265625000 -87.6872863770 
39865.8203125000 -87.6475830078 
40003.8945312500 -87.5950469971 
40142.4453125000 -87.5465621948 
40281.4335937500 -87.5153198242 
40420.9453125000 -87.5049972534 
40560.9414062500 -87.5134353638 
40701.4257812500 -87.5328140259 
40842.3906250000 -87.5491943359 
40983.8476562500 -87.5540313721 
41125.7929687500 -87.5505371094 
41268.2304687500 -87.5427780151 
41411.1171875000 -87.5341720581 
41554.5390625000 -87.5264053345 
41698.4648437500 -87.5196533203 
41842.8828125000 -87.5169296265 
41987.8046875000 -87.5229187012 
42133.2265625000 -87.5403060913 
42279.1523437500 -87.5680007935 
42425.5859375000 -87.6013183594 
42572.4765625000 -87.6335296631 
42719.9257812500 -87.6586608887 
42867.8828125000 -87.6739196777 
43016.3554687500 -87.6802062988 
43165.3398437500 -87.6764984131 
43314.8437500000 -87.6631011963 
43464.8593750000 -87.6435165405 
43615.3984375000 -87.6243515015 
43766.4101562500 -87.6127243042 
43917.9960937500 -87.6115112305 
44070.1015625000 -87.6149673462 
44222.7382812500 -87.6101684570 
44375.9023437500 -87.5904388428 
44529.5937500000 -87.5585403442 
44683.8203125000 -87.5250015259 
44838.5820312500 -87.5024032593 
44993.8281250000 -87.4986724854 
45149.6601562500 -87.5129776001 
45306.0351562500 -87.5367126465 
45462.9492187500 -87.5592956543 
45620.4101562500 -87.5744857788 
45778.4140625000 -87.5820846558 
45936.9648437500 -87.5838623047 
46096.0664062500 -87.5809555054 
46255.6679687500 -87.5745239258 
46415.8710937500 -87.5680923462 
46576.6289062500 -87.5661239624 
46737.9453125000 -87.5704421997 
46899.8203125000 -87.5783081055 
47062.2578125000 -87.5846786499 
47225.2539062500 -87.5865020752 
47388.8164062500 -87.5841751099 
47552.8945312500 -87.5785522461 
47717.5898437500 -87.5681762695 
47882.8593750000 -87.5523986816 
48048.6992187500 -87.5373687744 
48215.1132812500 -87.5353927612 
48382.1054687500 -87.5547714233 
48549.6718750000 -87.5896911621 
48717.8242187500 -87.6214370728 
48886.5000000000 -87.6302642822 
49055.8164062500 -87.6222000122 
49225.7187500000 -87.5800476074 
49396.2109375000 -87.5231323242 
49567.2929687500 -87.4688720703 
49738.9648437500 -87.4276885986 
49911.2343750000 -87.4001922607 
50084.1015625000 -87.3819580078 
50257.5664062500 -87.3696289063 
50431.5742187500 -87.3620147705 
50606.2421875000 -87.3580017090 
50781.5156250000 -87.3661499023 
50957.3945312500 -87.3889465332 
51133.8828125000 -87.4262313843 
51310.9804687500 -87.4685440063 
51488.6953125000 -87.5055313110 
51667.0234375000 -87.5371017456 
51845.9140625000 -87.5715789795 
52025.4804687500 -87.6110763550 
52205.6679687500 -87.6414031982 
52386.4804687500 -87.6405487061 
52567.9179687500 -87.5991744995 
52749.9843750000 -87.5327224731 
52932.6796875000 -87.4721603394 
53116.0117187500 -87.4423141479 
53299.9179687500 -87.4458389282 
53484.5195312500 -87.4679565430 
53669.7617187500 -87.4576873779 
53855.6445312500 -87.4283142090 
54042.1679687500 -87.4034271240 
54229.3398437500 -87.4007110596 
54417.1640625000 -87.4247894287 
54605.6328125000 -87.4659576416 
54794.6992187500 -87.5092849731 
54984.4765625000 -87.5450973511 
55174.9140625000 -87.5699615479 
55366.0078125000 -87.5773773193 
55557.7656250000 -87.5517730713 
55750.1875000000 -87.5213699341 
55943.2773437500 -87.4860839844 
56137.0351562500 -87.4423065186 
56331.3984375000 -87.3912429810 
56526.5000000000 -87.3483276367 
56722.2773437500 -87.3380126953 
56918.7343750000 -87.3655014038 
57115.8671875000 -87.3783416748 
57313.6875000000 -87.3842010498 
57512.1914062500 -87.4018249512 
57711.3789062500 -87.4461975098 
57911.1992187500 -87.5492782593 
58111.7695312500 -87.6378402710 
58313.0390625000 -87.6576614380 
58515.0039062500 -87.6445693970 
58717.6679687500 -87.6161346436 
58921.0312500000 -87.6130065918 
59125.1015625000 -87.6801681519 
59329.8789062500 -87.7412643433 
59535.3007812500 -87.7787551880 
59741.5000000000 -87.7878036499 
59948.4101562500 -87.7787628174 
60156.0390625000 -87.7469329834 
60364.3867187500 -87.6819458008 
60573.4570312500 -87.5795364380 
60783.2500000000 -87.4239120483 
60993.7695312500 -87.3375396729 
61204.9531250000 -87.3348007202 
61416.9335937500 -87.3593978882 
61629.6484375000 -87.4257888794 
61843.0976562500 -87.5026702881 
62057.2890625000 -87.5398864746 
62272.2226562500 -87.5491638184 
62487.8984375000 -87.5176010132 
62704.3203125000 -87.4994964600 
62921.4257812500 -87.5358428955 
63139.3515625000 -87.6568832397 
63358.0312500000 -87.7768783569 
63577.4687500000 -87.8123855591 
63797.6679687500 -87.8111114502 
64018.6289062500 -87.7829055786 
64240.3554687500 -87.7596130371 
64462.8476562500 -87.7446136475 
64686.1093750000 -87.7094802856 
64910.0781250000 -87.6635208130 
65134.8906250000 -87.6272430420 
65360.4804687500 -87.5636367798 
65586.8515625000 -87.4972457886 
65814.0156250000 -87.4625549316 
66041.9531250000 -87.4532470703 
66270.6875000000 -87.4981460571 
66500.2109375000 -87.5545578003 
66730.4609375000 -87.6274108887 
66961.5781250000 -87.6436767578 
67193.5000000000 -87.5862503052 
67426.2187500000 -87.5292434692 
67659.7500000000 -87.5305633545 
67894.0859375000 -87.6075897217 
68129.2343750000 -87.7059249878 
68365.1953125000 -87.7230911255 
68601.8984375000 -87.6238098145 
68839.5000000000 -87.4729614258 
69077.9218750000 -87.4065093994 
69317.1718750000 -87.4288864136 
69557.2421875000 -87.4585037231 
69798.1562500000 -87.4561157227 
70039.8984375000 -87.4047927856 
70282.4765625000 -87.3454589844 
70525.8203125000 -87.3283691406 
70770.0859375000 -87.3585281372 
71015.1875000000 -87.3850250244 
71261.1484375000 -87.3978195190 
71507.9609375000 -87.4160995483 
71755.6250000000 -87.4308013916 
72004.1484375000 -87.4536209106 
72253.5312500000 -87.4868850708 
72503.6953125000 -87.5214385986 
72754.8125000000 -87.5227355957 
73006.7890625000 -87.4780883789 
73259.6484375000 -87.4312057495 
73513.3828125000 -87.4087829590 
73767.9921875000 -87.4190139771 
74023.4843750000 -87.4870529175 
74279.8593750000 -87.5740585327 
74537.0390625000 -87.6264648438 
74795.1953125000 -87.6472167969 
75054.2500000000 -87.6554718018 
75314.1953125000 -87.6659622192 
75575.0390625000 -87.6604003906 
75836.7890625000 -87.5842971802 
76099.4453125000 -87.5001144409 
76363.0156250000 -87.4464645386 
76627.4140625000 -87.4186935425 
76892.8046875000 -87.4100036621 
77159.1250000000 -87.4328689575 
77426.3593750000 -87.5142593384 
77694.5234375000 -87.6512985229 
77963.6093750000 -87.7284317017 
78233.6328125000 -87.7526473999 
78504.5937500000 -87.7204284668 
78776.4062500000 -87.6296234131 
79049.2421875000 -87.5144195557 
79323.0234375000 -87.4678192139 
79597.7578125000 -87.4432830811 
79873.4453125000 -87.4076385498 
80150.0781250000 -87.3800201416 
80427.6796875000 -87.4319305420 
80706.2343750000 -87.4938278198 
80985.7578125000 -87.4721450806 
81266.1562500000 -87.3667678833 
81547.6171875000 -87.3211135864 
81830.0546875000 -87.3495025635 
82113.4687500000 -87.4152069092 
82397.8671875000 -87.4457244873 
82683.2500000000 -87.4896163940 
82969.6171875000 -87.5875549316 
83256.9765625000 -87.6376800537 
83545.2421875000 -87.6478195190 
83834.6015625000 -87.6488800049 
84124.9531250000 -87.6231460571 
84416.3203125000 -87.5917358398 
84708.6875000000 -87.5607986450 
85002.0781250000 -87.5271987915 
85296.4765625000 -87.5197219849 
85591.8984375000 -87.5200958252 
85888.2500000000 -87.4828338623 
86185.7187500000 -87.4603424072 
86484.2187500000 -87.5257873535 
86783.7500000000 -87.6064987183 
87084.3203125000 -87.5840301514 
87385.9375000000 -87.5040969849 
87688.5937500000 -87.5365142822 
87992.2968750000 -87.6040115356 
88296.9609375000 -87.6520767212 
88602.7734375000 -87.6744308472 
88909.6406250000 -87.6314010620 
89217.5781250000 -87.5387344360 
89526.5781250000 -87.4749374390 
89836.6484375000 -87.4326782227 
90147.7968750000 -87.4151306152 
90460.0156250000 -87.4617691040 
90773.2187500000 -87.5120239258 
91087.6093750000 -87.5133209229 
91403.0859375000 -87.4994430542 
91719.6562500000 -87.4991302490 
92037.3281250000 -87.5010452271 
92356.0937500000 -87.4910888672 
92675.9609375000 -87.5030364990 
92996.9453125000 -87.5109558105 
93318.9296875000 -87.4838333130 
93642.1328125000 -87.5090942383 
93966.4609375000 -87.5608215332 
94291.9062500000 -87.5440292358 
94618.4843750000 -87.5237808228 
94946.1953125000 -87.5275344849 
95275.0312500000 -87.5129394531 
95605.0156250000 -87.4764480591 
95936.0312500000 -87.4914093018 
96268.3046875000 -87.5570755005 
96601.7265625000 -87.6259460449 
96936.2968750000 -87.6237945557 
97272.0312500000 -87.5471038818 
97608.9296875000 -87.5491561890 
97946.9921875000 -87.5815505981 
98286.2265625000 -87.4660873413 
98626.5312500000 -87.2881469727 
98968.1171875000 -87.2011566162 
99310.8906250000 -87.2405166626 
99654.8515625000 -87.3617324829 
100000.0000000000 -87.5036010742 
100346.3437500000 -87.5147399902 
100693.8906250000 -87.5227432251 
101042.6406250000 -87.5185623169 
101392.5937500000 -87.5079650879 
101743.6562500000 -87.4913024902 
102096.0390625000 -87.4709396362 
102449.6406250000 -87.4531097412 
102804.4687500000 -87.4380569458 
103160.5312500000 -87.4285049438 
103517.8203125000 -87.4215087891 
103876.3515625000 -87.4150619507 
104236.1250000000 -87.4079666138 
104597.0234375000 -87.3993148804 
104959.2890625000 -87.3916015625 
105322.8125000000 -87.3857498169 
105687.5937500000 -87.3867568970 
106053.6406250000 -87.3954544067 
106420.9531250000 -87.4105911255 
106789.5312500000 -87.4326705933 
107159.3906250000 -87.4605102539 
107530.4218750000 -87.4883270264 
107902.8437500000 -87.5140838623 
108276.5625000000 -87.5326004028 
108651.5703125000 -87.5380554199 
109027.8828125000 -87.5336227417 
109405.4921875000 -87.5205612183 
109784.4140625000 -87.5025558472 
110164.6484375000 -87.4911499023 
110546.0781250000 -87.4898681641 
110928.9453125000 -87.5009536743 
111313.1484375000 -87.5283660889 
111698.6718750000 -87.5635147095 
112085.5390625000 -87.5990142822 
112473.7421875000 -87.6304626465 
112863.2890625000 -87.6504669189 
113254.1875000000 -87.6537933350 
113646.3125000000 -87.6435470581 
114039.9218750000 -87.6207962036 
114434.8906250000 -87.5871353149 
114831.2343750000 -87.5482482910 
115228.9453125000 -87.5157928467 
115628.0312500000 -87.4965133667 
116028.5078125000 -87.4962844849 
116430.3671875000 -87.5234451294 
116833.4921875000 -87.5740814209 
117238.1406250000 -87.6320419312 
117644.1875000000 -87.6860961914 
118051.6406250000 -87.7251205444 
118460.5078125000 -87.7348785400 
118870.7890625000 -87.7158508301 
119282.4921875000 -87.6813735962 
119695.6250000000 -87.6406784058 
120110.0546875000 -87.6025924683 
120526.0468750000 -87.5747909546 
120943.4843750000 -87.5597991943 
121362.3671875000 -87.5498428345 
121782.6953125000 -87.5407867432 
122204.4843750000 -87.5307617188 
122627.7343750000 -87.5208206177 
123052.4531250000 -87.5170974731 
123478.5000000000 -87.5273895264 
123906.1640625000 -87.5497512817 
124335.3125000000 -87.5786819458 
124765.9375000000 -87.6069335938 
125198.0625000000 -87.6278381348 
125631.6796875000 -87.6382904053 
126066.7968750000 -87.6419067383 
126503.4218750000 -87.6476593018 
126941.5625000000 -87.6584472656 
127381.0781250000 -87.6735458374 
127822.2578125000 -87.6900482178 
128264.9609375000 -87.7045974731 
128709.2031250000 -87.7151107788 
129154.9843750000 -87.7205352783 
129602.3046875000 -87.7194671631 
130051.1796875000 -87.7094573975 
130501.6015625000 -87.6886215210 
130953.4453125000 -87.6577682495 
131407.0000000000 -87.6204223633 
131862.1250000000 -87.5813598633 
132318.8125000000 -87.5437622070 
132777.0937500000 -87.5067901611 
133236.9687500000 -87.4651412964 
133698.4218750000 -87.4146728516 
134161.4843750000 -87.3594665527 
134626.0000000000 -87.3094100952 
135092.2656250000 -87.2759628296 
135560.1562500000 -87.2677841187 
136029.6562500000 -87.2880249023 
136500.7968750000 -87.3341979980 
136973.5625000000 -87.3993606567 
137447.9531250000 -87.4737091064 
137924.0000000000 -87.5462341309 
138401.5468750000 -87.6072616577 
138880.8906250000 -87.6517486572 
139361.9062500000 -87.6801834106 
139844.5781250000 -87.6944885254 
140328.9218750000 -87.6944274902 
140814.9375000000 -87.6760864258 
141302.6406250000 -87.6383972168 
141792.0468750000 -87.5868682861 
142282.9843750000 -87.5317916870 
142775.7656250000 -87.4835891724 
143270.2656250000 -87.4499893188 
143766.4687500000 -87.4356079102 
144264.4062500000 -87.4415283203 
144764.0625000000 -87.4641189575 
145265.4375000000 -87.4951400757 
145768.5625000000 -87.5248107910 
146273.2656250000 -87.5458145142 
146779.8750000000 -87.5553359985 
147288.2343750000 -87.5536041260 
147798.3593750000 -87.5497665405 
148310.2500000000 -87.5553970337 
148823.9218750000 -87.5751800537 
149339.3750000000 -87.6037597656 
149856.5937500000 -87.6280593872 
150375.4531250000 -87.6355056763 
150896.2656250000 -87.6204757690 
151418.8906250000 -87.5847320557 
151943.3281250000 -87.5347518921 
152469.5781250000 -87.4803085327 
152997.6406250000 -87.4336624146 
153527.5468750000 -87.4069137573 
154059.2812500000 -87.4075317383 
154592.6875000000 -87.4349822998 
155128.1093750000 -87.4810562134 
155665.3906250000 -87.5339508057 
156204.5312500000 -87.5832138062 
156745.5468750000 -87.6225967407 
157288.4218750000 -87.6502227783 
157833.1875000000 -87.6676559448 
158379.8281250000 -87.6785659790 
158928.3750000000 -87.6872940063 
159478.6406250000 -87.6794052124 
160030.9843750000 -87.6498031616 
160585.2500000000 -87.5975570679 
161141.4218750000 -87.5314025879 
161699.5312500000 -87.4678268433 
162259.5781250000 -87.4230194092 
162821.5468750000 -87.4068222046 
163385.4687500000 -87.4219665527 
163951.1718750000 -87.4662094116 
164519.0156250000 -87.5755462646 
165088.8125000000 -87.7044219971 
165660.5937500000 -87.7822418213 
166234.3437500000 -87.8387451172 
166810.0937500000 -87.8660888672 
167387.8281250000 -87.8629531860 
167967.5781250000 -87.8346328735 
168549.1406250000 -87.7910461426 
169132.9062500000 -87.7228088379 
169718.6875000000 -87.6704711914 
170306.5000000000 -87.6449966431 
170896.3437500000 -87.6155929565 
171488.2343750000 -87.5737304688 
172082.1718750000 -87.5206451416 
172678.1718750000 -87.4479598999 
173276.0468750000 -87.4097213745 
173876.1875000000 -87.4125442505 
174478.3906250000 -87.4348297119 
175082.6875000000 -87.4744338989 
175689.0781250000 -87.5551986694 
176297.5781250000 -87.6345672607 
176908.1718750000 -87.6727066040 
177520.8906250000 -87.6959228516 
178135.5312500000 -87.7032165527 
178752.4843750000 -87.6754989624 
179371.5937500000 -87.6114425659 
179992.8437500000 -87.5625381470 
180616.2343750000 -87.5304183960 
181241.7968750000 -87.5266113281 
181869.5156250000 -87.5732803345 
182499.4062500000 -87.6480026245 
183131.2812500000 -87.7003784180 
183765.5468750000 -87.7457962036 
184402.0156250000 -87.7772674561 
185040.6875000000 -87.7511215210 
185681.5625000000 -87.6987762451 
186324.6718750000 -87.6387710571 
186969.9843750000 -87.5679244995 
187617.5468750000 -87.5239562988 
188267.1562500000 -87.5092391968 
188919.2031250000 -87.5105438232 
189573.5156250000 -87.5285034180 
190230.0937500000 -87.5344924927 
190888.9531250000 -87.5239105225 
191550.0937500000 -87.4839248657 
192213.5156250000 -87.4473266602 
192879.2343750000 -87.4397201538 
193547.0468750000 -87.4641647339 
194217.3906250000 -87.5258178711 
194890.0468750000 -87.5850601196 
195565.0468750000 -87.6701965332 
196242.3750000000 -87.7260665894 
196922.0468750000 -87.7385330200 
197604.0781250000 -87.7350540161 
198288.4843750000 -87.7203063965 
198975.0156250000 -87.7004089355 
199664.1562500000 -87.6495361328 
200355.6875000000 -87.5946350098 
201049.6093750000 -87.5743103027 
201745.9375000000 -87.5794525146 
202444.6718750000 -87.5979690552 
203145.8281250000 -87.5875701904 
203849.4218750000 -87.5431289673 
204555.4375000000 -87.5083312988 
205263.6875000000 -87.4949264526 
205974.6093750000 -87.5269851685 
206688.0000000000 -87.5554046631 
207403.8437500000 -87.5318984985 
208122.1875000000 -87.4896697998 
208843.0000000000 -87.4427413940 
209566.3125000000 -87.4325942993 
210292.1406250000 -87.4404296875 
211020.2500000000 -87.4444808960 
211751.1093750000 -87.4598464966 
212484.5000000000 -87.4913177490 
213220.4218750000 -87.5165939331 
213958.9062500000 -87.5577926636 
214699.9375000000 -87.6136932373 
215443.5468750000 -87.6926727295 
216189.7343750000 -87.7715530396 
216938.2500000000 -87.8172760010 
217689.6093750000 -87.8200988770 
218443.5625000000 -87.7738571167 
219200.1406250000 -87.7178268433 
219959.3281250000 -87.6903457642 
220721.1406250000 -87.6819076538 
221485.5937500000 -87.6472244263 
222252.7031250000 -87.5656051636 
223022.2187500000 -87.4472732544 
223794.6562500000 -87.3410949707 
224569.7500000000 -87.3021011353 
225347.5468750000 -87.3399810791 
226128.0156250000 -87.4461441040 
226911.2031250000 -87.5588150024 
227697.0937500000 -87.6422805786 
228485.7187500000 -87.6960144043 
229276.8125000000 -87.7064285278 
230070.9062500000 -87.6791229248 
230867.7500000000 -87.6501846313 
231667.3437500000 -87.6094207764 
232469.7187500000 -87.5500793457 
233274.8593750000 -87.4868850708 
234082.7968750000 -87.4457855225 
234893.5312500000 -87.4552764893 
235706.8281250000 -87.4832305908 
236523.1875000000 -87.5142745972 
237342.3750000000 -87.5598373413 
238164.3906250000 -87.6303176880 
238989.2656250000 -87.6428222656 
239816.9843750000 -87.5791091919 
240647.5937500000 -87.4852752686 
241481.0625000000 -87.4179306030 
242317.1562500000 -87.4080886841 
243156.4062500000 -87.4560394287 
243998.5625000000 -87.5316085815 
244843.6406250000 -87.6134414673 
245691.6562500000 -87.6435623169 
246542.5937500000 -87.6470718384 
247396.4843750000 -87.6237106323 
248253.3281250000 -87.5997695923 
249112.8593750000 -87.6069259644 
249975.6562500000 -87.6711044312 
250841.4375000000 -87.6960296631 
251710.2187500000 -87.6329193115 
252582.0000000000 -87.5354309082 
253456.8125000000 -87.4688720703 
254334.6406250000 -87.4953842163 
255215.5156250000 -87.5730361938 
256099.4531250000 -87.6661987305 
256986.1562500000 -87.7182540894 
257876.2187500000 -87.7587585449 
258769.3593750000 -87.8243637085 
259665.5937500000 -87.9381637573 
260564.9375000000 -87.9803390503 
261467.3906250000 -87.8969421387 
262372.9687500000 -87.7487564087 
263281.6875000000 -87.6138687134 
264193.2500000000 -87.6110763550 
265108.2812500000 -87.6910476685 
266026.4687500000 -87.7785415649 
266947.8437500000 -87.8797378540 
267872.4062500000 -87.9274444580 
268800.1562500000 -87.7660751343 
269731.1562500000 -87.5789337158 
270665.3437500000 -87.6075363159 
271602.4687500000 -87.7302017212 
272543.1562500000 -87.7867050171 
273487.0937500000 -87.6917572021 
274434.3125000000 -87.5564956665 
275384.8125000000 -87.5179138184 
276338.5937500000 -87.5416564941 
277295.6875000000 -87.5569915771 
278256.0625000000 -87.5917053223 
279219.5000000000 -87.6632537842 
280186.5625000000 -87.7288436890 
281156.9687500000 -87.7198638916 
282130.7500000000 -87.6339874268 
283107.9062500000 -87.5828628540 
284088.4375000000 -87.6244049072 
285072.3437500000 -87.6791992188 
286059.6875000000 -87.6572952271 
287050.1250000000 -87.6190795898 
288044.3125000000 -87.6272888184 
289041.9375000000 -87.6394119263 
290043.0312500000 -87.6206130981 
291047.5625000000 -87.6024551392 
292055.5937500000 -87.5788192749 
293067.1250000000 -87.5211791992 
294082.1562500000 -87.4552993774 
295100.3750000000 -87.4336471558 
296122.4375000000 -87.4850997925 
297148.0312500000 -87.5725021362 
298177.1875000000 -87.6409149170 
299209.9062500000 -87.6792297363 
300246.2187500000 -87.6182785034 
301286.1250000000 -87.5958175659 
302329.5937500000 -87.5750961304 
303376.3750000000 -87.5633239746 
304427.0937500000 -87.5659484863 
305481.4687500000 -87.5786132813 
306539.5000000000 -87.6034393311 
307601.1875000000 -87.6308212280 
308666.5312500000 -87.6521682739 
309735.5937500000 -87.6642379761 
310808.3437500000 -87.6495895386 
311884.4687500000 -87.6216430664 
312964.6875000000 -87.5828094482 
314048.6250000000 -87.5390548706 
315136.3125000000 -87.5046615601 
316227.7812500000 -87.4809417725 
317323.0000000000 -87.4715805054 
318422.0312500000 -87.4798507690 
319524.8750000000 -87.4936599731 
320631.5312500000 -87.5106124878 
321741.6875000000 -87.5255279541 
322856.0312500000 -87.5339202881 
323974.2187500000 -87.5372924805 
325096.2812500000 -87.5360336304 
326222.2500000000 -87.5321502686 
327352.0937500000 -87.5313491821 
328485.8750000000 -87.5351638794 
329623.5625000000 -87.5450057983 
330764.8437500000 -87.5626144409 
331910.4062500000 -87.5810394287 
333059.9687500000 -87.5977020264 
334213.5312500000 -87.6103286743 
335371.0625000000 -87.6152954102 
336532.5937500000 -87.6160583496 
337698.1562500000 -87.6137695313 
338867.7500000000 -87.6091613770 
340041.0312500000 -87.6023635864 
341218.7500000000 -87.5954360962 
342400.5625000000 -87.5907516479 
343586.4375000000 -87.5900497437 
344776.4375000000 -87.5956115723 
345970.5625000000 -87.6069793701 
347168.8125000000 -87.6184997559 
348371.2187500000 -87.6277618408 
349577.4062500000 -87.6332626343 
350788.1250000000 -87.6356124878 
352003.0625000000 -87.6415252686 
353222.2187500000 -87.6549530029 
354445.5937500000 -87.6774673462 
355673.1875000000 -87.7092208862 
356905.0625000000 -87.7485809326 
358141.1875000000 -87.7902069092 
359381.1875000000 -87.8307647705 
360625.9062500000 -87.8679046631 
361874.9062500000 -87.8988876343 
363128.2500000000 -87.9198074341 
364385.9062500000 -87.9221343994 
365647.9375000000 -87.9077377319 
366914.3437500000 -87.8795928955 
368185.1562500000 -87.8428726196 
369459.9375000000 -87.8041839600 
370739.5312500000 -87.7706451416 
372023.5937500000 -87.7485427856 
373312.0625000000 -87.7368316650 
374605.0312500000 -87.7346191406 
375902.4375000000 -87.7403182983 
377204.3750000000 -87.7517089844 
378510.7812500000 -87.7659072876 
379821.3437500000 -87.7788696289 
381136.8125000000 -87.7863769531 
382456.8750000000 -87.7865142822 
383781.5000000000 -87.7780227661 
385110.7187500000 -87.7603988647 
386444.5312500000 -87.7341995239 
387782.9687500000 -87.7015380859 
389126.0312500000 -87.6665878296 
390473.3125000000 -87.6362838745 
391825.6875000000 -87.6144180298 
393182.7812500000 -87.5995025635 
394544.5312500000 -87.5869216919 
395911.0312500000 -87.5717010498 
397282.2500000000 -87.5513000488 
398658.2187500000 -87.5271377563 
400038.9375000000 -87.5039291382 
401424.4687500000 -87.4873275757 
402814.3437500000 -87.4812240601 
404209.4687500000 -87.4861602783 
405609.4375000000 -87.4974441528 
407014.2500000000 -87.5105209351 
408423.9062500000 -87.5213394165 
409838.4687500000 -87.5270614624 
411257.9375000000 -87.5263824463 
412682.3125000000 -87.5198593140 
414111.1562500000 -87.5103988647 
415545.4062500000 -87.5033187866 
416984.6250000000 -87.5054473877 
418428.8437500000 -87.5231704712 
419878.0625000000 -87.5597534180 
421332.2812500000 -87.6126403809 
422791.5312500000 -87.6720657349 
424255.8750000000 -87.7228698730 
425724.7812500000 -87.7507934570 
427199.2500000000 -87.7497482300 
428678.8437500000 -87.7282180786 
430163.5625000000 -87.6999740601 
431653.4062500000 -87.6750793457 
433148.4062500000 -87.6540451050 
434648.5937500000 -87.6299133301 
436154.0000000000 -87.5963363647 
437664.1250000000 -87.5547790527 
439179.9375000000 -87.5140228271 
440701.0312500000 -87.4830398560 
442227.3750000000 -87.4612274170 
443759.0000000000 -87.4519424438 
445295.9375000000 -87.4465637207 
446838.2187500000 -87.4492340088 
448385.8125000000 -87.4683303833 
449938.2812500000 -87.5069732666 
451496.6250000000 -87.5563735962 
453060.3437500000 -87.5991744995 
454629.5000000000 -87.6201019287 
456204.0937500000 -87.6143951416 
457784.1562500000 -87.5870666504 
459369.6562500000 -87.5469055176 
460960.6562500000 -87.5029983521 
462556.6562500000 -87.4653396606 
464158.7187500000 -87.4445724487 
465766.3125000000 -87.4480590820 
467379.4687500000 -87.4757156372 
468998.2187500000 -87.5202484131 
470622.5625000000 -87.5717697144 
472252.5625000000 -87.6458587646 
473888.1875000000 -87.7087860107 
475528.9375000000 -87.7377853394 
477175.9062500000 -87.7498245239 
478828.5937500000 -87.7391281128 
480487.0000000000 -87.7057189941 
482151.1250000000 -87.6580352783 
483821.0312500000 -87.6099243164 
485496.7500000000 -87.5745925903 
487178.2187500000 -87.5598220825 
488865.0000000000 -87.5654983521 
490558.1875000000 -87.5908966064 
492257.1875000000 -87.6016616821 
493962.1250000000 -87.5920104980 
495672.9375000000 -87.5797119141 
497389.6562500000 -87.5740585327 
499112.3437500000 -87.5749664307 
500841.0000000000 -87.5749969482 
502575.6562500000 -87.5684280396 
504315.7500000000 -87.5494613647 
506062.4062500000 -87.5282974243 
507815.1250000000 -87.5106277466 
509573.9375000000 -87.4878997803 
511338.8125000000 -87.4625091553 
513109.8125000000 -87.4394683838 
514886.9375000000 -87.4192428589 
516670.2500000000 -87.4184875488 
518459.1250000000 -87.4338378906 
520254.7812500000 -87.4623947144 
522056.6562500000 -87.5018157959 
523864.7812500000 -87.5452194214 
525679.1875000000 -87.5917663574 
527499.8125000000 -87.5960464478 
529326.8125000000 -87.5656127930 
531160.1250000000 -87.5178909302 
532999.1875000000 -87.4663619995 
534845.1875000000 -87.4160461426 
536697.6250000000 -87.4126739502 
538556.4375000000 -87.4415512085 
540421.6875000000 -87.4869461060 
542293.4375000000 -87.5726242065 
544171.6250000000 -87.6637496948 
546056.3125000000 -87.7206573486 
547947.0000000000 -87.7704391479 
549844.7500000000 -87.8111267090 
551749.1250000000 -87.8488922119 
553660.0625000000 -87.8544006348 
555577.6875000000 -87.8308792114 
557501.8750000000 -87.7888717651 
559432.7500000000 -87.7118759155 
561370.3125000000 -87.6453399658 
563314.0000000000 -87.6154785156 
565265.0000000000 -87.5949020386 
567222.7500000000 -87.6046218872 
569187.3125000000 -87.6354980469 
571158.6875000000 -87.6809844971 
573136.8750000000 -87.7508316040 
575121.8750000000 -87.7967681885 
577113.8125000000 -87.8080596924 
579112.0000000000 -87.8067626953 
581117.6875000000 -87.7817993164 
583130.3750000000 -87.7407836914 
585150.0000000000 -87.6629486084 
587176.6875000000 -87.6160354614 
589210.3125000000 -87.6254501343 
591251.0000000000 -87.6761245728 
593298.8125000000 -87.7192382813 
595353.0000000000 -87.7291412354 
597415.0000000000 -87.7352600098 
599484.1250000000 -87.7512207031 
601560.3750000000 -87.7642898560 
603643.8750000000 -87.7578277588 
605734.5625000000 -87.7163238525 
607832.5000000000 -87.6635055542 
609937.6875000000 -87.6363677979 
612049.5000000000 -87.6423568726 
614169.3125000000 -87.6754379272 
616296.4375000000 -87.7164916992 
618431.0000000000 -87.7428054810 
620572.8750000000 -87.7767333984 
622722.1875000000 -87.7952041626 
624879.0000000000 -87.7763595581 
627043.2500000000 -87.7360839844 
629214.2500000000 -87.7030639648 
631393.5000000000 -87.6884765625 
633580.3125000000 -87.6886291504 
635774.6875000000 -87.6961212158 
637976.6875000000 -87.7006149292 
640186.2500000000 -87.6884613037 
642403.5625000000 -87.6694564819 
644628.5000000000 -87.6548843384 
646861.1250000000 -87.6282348633 
649100.7500000000 -87.5485916138 
651348.8750000000 -87.4296417236 
653604.8125000000 -87.3241195679 
655868.5625000000 -87.2827682495 
658140.1250000000 -87.3362045288 
660419.5625000000 -87.4335098267 
662706.8750000000 -87.5126266479 
665002.1250000000 -87.5402603149 
667304.6250000000 -87.5351943970 
669615.8125000000 -87.5552062988 
671935.0000000000 -87.6136627197 
674262.1875000000 -87.6665420532 
676597.5000000000 -87.6984863281 
678940.8125000000 -87.7366180420 
681292.3125000000 -87.7714309692 
683651.9375000000 -87.7568511963 
686019.0000000000 -87.6671829224 
688395.0000000000 -87.5715026855 
690779.1875000000 -87.5415725708 
693171.6875000000 -87.5778656006 
695572.4375000000 -87.6071777344 
697981.5625000000 -87.6182708740 
700398.9375000000 -87.6299667358 
702824.7500000000 -87.6512145996 
705258.1875000000 -87.6715698242 
707700.8125000000 -87.6648101807 
710151.9375000000 -87.6079940796 
712611.5000000000 -87.5631561279 
715079.5625000000 -87.5645828247 
717556.2500000000 -87.6105804443 
720041.4375000000 -87.6193847656 
722535.3125000000 -87.5761184692 
725036.9375000000 -87.5329513550 
727548.0625000000 -87.5336914063 
730067.9375000000 -87.5609741211 
732596.5000000000 -87.5668182373 
735133.8125000000 -87.5585174561 
737679.8750000000 -87.5616073608 
740234.8125000000 -87.5964813232 
742798.5625000000 -87.6693344116 
745370.4375000000 -87.7778320313 
747952.0000000000 -87.8522567749 
750542.4375000000 -87.8695678711 
753141.9375000000 -87.8261795044 
755750.4375000000 -87.6986541748 
758367.9375000000 -87.6029357910 
760994.5000000000 -87.5662765503 
763630.1875000000 -87.6033325195 
766274.1250000000 -87.6619567871 
768928.0625000000 -87.6489791870 
771591.1875000000 -87.5718688965 
774263.5625000000 -87.5056915283 
776945.1875000000 -87.5946197510 
779636.1250000000 -87.7272720337 
782336.3750000000 -87.8161468506 
785045.9375000000 -87.7810897827 
787764.0625000000 -87.6324768066 
790492.4375000000 -87.5636978149 
793230.2500000000 -87.5949249268 
795977.5625000000 -87.6689300537 
798734.4375000000 -87.6484909058 
801500.8125000000 -87.5947341919 
804276.7500000000 -87.6256484985 
807062.3125000000 -87.6909561157 
809857.5625000000 -87.7286911011 
812661.5625000000 -87.6870880127 
815476.1875000000 -87.6161651611 
818300.5625000000 -87.6204147339 
821134.6875000000 -87.6512603760 
823978.6875000000 -87.6564025879 
826832.5000000000 -87.6536178589 
829696.1875000000 -87.6545486450 
832569.8125000000 -87.6747894287 
835452.4375000000 -87.6970596313 
838346.0000000000 -87.6815338135 
841249.5625000000 -87.6594390869 
844163.1875000000 -87.6834106445 
847086.9375000000 -87.7508697510 
850020.7500000000 -87.8108673096 
852964.7500000000 -87.8260803223 
855919.0000000000 -87.7964859009 
858882.4375000000 -87.7044448853 
861857.1875000000 -87.6473007202 
864842.1875000000 -87.7259216309 
867837.5000000000 -87.8733215332 
870843.2500000000 -87.9570159912 
873859.3750000000 -87.9400329590 
876885.9375000000 -87.8591308594 
879923.0000000000 -87.7594985962 
882969.5625000000 -87.6621398926 
886027.6875000000 -87.6046371460 
889096.4375000000 -87.6606216431 
892175.7500000000 -87.8013381958 
895265.7500000000 -87.8859100342 
898366.5000000000 -87.8598098755 
901477.9375000000 -87.7928237915 
904600.1875000000 -87.7465744019 
907732.1875000000 -87.7370452881 
910876.1250000000 -87.7691574097 
914030.8750000000 -87.8000793457 
917196.5625000000 -87.7594146729 
920373.2500000000 -87.7414703369 
923560.9375000000 -87.7693634033 
926759.6250000000 -87.7983932495 
929969.4375000000 -87.8007507324 
933189.3125000000 -87.7787094116 
936421.3750000000 -87.7624130249 
939664.6250000000 -87.7438201904 
942919.0625000000 -87.6610031128 
946184.8750000000 -87.5946273804 
949461.9375000000 -87.6260757446 
952750.3125000000 -87.6754531860 
956050.1250000000 -87.6665649414 
959360.3125000000 -87.6429824829 
962683.0000000000 -87.6902618408 
966017.2500000000 -87.7891082764 
969363.0000000000 -87.7780227661 
972720.3125000000 -87.6679229736 
976089.3125000000 -87.5934143066 
979469.9375000000 -87.7128753662 
982862.3125000000 -87.9214096069 
986265.3125000000 -87.9987106323 
989681.1875000000 -87.9772186279 
993108.9375000000 -87.9009170532 
996548.5000000000 -87.8233413696 
1000000.0000000000 -87.7180786133 
1003463.4375000000 -87.6654739380 
1006938.8750000000 -87.6110916138 
1010426.3750000000 -87.5684967041 
1013925.9375000000 -87.5327911377 
1017436.5000000000 -87.5208587646 
1020960.3750000000 -87.5246276855 
1024496.4375000000 -87.5457839966 
1028044.6875000000 -87.5805435181 
1031605.3125000000 -87.6198120117 
1035178.1875000000 -87.6564865112 
1038763.5000000000 -87.6886062622 
1042361.2500000000 -87.7112579346 
1045970.2500000000 -87.7254791260 
1049592.8750000000 -87.7347183228 
1053228.1250000000 -87.7335205078 
1056875.8750000000 -87.7285079956 
1060536.3750000000 -87.7146987915 
1064209.5000000000 -87.6953735352 
1067895.3750000000 -87.6723327637 
1071594.0000000000 -87.6510772705 
1075304.1250000000 -87.6340713501 
1079028.5000000000 -87.6270751953 
1082765.6250000000 -87.6322860718 
1086515.7500000000 -87.6443557739 
1090278.8750000000 -87.6722259521 
1094055.0000000000 -87.7048187256 
1097844.1250000000 -87.7443847656 
1101646.5000000000 -87.7873153687 
1105460.7500000000 -87.8291015625 
1109289.5000000000 -87.8622894287 
1113131.5000000000 -87.8783340454 
1116986.7500000000 -87.8823547363 
1120855.3750000000 -87.8509979248 
1124737.3750000000 -87.8094558716 
1128632.8750000000 -87.7546920776 
1132541.8750000000 -87.6988067627 
1136463.1250000000 -87.6473999023 
1140399.2500000000 -87.6064147949 
1144348.8750000000 -87.5810241699 
1148312.3750000000 -87.5647048950 
1152289.5000000000 -87.5632934570 
1156280.3750000000 -87.5705795288 
1160285.1250000000 -87.5823287964 
1164303.6250000000 -87.5961380005 
1168334.8750000000 -87.6055450439 
1172381.3750000000 -87.6117324829 
1176441.8750000000 -87.6130294800 
1180516.3750000000 -87.6195678711 
1184605.1250000000 -87.6321716309 
1188707.8750000000 -87.6644592285 
1192824.8750000000 -87.7108993530 
1196956.2500000000 -87.7663650513 
1201100.5000000000 -87.8274612427 
1205260.5000000000 -87.8820648193 
1209434.8750000000 -87.9300155640 
1213623.6250000000 -87.9651260376 
1217827.0000000000 -87.9855804443 
1222044.8750000000 -87.9941558838 
1226277.3750000000 -87.9867630005 
1230524.5000000000 -87.9579620361 
1234785.0000000000 -87.9198684692 
1239061.6250000000 -87.8738174438 
1243353.1250000000 -87.8312988281 
1247659.3750000000 -87.7983779907 
1251980.6250000000 -87.7748565674 
1256316.7500000000 -87.7641906738 
1260668.0000000000 -87.7569122314 
1265034.2500000000 -87.7478561401 
1269415.6250000000 -87.7339859009 
1273810.7500000000 -87.7086105347 
1278222.6250000000 -87.6795730591 
1282649.6250000000 -87.6495819092 
1287092.0000000000 -87.6250152588 
1291549.8750000000 -87.6154861450 
1296023.0000000000 -87.6186141968 
1300511.7500000000 -87.6342773438 
1305016.0000000000 -87.6623764038 
1309534.5000000000 -87.6940689087 
1314070.0000000000 -87.7276229858 
1318621.1250000000 -87.7622985840 
1323188.1250000000 -87.7995986938 
1327771.0000000000 -87.8370971680 
1332369.6250000000 -87.8719482422 
1336984.2500000000 -87.9019165039 
1341614.8750000000 -87.9227828979 
1346260.0000000000 -87.9403076172 
1350922.6250000000 -87.9564743042 
1355601.5000000000 -87.9714355469 
1360296.6250000000 -87.9807052612 
1365007.8750000000 -87.9766540527 
1369735.6250000000 -87.9603958130 
1374479.6250000000 -87.9333572388 
1379240.0000000000 -87.8985137939 
1384015.5000000000 -87.8636550903 
1388808.8750000000 -87.8351364136 
1393619.0000000000 -87.8149642944 
1398445.7500000000 -87.8036041260 
1403289.1250000000 -87.7987060547 
1408149.3750000000 -87.7905197144 
1413026.5000000000 -87.7770919800 
1417920.3750000000 -87.7623901367 
1422829.7500000000 -87.7529220581 
1427757.6250000000 -87.7608413696 
1432702.6250000000 -87.7915267944 
1437664.7500000000 -87.8343658447 
1442644.0000000000 -87.8818664551 
1447640.6250000000 -87.9271774292 
1452654.3750000000 -87.9651641846 
1457685.6250000000 -87.9896621704 
1462732.6250000000 -88.0003738403 
1467798.7500000000 -87.9944763184 
1472882.3750000000 -87.9694519043 
1477983.6250000000 -87.9243240356 
1483102.6250000000 -87.8611068726 
1488239.2500000000 -87.7933731079 
1493393.6250000000 -87.7424011230 
1498566.0000000000 -87.7179565430 
1503754.5000000000 -87.7200088501 
1508962.7500000000 -87.7401199341 
1514189.0000000000 -87.7646560669 
1519433.2500000000 -87.7818069458 
1524695.7500000000 -87.7953033447 
1529976.5000000000 -87.8182525635 
1535275.5000000000 -87.8561477661 
1540592.8750000000 -87.9028167725 
1545926.8750000000 -87.9422302246 
1551281.1250000000 -87.9558334351 
1556654.0000000000 -87.9344253540 
1562045.3750000000 -87.8889617920 
1567455.3750000000 -87.8501052856 
1572884.2500000000 -87.8377761841 
1578331.8750000000 -87.8598632813 
1583798.3750000000 -87.9125747681 
1589283.7500000000 -87.9794082642 
1594786.3750000000 -88.0334930420 
1600309.8750000000 -88.0463714600 
1605852.5000000000 -88.0032806396 
1611414.2500000000 -87.9166641235 
1616995.3750000000 -87.8237457275 
1622595.7500000000 -87.7597351074 
1628215.5000000000 -87.7355270386 
1633854.7500000000 -87.7455596924 
1639511.7500000000 -87.7756195068 
1645190.1250000000 -87.8121109009 
1650888.1250000000 -87.8492355347 
1656605.8750000000 -87.8903427124 
1662343.5000000000 -87.9419708252 
1668101.0000000000 -88.0043563843 
1673878.3750000000 -88.0662384033 
1679675.7500000000 -88.1097030640 
1685491.3750000000 -88.1221694946 
1691329.0000000000 -88.1043472290 
1697186.8750000000 -88.0674133301 
1703065.0000000000 -88.0259552002 
1708963.5000000000 -87.9942779541 
1714882.3750000000 -87.9826583862 
1720821.7500000000 -87.9883651733 
1726781.7500000000 -87.9985275269 
1732760.5000000000 -88.0009994507 
1738761.8750000000 -87.9951095581 
1744784.0000000000 -87.9917831421 
1750826.8750000000 -88.0046691895 
1756890.8750000000 -88.0394134521 
1762975.7500000000 -88.0877075195 
1769081.7500000000 -88.1367187500 
1775208.8750000000 -88.1507873535 
1781355.2500000000 -88.1336517334 
1787524.8750000000 -88.0963592529 
1793715.8750000000 -88.0541915894 
1799928.3750000000 -88.0140914917 
1806162.3750000000 -87.9732894897 
1812417.8750000000 -87.9304580688 
1818695.1250000000 -87.8947372437 
1824994.1250000000 -87.8799438477 
1831312.8750000000 -87.8919296265 
1837655.5000000000 -87.9254379272 
1844020.1250000000 -87.9712142944 
1850406.8750000000 -88.0208129883 
1856815.6250000000 -88.0638122559 
1863246.6250000000 -88.0861282349 
1869699.8750000000 -88.0773239136 
1876175.5000000000 -88.0425949097 
1882671.5000000000 -88.0056152344 
1889192.0000000000 -88.0035171509 
1895735.2500000000 -88.0475158691 
1902301.0000000000 -88.0662078857 
1908889.5000000000 -88.0558624268 
1915500.8750000000 -88.0258636475 
1922135.1250000000 -88.0011749268 
1928792.3750000000 -88.0100555420 
1935470.5000000000 -88.0674819946 
1942173.8750000000 -88.1591339111 
1948900.5000000000 -88.2455825806 
1955650.5000000000 -88.2915115356 
1962423.7500000000 -88.2697982788 
1969220.5000000000 -88.1874542236 
1976040.8750000000 -88.1065139771 
1982884.7500000000 -88.0173568726 
1989750.2500000000 -87.9375000000 
1996641.6250000000 -87.8867645264 
2003556.8750000000 -87.8767471313 
2010496.1250000000 -87.9051742554 
2017459.3750000000 -87.9925613403 
2024446.7500000000 -88.0920410156 
2031458.3750000000 -88.1483917236 
2038494.2500000000 -88.1835174561 
2045554.5000000000 -88.1875762939 
2052636.8750000000 -88.1606292725 
2059746.1250000000 -88.0966186523 
2066879.8750000000 -88.0525436401 
2074038.5000000000 -88.0448455811 
2081221.7500000000 -88.0450210571 
2088430.0000000000 -88.0470275879 
2095663.2500000000 -88.0536956787 
2102921.5000000000 -88.0863113403 
2110202.5000000000 -88.1293487549 
2117511.0000000000 -88.1500854492 
2124845.0000000000 -88.1715698242 
2132204.2500000000 -88.2113571167 
2139589.0000000000 -88.3067626953 
2146999.5000000000 -88.3731765747 
2154435.5000000000 -88.3602752686 
2161897.2500000000 -88.3211288452 
2169382.5000000000 -88.2914352417 
2176896.0000000000 -88.3142700195 
2184435.7500000000 -88.3452301025 
2192001.2500000000 -88.3771896362 
2199593.2500000000 -88.4504089355 
2207211.5000000000 -88.5789108276 
2214856.0000000000 -88.6857223511 
2222527.0000000000 -88.7606277466 
2230222.2500000000 -88.7444534302 
2237946.5000000000 -88.6602554321 
2245697.5000000000 -88.6385955811 
2253475.5000000000 -88.6741256714 
2261280.2500000000 -88.8156051636 
2269112.0000000000 -89.0029296875 
2276971.0000000000 -89.1288757324 
2284857.2500000000 -89.2293701172 
2292768.2500000000 -89.2945098877 
2300709.0000000000 -89.2987747192 
2308677.5000000000 -89.3086242676 
2316673.5000000000 -89.4088516235 
2324697.2500000000 -89.6135864258 
2332748.7500000000 -89.7957992554 
2340828.0000000000 -90.0239028931 
2348935.2500000000 -90.1327209473 
2357068.2500000000 -90.1408615112 
2365231.7500000000 -90.1849670410 
2373423.7500000000 -90.3518905640 
2381644.0000000000 -90.5497131348 
2389892.7500000000 -90.8551559448 
2398170.0000000000 -91.0773162842 
2406475.7500000000 -91.1840362549 
2414810.5000000000 -91.3882446289 
2423171.5000000000 -91.6508560181 
2431564.0000000000 -91.9159622192 
2439985.7500000000 -92.1774215698 
2448436.5000000000 -92.3721237183 
2456916.5000000000 -92.7038497925 
2465426.0000000000 -93.0381698608 
2473964.7500000000 -93.3138504028 
2482533.2500000000 -93.5628509521 
2491128.7500000000 -93.7406311035 
2499756.5000000000 -94.0534133911 
2508414.2500000000 -94.4161987305 
2517102.2500000000 -94.8384628296 
2525820.0000000000 -95.3068771362 
2534568.0000000000 -95.6112442017 
2543346.5000000000 -96.0002365112 
2552155.2500000000 -96.3520126343 
2560994.5000000000 -96.7379379272 
2569861.5000000000 -97.1771163940 
2578762.2500000000 -97.6335449219 
2587693.5000000000 -98.1166992188 
2596656.0000000000 -98.6564483643 
2605649.2500000000 -99.2121200562 
2614673.7500000000 -99.6556243896 
2623729.7500000000 -100.0426025391 
2632816.7500000000 -100.5102081299 
2641932.5000000000 -101.0994720459 
2651082.7500000000 -101.7254486084 
2660264.7500000000 -102.3003921509 
2669478.5000000000 -102.7575683594 
2678724.0000000000 -103.1855316162 
2688001.7500000000 -103.6548690796 
2697311.5000000000 -104.1815338135 
2706653.5000000000 -104.7108764648 
2716024.7500000000 -105.2158279419 
2725431.7500000000 -105.6744689941 
2734871.0000000000 -106.1184616089 
2744343.2500000000 -106.5188369751 
2753848.0000000000 -106.8824157715 
2763386.0000000000 -107.2383193970 
2772956.7500000000 -107.7060394287 
2782560.7500000000 -107.9428405762 
2792195.0000000000 -108.0335769653 
2801865.5000000000 -108.0900878906 
2811569.7500000000 -108.1847457886 
2821307.5000000000 -108.3849334717 
2831079.0000000000 -108.5455398560 
2840884.2500000000 -108.6628417969 
2850723.5000000000 -108.7236633301 
2860597.0000000000 -108.7211837769 
2870501.2500000000 -108.7326507568 
2880443.2500000000 -108.7854309082 
2890419.5000000000 -108.8478164673 
2900430.2500000000 -108.9385375977 
2910475.7500000000 -109.0145492554 
2920556.0000000000 -109.0552978516 
2930671.2500000000 -109.0749206543 
2940821.5000000000 -109.0939407349 
2951003.7500000000 -109.0694961548 
2961224.2500000000 -109.0000610352 
2971480.5000000000 -108.9999847412 
2981772.0000000000 -109.0769271851 
2992099.2500000000 -109.2211532593 
3002462.2500000000 -109.3498153687 
3012861.0000000000 -109.3653030396 
3023296.0000000000 -109.3862838745 
3033763.7500000000 -109.4152221680 
3044271.0000000000 -109.4527969360 
3054814.7500000000 -109.4973831177 
3065395.0000000000 -109.5449981689 
3076011.7500000000 -109.5897521973 
3086665.5000000000 -109.6241836548 
3097356.0000000000 -109.6476058960 
3108083.5000000000 -109.6622695923 
3118844.7500000000 -109.6723937988 
3129646.7500000000 -109.6824798584 
3140486.2500000000 -109.6956329346 
3151363.0000000000 -109.7126083374 
3162277.7500000000 -109.7318954468 
3173230.0000000000 -109.7510223389 
3184220.5000000000 -109.7692871094 
3195248.7500000000 -109.7888717651 
3206315.5000000000 -109.8127975464 
3217416.7500000000 -109.8428039551 
3228560.2500000000 -109.8779373169 
3239742.2500000000 -109.9144439697 
3250962.7500000000 -109.9472503662 
3262222.5000000000 -109.9726028442 
3273521.0000000000 -109.9905014038 
3284858.7500000000 -110.0056686401 
3296235.5000000000 -110.0261611938 
3307648.2500000000 -110.0610809326 
3319104.2500000000 -110.1153640747 
3330599.7500000000 -110.1876525879 
3342135.2500000000 -110.2722625732 
3353710.5000000000 -110.3597488403 
3365326.0000000000 -110.4386444092 
3376981.5000000000 -110.4976654053 
3388677.5000000000 -110.5285720825 
3400410.5000000000 -110.5292129517 
3412187.5000000000 -110.5052795410 
3424005.5000000000 -110.4694900513 
3435864.5000000000 -110.4380187988 
3447764.2500000000 -110.4253082275 
3459705.5000000000 -110.4395599365 
3471688.0000000000 -110.4805984497 
3483712.0000000000 -110.5406646729 
3495774.0000000000 -110.6077270508 
3507881.5000000000 -110.6701126099 
3520030.7500000000 -110.7202453613 
3532222.2500000000 -110.7463455200 
3544456.0000000000 -110.7745971680 
3556732.0000000000 -110.7960586548 
3569050.5000000000 -110.8171463013 
3581411.7500000000 -110.8428268433 
3593812.0000000000 -110.8758773804 
3606259.0000000000 -110.9170532227 
3618749.0000000000 -110.9656524658 
3631282.5000000000 -111.0202102661 
3643859.2500000000 -111.1103286743 
3656479.5000000000 -111.2070159912 
3669143.5000000000 -111.2747955322 
3681851.5000000000 -111.3435287476 
3694599.2500000000 -111.4100875854 
3707395.5000000000 -111.4698333740 
3720235.7500000000 -111.5179977417 
3733120.7500000000 -111.5519714355 
3746050.2500000000 -111.5734176636 
3759024.5000000000 -111.5889205933 
3772043.7500000000 -111.6083526611 
3785108.0000000000 -111.6416397095 
3798213.2500000000 -111.6952133179 
3811368.2500000000 -111.7697830200 
3824568.7500000000 -111.8600234985 
3837815.0000000000 -111.9564437866 
3851107.0000000000 -112.0884094238 
3864445.2500000000 -112.1931457520 
3877829.5000000000 -112.2439804077 
3891260.2500000000 -112.2853469849 
3904733.2500000000 -112.3209762573 
3918257.0000000000 -112.3515701294 
3931827.7500000000 -112.3745346069 
3945445.5000000000 -112.3862228394 
3959110.2500000000 -112.3854217529 
3972822.5000000000 -112.3698272705 
3986582.2500000000 -112.3582687378 
4000389.5000000000 -112.3621139526 
4014244.7500000000 -112.3745803833 
4028143.5000000000 -112.3921737671 
4042094.7500000000 -112.4133071899 
4056094.2500000000 -112.4414215088 
4070142.5000000000 -112.5164108276 
4084239.2500000000 -112.6387176514 
4098384.7500000000 -112.7493057251 
4112579.2500000000 -112.8711624146 
4126823.0000000000 -112.9931869507 
4141111.5000000000 -113.1065444946 
4155454.0000000000 -113.2484054565 
4169846.2500000000 -113.3601150513 
4184288.5000000000 -113.4143066406 
4198780.5000000000 -113.4543838501 
4213323.0000000000 -113.4828033447 
4227915.5000000000 -113.5041427612 
4242558.5000000000 -113.5371093750 
4257248.0000000000 -113.5830535889 
4271992.5000000000 -113.6236495972 
4286788.5000000000 -113.6670913696 
4301635.5000000000 -113.7075729370 
4316534.0000000000 -113.7542800903 
4331484.0000000000 -113.7911453247 
4346486.0000000000 -113.8183517456 
4361540.0000000000 -113.8553924561 
4376641.0000000000 -113.9396438599 
4391799.5000000000 -114.0548553467 
4407010.0000000000 -114.1500244141 
4422273.5000000000 -114.2561416626 
4437590.0000000000 -114.4273910522 
4452959.5000000000 -114.5982284546 
4468382.0000000000 -114.7005996704 
4483858.0000000000 -114.7884902954 
4499383.0000000000 -114.8904266357 
4514966.0000000000 -114.9715194702 
4530603.5000000000 -115.0202178955 
4546295.0000000000 -115.0985260010 
4562041.0000000000 -115.1881637573 
4577841.5000000000 -115.2564315796 
4593696.5000000000 -115.3306198120 
4609606.5000000000 -115.4517211914 
4625566.5000000000 -115.5820770264 
4641587.0000000000 -115.6741333008 
4657663.0000000000 -115.8154373169 
4673794.5000000000 -115.9515228271 
4689982.0000000000 -116.0299682617 
4706225.5000000000 -116.1192703247 
4722525.5000000000 -116.1834564209 
4738881.5000000000 -116.2177124023 
4755289.5000000000 -116.2727127075 
4771759.0000000000 -116.3362808228 
4788286.0000000000 -116.3818054199 
4804870.0000000000 -116.4483184814 
4821511.5000000000 -116.5137786865 
4838210.5000000000 -116.5860595703 
4854967.5000000000 -116.6697769165 
4871782.5000000000 -116.7331008911 
4888650.0000000000 -116.8301696777 
4905581.5000000000 -116.9062728882 
4922572.0000000000 -116.9125823975 
4939621.0000000000 -116.7886886597 
4956729.5000000000 -116.5226135254 
4973896.5000000000 -116.1988296509 
4991123.5000000000 -115.9946517944 
5008410.0000000000 -116.0063629150 
5025756.5000000000 -116.2611160278 
5043157.5000000000 -116.6736755371 
5060624.0000000000 -117.0752563477 
5078151.5000000000 -117.3490905762 
5095739.5000000000 -117.4516067505 
5113388.0000000000 -117.4832839966 
5131098.0000000000 -117.5021057129 
5148869.5000000000 -117.5383224487 
5166702.5000000000 -117.5754776001 
5184591.5000000000 -117.6442642212 
5202548.0000000000 -117.7204742432 
5220566.5000000000 -117.7978439331 
5238648.0000000000 -117.8698120117 
5256791.5000000000 -117.9271087646 
5274998.5000000000 -117.9698028564 
5293268.0000000000 -117.9978713989 
5311601.0000000000 -118.0223922729 
5329991.5000000000 -118.0548248291 
5348452.0000000000 -118.1004867554 
5366976.0000000000 -118.1624221802 
5385564.5000000000 -118.2306060791 
5404217.0000000000 -118.2908630371 
5422934.0000000000 -118.3405838013 
5441716.5000000000 -118.3538436890 
5460563.5000000000 -118.3560333252 
5479470.0000000000 -118.3593368530 
5498447.5000000000 -118.3671569824 
5517491.5000000000 -118.3749618530 
5536601.0000000000 -118.3780059814 
5555776.5000000000 -118.3783340454 
5575019.0000000000 -118.3824539185 
5594327.5000000000 -118.4002456665 
5613703.5000000000 -118.4205856323 
5633140.0000000000 -118.4425735474 
5652650.0000000000 -118.4657211304 
5672228.0000000000 -118.4942626953 
5691873.5000000000 -118.5426712036 
5711587.0000000000 -118.5844345093 
5731368.5000000000 -118.6275711060 
5751219.0000000000 -118.6707153320 
5771138.0000000000 -118.7138900757 
5791120.0000000000 -118.7709503174 
5811177.0000000000 -118.8109512329 
5831304.0000000000 -118.8426742554 
5851500.0000000000 -118.8682403564 
5871766.5000000000 -118.8767471313 
5892103.0000000000 -118.8840866089 
5912510.5000000000 -118.9067611694 
5932988.0000000000 -118.9380569458 
5953530.0000000000 -118.9810714722 
5974150.0000000000 -119.0430831909 
5994841.0000000000 -119.0866012573 
6015604.0000000000 -119.1246337891 
6036438.5000000000 -119.1700592041 
6057345.5000000000 -119.2093582153 
6078325.0000000000 -119.2339859009 
6099377.0000000000 -119.2552719116 
6120495.0000000000 -119.2856445313 
6141693.0000000000 -119.3137130737 
6162964.5000000000 -119.3486709595 
6184310.0000000000 -119.4034347534 
6205729.0000000000 -119.4639358521 
6227222.0000000000 -119.5215225220 
6248790.0000000000 -119.5569915771 
6270432.0000000000 -119.5810165405 
6292142.5000000000 -119.5986862183 
6313935.0000000000 -119.6079483032 
6335803.0000000000 -119.6194915771 
6357747.0000000000 -119.6460037231 
6379767.0000000000 -119.7039184570 
6401863.0000000000 -119.7739791870 
6424035.5000000000 -119.8327331543 
6446284.5000000000 -119.8620529175 
6468611.0000000000 -119.8769149780 
6491007.5000000000 -119.8825912476 
6513489.0000000000 -119.8781585693 
6536048.0000000000 -119.8763504028 
6558685.5000000000 -119.8926239014 
6581401.0000000000 -119.9275436401 
6604195.5000000000 -119.9558868408 
6627069.0000000000 -119.9793014526 
6650021.5000000000 -120.0091552734 
6673046.0000000000 -120.0438766479 
6696158.0000000000 -120.0780944824 
6719350.0000000000 -120.1096191406 
6742622.0000000000 -120.1464920044 
6765974.5000000000 -120.1915969849 
6789408.5000000000 -120.2424926758 
6812923.0000000000 -120.2969055176 
6836519.5000000000 -120.3424530029 
6860190.0000000000 -120.3590698242 
6883950.0000000000 -120.3539047241 
6907792.0000000000 -120.3358230591 
6931717.0000000000 -120.3373794556 
6955724.5000000000 -120.3759078979 
6979815.5000000000 -120.4386672974 
7003989.5000000000 -120.5097656250 
7028247.5000000000 -120.5855331421 
7052582.0000000000 -120.6566696167 
7077008.0000000000 -120.7028961182 
7101519.0000000000 -120.7190475464 
7126115.0000000000 -120.7262115479 
7150796.0000000000 -120.7489013672 
7175562.5000000000 -120.7950057983 
7200414.5000000000 -120.8575668335 
7225353.0000000000 -120.9206848145 
7250369.5000000000 -120.9660263062 
7275481.0000000000 -120.9940032959 
7300679.0000000000 -121.0180816650 
7325965.0000000000 -121.0473709106 
7351338.0000000000 -121.0859146118 
7376799.0000000000 -121.1346740723 
7402348.0000000000 -121.1961288452 
7427986.0000000000 -121.2637252808 
7453704.0000000000 -121.3208236694 
7479519.5000000000 -121.3592758179 
7505424.5000000000 -121.3856887817 
7531419.5000000000 -121.4186096191 
7557504.0000000000 -121.4663848877 
7583679.0000000000 -121.5164413452 
7609945.0000000000 -121.5617523193 
7636301.5000000000 -121.5847549438 
7662741.0000000000 -121.5774536133 
7689280.5000000000 -121.5545425415 
7715912.0000000000 -121.5591125488 
7742636.0000000000 -121.6338958740 
7769452.0000000000 -121.7395172119 
7796361.5000000000 -121.8538894653 
7823363.5000000000 -121.9452819824 
7850459.5000000000 -121.9921112061 
7877640.5000000000 -121.9943618774 
7904924.5000000000 -122.0059432983 
7932302.5000000000 -122.0414810181 
7959776.0000000000 -122.1040573120 
7987344.0000000000 -122.1721801758 
8015008.0000000000 -122.2240142822 
8042767.5000000000 -122.2777252197 
8070623.5000000000 -122.3334732056 
8098575.5000000000 -122.3903427124 
8126615.5000000000 -122.4538803101 
8154762.0000000000 -122.5326156616 
8183005.5000000000 -122.5952529907 
8211347.0000000000 -122.6210098267 
8239786.5000000000 -122.6356124878 
8268325.0000000000 -122.6651535034 
8296961.5000000000 -122.7214889526 
8325698.0000000000 -122.8241882324 
8354524.5000000000 -122.9298553467 
8383460.0000000000 -123.0032424927 
8412496.0000000000 -123.0818862915 
8441632.0000000000 -123.1422653198 
8470869.0000000000 -123.1820831299 
8500208.0000000000 -123.2296447754 
8529648.0000000000 -123.2876052856 
8559190.0000000000 -123.3692550659 
8588825.0000000000 -123.4434814453 
8618572.0000000000 -123.5157318115 
8648422.0000000000 -123.5904693604 
8678375.0000000000 -123.6567687988 
8708432.0000000000 -123.7069396973 
8738593.0000000000 -123.7418365479 
8768859.0000000000 -123.7869110107 
8799230.0000000000 -123.8566131592 
8829696.0000000000 -123.9289779663 
8860277.0000000000 -123.9945373535 
8890964.0000000000 -124.0538101196 
8921758.0000000000 -124.1071624756 
8952658.0000000000 -124.1790390015 
8983665.0000000000 -124.2748184204 
9014779.0000000000 -124.3528823853 
9046002.0000000000 -124.3893890381 
9077322.0000000000 -124.4146957397 
9108761.0000000000 -124.4623641968 
9140309.0000000000 -124.5504074097 
9171966.0000000000 -124.6364288330 
9203732.0000000000 -124.7258605957 
9235609.0000000000 -124.8061370850 
9267596.0000000000 -124.8690261841 
9299694.0000000000 -124.9236297607 
9331893.0000000000 -124.9581298828 
9364214.0000000000 -125.0111465454 
9396646.0000000000 -125.1018142700 
9429191.0000000000 -125.1668930054 
9461849.0000000000 -125.2108764648 
9494619.0000000000 -125.2853775024 
9527503.0000000000 -125.3837585449 
9560501.0000000000 -125.4923629761 
9593603.0000000000 -125.5988693237 
9626830.0000000000 -125.6527633667 
9660172.0000000000 -125.6811904907 
9693630.0000000000 -125.7088165283 
9727203.0000000000 -125.7500305176 
9760893.0000000000 -125.8136596680 
9794699.0000000000 -125.8873062134 
9828623.0000000000 -125.9661026001 
9862653.0000000000 -126.0589599609 
9896812.0000000000 -126.1505966187 
9931089.0000000000 -126.2159652710 
9965485.0000000000 -126.2938156128 
10000000.0000000000 -126.3905258179 
%Trace 6 
%Trace Mode CLR/WRITE 
%Trace Result PN 
%Smoothing OFF 
%Smoothing Value 1.0000000000 %
%Spurious Removal OFF 
%Spurious Removal Threshold 6.0000000000 dB
%Trace Offset OFF 
%Trace Offset 0.0000000000 dB
%Trace Label OFF 
%Trace Label Trace 6 
%x-Unit Hz 
%y-Unit dBc/Hz 
%Values 4663 
1.0000000000 -83.5035552979 
1.0034632683 -83.4520339966 
1.0069385767 -83.3765487671 
1.0104259253 -83.3010635376 
1.0139254332 -83.2255783081 
1.0174369812 -83.1480407715 
1.0209606886 -83.0334625244 
1.0244965553 -82.9188919067 
1.0280447006 -82.8043136597 
1.0316051245 -82.6897430420 
1.0351779461 -82.5733337402 
1.0387630463 -82.4555282593 
1.0423606634 -82.3377227783 
1.0459706783 -82.2199249268 
1.0495932102 -82.1055221558 
1.0532282591 -82.0100631714 
1.0568759441 -81.9146118164 
1.0605362654 -81.8191528320 
1.0642092228 -81.7236938477 
1.0678949356 -81.6501922607 
1.0715934038 -81.5820922852 
1.0753046274 -81.5139923096 
1.0790288448 -81.4458923340 
1.0827658176 -81.3844299316 
1.0865157843 -81.3291702271 
1.0902787447 -81.2739105225 
1.0940546989 -81.2186431885 
1.0978437662 -81.1602401733 
1.1016459465 -81.0942993164 
1.1054613590 -81.0283660889 
1.1092898846 -80.9624328613 
1.1131316423 -80.8934707642 
1.1169868708 -80.8047943115 
1.1208553314 -80.7161178589 
1.1247371435 -80.6274414063 
1.1286325455 -80.5383987427 
1.1325412989 -80.4378738403 
1.1364636421 -80.3373489380 
1.1403995752 -80.2368240356 
1.1443492174 -80.1362915039 
1.1483124495 -80.0439453125 
1.1522893906 -79.9517211914 
1.1562801600 -79.8594970703 
1.1602846384 -79.7672729492 
1.1643031836 -79.6936492920 
1.1683354378 -79.6201095581 
1.1723817587 -79.5465774536 
1.1764421463 -79.4742050171 
1.1805164814 -79.4201812744 
1.1846050024 -79.3661575317 
1.1887077093 -79.3121337891 
1.1928246021 -79.2626113892 
1.1969556808 -79.2339477539 
1.2011011839 -79.2052841187 
1.2052608728 -79.1766204834 
1.2094351053 -79.1627197266 
1.2136237621 -79.1766662598 
1.2178269625 -79.1906127930 
1.2220447063 -79.2045516968 
1.2262769938 -79.2527999878 
1.2305239439 -79.3273925781 
1.2347856760 -79.4019851685 
1.2390621901 -79.4765853882 
1.2433534861 -79.6043624878 
1.2476595640 -79.7427673340 
1.2519805431 -79.8811798096 
1.2563166618 -80.0255661011 
1.2606676817 -80.2041397095 
1.2650337219 -80.3827133179 
1.2694149017 -80.5612792969 
1.2738113403 -80.7322387695 
1.2782229185 -80.8958816528 
1.2826498747 -81.0595245361 
1.2870920897 -81.2231750488 
1.2915496826 -81.3100738525 
1.2960226536 -81.3900527954 
1.3005112410 -81.4700317383 
1.3050153255 -81.5073013306 
1.3095350266 -81.4712905884 
1.3140703440 -81.4352798462 
1.3186213970 -81.3992691040 
1.3231881857 -81.2936401367 
1.3277708292 -81.1768951416 
1.3323693275 -81.0601425171 
1.3369836807 -80.9354629517 
1.3416141272 -80.7987670898 
1.3462605476 -80.6620788574 
1.3509230614 -80.5253906250 
1.3556017876 -80.4051589966 
1.3602966070 -80.2853469849 
1.3650077581 -80.1655349731 
1.3697352409 -80.0627822876 
1.3744791746 -79.9717636108 
1.3792393208 -79.8807525635 
1.3840161562 -79.7990341187 
1.3888094425 -79.7454452515 
1.3936192989 -79.6918563843 
1.3984458447 -79.6382675171 
1.4032890797 -79.6387405396 
1.4081491232 -79.6424865723 
1.4130259752 -79.6462402344 
1.4179197550 -79.7084503174 
1.4228304625 -79.7988662720 
1.4277582169 -79.8892898560 
1.4327028990 -80.0295715332 
1.4376648664 -80.2326202393 
1.4426438808 -80.4356613159 
1.4476402998 -80.6680297852 
1.4526538849 -80.9899215698 
1.4576849937 -81.3118209839 
1.4627333879 -81.6408920288 
1.4677993059 -82.0465774536 
1.4728827477 -82.4522552490 
1.4779838324 -82.8579406738 
1.4831025600 -83.2439956665 
1.4882389307 -83.6292114258 
1.4933931828 -84.0144271851 
1.4985653162 -84.2381515503 
1.5037553310 -84.4366912842 
1.5089633465 -84.6352386475 
1.5141893625 -84.6038665771 
1.5194333792 -84.5165939331 
1.5246957541 -84.4293060303 
1.5299762487 -84.1965560913 
1.5352749825 -83.9217224121 
1.5405921936 -83.6468887329 
1.5459277630 -83.3613586426 
1.5512818098 -83.0727767944 
1.5566543341 -82.7842025757 
1.5620455742 -82.5701065063 
1.5674554110 -82.3732910156 
1.5728839636 -82.1764755249 
1.5783313513 -82.0845718384 
1.5837976933 -82.0076293945 
1.5892828703 -81.9306793213 
1.5947870016 -81.9371414185 
1.6003103256 -81.9463424683 
1.6058527231 -81.9555892944 
1.6114143133 -81.9653244019 
1.6169950962 -81.9750671387 
1.6225953102 -81.9631271362 
1.6282148361 -81.8827438354 
1.6338539124 -81.8023681641 
1.6395124197 -81.6790771484 
1.6451905966 -81.4962005615 
1.6508884430 -81.3133239746 
1.6566059589 -81.1126632690 
1.6623432636 -80.9012756348 
1.6681005955 -80.6898880005 
1.6738777161 -80.5265274048 
1.6796748638 -80.3712310791 
1.6854921579 -80.2281265259 
1.6913294792 -80.1792068481 
1.6971870661 -80.1302871704 
1.7030650377 -80.1295089722 
1.7089632750 -80.2013473511 
1.7148818970 -80.2731857300 
1.7208211422 -80.4161071777 
1.7267808914 -80.5883331299 
1.7327612638 -80.7622146606 
1.7387623787 -80.9737167358 
1.7447843552 -81.1852340698 
1.7508270741 -81.3776092529 
1.7568907738 -81.5413894653 
1.7629753351 -81.7051696777 
1.7690811157 -81.7949981689 
1.7752079964 -81.8643646240 
1.7813560963 -81.9243698120 
1.7875255346 -81.9442367554 
1.7937163115 -81.9641113281 
1.7999285460 -82.0050811768 
1.8061622381 -82.0590896606 
1.8124175072 -82.1182479858 
1.8186944723 -82.2461547852 
1.8249932528 -82.3740615845 
1.8313137293 -82.5246963501 
1.8376561403 -82.6944198608 
1.8440206051 -82.8628540039 
1.8504070044 -82.9996795654 
1.8568155766 -83.1365051270 
1.8632462025 -83.2292861938 
1.8696992397 -83.2869720459 
1.8761746883 -83.3393554688 
1.8826724291 -83.3411865234 
1.8891928196 -83.3430099487 
1.8957357407 -83.3403549194 
1.9023011923 -83.3353347778 
1.9088895321 -83.3326339722 
1.9155006409 -83.3375778198 
1.9221346378 -83.3425216675 
1.9287915230 -83.3319549561 
1.9354715347 -83.3182830811 
1.9421746731 -83.2742996216 
1.9489010572 -83.1936645508 
1.9556506872 -83.1056976318 
1.9624238014 -82.9449310303 
1.9692202806 -82.7841644287 
1.9760403633 -82.6063461304 
1.9828839302 -82.4228363037 
1.9897513390 -82.2683563232 
1.9966424704 -82.1529693604 
2.0035574436 -82.0537033081 
2.0104963779 -82.0709381104 
2.0174593925 -82.0881729126 
2.0244464874 -82.2169418335 
2.0314579010 -82.3677444458 
2.0384933949 -82.5436096191 
2.0455532074 -82.7386550903 
2.0526378155 -82.8947830200 
2.0597467422 -82.9664840698 
2.0668802261 -83.0188827515 
2.0740385056 -82.8552246094 
2.0812215805 -82.6915664673 
2.0884294510 -82.3852920532 
2.0956623554 -82.0568695068 
2.1029202938 -81.7169799805 
2.1102032661 -81.3713226318 
2.1175117493 -81.0582122803 
2.1248455048 -80.7799453735 
2.1322045326 -80.5250625610 
2.1395888329 -80.3206787109 
2.1469991207 -80.1231002808 
2.1544346809 -79.9598007202 
2.1618962288 -79.7970046997 
2.1693835258 -79.6501159668 
2.1768968105 -79.5032348633 
2.1844360828 -79.3852691650 
2.1920015812 -79.2700881958 
2.1995930672 -79.2166213989 
2.2072110176 -79.1777343750 
2.2148551941 -79.2183532715 
2.2225260735 -79.2898254395 
2.2302234173 -79.4270629883 
2.2379472256 -79.6001739502 
2.2456979752 -79.8001480103 
2.2534756660 -80.0189056396 
2.2612800598 -80.2262039185 
2.2691116333 -80.4238891602 
2.2769701481 -80.6040115356 
2.2848560810 -80.7675704956 
2.2927691936 -80.9433898926 
2.3007099628 -81.1315307617 
2.3086779118 -81.3650360107 
2.3166735172 -81.6444091797 
2.3246970177 -81.9537887573 
2.3327481747 -82.2920837402 
2.3408272266 -82.5062942505 
2.3489341736 -82.6126251221 
2.3570692539 -82.3044586182 
2.3652327061 -81.6886062622 
2.3734242916 -80.6678390503 
2.3816442490 -79.4053802490 
2.3898925781 -78.0881500244 
2.3981695175 -76.7464370728 
2.4064753056 -75.6001129150 
2.4148097038 -74.5123291016 
2.4231729507 -73.7329635620 
2.4315650463 -73.0036087036 
2.4399862289 -72.6433334351 
2.4484367371 -72.3273468018 
2.4569165707 -72.3639526367 
2.4654254913 -72.4771423340 
2.4739642143 -72.8830413818 
2.4825322628 -73.4045333862 
2.4911301136 -74.1432952881 
2.4997575283 -75.0066833496 
2.5084149837 -75.9951477051 
2.5171024799 -77.0465469360 
2.5258200169 -78.1299972534 
2.5345678329 -79.1355819702 
2.5433456898 -80.1217727661 
2.5521540642 -80.9355926514 
2.5609929562 -81.7242965698 
2.5698626041 -82.4251403809 
2.5787627697 -83.0993881226 
2.5876939297 -83.7386322021 
2.5966558456 -84.2745513916 
2.6056489944 -84.7551574707 
2.6146731377 -84.9302673340 
2.6237285137 -85.0168609619 
2.6328153610 -84.7660064697 
2.6419336796 -84.4377365112 
2.6510834694 -83.9811782837 
2.6602649689 -83.5172576904 
2.6694786549 -83.0491485596 
2.6787238121 -82.6595916748 
2.6880011559 -82.2998504639 
2.6973104477 -82.0316772461 
2.7066521645 -81.8189010620 
2.7160260677 -81.6639556885 
2.7254326344 -81.5904083252 
2.7348716259 -81.5469284058 
2.7443432808 -81.5774459839 
2.7538478374 -81.6283035278 
2.7633852959 -81.7061538696 
2.7729558945 -81.7793655396 
2.7825593948 -81.8445816040 
2.7921962738 -81.8539581299 
2.8018665314 -81.8249435425 
2.8115704060 -81.7502899170 
2.8213076591 -81.6392669678 
2.8310787678 -81.5256881714 
2.8408837318 -81.4359359741 
2.8507225513 -81.3908996582 
2.8605954647 -81.3798522949 
2.8705027103 -81.4334869385 
2.8804440498 -81.4939956665 
2.8904199600 -81.5617065430 
2.9004304409 -81.6078338623 
2.9104754925 -81.6469497681 
2.9205553532 -81.6849517822 
2.9306702614 -81.7618179321 
2.9408199787 -81.8679428101 
2.9510049820 -82.0745925903 
2.9612252712 -82.3195953369 
2.9714810848 -82.6074295044 
2.9817721844 -82.9036712646 
2.9920992851 -83.1746978760 
3.0024619102 -83.4032287598 
3.0128602982 -83.5437011719 
3.0232946873 -83.6436767578 
3.0337653160 -83.6915969849 
3.0442721844 -83.7402343750 
3.0548155308 -83.8124771118 
3.0653953552 -83.9421615601 
3.0760118961 -84.1503067017 
3.0866649151 -84.3801574707 
3.0973551273 -84.6111831665 
3.1080822945 -84.6925964355 
3.1188464165 -84.6500320435 
3.1296479702 -84.4257354736 
3.1404869556 -84.0946426392 
3.1513633728 -83.7715301514 
3.1622776985 -83.4896163940 
3.1732296944 -83.3286895752 
3.1842195988 -83.2065353394 
3.1952474117 -83.1152648926 
3.2063136101 -82.9930953979 
3.2174181938 -82.8464813232 
3.2285611629 -82.6902694702 
3.2397425175 -82.5640258789 
3.2509627342 -82.5152587891 
3.2622220516 -82.5222854614 
3.2735199928 -82.5886383057 
3.2848572731 -82.6428985596 
3.2962338924 -82.6111679077 
3.3076496124 -82.4718246460 
3.3191051483 -82.1280059814 
3.3306002617 -81.6632461548 
3.3421351910 -81.1604156494 
3.3537099361 -80.6610717773 
3.3653249741 -80.3145294189 
3.3769800663 -80.1231307983 
3.3886756897 -80.1025238037 
3.4004118443 -80.2996063232 
3.4121885300 -80.7893218994 
3.4240059853 -81.4743270874 
3.4358644485 -82.3191986084 
3.4477639198 -83.2714004517 
3.4597046375 -83.9754409790 
3.4716866016 -84.2420654297 
3.4837102890 -84.0522994995 
3.4957754612 -83.4239120483 
3.5078823566 -82.7558059692 
3.5200312138 -82.2527542114 
3.5322222710 -81.9699020386 
3.5444555283 -81.9451141357 
3.5567314625 -82.2128372192 
3.5690495968 -82.5151748657 
3.5814104080 -82.7068862915 
3.5938138962 -82.6664657593 
3.6062602997 -82.2587509155 
3.6187500954 -81.7047424316 
3.6312828064 -81.2045593262 
3.6438591480 -80.8534545898 
3.6564791203 -80.7206802368 
3.6691424847 -80.8947448730 
3.6818499565 -81.2878189087 
3.6946012974 -81.8131332397 
3.7073969841 -82.3888320923 
3.7202367783 -82.9226913452 
3.7331211567 -83.2863845825 
3.7460501194 -83.4856567383 
3.7590239048 -83.5758361816 
3.7720425129 -83.5953063965 
3.7851064205 -83.5836181641 
3.7982153893 -83.5846252441 
3.8113698959 -83.6790695190 
3.8245697021 -83.8974761963 
3.8378155231 -84.2370300293 
3.8511071205 -84.6537628174 
3.8644447327 -85.0611877441 
3.8778283596 -85.3174285889 
3.8912587166 -85.2270736694 
3.9047353268 -84.8181915283 
3.9182586670 -84.1486511230 
3.9318287373 -83.3068084717 
3.9454460144 -82.4000549316 
3.9591102600 -81.5439834595 
3.9728219509 -80.8722763062 
3.9865810871 -80.5089492798 
4.0003876686 -80.4737854004 
4.0142426491 -80.7669601440 
4.0281448364 -81.3317489624 
4.0420956612 -82.0345153809 
4.0560946465 -82.6656417847 
4.0701422691 -82.9863967896 
4.0842385292 -82.8690719604 
4.0983834267 -82.5143280029 
4.1125774384 -82.1875000000 
4.1268205643 -82.0027999878 
4.1411132813 -81.9680023193 
4.1554551125 -82.0104980469 
4.1698470116 -82.0352630615 
4.1842885017 -81.9994277954 
4.1987800598 -81.9612045288 
4.2133216858 -82.0475845337 
4.2279138565 -82.3527908325 
4.2425560951 -82.8363265991 
4.2572493553 -83.2442092896 
4.2719936371 -83.3523559570 
4.2867889404 -83.1832885742 
4.3016357422 -82.9699554443 
4.3165335655 -82.9536514282 
4.3314828873 -83.2641372681 
4.3464841843 -83.8964767456 
4.3615374565 -84.7121047974 
4.3766427040 -85.4364242554 
4.3918004036 -85.7343597412 
4.4070110321 -85.4352645874 
4.4222736359 -84.7183837891 
4.4375896454 -83.9414520264 
4.4529581070 -83.3539276123 
4.4683809280 -83.0332641602 
4.4838562012 -82.9241104126 
4.4993853569 -82.8898620605 
4.5149679184 -82.8011932373 
4.5306048393 -82.6335678101 
4.5462956429 -82.4549331665 
4.5620408058 -82.3044509888 
4.5778408051 -82.1201782227 
4.5936951637 -81.8163452148 
4.6096048355 -81.4363327026 
4.6255693436 -81.1500015259 
4.6415891647 -81.1417694092 
4.6576642990 -81.4837646484 
4.6737952232 -82.0846176147 
4.6899819374 -82.6688537598 
4.7062249184 -82.9161224365 
4.7225241661 -82.7836837769 
4.7388796806 -82.5254592896 
4.7552919388 -82.3591461182 
4.7717609406 -82.3019409180 
4.7882871628 -82.2260055542 
4.8048706055 -81.9711761475 
4.8215112686 -81.4157562256 
4.8382096291 -80.5045394897 
4.8549661636 -79.3065414429 
4.8717803955 -77.4484405518 
4.8886528015 -76.2176284790 
4.9055838585 -76.0065917969 
4.9225735664 -76.3603210449 
4.9396219254 -77.2766265869 
4.9567294121 -78.6709289551 
4.9738960266 -80.3334732056 
4.9911222458 -81.9431762695 
5.0084080696 -83.2716140747 
5.0257534981 -84.3946075439 
5.0431594849 -85.5149993896 
5.0606255531 -86.5960083008 
5.0781521797 -87.0429153442 
5.0957393646 -85.9173126221 
5.1133875847 -84.7802047729 
5.1310968399 -83.7342758179 
5.1488671303 -82.8207397461 
5.1666994095 -82.0358047485 
5.1845936775 -81.4123611450 
5.2025494576 -81.0219039917 
5.2205672264 -81.0689468384 
5.2386479378 -81.7597885132 
5.2567911148 -82.4105148315 
5.2749967575 -82.8128509521 
5.2932658195 -82.7464370728 
5.3115983009 -82.3633728027 
5.3299937248 -81.9761886597 
5.3484535217 -81.7361679077 
5.3669767380 -81.6971130371 
5.3855643272 -81.6314086914 
5.4042162895 -81.5457992554 
5.4229326248 -81.5490036011 
5.4417138100 -81.7083435059 
5.4605603218 -82.1240921021 
5.4794721603 -82.3834533691 
5.4984493256 -82.3036117554 
5.5174922943 -82.1361694336 
5.5366010666 -82.0564880371 
5.5557761192 -82.3627471924 
5.5750174522 -83.1010818481 
5.5943255424 -83.7594604492 
5.6137003899 -84.4172210693 
5.6331429482 -84.8725967407 
5.6526522636 -84.0418395996 
5.6722292900 -82.7108001709 
5.6918740273 -81.4022140503 
5.7115869522 -80.4712142944 
5.7313680649 -80.0461196899 
5.7512173653 -80.3994293213 
5.7711358070 -80.8414764404 
5.7911229134 -81.1782150269 
5.8111796379 -81.3791122437 
5.8313055038 -81.5259323120 
5.8515009880 -81.7517471313 
5.8717665672 -82.3423385620 
5.8921022415 -82.9574584961 
5.9125084877 -82.9784011841 
5.9329853058 -82.4916610718 
5.9535331726 -81.3449935913 
5.9741520882 -80.5691757202 
5.9948425293 -80.4703903198 
6.0156044960 -80.9487228394 
6.0364384651 -81.8849487305 
6.0573449135 -82.4394989014 
6.0783233643 -82.3125305176 
6.0993742943 -81.4679641724 
6.1204986572 -80.9185791016 
6.1416954994 -80.5988159180 
6.1629662514 -80.9435653687 
6.1843104362 -81.6798934937 
6.2057290077 -83.3840942383 
6.2272214890 -85.1815872192 
6.2487878799 -85.3186798096 
6.2704296112 -83.4616851807 
6.2921462059 -81.5297470093 
6.3139376640 -80.7978744507 
6.3358049393 -80.9031295776 
6.3577480316 -82.1030960083 
6.3797669411 -83.4147491455 
6.4018621445 -83.3519821167 
6.4240336418 -82.6374588013 
6.4462819099 -81.8974761963 
6.4686074257 -81.8896102905 
6.4910101891 -82.7201690674 
6.5134906769 -83.7183990479 
6.5360488892 -83.9840774536 
6.5586853027 -83.7555618286 
6.5814003944 -83.4569473267 
6.6041936874 -83.3500671387 
6.6270661354 -82.7097854614 
6.6500177383 -81.1518707275 
6.6730489731 -79.7828674316 
6.6961598396 -79.0112991333 
6.7193508148 -79.1412963867 
6.7426218987 -79.9330749512 
6.7659740448 -81.4701461792 
6.7894062996 -81.9936981201 
6.8129205704 -81.2559509277 
6.8365159035 -80.9054870605 
6.8601927757 -81.1824035645 
6.8839516640 -81.2002105713 
6.9077930450 -80.4818191528 
6.9317169189 -79.9411773682 
6.9557237625 -80.1979064941 
6.9798135757 -80.8059082031 
7.0039868355 -81.0984497070 
7.0282440186 -81.4281997681 
7.0525846481 -82.7411575317 
7.0770101547 -85.8186035156 
7.1015210152 -87.1311721802 
7.1261157990 -85.5522079468 
7.1507959366 -83.5483703613 
7.1755614281 -81.9162750244 
7.2004127502 -80.8252716064 
7.2253499031 -80.3085174561 
7.2503733635 -80.3440933228 
7.2754840851 -80.9616165161 
7.3006811142 -80.6188049316 
7.3259658813 -78.7310943604 
7.3513379097 -77.0814056396 
7.3767981529 -76.5307693481 
7.4023461342 -77.2046737671 
7.4279828072 -78.9284515381 
7.4537081718 -80.1688613892 
7.4795227051 -81.0157089233 
7.5054268837 -81.7977981567 
7.5314202309 -82.1596221924 
7.5575041771 -82.5522079468 
7.5836782455 -83.1160583496 
7.6099429131 -83.3528137207 
7.6362986565 -82.0827331543 
7.6627454758 -80.7103881836 
7.6892838478 -80.0764617920 
7.7159142494 -80.4410476685 
7.7426371574 -81.0311355591 
7.7694520950 -81.0479507446 
7.7963600159 -80.1618499756 
7.8233613968 -79.0843048096 
7.8504562378 -78.8835220337 
7.8776450157 -79.6418762207 
7.9049277306 -81.6728439331 
7.9323048592 -83.5031433105 
7.9597768784 -84.6511154175 
7.9873442650 -83.8932342529 
8.0150070190 -81.9346389771 
8.0427656174 -81.3434677124 
8.0706205368 -81.8928985596 
8.0985708237 -82.8996582031 
8.1266193390 -82.3229598999 
8.1547641754 -81.2970657349 
8.1830062866 -80.5571060181 
8.2113466263 -80.5513153076 
8.2397851944 -81.5386199951 
8.2683229446 -81.9453506470 
8.2969579697 -81.5001907349 
8.3256931305 -81.4100189209 
8.3545274734 -82.4764328003 
8.3834619522 -84.1768035889 
8.4124965668 -85.2207107544 
8.4416322708 -85.8142242432 
8.4708681107 -85.4353485107 
8.5002050400 -83.7160339355 
8.5296440125 -81.6836776733 
8.5591850281 -81.1222152710 
8.5888280869 -81.6143493652 
8.6185741425 -81.2936172485 
8.6484231949 -79.6446685791 
8.6783752441 -78.7781677246 
8.7084312439 -78.9525985718 
8.7385911942 -80.4213180542 
8.7688560486 -82.0863952637 
8.7992248535 -82.1308059692 
8.8296995163 -81.8496704102 
8.8602790833 -82.8493270874 
8.8909654617 -84.4091873169 
8.9217586517 -84.4489364624 
8.9526576996 -82.7885894775 
8.9836635590 -81.0271453857 
9.0147771835 -80.1158905029 
9.0459976196 -80.1358108521 
9.0773267746 -80.5380706787 
9.1087646484 -80.4963150024 
9.1403112411 -80.2272109985 
9.1719665527 -80.6332626343 
9.2037324905 -82.2678909302 
9.2356081009 -84.9793853760 
9.2675933838 -87.1864776611 
9.2996902466 -86.5109481812 
9.3318977356 -84.0830688477 
9.3642177582 -82.3019409180 
9.3966484070 -81.5645828247 
9.4291925430 -81.4248886108 
9.4618482590 -81.8893356323 
9.4946174622 -82.5716857910 
9.5275011063 -81.8872528076 
9.5604972839 -80.3677902222 
9.5936088562 -79.8370666504 
9.6268339157 -80.5004196167 
9.6601753235 -81.9603042603 
9.6936311722 -83.9356689453 
9.7272033691 -84.3077239990 
9.7608919144 -79.8312683105 
9.7946968079 -76.9831542969 
9.8286190033 -76.7594528198 
9.8626585007 -79.0542221069 
9.8968162537 -82.6757431030 
9.9310922623 -84.2806167603 
9.9654865265 -83.4368209839 
10.0000000000 -81.5416183472 
10.0346345901 -81.7283859253 
10.0693864822 -81.7095947266 
10.1042613983 -81.5987548828 
10.1392536163 -81.3951873779 
10.1743707657 -81.1803512573 
10.2096061707 -81.0219345093 
10.2449674606 -80.8972015381 
10.2804470062 -80.8733825684 
10.3160533905 -80.9194488525 
10.3517789841 -81.0477600098 
10.3876323700 -81.2505950928 
10.4236068726 -81.4885711670 
10.4597082138 -81.7222442627 
10.4959316254 -81.9337539673 
10.5322837830 -82.0240707397 
10.5687589645 -82.0424041748 
10.6053638458 -81.9546890259 
10.6420917511 -81.8289794922 
10.6789503098 -81.6842956543 
10.7159337997 -81.6351928711 
10.7530479431 -81.6308822632 
10.7902870178 -81.7609024048 
10.8276586533 -81.9580993652 
10.8651571274 -82.2179489136 
10.9027881622 -82.4985122681 
10.9405460358 -82.7769317627 
10.9784383774 -83.0126113892 
11.0164585114 -83.2137145996 
11.0546140671 -83.3738784790 
11.0928983688 -83.4453659058 
11.1313180923 -83.4760284424 
11.1698675156 -83.3937454224 
11.2085533142 -83.2904129028 
11.2473707199 -83.1647338867 
11.2863254547 -83.1211853027 
11.3254127502 -83.1284561157 
11.3646373749 -83.2654647827 
11.4039955139 -83.4650115967 
11.4434919357 -83.7069396973 
11.4831228256 -83.8951873779 
11.5228948593 -84.0148620605 
11.5628004074 -84.0250854492 
11.6028470993 -83.9273529053 
11.6430301666 -83.7969665527 
11.6833553314 -83.6518554688 
11.7238168716 -83.5133590698 
11.7644214630 -83.3744659424 
11.8051643372 -83.1680755615 
11.8460512161 -82.8989639282 
11.8870754242 -82.5673370361 
11.9282464981 -82.1756515503 
11.9695558548 -81.7735671997 
12.0110120773 -81.3608398438 
12.0526084900 -80.8785705566 
12.0943517685 -80.3570480347 
12.1362361908 -79.7807540894 
12.1782703400 -79.2892837524 
12.2204456329 -78.9206161499 
12.2627706528 -78.7777328491 
12.3052387238 -78.9954605103 
12.3478574753 -79.4191513062 
12.3906202316 -80.1062240601 
12.4335346222 -80.9011764526 
12.4765939713 -81.6210632324 
12.5198059082 -82.1645431519 
12.5631647110 -82.2868423462 
12.6066761017 -82.2247161865 
12.6503391266 -81.9838485718 
12.6941490173 -81.7011337280 
12.7381153107 -81.4835433960 
12.7822294235 -81.3436965942 
12.8264999390 -81.3901901245 
12.8709201813 -81.5328979492 
12.9154977798 -81.7345275879 
12.9602270126 -81.9477005005 
13.0051136017 -82.0919799805 
13.0501527786 -82.2013702393 
13.0953512192 -82.2837600708 
13.1407032013 -82.4372940063 
13.1862154007 -82.6571731567 
13.2318820953 -82.9302291870 
13.2777099609 -83.2201995850 
13.3236923218 -83.3993148804 
13.3698387146 -83.4613113403 
13.4161405563 -83.3910217285 
13.4626073837 -83.2057647705 
13.5092306137 -83.0348587036 
13.5560188293 -82.8922958374 
13.6029663086 -82.7994995117 
13.6500797272 -82.7401580811 
13.6973524094 -82.6787719727 
13.7447919846 -82.6071395874 
13.7923927307 -82.5134277344 
13.8401622772 -82.3628540039 
13.8880929947 -82.1539916992 
13.9361934662 -81.8919372559 
13.9844570160 -81.5858993530 
14.0328922272 -81.2927474976 
14.0814905167 -81.0449066162 
14.1302604675 -80.8594131470 
14.1791963577 -80.7533187866 
14.2283058167 -80.8019409180 
14.2775802612 -80.9740676880 
14.3270301819 -81.2012634277 
14.3766469955 -81.3769073486 
14.4264402390 -81.2186279297 
14.4764013290 -80.3737869263 
14.5265398026 -79.1503524780 
14.5768480301 -77.8032836914 
14.6273345947 -76.6155319214 
14.6779909134 -75.9427871704 
14.7288274765 -75.8709640503 
14.7798366547 -76.3694381714 
14.8310260773 -77.4338989258 
14.8823881149 -79.0213851929 
14.9339323044 -81.0197219849 
14.9856519699 -82.8080444336 
15.0375537872 -83.9641799927 
15.0896310806 -84.4960556030 
15.1418933868 -84.5902252197 
15.1943330765 -84.5292816162 
15.2469577789 -84.3128128052 
15.2997608185 -83.9005432129 
15.3527507782 -83.3542175293 
15.4059200287 -82.7809829712 
15.4592771530 -82.2981033325 
15.5128154755 -81.9867782593 
15.5665435791 -81.8905258179 
15.6204538345 -81.9152145386 
15.6745538712 -81.9823608398 
15.7288379669 -82.0038833618 
15.7833137512 -81.9192733765 
15.8379745483 -81.7312164307 
15.8928289413 -81.5448303223 
15.9478731155 -81.5396118164 
16.0031032562 -81.7431106567 
16.0585289001 -82.0929870605 
16.1141433716 -82.4746932983 
16.1699523926 -82.7759628296 
16.2259521484 -82.9340896606 
16.2821502686 -82.9609146118 
16.3385391235 -82.9217453003 
16.3951263428 -82.9203720093 
16.4519062042 -83.0431442261 
16.5088863373 -83.3225402832 
16.5660591125 -83.7089309692 
16.6234340668 -84.0656890869 
16.6810054779 -84.2231140137 
16.7387790680 -84.0606460571 
16.7967472076 -83.5362854004 
16.8549232483 -82.6029586792 
16.9132938385 -81.1443786621 
16.9718723297 -79.2439193726 
17.0306491852 -77.4145965576 
17.0896339417 -76.0641250610 
17.1488189697 -75.4122772217 
17.2082138062 -75.5561599731 
17.2678089142 -76.5042572021 
17.3276138306 -78.1412429810 
17.3876228333 -80.0882568359 
17.4478435516 -81.6435470581 
17.5082683563 -82.2556076050 
17.5689086914 -82.0902099609 
17.6297531128 -81.7529449463 
17.6908130646 -81.5860900879 
17.7520790100 -81.6139373779 
17.8135623932 -81.7213058472 
17.8752536774 -81.7893295288 
17.9371643066 -81.7875747681 
17.9992828369 -81.7817230225 
18.0616226196 -81.8590850830 
18.1241741180 -82.0437240601 
18.1869468689 -82.2730026245 
18.2499313354 -82.4726943970 
18.3131389618 -82.6512985229 
18.3765602112 -82.8500595093 
18.4402065277 -83.0065612793 
18.5040683746 -82.9763488770 
18.5681571960 -82.7140045166 
18.6324615479 -82.3843078613 
18.6969947815 -82.1619949341 
18.7617454529 -82.0580749512 
18.8267250061 -81.9548797607 
18.8919258118 -81.7887573242 
18.9573574066 -81.6447067261 
19.0230102539 -81.6332473755 
19.0888957977 -81.7688598633 
19.1550025940 -82.0019836426 
19.2213459015 -82.3006591797 
19.2879123688 -82.5913772583 
19.3547153473 -82.4646835327 
19.4217453003 -79.9926681519 
19.4890098572 -77.0005950928 
19.5565052032 -75.7288360596 
19.6242370605 -75.4273681641 
19.6921997070 -76.1095657349 
19.7604026794 -77.6495208740 
19.8288364410 -79.6384506226 
19.8975124359 -81.2516021729 
19.9664268494 -81.9186477661 
20.0355739594 -82.0329513550 
20.1049671173 -82.0721664429 
20.1745929718 -82.1165237427 
20.2444667816 -82.1409835815 
20.3145771027 -82.3065338135 
20.3849372864 -82.6331176758 
20.4555339813 -82.6574325562 
20.5263805389 -82.3391799927 
20.5974674225 -81.8669433594 
20.6688041687 -81.5454940796 
20.7403850555 -81.5464706421 
20.8122177124 -81.8787918091 
20.8842945099 -82.7141799927 
20.9566268921 -83.3925857544 
21.0292034149 -83.4245605469 
21.1020374298 -83.1899719238 
21.1751174927 -82.9186859131 
21.2484550476 -82.7895278931 
21.3220424652 -82.8275299072 
21.3958911896 -82.9139175415 
21.4699878693 -82.7613677979 
21.5443496704 -82.6035156250 
21.6189613342 -82.5885696411 
21.6938362122 -82.7196502686 
21.7689666748 -82.6879119873 
21.8443622589 -80.8451385498 
21.9200134277 -77.9696121216 
21.9959316254 -76.4258728027 
22.0721073151 -75.7132110596 
22.1485538483 -75.8953170776 
22.2252578735 -77.5712203979 
22.3022346497 -79.8353652954 
22.3794708252 -80.6246490479 
22.4569816589 -80.7543792725 
22.5347537994 -80.6528778076 
22.6128025055 -80.8180389404 
22.6911144257 -81.1538085938 
22.7697048187 -81.5463638306 
22.8485603333 -81.8342742920 
22.9276943207 -81.9559936523 
23.0070972443 -82.0622787476 
23.0867805481 -82.1874542236 
23.1667346954 -82.1235961914 
23.2469711304 -81.9171447754 
23.3274803162 -81.9442367554 
23.4082736969 -82.1214752197 
23.4893398285 -82.2840042114 
23.5706958771 -82.1876144409 
23.6523246765 -82.2110824585 
23.7342433929 -82.4756698608 
23.8164386749 -82.8867111206 
23.8989257813 -82.5013504028 
23.9816932678 -81.7400588989 
24.0647525787 -80.6846313477 
24.1480922699 -79.7068634033 
24.2317276001 -78.3768844604 
24.3156471252 -74.4753265381 
24.3998641968 -71.0238418579 
24.4843635559 -69.5922622681 
24.5691642761 -69.5022583008 
24.6542530060 -71.6108322144 
24.7396411896 -74.4534454346 
24.8253192902 -79.5909729004 
24.9113006592 -83.2635421753 
24.9975719452 -83.0794601440 
25.0841503143 -82.7297058105 
25.1710281372 -82.9431838989 
25.2581996918 -83.2395629883 
25.3456802368 -83.4991226196 
25.4334583282 -83.4075393677 
25.5215454102 -82.9213790894 
25.6099300385 -82.5128631592 
25.6986293793 -82.5437927246 
25.7876281738 -83.0902862549 
25.8769435883 -83.5815048218 
25.9665584564 -83.2229309082 
26.0564937592 -82.6668090820 
26.1467323303 -82.4233932495 
26.2372894287 -82.0376205444 
26.3281536102 -81.5753479004 
26.4193401337 -81.4078826904 
26.5108356476 -81.5432891846 
26.6026535034 -81.5692291260 
26.6947841644 -80.9479598999 
26.7872409821 -78.8506011963 
26.8800086975 -76.6701126099 
26.9731063843 -75.8696899414 
27.0665187836 -76.3808212280 
27.1602630615 -78.6291198730 
27.2543239594 -81.4356689453 
27.3487186432 -82.8660507202 
27.4434318542 -82.8108978271 
27.5384807587 -82.7991333008 
27.6338520050 -82.9465866089 
27.7295608521 -82.8856887817 
27.8255920410 -82.2636260986 
27.9219646454 -81.4951858521 
28.0186634064 -81.0979843140 
28.1157054901 -81.1716766357 
28.2130756378 -81.3051452637 
28.3107891083 -80.6525573730 
28.4088344574 -79.9795684814 
28.5072269440 -79.9180221558 
28.6059532166 -80.5078506470 
28.7050285339 -81.5259399414 
28.8044395447 -82.3699111938 
28.9042015076 -82.5222625732 
29.0043029785 -82.4278869629 
29.1047573090 -81.5753555298 
29.2055530548 -75.9564743042 
29.3067054749 -71.6722564697 
29.4081993103 -69.4819488525 
29.5100536346 -69.5592498779 
29.6122512817 -72.1718902588 
29.7148113251 -78.2479476929 
29.8177204132 -81.8938598633 
29.9209918976 -82.6120300293 
30.0246143341 -78.0800399780 
30.1286029816 -79.4002532959 
30.2329425812 -80.5168075562 
30.3376541138 -81.3124847412 
30.4427185059 -81.7769317627 
30.5481548309 -81.9484100342 
30.6539497375 -81.8851089478 
30.7601184845 -81.5245819092 
30.8666458130 -80.6412048340 
30.9735507965 -79.1863784790 
31.0808181763 -77.2972335815 
31.1884651184 -75.2062454224 
31.2964763641 -73.1663055420 
31.4048690796 -71.3615646362 
31.5136299133 -69.9308547974 
31.6227760315 -68.8489151001 
31.7322998047 -68.1261215210 
31.8421955109 -67.7685012817 
31.9524784088 -67.7803344727 
32.0631370544 -68.1656188965 
32.1741867065 -68.9285430908 
32.2856101990 -70.1194763184 
32.3974304199 -71.6946563721 
32.5096282959 -73.6063156128 
32.6222229004 -75.7664642334 
32.7351989746 -77.9917678833 
32.8485755920 -80.0025100708 
32.9623374939 -81.4950714111 
33.0764999390 -82.2548980713 
33.1910514832 -82.1669845581 
33.3060073853 -80.8960113525 
33.4213523865 -78.5938186646 
33.5371055603 -75.8710479736 
33.6532516479 -73.1987228394 
33.7698059082 -70.8288955688 
33.8867568970 -68.8656082153 
34.0041236877 -67.3414230347 
34.1218833923 -66.2634429932 
34.2400627136 -65.6313476563 
34.3586425781 -65.4450149536 
34.4776420593 -65.7065582275 
34.5970458984 -66.4207992554 
34.7168693542 -67.5943069458 
34.8371009827 -69.2465667725 
34.9577598572 -71.3599243164 
35.0788230896 -73.8535995483 
35.2003173828 -76.5208969116 
35.3222236633 -78.9095458984 
35.4445610046 -80.4656753540 
35.5673103333 -80.9224014282 
35.6904945374 -80.2026748657 
35.8140983582 -78.3069229126 
35.9381370544 -75.6053085327 
36.0625991821 -72.6989135742 
36.1875000000 -70.0311813354 
36.3128242493 -67.8008041382 
36.4385910034 -66.0712738037 
36.5647850037 -64.8572082520 
36.6914253235 -64.1592178345 
36.8184928894 -63.9999656677 
36.9460144043 -64.5690155029 
37.0739631653 -65.6625518799 
37.2023696899 -67.2891845703 
37.3312072754 -69.4544982910 
37.4605026245 -72.1410446167 
37.5902328491 -75.2456665039 
37.7204246521 -78.4159774780 
37.8510589600 -80.8613586426 
37.9821548462 -81.7766418457 
38.1136932373 -81.0639038086 
38.2456970215 -78.9870223999 
38.3781509399 -76.1140518188 
38.5110702515 -73.1400451660 
38.6444396973 -70.4806671143 
38.7782859802 -68.2957229614 
38.9125823975 -66.6301040649 
39.0473518372 -65.4895172119 
39.1825790405 -64.8695678711 
39.3182868958 -64.7660140991 
39.4544525146 -65.1782760620 
39.5911026001 -66.1102981567 
39.7282142639 -67.5695953369 
39.8658103943 -70.6422042847 
40.0038833618 -75.0557098389 
40.1424255371 -78.2233200073 
40.2814559937 -80.9271163940 
40.4209594727 -82.3683471680 
40.5609550476 -82.4894485474 
40.7014236450 -81.6277770996 
40.8423919678 -79.9059143066 
40.9838371277 -77.6086730957 
41.1257820129 -75.2118988037 
41.2682075500 -72.1145019531 
41.4111366272 -70.0818023682 
41.5545539856 -69.3256454468 
41.6984748840 -69.0709533691 
41.8428840637 -69.3184432983 
41.9878044128 -70.0675888062 
42.1332168579 -71.3137512207 
42.2791442871 -73.9747848511 
42.4255638123 -77.5497589111 
42.5725021362 -79.8086547852 
42.7199363708 -81.4704742432 
42.8678970337 -82.3112792969 
43.0163574219 -82.4773178101 
43.1653404236 -81.4949951172 
43.3148307800 -79.2488174438 
43.4648475647 -77.1689987183 
43.6153755188 -75.1331558228 
43.7664337158 -73.3914108276 
43.9180068970 -72.0642852783 
44.0701141357 -71.0084457397 
44.2227363586 -70.9347610474 
44.3759002686 -71.5361480713 
44.5295829773 -72.6181488037 
44.6838073730 -74.9940719604 
44.8385581970 -78.1011886597 
44.9938507080 -79.9652938843 
45.1496734619 -81.2658081055 
45.3060493469 -81.9298019409 
45.4629516602 -82.0916061401 
45.6204109192 -81.4760360718 
45.7784004211 -80.3294143677 
45.9369544983 -78.6843643188 
46.0960426331 -75.9296417236 
46.2556915283 -73.7897567749 
46.4158859253 -72.8279113770 
46.5766448975 -72.3191375732 
46.7379455566 -72.4881744385 
46.8998222351 -73.5960922241 
47.0622444153 -74.9058227539 
47.2252426147 -77.3513336182 
47.3887901306 -79.9652404785 
47.5529212952 -81.1313629150 
47.7176055908 -81.7689514160 
47.8828735352 -82.0420379639 
48.0486984253 -81.8178100586 
48.2151145935 -81.2569656372 
48.3820915222 -79.7632369995 
48.5496597290 -78.0908737183 
48.7177963257 -77.0859527588 
48.8865280151 -76.1361618042 
49.0558319092 -75.8891220093 
49.2257347107 -76.1935424805 
49.3962097168 -77.1665496826 
49.5672912598 -78.3337249756 
49.7389526367 -78.8822021484 
49.9112205505 -79.2145462036 
50.0840721130 -79.4086532593 
50.2575378418 -79.6719436646 
50.4316024780 -80.2580490112 
50.6062545776 -80.5914840698 
50.7815284729 -79.5896682739 
50.9573936462 -77.6993331909 
51.1338806152 -76.3351440430 
51.3109664917 -74.8541107178 
51.4886817932 -74.2053222656 
51.6669960022 -74.6261215210 
51.8459396362 -75.9179000854 
52.0254936218 -77.2646636963 
52.2056808472 -79.5600814819 
52.3864784241 -81.6957702637 
52.5679168701 -82.5363159180 
52.7499694824 -82.5551910400 
52.9326667786 -82.3438415527 
53.1159820557 -81.9578399658 
53.2999458313 -81.4678878784 
53.4845352173 -80.7275848389 
53.6697731018 -79.9248504639 
53.8556442261 -79.3748703003 
54.0421676636 -79.2696914673 
54.2293281555 -79.7663726807 
54.4171485901 -80.6365127563 
54.6056022644 -81.5951309204 
54.7947273254 -82.4111557007 
54.9844932556 -82.9567184448 
55.1749267578 -83.3248977661 
55.3660087585 -83.0421600342 
55.5577659607 -81.5317153931 
55.7501716614 -78.5191040039 
55.9432601929 -75.7320938110 
56.1370010376 -73.6326065063 
56.3314323425 -72.5024719238 
56.5265159607 -72.5085449219 
56.7222938538 -73.4388427734 
56.9187316895 -75.3186950684 
57.1158676147 -77.8557510376 
57.3136711121 -80.0921554565 
57.5121726990 -81.7462234497 
57.7113494873 -81.9368820190 
57.9112281799 -80.8671569824 
58.1117858887 -78.4846267700 
58.3130531311 -75.1843261719 
58.5150032043 -72.5619430542 
58.7176666260 -70.8692855835 
58.9210166931 -70.2714843750 
59.1250877380 -71.0360336304 
59.3298454285 -72.9135360718 
59.5353317261 -76.7166976929 
59.7415161133 -79.9625396729 
59.9484252930 -81.7075424194 
60.1560401917 -82.0714645386 
60.3643875122 -81.0184097290 
60.5734405518 -77.5668869019 
60.7832336426 -74.5170364380 
60.9937362671 -71.9360275269 
61.2049865723 -70.1350250244 
61.4169502258 -69.9760131836 
61.6296615601 -71.0207977295 
61.8430976868 -73.9815139771 
62.0572891235 -77.3808212280 
62.2722053528 -80.6319580078 
62.4878807068 -83.2919998169 
62.7042884827 -83.8023986816 
62.9214630127 -83.4748458862 
63.1393852234 -81.6482696533 
63.3580513000 -79.0616836548 
63.5774879456 -77.5840225220 
63.7976684570 -76.9560546875 
64.0186309814 -77.3858718872 
64.2403335571 -79.0066833496 
64.4628295898 -80.5257568359 
64.6860733032 -81.6096267700 
64.9101104736 -82.2498321533 
65.1349105835 -82.1628646851 
65.3604965210 -81.6469879150 
65.5868530273 -80.3874206543 
65.8140106201 -78.1374282837 
66.0419387817 -76.4124069214 
66.2706680298 -76.0513153076 
66.5001754761 -76.7688980103 
66.7304992676 -78.2951354980 
66.9616012573 -80.7775955200 
67.1935195923 -82.3131713867 
67.4262161255 -82.4436264038 
67.6597442627 -81.7772903442 
67.8940658569 -80.5247344971 
68.1292114258 -78.2887725830 
68.3651580811 -75.4668502808 
68.6019363403 -73.9227828979 
68.8395156860 -74.0766525269 
69.0779418945 -75.8908233643 
69.3171691895 -78.8311691284 
69.5572433472 -80.9785461426 
69.7981338501 -82.0469512939 
70.0398788452 -82.3530044556 
70.2824401855 -81.6184768677 
70.5258560181 -79.5547561646 
70.7701034546 -77.0538024902 
71.0152130127 -75.5007095337 
71.2611465454 -75.4847183228 
71.5079574585 -77.0321044922 
71.7555999756 -79.5341873169 
72.0041275024 -81.2715148926 
72.2534866333 -81.3029403687 
72.5037384033 -80.6208496094 
72.7548294067 -79.2718200684 
73.0068130493 -76.9330291748 
73.2596511841 -74.6779861450 
73.5133819580 -73.6259841919 
73.7679672241 -74.1603317261 
74.0234603882 -76.2100143433 
74.2798156738 -79.1378936768 
74.5370788574 -81.4720458984 
74.7952194214 -82.3154754639 
75.0542678833 -82.0017547607 
75.3141937256 -80.0356597900 
75.5750427246 -76.9914016724 
75.8367691040 -74.7370986938 
76.0994262695 -74.0825653076 
76.3629760742 -75.1187591553 
76.6274566650 -77.5230178833 
76.8928298950 -80.2140884399 
77.1591415405 -81.7527389526 
77.4263610840 -82.2427368164 
77.6945190430 -82.0769195557 
77.9635925293 -80.7304229736 
78.2336120605 -79.2785568237 
78.5045547485 -78.6698532104 
78.7764511108 -79.2944259644 
79.0492630005 -80.8499145508 
79.3230514526 -82.3729400635 
79.5977783203 -83.0044403076 
79.8734436035 -82.7077484131 
80.1500778198 -81.7105789185 
80.4276504517 -79.8498382568 
80.7062149048 -78.0052413940 
80.9857101440 -77.1811676025 
81.2662048340 -78.1171417236 
81.5476379395 -80.4197998047 
81.8300781250 -81.6974563599 
82.1134719849 -81.9439163208 
82.3978652954 -81.6329345703 
82.6832275391 -79.8415298462 
82.9695968628 -77.2162246704 
83.2569351196 -75.2614364624 
83.5452880859 -75.0337677002 
83.8346252441 -77.1394577026 
84.1249771118 -79.8332672119 
84.4163208008 -81.3832168579 
84.7086944580 -81.0939102173 
85.0020523071 -80.6524047852 
85.2964553833 -79.8328552246 
85.5918502808 -78.2826919556 
85.8882904053 -77.6251296997 
86.1857376099 -78.4545440674 
86.4842376709 -80.5646820068 
86.7837524414 -82.0796203613 
87.0843200684 -82.2852783203 
87.3859100342 -82.2638473511 
87.6885681152 -82.0234985352 
87.9922485352 -81.5149993896 
88.2970046997 -81.2834777832 
88.6027908325 -81.5658645630 
88.9096679688 -81.9593124390 
89.2175750732 -82.1038513184 
89.5265808105 -82.0882415771 
89.8366241455 -82.0502624512 
90.1477661133 -81.8555831909 
90.4599685669 -81.4298858643 
90.7732696533 -81.2159881592 
91.0876312256 -81.4515914917 
91.4031143188 -81.8157958984 
91.7196578979 -82.0451202393 
92.0373229980 -82.3408203125 
92.3560638428 -82.3254241943 
92.6759338379 -80.8949127197 
92.9968872070 -79.2185287476 
93.3189773560 -78.9358673096 
93.6421585083 -80.0633697510 
93.9664840698 -81.4710159302 
94.2919082642 -82.1172561646 
94.6184844971 -82.0133895874 
94.9461669922 -81.1517257690 
95.2750091553 -78.9675445557 
95.6049652100 -77.1217117310 
95.9360885620 -77.5629806519 
96.2683258057 -79.5558776855 
96.6017532349 -81.5809478760 
96.9363021851 -82.1853561401 
97.2720336914 -82.1921157837 
97.6089019775 -81.5457916260 
97.9469680786 -80.4910430908 
98.2861785889 -80.4724960327 
98.6265869141 -81.7781372070 
98.9681472778 -82.5829391479 
99.3109207153 -81.6702575684 
99.6548461914 -80.2257537842 
100.0000000000 -80.4101562500 
100.3463439941 -80.3300247192 
100.6938934326 -80.2741470337 
101.0425872803 -80.2184524536 
101.3925399780 -80.1386184692 
101.7437057495 -80.0325851440 
102.0960922241 -79.8857345581 
102.4496383667 -79.7499313354 
102.8044738770 -79.6344070435 
103.1605300903 -79.5815811157 
103.5178222656 -79.5902786255 
103.8762969971 -79.6342010498 
104.2360610962 -79.7078552246 
104.5970840454 -79.7894744873 
104.9593505859 -79.8799972534 
105.3228149414 -79.9838256836 
105.6875915527 -80.1341857910 
106.0536346436 -80.3328094482 
106.4209518433 -80.5641098022 
106.7894744873 -80.8224105835 
107.1593322754 -81.0679168701 
107.5304794312 -81.2841720581 
107.9029006958 -81.4684066772 
108.2765579224 -81.6113281250 
108.6515731812 -81.7225952148 
109.0278854370 -81.8133544922 
109.4054946899 -81.8857421875 
109.7843551636 -81.9388656616 
110.1645889282 -81.9886245728 
110.5461349487 -82.0454711914 
110.9290084839 -82.1149368286 
111.3131484985 -82.2060699463 
111.6986770630 -82.3042907715 
112.0855407715 -82.3922653198 
112.4737396240 -82.4568481445 
112.8632278442 -82.4705429077 
113.2541198730 -82.4103088379 
113.6463699341 -82.2927093506 
114.0399856567 -82.1269149780 
114.4348907471 -81.9264526367 
114.8312301636 -81.7223358154 
115.2289428711 -81.5362701416 
115.6280364990 -81.3711853027 
116.0284423828 -81.2281265259 
116.4303054810 -81.1071548462 
116.8335571289 -81.0129547119 
117.2382049561 -80.9514999390 
117.6441879272 -80.9296875000 
118.0516433716 -80.9518280029 
118.4605102539 -81.0205688477 
118.8707885742 -81.1175003052 
119.2824249268 -81.2286834717 
119.6955566406 -81.3522644043 
120.1101150513 -81.4885177612 
120.5261154175 -81.6391754150 
120.9434814453 -81.7904510498 
121.3623657227 -81.9185638428 
121.7826995850 -82.0106506348 
122.2044906616 -82.0621871948 
122.6276702881 -82.0764846802 
123.0523834229 -82.0594558716 
123.4785690308 -82.0106811523 
123.9062347412 -81.9305343628 
124.3353118896 -81.8253402710 
124.7659378052 -81.7098236084 
125.1980590820 -81.6034851074 
125.6316757202 -81.5233917236 
126.0667953491 -81.4762191772 
126.5033569336 -81.4450607300 
126.9414901733 -81.4270248413 
127.3811492920 -81.4280776978 
127.8223266602 -81.4574279785 
128.2649688721 -81.5208587646 
128.7091979980 -81.6139526367 
129.1549835205 -81.7191238403 
129.6023101807 -81.8112258911 
130.0511016846 -81.8768157959 
130.5015258789 -81.9097213745 
130.9535217285 -81.9106369019 
131.4070739746 -81.8888854980 
131.8621215820 -81.8621673584 
132.3188171387 -81.8519592285 
132.7770996094 -81.8733444214 
133.2369689941 -81.9234771729 
133.6983489990 -81.9747390747 
134.1614074707 -82.0035934448 
134.6260681152 -82.0070800781 
135.0923461914 -81.9993896484 
135.5601501465 -82.0005645752 
136.0296630859 -82.0259933472 
136.5007934570 -82.0808334351 
136.9735565186 -82.1579818726 
137.4478759766 -82.2375183105 
137.9239349365 -82.2897720337 
138.4016265869 -82.2871856689 
138.8809661865 -82.2229766846 
139.3618927002 -82.1178207397 
139.8445739746 -82.0013809204 
140.3289184570 -81.8852996826 
140.8149414063 -81.7647247314 
141.3025665283 -81.6452026367 
141.7919616699 -81.5559692383 
142.2830505371 -81.5344543457 
142.7758483887 -81.5949859619 
143.2702636719 -81.7086334229 
143.7664794922 -81.8127746582 
144.2644042969 -81.8487396240 
144.7640533447 -81.7996978760 
145.2653656006 -81.6953887939 
145.7684783936 -81.5843048096 
146.2733459473 -81.5018005371 
146.7799530029 -81.4516983032 
147.2882385254 -81.3811492920 
147.7983703613 -81.2625579834 
148.3102569580 -81.0735015869 
148.8239288330 -80.8736343384 
149.3392791748 -80.7569808960 
149.8565216064 -80.7934722900 
150.3755340576 -80.9890747070 
150.8963623047 -81.2805023193 
151.4188995361 -81.5668716431 
151.9433288574 -81.7703399658 
152.4695739746 -81.8812179565 
152.9976501465 -81.9422073364 
153.5274658203 -81.9956054688 
154.0592041016 -82.0490417480 
154.5927734375 -82.0778656006 
155.1282043457 -82.0525360107 
155.6653900146 -81.9701080322 
156.2045288086 -81.8647460938 
156.7455444336 -81.7871932983 
157.2884216309 -81.7730102539 
157.8330993652 -81.8262176514 
158.3797454834 -81.9262542725 
158.9282836914 -82.1033477783 
159.4787292480 -82.2473220825 
160.0310668945 -82.2717285156 
160.5852508545 -82.2108230591 
161.1414337158 -82.0722122192 
161.6995391846 -81.8995590210 
162.2595672607 -81.7503128052 
162.8214569092 -81.6695556641 
163.3853912354 -81.6785736084 
163.9512634277 -81.7753601074 
164.5191040039 -82.0295104980 
165.0888214111 -82.2907714844 
165.6605987549 -82.4099121094 
166.2343444824 -82.4832000732 
166.8100891113 -82.5286026001 
167.3877410889 -82.5539855957 
167.9674835205 -82.5492401123 
168.5492248535 -82.5039215088 
169.1329956055 -82.3853607178 
169.7186889648 -82.2800445557 
170.3064880371 -82.2457733154 
170.8963470459 -82.2432327271 
171.4882354736 -82.2727966309 
172.0820770264 -82.3329620361 
172.6780853271 -82.4485473633 
173.2761383057 -82.5221557617 
173.8762817383 -82.5084381104 
174.4783935547 -82.4570236206 
175.0826873779 -82.4021072388 
175.6890869141 -82.3868789673 
176.2975769043 -82.4428482056 
176.9080810547 -82.4850387573 
177.5207824707 -82.4938125610 
178.1356201172 -82.4577255249 
178.7525939941 -82.3246841431 
179.3715972900 -82.1363143921 
179.9928436279 -81.9954071045 
180.6162414551 -81.8677368164 
181.2417907715 -81.7716369629 
181.8694152832 -81.7103118896 
182.4993133545 -81.7339630127 
183.1313934326 -81.8061828613 
183.7656555176 -81.9169540405 
184.4020233154 -82.1204605103 
185.0406799316 -82.3026504517 
185.6815643311 -82.3781127930 
186.3246612549 -82.4186325073 
186.9698944092 -82.4545593262 
187.6174468994 -82.5204010010 
188.2672576904 -82.6058197021 
188.9193115234 -82.7554397583 
189.5735168457 -82.8287353516 
190.2301025391 -82.7683944702 
190.8889465332 -82.6245727539 
191.5500793457 -82.3323745728 
192.2134094238 -82.0740890503 
192.8791351318 -81.9717559814 
193.5471496582 -81.9302673340 
194.2174987793 -81.9379348755 
194.8900604248 -81.9263992310 
195.5650482178 -81.8805923462 
196.2423706055 -81.8759231567 
196.9220581055 -81.9289855957 
197.6039733887 -82.0301895142 
198.2883758545 -82.0764236450 
198.9751281738 -82.0722427368 
199.6642761230 -82.0988922119 
200.3558044434 -82.1854782104 
201.0496063232 -82.2530822754 
201.7459411621 -82.2919158936 
202.4446716309 -82.2438888550 
203.1458282471 -82.1185607910 
203.8493041992 -81.9869232178 
204.5553283691 -81.9247741699 
205.2637939453 -81.8948440552 
205.9747161865 -81.9224700928 
206.6879882813 -82.0013351440 
207.4038391113 -82.1191635132 
208.1221771240 -82.2341537476 
208.8430023193 -82.4572372437 
209.5662078857 -82.6639709473 
210.2920227051 -82.7002029419 
211.0203704834 -82.5814285278 
211.7512207031 -82.4170303345 
212.4844970703 -82.3116760254 
213.2204284668 -82.2763824463 
213.9589080811 -82.2244262695 
214.6999511719 -82.1578292847 
215.4434356689 -82.1178207397 
216.1896057129 -82.1462326050 
216.9383697510 -82.2160949707 
217.6897277832 -82.1976394653 
218.4435577393 -81.9986419678 
219.2001342773 -81.7700576782 
219.9593200684 -81.6977767944 
220.7211456299 -81.7843093872 
221.4854736328 -81.9465484619 
222.2525787354 -82.0779418945 
223.0223388672 -82.1609039307 
223.7947692871 -82.2257461548 
224.5697479248 -82.2665863037 
225.3475341797 -82.2950515747 
226.1280212402 -82.3404769897 
226.9112091064 -82.3979187012 
227.6969757080 -82.4222259521 
228.4855957031 -82.4025421143 
229.2769470215 -82.3669967651 
230.0710296631 -82.3496627808 
230.8677520752 -82.3247756958 
231.6673431396 -82.2417602539 
232.4697113037 -82.1709671021 
233.2748718262 -82.2379074097 
234.0826721191 -82.4457168579 
234.8934020996 -82.4892883301 
235.7069549561 -82.3498764038 
236.5233154297 -82.1908035278 
237.3423614502 -82.1117935181 
238.1643981934 -82.0996551514 
238.9892578125 -82.1273880005 
239.8169860840 -82.1320877075 
240.6474609375 -82.0757980347 
241.4809265137 -81.9918746948 
242.3172912598 -82.0201950073 
243.1565399170 -82.1839904785 
243.9985656738 -82.3682937622 
244.8436431885 -82.4300689697 
245.6916503906 -82.3393478394 
246.5425872803 -82.2406539917 
247.3963470459 -82.1810150146 
248.2531890869 -82.1478424072 
249.1130065918 -82.0703659058 
249.9757995605 -81.9566497803 
250.8414306641 -81.9559249878 
251.7102203369 -82.0516815186 
252.5820007324 -82.2113723755 
253.4568023682 -82.4503402710 
254.3346405029 -82.5914611816 
255.2153778076 -82.6340408325 
256.0993041992 -82.5624465942 
256.9862976074 -82.3863677979 
257.8763427734 -82.2362594604 
258.7693481445 -82.1693420410 
259.6655883789 -82.2759780884 
260.5649414063 -82.4916381836 
261.4673767090 -82.6226043701 
262.3728332520 -82.7081069946 
263.2815246582 -82.7215576172 
264.1933898926 -82.5816650391 
265.1084289551 -82.4529953003 
266.0264587402 -82.4432220459 
266.9478454590 -82.4890136719 
267.8724060059 -82.5617370605 
268.8001708984 -82.5822296143 
269.7309875488 -82.5079040527 
270.6651916504 -82.4686431885 
271.6026306152 -82.5124588013 
272.5433044434 -82.5295181274 
273.4870910645 -82.3745193481 
274.4343261719 -82.1735076904 
275.3847961426 -82.2591094971 
276.3385925293 -82.5859680176 
277.2955322266 -82.7379760742 
278.2559204102 -82.4806518555 
279.2196350098 -82.1444320679 
280.1867065430 -81.8994674683 
281.1569824219 -81.9339675903 
282.1307373047 -82.3554534912 
283.1079101563 -82.7635498047 
284.0884399414 -82.8382873535 
285.0722045898 -82.6721343994 
286.0595397949 -82.5210189819 
287.0502929688 -82.4421768188 
288.0444641113 -82.2620544434 
289.0419311523 -82.0170898438 
290.0430297852 -81.9549560547 
291.0475769043 -82.1095504761 
292.0556030273 -82.2937164307 
293.0669555664 -82.4634399414 
294.0820007324 -82.6734008789 
295.1005249023 -82.8161468506 
296.1225891113 -82.8686599731 
297.1480407715 -82.9132156372 
298.1771850586 -82.9021224976 
299.2099304199 -82.7920227051 
300.2462158203 -82.5930862427 
301.2859497070 -82.5560379028 
302.3294372559 -82.5287322998 
303.3765258789 -82.5103683472 
304.4272766113 -82.5171127319 
305.4814758301 -82.5313949585 
306.5394897461 -82.5574188232 
307.6011657715 -82.5776062012 
308.6665344238 -82.5921325684 
309.7354125977 -82.5776138306 
310.8081665039 -82.5437316895 
311.8846435547 -82.4911422729 
312.9648437500 -82.4197692871 
314.0486145020 -82.3514251709 
315.1362915039 -82.2906875610 
316.2277526855 -82.2604904175 
317.3229980469 -82.2479476929 
318.4220275879 -82.2654876709 
319.5247192383 -82.2951889038 
320.6313781738 -82.3271408081 
321.7418518066 -82.3467254639 
322.8562011719 -82.3463592529 
323.9742126465 -82.3328170776 
325.0962829590 -82.3029937744 
326.2222290039 -82.2775955200 
327.3520812988 -82.2580337524 
328.4856872559 -82.2615661621 
329.6233825684 -82.2835464478 
330.7650146484 -82.3193054199 
331.9106140137 -82.3720550537 
333.0599670410 -82.4265136719 
334.2135314941 -82.4787216187 
335.3710632324 -82.5171737671 
336.5325927734 -82.5331573486 
337.6979675293 -82.5321731567 
338.8675842285 -82.5081405640 
340.0412292480 -82.4702453613 
341.2189331055 -82.4300689697 
342.4005432129 -82.3913345337 
343.5864257813 -82.3682022095 
344.7764282227 -82.3578414917 
345.9705505371 -82.3607482910 
347.1686096191 -82.3840179443 
348.3710327148 -82.4170989990 
349.5775756836 -82.4549179077 
350.7883300781 -82.4926528931 
352.0030822754 -82.5153884888 
353.2222290039 -82.5225830078 
354.4455871582 -82.5128860474 
355.6731872559 -82.4804306030 
356.9048461914 -82.4410858154 
358.1409912109 -82.4010543823 
359.3813781738 -82.3655929565 
360.6260986328 -82.3445281982 
361.8749084473 -82.3313293457 
363.1282348633 -82.3239440918 
364.3859252930 -82.3195343018 
365.6479492188 -82.3142089844 
366.9141540527 -82.3091964722 
368.1849365234 -82.3054504395 
369.4601440430 -82.3050384521 
370.7397460938 -82.3070220947 
372.0235900879 -82.3074188232 
373.3120727539 -82.3050003052 
374.6050109863 -82.2984161377 
375.9024353027 -82.2937316895 
377.2041625977 -82.2983932495 
378.5105895996 -82.3154830933 
379.8215332031 -82.3474273682 
381.1370239258 -82.3949050903 
382.4568786621 -82.4450454712 
383.7814941406 -82.4931335449 
385.1107177734 -82.5362167358 
386.4445190430 -82.5724639893 
387.7827453613 -82.6027374268 
389.1258239746 -82.6267776489 
390.4735412598 -82.6410751343 
391.8259277344 -82.6417694092 
393.1827697754 -82.6223526001 
394.5445556641 -82.5888366699 
395.9110412598 -82.5564193726 
397.2822570801 -82.5347671509 
398.6582031250 -82.5303878784 
400.0387268066 -82.5443038940 
401.4242553711 -82.5593261719 
402.8145751953 -82.5572814941 
404.2096862793 -82.5315551758 
405.6094360352 -82.4818420410 
407.0142517090 -82.4140853882 
408.4239196777 -82.3404693604 
409.8384704590 -82.2758102417 
411.2576904297 -82.2272491455 
412.6820678711 -82.1994552612 
414.1113891602 -82.1947250366 
415.5456237793 -82.2126159668 
416.9846191406 -82.2502517700 
418.4288330078 -82.2997436523 
419.8780517578 -82.3527297974 
421.3322753906 -82.4041824341 
422.7913208008 -82.4484863281 
424.2556152344 -82.4791259766 
425.7250061035 -82.4891738892 
427.1994934082 -82.4726943970 
428.6788330078 -82.4316329956 
430.1635437012 -82.3824386597 
431.6534118652 -82.3395996094 
433.1484069824 -82.3150100708 
434.6483764648 -82.3153305054 
436.1537475586 -82.3405532837 
437.6643676758 -82.3839263916 
439.1801757813 -82.4328765869 
440.7010192871 -82.4692153931 
442.2273559570 -82.4795761108 
443.7590026855 -82.4668502808 
445.2959289551 -82.4455261230 
446.8379516602 -82.4342422485 
448.3855590820 -82.4460601807 
449.9385375977 -82.4825592041 
451.4968566895 -82.5345077515 
453.0603637695 -82.5888519287 
454.6295166016 -82.6380310059 
456.2041015625 -82.6847229004 
457.7841491699 -82.7365570068 
459.3694152832 -82.7910232544 
460.9604187012 -82.8259429932 
462.5569152832 -82.8174209595 
464.1589660645 -82.7605133057 
465.7662963867 -82.6729583740 
467.3794555664 -82.5791397095 
468.9981994629 -82.4936752319 
470.6225585938 -82.4199218750 
472.2522888184 -82.3591690063 
473.8879089355 -82.3158264160 
475.5292053223 -82.2926177979 
477.1761779785 -82.2851104736 
478.8285827637 -82.2860107422 
480.4869995117 -82.2953796387 
482.1511230469 -82.3227539063 
483.8210449219 -82.3763809204 
485.4964599609 -82.4501800537 
487.1779479980 -82.5209655762 
488.8652954102 -82.5584640503 
490.5584411621 -82.5608749390 
492.2572021484 -82.5065307617 
493.9620971680 -82.4152755737 
495.6729125977 -82.3225097656 
497.3896789551 -82.2569122314 
499.1120910645 -82.2290573120 
500.8407287598 -82.2360916138 
502.5753784180 -82.2720489502 
504.3160095215 -82.3300552368 
506.0626831055 -82.4165725708 
507.8151245117 -82.4316024780 
509.5739440918 -82.3679122925 
511.3388061523 -82.2763824463 
513.1098022461 -82.2063827515 
514.8866577148 -82.1963424683 
516.6699829102 -82.2526473999 
518.4594116211 -82.3510589600 
520.2550659180 -82.4544448853 
522.0566406250 -82.5318756104 
523.8648071289 -82.5688476563 
525.6791992188 -82.5684356689 
527.4998168945 -82.5464096069 
529.3265380859 -82.5226058960 
531.1597900391 -82.5123291016 
532.9994506836 -82.5205688477 
534.8454589844 -82.5440902710 
536.6975708008 -82.5338973999 
538.5563964844 -82.4901885986 
540.4216918945 -82.4277877808 
542.2933959961 -82.3601303101 
544.1713256836 -82.3022003174 
546.0560302734 -82.2728881836 
547.9472656250 -82.2873077393 
549.8450927734 -82.3411865234 
551.7491455078 -82.4062042236 
553.6600952148 -82.4445877075 
555.5776367188 -82.4115142822 
557.5018920898 -82.3886260986 
559.4324340820 -82.4052581787 
561.3700561523 -82.4604568481 
563.3143310547 -82.5200576782 
565.2653198242 -82.5458374023 
567.2227783203 -82.5166168213 
569.1873168945 -82.4937286377 
571.1586914063 -82.5158843994 
573.1368408203 -82.5575790405 
575.1215820313 -82.5992736816 
577.1134643555 -82.6271591187 
579.1123046875 -82.6394042969 
581.1180419922 -82.6380538940 
583.1303710938 -82.6311492920 
585.1500244141 -82.6096191406 
587.1766357422 -82.5644531250 
589.2103271484 -82.4628067017 
591.2507324219 -82.3769149780 
593.2984619141 -82.3628158569 
595.3533325195 -82.3845062256 
597.4152832031 -82.4227142334 
599.4841308594 -82.4566497803 
601.5603637695 -82.4497833252 
603.6438598633 -82.4322357178 
605.7345581055 -82.4180831909 
607.8321533203 -82.4103927612 
609.9373779297 -82.4107971191 
612.0498657227 -82.4089126587 
614.1696777344 -82.4006576538 
616.2964477539 -82.3864288330 
618.4309692383 -82.4001541138 
620.5728759766 -82.4444274902 
622.7222290039 -82.5126266479 
624.8786621094 -82.6311798096 
627.0429077148 -82.7391510010 
629.2145996094 -82.7893905640 
631.3938598633 -82.7999649048 
633.5806884766 -82.7343826294 
635.7747192383 -82.6529159546 
637.9766845703 -82.5597457886 
640.1862792969 -82.4327621460 
642.4035644531 -82.3604125977 
644.6281127930 -82.3615722656 
646.8607788086 -82.3956375122 
649.1011352539 -82.4098205566 
651.3492431641 -82.3903732300 
653.6047973633 -82.3204269409 
655.8685302734 -82.2296829224 
658.1401367188 -82.1840515137 
660.4195556641 -82.1898345947 
662.7065429688 -82.2763595581 
665.0017700195 -82.3684387207 
667.3049926758 -82.4794769287 
669.6161499023 -82.4911804199 
671.9349975586 -82.3981933594 
674.2622070313 -82.3432464600 
676.5974731445 -82.3750457764 
678.9408569336 -82.4716873169 
681.2919311523 -82.5536880493 
683.6515502930 -82.5941314697 
686.0193481445 -82.6499938965 
688.3953857422 -82.6747589111 
690.7792358398 -82.6178894043 
693.1716918945 -82.5425186157 
695.5724487305 -82.5403366089 
697.9815673828 -82.6362838745 
700.3985595703 -82.7395095825 
702.8244018555 -82.7019729614 
705.2586059570 -82.5570678711 
707.7012329102 -82.3942871094 
710.1519165039 -82.2748413086 
712.6115112305 -82.2110977173 
715.0795898438 -82.1800994873 
717.5562133789 -82.1829147339 
720.0410766602 -82.2367858887 
722.5349121094 -82.3201904297 
725.0373535156 -82.3700485229 
727.5484619141 -82.3703842163 
730.0679321289 -82.3278274536 
732.5964965820 -82.2784500122 
735.1337890625 -82.2942199707 
737.6798706055 -82.3983459473 
740.2344360352 -82.5291671753 
742.7981567383 -82.5822296143 
745.3708496094 -82.5304183960 
747.9523925781 -82.4579467773 
750.5424804688 -82.4068145752 
753.1419067383 -82.3781509399 
755.7504272461 -82.3744735718 
758.3679199219 -82.3789749146 
760.9940795898 -82.3918609619 
763.6297607422 -82.4532928467 
766.2745361328 -82.5485153198 
768.9284667969 -82.6006164551 
771.5912475586 -82.5757446289 
774.2636108398 -82.5400619507 
776.9451904297 -82.5597152710 
779.6361083984 -82.5333328247 
782.3359375000 -82.4381561279 
785.0455322266 -82.3987960815 
787.7644653320 -82.4964981079 
790.4928588867 -82.6567840576 
793.2302856445 -82.6696472168 
795.9776000977 -82.5495834351 
798.7344360352 -82.4153976440 
801.5007934570 -82.3955459595 
804.2767333984 -82.4888229370 
807.0618896484 -82.5280761719 
809.8571166992 -82.4833221436 
812.6620483398 -82.3600158691 
815.4766235352 -82.2785720825 
818.3005371094 -82.2983932495 
821.1347045898 -82.4794158936 
823.9786376953 -82.6288757324 
826.8324584961 -82.6166610718 
829.6957397461 -82.3822479248 
832.5693359375 -82.2216720581 
835.4528808594 -82.2334823608 
838.3464355469 -82.3874511719 
841.2495727539 -82.4530563354 
844.1632080078 -82.3705596924 
847.0869140625 -82.2474288940 
850.0207519531 -82.1950683594 
852.9642944336 -82.2328033447 
855.9185180664 -82.2305068970 
858.8829345703 -82.1426544189 
861.8576049805 -82.1250228882 
864.8421630859 -82.1951141357 
867.8375244141 -82.3062057495 
870.8432006836 -82.4541702271 
873.8593750000 -82.4810867310 
876.8854370117 -82.3540039063 
879.9224853516 -82.2468338013 
882.9700317383 -82.1929397583 
886.0281982422 -82.2129592896 
889.0964355469 -82.3562393188 
892.1757812500 -82.5206298828 
895.2657470703 -82.5540618896 
898.3664550781 -82.5282363892 
901.4774169922 -82.5503845215 
904.5996704102 -82.6135787964 
907.7327270508 -82.6867523193 
910.8765869141 -82.7615432739 
914.0308837891 -82.6823425293 
917.1965942383 -82.5464935303 
920.3732299805 -82.4487838745 
923.5609130859 -82.4412078857 
926.7590942383 -82.4784011841 
929.9689331055 -82.4255905151 
933.1898193359 -82.3719863892 
936.4218750000 -82.3806838989 
939.6646118164 -82.3073883057 
942.9190673828 -82.2058105469 
946.1848754883 -82.2595214844 
949.4619140625 -82.3460617065 
952.7498168945 -82.4170303345 
956.0496215820 -82.4758453369 
959.3608398438 -82.4195861816 
962.6835327148 -82.3642044067 
966.0172119141 -82.4232482910 
969.3629760742 -82.4209823608 
972.7203369141 -82.3473587036 
976.0892944336 -82.3940200806 
979.4694213867 -82.5684356689 
982.8617553711 -82.6871490479 
986.2658691406 -82.6279907227 
989.6817626953 -82.4831008911 
993.1088867188 -82.3857650757 
996.5485229492 -82.3538208008 
1000.0000000000 -82.3796539307 
1003.4634399414 -82.3564605713 
1006.9389038086 -82.3433074951 
1010.4258422852 -82.3491592407 
1013.9254150391 -82.3625640869 
1017.4370727539 -82.3827209473 
1020.9609375000 -82.4038543701 
1024.4964599609 -82.4188461304 
1028.0446777344 -82.4277267456 
1031.6053466797 -82.4262084961 
1035.1782226563 -82.4201278687 
1038.7629394531 -82.4135131836 
1042.3605957031 -82.4089965820 
1045.9708251953 -82.4118957520 
1049.5935058594 -82.4189529419 
1053.2281494141 -82.4295272827 
1056.8759765625 -82.4412765503 
1060.5363769531 -82.4496383667 
1064.2094726563 -82.4538574219 
1067.8947753906 -82.4522552490 
1071.5933837891 -82.4433517456 
1075.3048095703 -82.4332809448 
1079.0290527344 -82.4245071411 
1082.7656250000 -82.4230728149 
1086.5157470703 -82.4363708496 
1090.2788085938 -82.4608840942 
1094.0549316406 -82.4951477051 
1097.8435058594 -82.5344543457 
1101.6458740234 -82.5642089844 
1105.4614257813 -82.5794143677 
1109.2901611328 -82.5765838623 
1113.1314697266 -82.5483398438 
1116.9866943359 -82.5040740967 
1120.8553466797 -82.4532318115 
1124.7374267578 -82.4009170532 
1128.6323242188 -82.3549118042 
1132.5412597656 -82.3226394653 
1136.4637451172 -82.3031539917 
1140.3997802734 -82.2965469360 
1144.3488769531 -82.3025360107 
1148.3123779297 -82.3207931519 
1152.2894287109 -82.3433685303 
1156.2803955078 -82.3676757813 
1160.2844238281 -82.3915557861 
1164.3029785156 -82.4130706787 
1168.3355712891 -82.4328460693 
1172.3819580078 -82.4524688721 
1176.4418945313 -82.4719772339 
1180.5163574219 -82.4905395508 
1184.6051025391 -82.5041503906 
1188.7078857422 -82.5058822632 
1192.8243408203 -82.4938888550 
1196.9555664063 -82.4680480957 
1201.1011962891 -82.4304046631 
1205.2611083984 -82.3857040405 
1209.4348144531 -82.3444290161 
1213.6236572266 -82.3134765625 
1217.8270263672 -82.2954101563 
1222.0449218750 -82.2899856567 
1226.2767333984 -82.2940521240 
1230.5238037109 -82.3007354736 
1234.7857666016 -82.2999877930 
1239.0623779297 -82.2890930176 
1243.3531494141 -82.2700347900 
1247.6594238281 -82.2481460571 
1251.9805908203 -82.2309646606 
1256.3167724609 -82.2262954712 
1260.6679687500 -82.2423553467 
1265.0335693359 -82.2729568481 
1269.4149169922 -82.3117446899 
1273.8115234375 -82.3522872925 
1278.2232666016 -82.3899917603 
1282.6496582031 -82.4232635498 
1287.0920410156 -82.4535980225 
1291.5498046875 -82.4833831787 
1296.0230712891 -82.5108413696 
1300.5111083984 -82.5292968750 
1305.0152587891 -82.5309829712 
1309.5351562500 -82.5109405518 
1314.0706787109 -82.4697647095 
1318.6212158203 -82.4145812988 
1323.1881103516 -82.3576354980 
1327.7709960938 -82.3132247925 
1332.3696289063 -82.2959060669 
1336.9835205078 -82.3133697510 
1341.6141357422 -82.3609542847 
1346.2607421875 -82.4266967773 
1350.9234619141 -82.4921035767 
1355.6015625000 -82.5384826660 
1360.2966308594 -82.5546569824 
1365.0079345703 -82.5415191650 
1369.7355957031 -82.5104751587 
1374.4788818359 -82.4763641357 
1379.2392578125 -82.4497756958 
1384.0162353516 -82.4337387085 
1388.8096923828 -82.4255218506 
1393.6190185547 -82.4201583862 
1398.4456787109 -82.4127731323 
1403.2891845703 -82.4015045166 
1408.1494140625 -82.3893814087 
1413.0257568359 -82.3835601807 
1417.9196777344 -82.3904800415 
1422.8305664063 -82.4101181030 
1427.7584228516 -82.4348983765 
1432.7026367188 -82.4548416138 
1437.6647949219 -82.4642486572 
1442.6440429688 -82.4636077881 
1447.6405029297 -82.4558410645 
1452.6535644531 -82.4420089722 
1457.6848144531 -82.4210739136 
1462.7333984375 -82.3935317993 
1467.7995605469 -82.3648910522 
1472.8823242188 -82.3403015137 
1477.9836425781 -82.3527221680 
1483.1025390625 -82.3917846680 
1488.2392578125 -82.4445266724 
1493.3928222656 -82.4877243042 
1498.5651855469 -82.5021972656 
1503.7553710938 -82.4879989624 
1508.9635009766 -82.4650039673 
1514.1889648438 -82.4561920166 
1519.4332275391 -82.4692382813 
1524.6958007813 -82.4929580688 
1529.9764404297 -82.5106735229 
1535.2746582031 -82.5169906616 
1540.5920410156 -82.5219802856 
1545.9277343750 -82.5399398804 
1551.2819824219 -82.5752029419 
1556.6539306641 -82.6179199219 
1562.0452880859 -82.6518020630 
1567.4554443359 -82.6656112671 
1572.8842773438 -82.6582870483 
1578.3309326172 -82.6349716187 
1583.7974853516 -82.6009368896 
1589.2828369141 -82.5389709473 
1594.7872314453 -82.4800109863 
1600.3107910156 -82.4506759644 
1605.8524169922 -82.4294586182 
1611.4143066406 -82.4146194458 
1616.9953613281 -82.4080352783 
1622.5957031250 -82.4152603149 
1628.2145996094 -82.4389648438 
1633.8538818359 -82.4719772339 
1639.5125732422 -82.4979858398 
1645.1910400391 -82.4908523560 
1650.8881835938 -82.4444580078 
1656.6059570313 -82.4109039307 
1662.3435058594 -82.3895721436 
1668.1009521484 -82.3822174072 
1673.8774414063 -82.3876647949 
1679.6748046875 -82.4075469971 
1685.4923095703 -82.4465484619 
1691.3299560547 -82.5460128784 
1697.1867675781 -82.6629791260 
1703.0649414063 -82.7172775269 
1708.9635009766 -82.7270812988 
1714.8823242188 -82.6895523071 
1720.8208007813 -82.6242523193 
1726.7807617188 -82.5399246216 
1732.7614746094 -82.4999694824 
1738.7628173828 -82.4886169434 
1744.7839355469 -82.4715270996 
1750.8269042969 -82.4485549927 
1756.8908691406 -82.4327163696 
1762.9757080078 -82.4515686035 
1769.0808105469 -82.4719314575 
1775.2078857422 -82.4790191650 
1781.3562011719 -82.4687347412 
1787.5258789063 -82.4401931763 
1793.7159423828 -82.4161453247 
1799.9283447266 -82.3979873657 
1806.1623535156 -82.3702011108 
1812.4178466797 -82.3353347778 
1818.6940917969 -82.2979049683 
1824.9930419922 -82.2969894409 
1831.3138427734 -82.3171310425 
1837.6564941406 -82.3403015137 
1844.0201416016 -82.3606414795 
1850.4068603516 -82.3673553467 
1856.8156738281 -82.3770599365 
1863.2467041016 -82.4010696411 
1869.6988525391 -82.4493408203 
1876.1745605469 -82.4705123901 
1882.6726074219 -82.4551849365 
1889.1931152344 -82.4258804321 
1895.7352294922 -82.4196777344 
1902.3010253906 -82.4205474854 
1908.8895263672 -82.4026641846 
1915.5008544922 -82.3208999634 
1922.1340332031 -82.2144775391 
1928.7912597656 -82.1613082886 
1935.4715576172 -82.1459960938 
1942.1749267578 -82.1888809204 
1948.9005126953 -82.2390975952 
1955.6505126953 -82.3164596558 
1962.4238281250 -82.3766784668 
1969.2205810547 -82.3922653198 
1976.0397949219 -82.3667297363 
1982.8836669922 -82.3063812256 
1989.7513427734 -82.2616958618 
1996.6427001953 -82.2159576416 
2003.5579833984 -82.2032089233 
2010.4960937500 -82.2188949585 
2017.4593505859 -82.2628707886 
2024.4467773438 -82.2978897095 
2031.4583740234 -82.2985305786 
2038.4930419922 -82.2949752808 
2045.5533447266 -82.3107376099 
2052.6379394531 -82.3602447510 
2059.7473144531 -82.4034423828 
2066.8798828125 -82.4069671631 
2074.0385742188 -82.3913650513 
2081.2219238281 -82.3866653442 
2088.4299316406 -82.4121246338 
2095.6621093750 -82.4719924927 
2102.9201660156 -82.5501632690 
2110.2036132813 -82.6157608032 
2117.5122070313 -82.6428451538 
2124.8449707031 -82.6284255981 
2132.2043457031 -82.5884399414 
2139.5891113281 -82.4976577759 
2146.9995117188 -82.4062118530 
2154.4343261719 -82.3509216309 
2161.8959960938 -82.3318099976 
2169.3837890625 -82.3509750366 
2176.8972167969 -82.3959655762 
2184.4355468750 -82.4532699585 
2192.0014648438 -82.4930038452 
2199.5932617188 -82.4873657227 
2207.2114257813 -82.4519958496 
2214.8547363281 -82.4201126099 
2222.5258789063 -82.4226226807 
2230.2233886719 -82.4715042114 
2237.9477539063 -82.5360870361 
2245.6975097656 -82.5807876587 
2253.4753417969 -82.5829467773 
2261.2802734375 -82.5355758667 
2269.1120605469 -82.4830017090 
2276.9697265625 -82.4614028931 
2284.8559570313 -82.4691619873 
2292.7695312500 -82.5050354004 
2300.7104492188 -82.5750503540 
2308.6774902344 -82.6345138550 
2316.6735839844 -82.7006683350 
2324.6972656250 -82.7658691406 
2332.7485351563 -82.7870483398 
2340.8266601563 -82.7018890381 
2348.9340820313 -82.5820083618 
2357.0695800781 -82.4834136963 
2365.2331542969 -82.4357528687 
2373.4235839844 -82.4601135254 
2381.6440429688 -82.5635375977 
2389.8925781250 -82.6433563232 
2398.1699218750 -82.6700439453 
2406.4746093750 -82.6606369019 
2414.8093261719 -82.6387786865 
2423.1728515625 -82.5976181030 
2431.5654296875 -82.5536956787 
2439.9855957031 -82.5221710205 
2448.4365234375 -82.5065612793 
2456.9165039063 -82.4857635498 
2465.4260253906 -82.4483718872 
2473.9633789063 -82.4297714233 
2482.5319824219 -82.4523544312 
2491.1301269531 -82.4828720093 
2499.7580566406 -82.5021133423 
2508.4143066406 -82.4896011353 
2517.1020507813 -82.4605865479 
2525.8200683594 -82.4377365112 
2534.5681152344 -82.4640579224 
2543.3464355469 -82.5129394531 
2552.1538085938 -82.5386962891 
2560.9931640625 -82.5338134766 
2569.8630371094 -82.5190811157 
2578.7636718750 -82.4984817505 
2587.6936035156 -82.4581146240 
2596.6560058594 -82.3895492554 
2605.6494140625 -82.3139801025 
2614.6738281250 -82.2725677490 
2623.7282714844 -82.2928390503 
2632.8154296875 -82.4208450317 
2641.9340820313 -82.5834426880 
2651.0842285156 -82.6413497925 
2660.2646484375 -82.5890579224 
2669.4785156250 -82.4945755005 
2678.7241210938 -82.4200668335 
2688.0017089844 -82.4574127197 
2697.3100585938 -82.5595779419 
2706.6518554688 -82.6271133423 
2716.0263671875 -82.6294784546 
2725.4331054688 -82.5944824219 
2734.8710937500 -82.4893035889 
2744.3432617188 -82.3432006836 
2753.8481445313 -82.2896194458 
2763.3859863281 -82.3693161011 
2772.9553222656 -82.4727249146 
2782.5593261719 -82.5209884644 
2792.1965332031 -82.5383605957 
2801.8671875000 -82.5535049438 
2811.5698242188 -82.5618209839 
2821.3073730469 -82.5531921387 
2831.0788574219 -82.4940414429 
2840.8842773438 -82.3919754028 
2850.7219238281 -82.3502731323 
2860.5952148438 -82.3874359131 
2870.5029296875 -82.3886337280 
2880.4448242188 -82.3129806519 
2890.4194335938 -82.2366027832 
2900.4301757813 -82.2160720825 
2910.4758300781 -82.2531585693 
2920.5561523438 -82.2757873535 
2930.6696777344 -82.2130203247 
2940.8198242188 -82.1374053955 
2951.0053710938 -82.1592407227 
2961.2260742188 -82.2488708496 
2971.4804687500 -82.3089218140 
2981.7719726563 -82.3246459961 
2992.0991210938 -82.3156509399 
3002.4621582031 -82.2690353394 
3012.8593750000 -82.2843704224 
3023.2944335938 -82.2999877930 
3033.7653808594 -82.3158493042 
3044.2727050781 -82.3333969116 
3054.8146972656 -82.3512725830 
3065.3950195313 -82.3695297241 
3076.0117187500 -82.3870620728 
3086.6655273438 -82.4042434692 
3097.3542480469 -82.4212112427 
3108.0817871094 -82.4395751953 
3118.8464355469 -82.4592742920 
3129.6484375000 -82.4829177856 
3140.4860839844 -82.5071716309 
3151.3630371094 -82.5319976807 
3162.2775878906 -82.5517272949 
3173.2299804688 -82.5670547485 
3184.2204589844 -82.5730819702 
3195.2470703125 -82.5697937012 
3206.3137207031 -82.5611953735 
3217.4184570313 -82.5454635620 
3228.5620117188 -82.5270614624 
3239.7421875000 -82.5067214966 
3250.9628906250 -82.4831008911 
3262.2224121094 -82.4555358887 
3273.5209960938 -82.4249496460 
3284.8569335938 -82.3897476196 
3296.2338867188 -82.3568725586 
3307.6501464844 -82.3277053833 
3319.1059570313 -82.3129959106 
3330.5998535156 -82.3146362305 
3342.1352539063 -82.3287124634 
3353.7104492188 -82.3600158691 
3365.3259277344 -82.3961944580 
3376.9797363281 -82.4317321777 
3388.6757812500 -82.4602966309 
3400.4123535156 -82.4757080078 
3412.1894531250 -82.4848327637 
3424.0056152344 -82.4883956909 
3435.8645019531 -82.4957962036 
3447.7644042969 -82.5081481934 
3459.7055664063 -82.5251007080 
3471.6860351563 -82.5427932739 
3483.7102050781 -82.5515823364 
3495.7758789063 -82.5508422852 
3507.8833007813 -82.5357589722 
3520.0307617188 -82.5088806152 
3532.2221679688 -82.4788284302 
3544.4558105469 -82.4476852417 
3556.7319335938 -82.4211273193 
3569.0485839844 -82.4012603760 
3581.4099121094 -82.3883895874 
3593.8139648438 -82.3840179443 
3606.2609863281 -82.3914947510 
3618.7490234375 -82.4028472900 
3631.2824707031 -82.4154586792 
3643.8591308594 -82.4250030518 
3656.4794921875 -82.4260177612 
3669.1416015625 -82.4216995239 
3681.8493652344 -82.4131546021 
3694.6013183594 -82.4020004272 
3707.3974609375 -82.3895950317 
3720.2358398438 -82.3753738403 
3733.1206054688 -82.3588943481 
3746.0500488281 -82.3394470215 
3759.0244140625 -82.3206024170 
3772.0415039063 -82.3086166382 
3785.1059570313 -82.3066635132 
3798.2153320313 -82.3173904419 
3811.3703613281 -82.3408279419 
3824.5688476563 -82.3620910645 
3837.8149414063 -82.3754806519 
3851.1071777344 -82.3785934448 
3864.4453125000 -82.3728103638 
3877.8273925781 -82.3730010986 
3891.2580566406 -82.3869552612 
3904.7353515625 -82.4152374268 
3918.2590332031 -82.4553375244 
3931.8276367188 -82.4987564087 
3945.4453125000 -82.5316009521 
3959.1103515625 -82.5499572754 
3972.8225097656 -82.5519180298 
3986.5822753906 -82.5368118286 
4000.3872070313 -82.5039291382 
4014.2424316406 -82.4558105469 
4028.1455078125 -82.4029998779 
4042.0969238281 -82.3529510498 
4056.0942382813 -82.3128280640 
4070.1423339844 -82.2889633179 
4084.2392578125 -82.2894515991 
4098.3847656250 -82.3129730225 
4112.5771484375 -82.3507461548 
4126.8208007813 -82.3929290771 
4141.1137695313 -82.4291992188 
4155.4565429688 -82.4513549805 
4169.8461914063 -82.4565277100 
4184.2885742188 -82.4528503418 
4198.7802734375 -82.4501342773 
4213.3227539063 -82.4525070190 
4227.9130859375 -82.4617309570 
4242.5561523438 -82.4780273438 
4257.2500000000 -82.5008926392 
4271.9951171875 -82.5291213989 
4286.7885742188 -82.5575332642 
4301.6357421875 -82.5782546997 
4316.5341796875 -82.5858612061 
4331.4843750000 -82.5799789429 
4346.4838867188 -82.5662384033 
4361.5375976563 -82.5546493530 
4376.6435546875 -82.5557708740 
4391.8017578125 -82.5756759644 
4407.0102539063 -82.6124801636 
4422.2739257813 -82.6519851685 
4437.5898437500 -82.6788558960 
4452.9594726563 -82.6821441650 
4468.3793945313 -82.6582412720 
4483.8554687500 -82.6122207642 
4499.3852539063 -82.5559921265 
4514.9687500000 -82.5035400391 
4530.6035156250 -82.4649734497 
4546.2949218750 -82.4430847168 
4562.0410156250 -82.4354324341 
4577.8413085938 -82.4407577515 
4593.6938476563 -82.4633941650 
4609.6040039063 -82.5032348633 
4625.5693359375 -82.5504226685 
4641.5898437500 -82.5883560181 
4657.6630859375 -82.6025085449 
4673.7944335938 -82.5870208740 
4689.9819335938 -82.5453338623 
4706.2255859375 -82.4877395630 
4722.5229492188 -82.4279708862 
4738.8789062500 -82.3784790039 
4755.2919921875 -82.3457489014 
4771.7617187500 -82.3293914795 
4788.2861328125 -82.3264465332 
4804.8701171875 -82.3358001709 
4821.5112304688 -82.3569259644 
4838.2104492188 -82.3850173950 
4854.9648437500 -82.4103393555 
4871.7797851563 -82.4254760742 
4888.6528320313 -82.4333267212 
4905.5844726563 -82.4384765625 
4922.5717773438 -82.4593734741 
4939.6210937500 -82.4937896729 
4956.7294921875 -82.5265045166 
4973.8964843750 -82.5374526978 
4991.1206054688 -82.5150527954 
5008.4072265625 -82.4618759155 
5025.7539062500 -82.3933715820 
5043.1601562500 -82.3328399658 
5060.6269531250 -82.3062896729 
5078.1513671875 -82.3527832031 
5095.7392578125 -82.4109268188 
5113.3881835938 -82.4631652832 
5131.0981445313 -82.4897460938 
5148.8666992188 -82.4800796509 
5166.6997070313 -82.4395828247 
5184.5942382813 -82.3893737793 
5202.5507812500 -82.3548889160 
5220.5668945313 -82.3505172729 
5238.6479492188 -82.3715591431 
5256.7915039063 -82.3984146118 
5274.9985351563 -82.4099349976 
5293.2651367188 -82.3984909058 
5311.5981445313 -82.3766937256 
5329.9946289063 -82.3682556152 
5348.4545898438 -82.4084320068 
5366.9760742188 -82.4654541016 
5385.5644531250 -82.4774703979 
5404.2167968750 -82.4658584595 
5422.9340820313 -82.4517974854 
5441.7133789063 -82.4596405029 
5460.5605468750 -82.4988784790 
5479.4726562500 -82.5555114746 
5498.4506835938 -82.5974121094 
5517.4912109375 -82.5933303833 
5536.6010742188 -82.4889907837 
5555.7768554688 -82.3550872803 
5575.0190429688 -82.2967071533 
5594.3247070313 -82.2741775513 
5613.7001953125 -82.2756195068 
5633.1430664063 -82.2846603394 
5652.6533203125 -82.2908630371 
5672.2275390625 -82.2875976563 
5691.8730468750 -82.2747192383 
5711.5869140625 -82.2696533203 
5731.3686523438 -82.2794113159 
5751.2158203125 -82.3091354370 
5771.1347656250 -82.3545837402 
5791.1230468750 -82.4283828735 
5811.1801757813 -82.4836273193 
5831.3037109375 -82.4932327271 
5851.5000000000 -82.4750366211 
5871.7666015625 -82.4356918335 
5892.1030273438 -82.3836135864 
5912.5068359375 -82.3739013672 
5932.9848632813 -82.3855361938 
5953.5332031250 -82.3872833252 
5974.1533203125 -82.3702087402 
5994.8408203125 -82.3353118896 
6015.6040039063 -82.3334655762 
6036.4384765625 -82.3647308350 
6057.3457031250 -82.4103546143 
6078.3217773438 -82.4637756348 
6099.3735351563 -82.4654388428 
6120.4985351563 -82.4354553223 
6141.6967773438 -82.4104003906 
6162.9648437500 -82.4292602539 
6184.3095703125 -82.4847412109 
6205.7290039063 -82.5059890747 
6227.2221679688 -82.5003738403 
6248.7866210938 -82.4748306274 
6270.4287109375 -82.4798431396 
6292.1459960938 -82.5152740479 
6313.9384765625 -82.5917587280 
6335.8066406250 -82.6561203003 
6357.7470703125 -82.6703643799 
6379.7666015625 -82.6580810547 
6401.8627929688 -82.6121749878 
6424.0351562500 -82.5767745972 
6446.2812500000 -82.5736923218 
6468.6074218750 -82.5811843872 
6491.0112304688 -82.5719757080 
6513.4926757813 -82.5507507324 
6536.0483398438 -82.5211334229 
6558.6855468750 -82.5030059814 
6581.4013671875 -82.4926910400 
6604.1958007813 -82.4845733643 
6627.0654296875 -82.5004348755 
6650.0175781250 -82.5220489502 
6673.0498046875 -82.5326156616 
6696.1616210938 -82.5147552490 
6719.3496093750 -82.4903717041 
6742.6220703125 -82.4670257568 
6765.9746093750 -82.4531784058 
6789.4082031250 -82.4602661133 
6812.9194335938 -82.4952621460 
6836.5156250000 -82.5129318237 
6860.1938476563 -82.5031967163 
6883.9536132813 -82.4768829346 
6907.7919921875 -82.4533996582 
6931.7167968750 -82.4306640625 
6955.7246093750 -82.4238357544 
6979.8154296875 -82.4333419800 
7003.9858398438 -82.4281768799 
7028.2436523438 -82.3791961670 
7052.5859375000 -82.3443069458 
7077.0122070313 -82.3674697876 
7101.5190429688 -82.3997192383 
7126.1147460938 -82.3851928711 
7150.7958984375 -82.3404006958 
7175.5625000000 -82.3122940063 
7200.4106445313 -82.2764739990 
7225.3491210938 -82.2363357544 
7250.3735351563 -82.2358551025 
7275.4848632813 -82.3072967529 
7300.6791992188 -82.4242782593 
7325.9648437500 -82.5180053711 
7351.3378906250 -82.5513000488 
7376.7988281250 -82.5357589722 
7402.3442382813 -82.4999237061 
7427.9819335938 -82.5018920898 
7453.7080078125 -82.5686569214 
7479.5239257813 -82.6474151611 
7505.4248046875 -82.6791305542 
7531.4194335938 -82.6633987427 
7557.5039062500 -82.6120376587 
7583.6791992188 -82.4935684204 
7609.9409179688 -82.3839492798 
7636.2973632813 -82.3442077637 
7662.7451171875 -82.3933486938 
7689.2851562500 -82.4849243164 
7715.9121093750 -82.5316696167 
7742.6357421875 -82.4802703857 
7769.4521484375 -82.3823623657 
7796.3613281250 -82.4050445557 
7823.3593750000 -82.5163574219 
7850.4550781250 -82.5785140991 
7877.6450195313 -82.5150451660 
7904.9287109375 -82.4157180786 
7932.3027343750 -82.4347686768 
7959.7758789063 -82.5330505371 
7987.3442382813 -82.6162338257 
8015.0078125000 -82.6328735352 
8042.7675781250 -82.6269378662 
8070.6191406250 -82.6591873169 
8098.5712890625 -82.7533874512 
8126.6201171875 -82.8745040894 
8154.7666015625 -82.8702011108 
8183.0053710938 -82.7565994263 
8211.3466796875 -82.6120834351 
8239.7871093750 -82.5709304810 
8268.3251953125 -82.5490112305 
8296.9570312500 -82.4983444214 
8325.6933593750 -82.4768142700 
8354.5292968750 -82.4768676758 
8383.4648437500 -82.4633255005 
8412.4960937500 -82.4298934937 
8441.6318359375 -82.4049148560 
8470.8691406250 -82.3885116577 
8500.2080078125 -82.3640899658 
8529.6425781250 -82.3483734131 
8559.1845703125 -82.3728103638 
8588.8291015625 -82.4622802734 
8618.5761718750 -82.5430374146 
8648.4218750000 -82.5504684448 
8678.3750000000 -82.4998626709 
8708.4326171875 -82.4336166382 
8738.5937500000 -82.4408187866 
8768.8544921875 -82.4472503662 
8799.2246093750 -82.4084091187 
8829.7001953125 -82.3930282593 
8860.2822265625 -82.4593658447 
8890.9638671875 -82.5139389038 
8921.7578125000 -82.4639205933 
8952.6582031250 -82.4100036621 
8983.6650390625 -82.4017562866 
9014.7744140625 -82.4309158325 
9045.9970703125 -82.4762725830 
9077.3271484375 -82.5196990967 
9108.7656250000 -82.5397491455 
9140.3085937500 -82.5535278320 
9171.9658203125 -82.5412521362 
9203.7324218750 -82.4805374146 
9235.6093750000 -82.3647613525 
9267.5908203125 -82.2745971680 
9299.6894531250 -82.2875366211 
9331.8984375000 -82.3907241821 
9364.2187500000 -82.3948974609 
9396.6464843750 -82.2716140747 
9429.1914062500 -82.2294464111 
9461.8486328125 -82.3147583008 
9494.6191406250 -82.3761367798 
9527.4980468750 -82.3907089233 
9560.4960937500 -82.3985214233 
9593.6083984375 -82.4273376465 
9626.8359375000 -82.4411239624 
9660.1718750000 -82.4552917480 
9693.6298828125 -82.4856338501 
9727.2031250000 -82.4871826172 
9760.8935546875 -82.4526443481 
9794.6943359375 -82.4435348511 
9828.6171875000 -82.4884338379 
9862.6582031250 -82.5416336060 
9896.8173828125 -82.5536956787 
9931.0888671875 -82.5181961060 
9965.4853515625 -82.4726638794 
10000.0000000000 -82.5070343018 
10034.6347656250 -82.5221481323 
10069.3886718750 -82.5371017456 
10104.2636718750 -82.5477371216 
10139.2597656250 -82.5559844971 
10174.3652343750 -82.5620574951 
10209.6035156250 -82.5681686401 
10244.9638671875 -82.5767211914 
10280.4472656250 -82.5871429443 
10316.0527343750 -82.5989913940 
10351.7822265625 -82.6052398682 
10387.6347656250 -82.6040267944 
10423.6123046875 -82.5912704468 
10459.7021484375 -82.5616912842 
10495.9287109375 -82.5256195068 
10532.2812500000 -82.4850997925 
10568.7597656250 -82.4473648071 
10605.3642578125 -82.4176559448 
10642.0947265625 -82.3951339722 
10678.9531250000 -82.3807983398 
10715.9394531250 -82.3742141724 
10753.0419921875 -82.3706588745 
10790.2841796875 -82.3696365356 
10827.6562500000 -82.3709945679 
10865.1572265625 -82.3745422363 
10902.7880859375 -82.3791198730 
10940.5498046875 -82.3841552734 
10978.4414062500 -82.3878097534 
11016.4648437500 -82.3880310059 
11054.6074218750 -82.3852844238 
11092.8945312500 -82.3798446655 
11131.3144531250 -82.3728637695 
11169.8671875000 -82.3673400879 
11208.5537109375 -82.3635330200 
11247.3740234375 -82.3610763550 
11286.3291015625 -82.3581924438 
11325.4189453125 -82.3496551514 
11364.6308593750 -82.3345413208 
11403.9921875000 -82.3135070801 
11443.4892578125 -82.2883911133 
11483.1230468750 -82.2710800171 
11522.8945312500 -82.2703781128 
11562.8037109375 -82.2891082764 
11602.8505859375 -82.3273544312 
11643.0371093750 -82.3805465698 
11683.3486328125 -82.4276199341 
11723.8134765625 -82.4560012817 
11764.4189453125 -82.4617996216 
11805.1640625000 -82.4455642700 
11846.0507812500 -82.4154663086 
11887.0791015625 -82.3916091919 
11928.2490234375 -82.3825454712 
11969.5625000000 -82.3900909424 
12011.0048828125 -82.4121780396 
12052.6044921875 -82.4423370361 
12094.3486328125 -82.4677505493 
12136.2363281250 -82.4820556641 
12178.2695312500 -82.4833602905 
12220.4492187500 -82.4712905884 
12262.7734375000 -82.4465637207 
12305.2451171875 -82.4091644287 
12347.8505859375 -82.3624267578 
12390.6162109375 -82.3155670166 
12433.5312500000 -82.2793655396 
12476.5937500000 -82.2649841309 
12519.8056640625 -82.2811126709 
12563.1679687500 -82.3302078247 
12606.6796875000 -82.4031143188 
12650.3427734375 -82.4711303711 
12694.1562500000 -82.5164642334 
12738.1074218750 -82.5311431885 
12782.2255859375 -82.5182800293 
12826.4960937500 -82.4901046753 
12870.9199218750 -82.4624176025 
12915.4980468750 -82.4467620850 
12960.2304687500 -82.4393386841 
13005.1171875000 -82.4303741455 
13050.1601562500 -82.4163284302 
13095.3447265625 -82.4020004272 
13140.6992187500 -82.3975372314 
13186.2119140625 -82.4118728638 
13231.8818359375 -82.4452667236 
13277.7099609375 -82.4856948853 
13323.6962890625 -82.5107421875 
13369.8427734375 -82.5023498535 
13416.1484375000 -82.4635772705 
13462.5996093750 -82.4095840454 
13509.2265625000 -82.3600082397 
13556.0156250000 -82.3304290771 
13602.9658203125 -82.3268814087 
13650.0791015625 -82.3446807861 
13697.3554687500 -82.3712463379 
13744.7958984375 -82.3910598755 
13792.4003906250 -82.3911666870 
13840.1542968750 -82.3660659790 
13888.0888671875 -82.3210067749 
13936.1904296875 -82.2721939087 
13984.4570312500 -82.2431640625 
14032.8916015625 -82.2487640381 
14081.4941406250 -82.2889709473 
14130.2646484375 -82.3488616943 
14179.2041015625 -82.4067916870 
14228.2978515625 -82.4462356567 
14277.5771484375 -82.4628143311 
14327.0263671875 -82.4616012573 
14376.6474609375 -82.4491348267 
14426.4404296875 -82.4283065796 
14476.4052734375 -82.4002456665 
14526.5439453125 -82.3696975708 
14576.8564453125 -82.3472366333 
14627.3261718750 -82.3450546265 
14677.9873046875 -82.3693389893 
14728.8242187500 -82.4374160767 
14779.8369140625 -82.4896774292 
14831.0253906250 -82.5247955322 
14882.3925781250 -82.5354003906 
14933.9365234375 -82.5241851807 
14985.6601562500 -82.4996948242 
15037.5458984375 -82.4711608887 
15089.6269531250 -82.4457092285 
15141.8896484375 -82.4281234741 
15194.3330078125 -82.4212188721 
15246.9580078125 -82.4251708984 
15299.7646484375 -82.4366836548 
15352.7548828125 -82.4499359131 
15405.9287109375 -82.4601287842 
15459.2695312500 -82.4676361084 
15512.8115234375 -82.4793090820 
15566.5390625000 -82.5052795410 
15620.4531250000 -82.5522308350 
15674.5546875000 -82.6168823242 
15728.8427734375 -82.6835632324 
15783.3183593750 -82.7293243408 
15837.9833984375 -82.7359085083 
15892.8369140625 -82.6713790894 
15947.8642578125 -82.5814590454 
16003.0986328125 -82.5416030884 
16058.5244140625 -82.5323257446 
16114.1425781250 -82.5520477295 
16169.9531250000 -82.5886611938 
16225.9570312500 -82.6228179932 
16282.1552734375 -82.6354141235 
16338.5478515625 -82.6173400879 
16395.1171875000 -82.5743179321 
16451.9003906250 -82.4993896484 
16508.8808593750 -82.4460220337 
16566.0585937500 -82.4282913208 
16623.4355468750 -82.4143600464 
16681.0097656250 -82.3933868408 
16738.7832031250 -82.3601226807 
16796.7578125000 -82.3197402954 
16854.9140625000 -82.2857131958 
16913.2890625000 -82.2759475708 
16971.8691406250 -82.3068008423 
17030.6503906250 -82.3365631104 
17089.6347656250 -82.3583068848 
17148.8242187500 -82.3654327393 
17208.2167968750 -82.3542556763 
17267.8183593750 -82.2956924438 
17327.6054687500 -82.2067947388 
17387.6191406250 -82.1511993408 
17447.8398437500 -82.1194305420 
17508.2695312500 -82.1175155640 
17568.9082031250 -82.1542892456 
17629.7578125000 -82.2041397095 
17690.8164062500 -82.2418365479 
17752.0878906250 -82.2870407104 
17813.5527343750 -82.3369598389 
17875.2500000000 -82.3919677734 
17937.1582031250 -82.4107589722 
17999.2832031250 -82.4143295288 
18061.6230468750 -82.4299850464 
18124.1796875000 -82.4585266113 
18186.9511718750 -82.4868164063 
18249.9414062500 -82.4660415649 
18313.1289062500 -82.4250640869 
18376.5546875000 -82.3836517334 
18440.2011718750 -82.3513183594 
18504.0683593750 -82.3550567627 
18568.1562500000 -82.3750228882 
18632.4667968750 -82.4017944336 
18697.0000000000 -82.4448013306 
18761.7558593750 -82.4731979370 
18826.7148437500 -82.4661254883 
18891.9199218750 -82.4101867676 
18957.3515625000 -82.3427886963 
19023.0097656250 -82.3224639893 
19088.8945312500 -82.3366241455 
19155.0078125000 -82.4196243286 
19221.3515625000 -82.5311584473 
19287.9238281250 -82.5960388184 
19354.7050781250 -82.6444778442 
19421.7382812500 -82.6356735229 
19489.0058593750 -82.5939254761 
19556.5039062500 -82.4979476929 
19624.2382812500 -82.4031906128 
19692.2050781250 -82.3655776978 
19760.4082031250 -82.3689956665 
19828.8476562500 -82.4212112427 
19897.5019531250 -82.4695205688 
19966.4160156250 -82.5239791870 
20035.5683593750 -82.5423965454 
20104.9609375000 -82.5310363770 
20174.5937500000 -82.4979553223 
20244.4667968750 -82.4718093872 
20314.5839843750 -82.4830169678 
20384.9414062500 -82.5237655640 
20455.5449218750 -82.5523147583 
20526.3691406250 -82.5632476807 
20597.4609375000 -82.5425338745 
20668.7988281250 -82.5083236694 
20740.3847656250 -82.4783935547 
20812.2187500000 -82.4667739868 
20884.3007812500 -82.4644775391 
20956.6328125000 -82.4665603638 
21029.2148437500 -82.4679336548 
21102.0253906250 -82.4820404053 
21175.1113281250 -82.5139389038 
21248.4492187500 -82.5428924561 
21322.0429687500 -82.5528259277 
21395.8906250000 -82.5596542358 
21469.9941406250 -82.5753707886 
21544.3554687500 -82.6147155762 
21618.9726562500 -82.6550750732 
21693.8242187500 -82.6628875732 
21768.9609375000 -82.6375656128 
21844.3574218750 -82.5823974609 
21920.0136718750 -82.5162811279 
21995.9316406250 -82.4584121704 
22072.1152343750 -82.4300765991 
22148.5605468750 -82.4578857422 
22225.2714843750 -82.5171966553 
22302.2226562500 -82.5580749512 
22379.4648437500 -82.5493469238 
22456.9746093750 -82.4951934814 
22534.7539062500 -82.4395065308 
22612.8027343750 -82.4032363892 
22691.1210937500 -82.3829956055 
22769.7109375000 -82.3878936768 
22848.5722656250 -82.4203491211 
22927.6816406250 -82.4743041992 
23007.0898437500 -82.5132522583 
23086.7753906250 -82.4814834595 
23166.7343750000 -82.3973388672 
23246.9707031250 -82.3159179688 
23327.4863281250 -82.2864532471 
23408.2792968750 -82.2975082397 
23489.3535156250 -82.3067245483 
23570.6816406250 -82.3301696777 
23652.3183593750 -82.3841094971 
23734.2363281250 -82.4399871826 
23816.4394531250 -82.4639663696 
23898.9257812500 -82.4731597900 
23981.6992187500 -82.5015182495 
24064.7578125000 -82.5130386353 
24148.1054687500 -82.4746322632 
24231.7148437500 -82.4275360107 
24315.6406250000 -82.4369125366 
24399.8574218750 -82.4511413574 
24484.3652343750 -82.4322891235 
24569.1640625000 -82.4300384521 
24654.2597656250 -82.4616241455 
24739.6484375000 -82.4690399170 
24825.3320312500 -82.4298782349 
24911.2871093750 -82.4080429077 
24997.5664062500 -82.4465255737 
25084.1445312500 -82.4905395508 
25171.0214843750 -82.4785079956 
25258.1992187500 -82.4439239502 
25345.6816406250 -82.4615554810 
25433.4648437500 -82.5469818115 
25521.5527343750 -82.6472167969 
25609.9453125000 -82.6920471191 
25698.6152343750 -82.6377334595 
25787.6210937500 -82.6029434204 
25876.9355468750 -82.6048812866 
25966.5585937500 -82.5778656006 
26056.4941406250 -82.4249649048 
26146.7382812500 -82.2729644775 
26237.2968750000 -82.1750030518 
26328.1679687500 -82.1463241577 
26419.3261718750 -82.2124862671 
26510.8281250000 -82.3369064331 
26602.6464843750 -82.4100112915 
26694.7832031250 -82.4107131958 
26787.2402343750 -82.3576889038 
26880.0156250000 -82.3539199829 
26973.1132812500 -82.4379577637 
27066.5351562500 -82.5313644409 
27160.2480468750 -82.5850067139 
27254.3164062500 -82.6425704956 
27348.7109375000 -82.6940765381 
27443.4316406250 -82.6643524170 
27538.4804687500 -82.6254196167 
27633.8593750000 -82.6336593628 
27729.5683593750 -82.6279296875 
27825.6074218750 -82.5541000366 
27921.9492187500 -82.4729690552 
28018.6562500000 -82.4247283936 
28115.6972656250 -82.4412536621 
28213.0742187500 -82.4881973267 
28310.7890625000 -82.5125732422 
28408.8417968750 -82.5629653931 
28507.2343750000 -82.6377029419 
28605.9687500000 -82.6241607666 
28705.0136718750 -82.4828491211 
28804.4316406250 -82.3425598145 
28904.1933593750 -82.3159713745 
29004.3027343750 -82.3900909424 
29104.7578125000 -82.4876251221 
29205.5605468750 -82.5353240967 
29306.7128906250 -82.4978942871 
29408.2148437500 -82.4166259766 
29510.0371093750 -82.3674545288 
29612.2441406250 -82.3634490967 
29714.8046875000 -82.3922958374 
29817.7207031250 -82.4649276733 
29920.9921875000 -82.5870132446 
30024.6230468750 -82.4548339844 
30128.6113281250 -82.4833526611 
30232.9609375000 -82.5143280029 
30337.6367187500 -82.5475387573 
30442.7109375000 -82.5826187134 
30548.1464843750 -82.6177673340 
30653.9492187500 -82.6525726318 
30760.1171875000 -82.6849822998 
30866.6542968750 -82.7154617310 
30973.5585937500 -82.7378311157 
31080.8339843750 -82.7518692017 
31188.4472656250 -82.7578735352 
31296.4667968750 -82.7441329956 
31404.8613281250 -82.7220916748 
31513.6308593750 -82.6880950928 
31622.7773437500 -82.6464767456 
31732.3007812500 -82.6036376953 
31842.2031250000 -82.5626525879 
31952.4882812500 -82.5303573608 
32063.1542968750 -82.5044784546 
32174.1679687500 -82.4920654297 
32285.6015625000 -82.4885787964 
32397.4218750000 -82.4907150269 
32509.6289062500 -82.4983062744 
32622.2246093750 -82.5053710938 
32735.2089843750 -82.5116348267 
32848.5859375000 -82.5143890381 
32962.3554687500 -82.5149002075 
33076.4843750000 -82.5137939453 
33191.0429687500 -82.5110092163 
33305.9960937500 -82.5088043213 
33421.3515625000 -82.5078353882 
33537.1054687500 -82.5109786987 
33653.2578125000 -82.5187911987 
33769.8164062500 -82.5280914307 
33886.7773437500 -82.5364913940 
34004.1054687500 -82.5305480957 
34121.8750000000 -82.5101547241 
34240.0546875000 -82.4708938599 
34358.6445312500 -82.4094085693 
34477.6445312500 -82.3468627930 
34597.0546875000 -82.2870025635 
34716.8789062500 -82.2506942749 
34837.1210937500 -82.2370834351 
34957.7382812500 -82.2406692505 
35078.8125000000 -82.2613143921 
35200.3085937500 -82.2882537842 
35322.2226562500 -82.3158874512 
35444.5585937500 -82.3432693481 
35567.3203125000 -82.3717041016 
35690.5039062500 -82.4032592773 
35814.1171875000 -82.4369430542 
35938.1171875000 -82.4722595215 
36062.5898437500 -82.5042572021 
36187.4921875000 -82.5319671631 
36312.8242187500 -82.5558090210 
36438.5898437500 -82.5762023926 
36564.7968750000 -82.5965423584 
36691.4375000000 -82.6170425415 
36818.5156250000 -82.6364364624 
36945.9921875000 -82.6514205933 
37073.9531250000 -82.6533966064 
37202.3593750000 -82.6418228149 
37331.2070312500 -82.6159286499 
37460.5000000000 -82.5743865967 
37590.2460937500 -82.5197982788 
37720.4375000000 -82.4610824585 
37851.0781250000 -82.4010314941 
37982.1328125000 -82.3424758911 
38113.6835937500 -82.2924728394 
38245.6875000000 -82.2575988770 
38378.1484375000 -82.2432632446 
38511.0703125000 -82.2539062500 
38644.4531250000 -82.2957458496 
38778.2968750000 -82.3639450073 
38912.6015625000 -82.4389114380 
39047.3320312500 -82.5094451904 
39182.5703125000 -82.5651092529 
39318.2773437500 -82.5929489136 
39454.4531250000 -82.5912017822 
39591.1015625000 -82.5704498291 
39728.2265625000 -82.5370788574 
39865.8203125000 -82.4974441528 
40003.8945312500 -82.4572448730 
40142.4453125000 -82.4198989868 
40281.4335937500 -82.3875122070 
40420.9453125000 -82.3654098511 
40560.9414062500 -82.3601913452 
40701.4257812500 -82.3782958984 
40842.3906250000 -82.4234390259 
40983.8476562500 -82.4746093750 
41125.7929687500 -82.5081710815 
41268.2304687500 -82.5110702515 
41411.1171875000 -82.4817428589 
41554.5390625000 -82.4315032959 
41698.4648437500 -82.3847198486 
41842.8828125000 -82.3668365479 
41987.8046875000 -82.3768463135 
42133.2265625000 -82.4046783447 
42279.1523437500 -82.4362792969 
42425.5859375000 -82.4586715698 
42572.4765625000 -82.4648742676 
42719.9257812500 -82.4579544067 
42867.8828125000 -82.4556045532 
43016.3554687500 -82.4743881226 
43165.3398437500 -82.5190277100 
43314.8437500000 -82.5815124512 
43464.8593750000 -82.6440505981 
43615.3984375000 -82.6866149902 
43766.4101562500 -82.6966247559 
43917.9960937500 -82.6763000488 
44070.1015625000 -82.6410903931 
44222.7382812500 -82.6088485718 
44375.9023437500 -82.5846939087 
44529.5937500000 -82.5667953491 
44683.8203125000 -82.5512084961 
44838.5820312500 -82.5341033936 
44993.8281250000 -82.5129241943 
45149.6601562500 -82.4873886108 
45306.0351562500 -82.4608917236 
45462.9492187500 -82.4403991699 
45620.4101562500 -82.4332809448 
45778.4140625000 -82.4420242310 
45936.9648437500 -82.4611434937 
46096.0664062500 -82.4795379639 
46255.6679687500 -82.4918594360 
46415.8710937500 -82.5005416870 
46576.6289062500 -82.5101165771 
46737.9453125000 -82.5184097290 
46899.8203125000 -82.5144882202 
47062.2578125000 -82.4876174927 
47225.2539062500 -82.4394607544 
47388.8164062500 -82.3861389160 
47552.8945312500 -82.3464584351 
47717.5898437500 -82.3270874023 
47882.8593750000 -82.3192138672 
48048.6992187500 -82.3093719482 
48215.1132812500 -82.2931518555 
48382.1054687500 -82.2780303955 
48549.6718750000 -82.2743682861 
48717.8242187500 -82.2868881226 
48886.5000000000 -82.3144378662 
49055.8164062500 -82.3382110596 
49225.7187500000 -82.3830490112 
49396.2109375000 -82.4254455566 
49567.2929687500 -82.4471130371 
49738.9648437500 -82.4351806641 
49911.2343750000 -82.3992462158 
50084.1015625000 -82.3702392578 
50257.5664062500 -82.3764572144 
50431.5742187500 -82.4205017090 
50606.2421875000 -82.5039291382 
50781.5156250000 -82.5522155762 
50957.3945312500 -82.5530700684 
51133.8828125000 -82.5359802246 
51310.9804687500 -82.5073013306 
51488.6953125000 -82.4752197266 
51667.0234375000 -82.4475250244 
51845.9140625000 -82.4277648926 
52025.4804687500 -82.4158554077 
52205.6679687500 -82.4122390747 
52386.4804687500 -82.4194107056 
52567.9179687500 -82.4384384155 
52749.9843750000 -82.4652481079 
52932.6796875000 -82.4913711548 
53116.0117187500 -82.5075073242 
53299.9179687500 -82.5061416626 
53484.5195312500 -82.4621124268 
53669.7617187500 -82.3914489746 
53855.6445312500 -82.3492736816 
54042.1679687500 -82.3227844238 
54229.3398437500 -82.3074645996 
54417.1640625000 -82.2927932739 
54605.6328125000 -82.2742691040 
54794.6992187500 -82.2578430176 
54984.4765625000 -82.2536087036 
55174.9140625000 -82.2672882080 
55366.0078125000 -82.3159790039 
55557.7656250000 -82.3735733032 
55750.1875000000 -82.4067306519 
55943.2773437500 -82.4327697754 
56137.0351562500 -82.4522781372 
56331.3984375000 -82.4659423828 
56526.5000000000 -82.4722900391 
56722.2773437500 -82.4609222412 
56918.7343750000 -82.4370269775 
57115.8671875000 -82.4307937622 
57313.6875000000 -82.4401626587 
57512.1914062500 -82.4550628662 
57711.3789062500 -82.4563674927 
57911.1992187500 -82.4094161987 
58111.7695312500 -82.3414306641 
58313.0390625000 -82.3145065308 
58515.0039062500 -82.3141098022 
58717.6679687500 -82.3326797485 
58921.0312500000 -82.3572311401 
59125.1015625000 -82.3533706665 
59329.8789062500 -82.3374481201 
59535.3007812500 -82.3230895996 
59741.5000000000 -82.3144226074 
59948.4101562500 -82.3091659546 
60156.0390625000 -82.3095321655 
60364.3867187500 -82.3167877197 
60573.4570312500 -82.3320007324 
60783.2500000000 -82.3659362793 
60993.7695312500 -82.3973617554 
61204.9531250000 -82.4080047607 
61416.9335937500 -82.4104537964 
61629.6484375000 -82.4149017334 
61843.0976562500 -82.4423065186 
62057.2890625000 -82.4796524048 
62272.2226562500 -82.5184478760 
62487.8984375000 -82.5396118164 
62704.3203125000 -82.5118026733 
62921.4257812500 -82.4761734009 
63139.3515625000 -82.4249801636 
63358.0312500000 -82.3710250854 
63577.4687500000 -82.3279647827 
63797.6679687500 -82.2870254517 
64018.6289062500 -82.2532730103 
64240.3554687500 -82.2457962036 
64462.8476562500 -82.2433776855 
64686.1093750000 -82.2401885986 
64910.0781250000 -82.2678527832 
65134.8906250000 -82.3156204224 
65360.4804687500 -82.3705062866 
65586.8515625000 -82.3473968506 
65814.0156250000 -82.2873535156 
66041.9531250000 -82.2233505249 
66270.6875000000 -82.2324142456 
66500.2109375000 -82.2745742798 
66730.4609375000 -82.3278121948 
66961.5781250000 -82.3400115967 
67193.5000000000 -82.3164367676 
67426.2187500000 -82.2982177734 
67659.7500000000 -82.2996749878 
67894.0859375000 -82.3152236938 
68129.2343750000 -82.3356628418 
68365.1953125000 -82.3558349609 
68601.8984375000 -82.4180374146 
68839.5000000000 -82.5111541748 
69077.9218750000 -82.5609970093 
69317.1718750000 -82.5128784180 
69557.2421875000 -82.4406585693 
69798.1562500000 -82.3838577271 
70039.8984375000 -82.4134445190 
70282.4765625000 -82.4742889404 
70525.8203125000 -82.5000610352 
70770.0859375000 -82.5194702148 
71015.1875000000 -82.5606918335 
71261.1484375000 -82.5879287720 
71507.9609375000 -82.5901107788 
71755.6250000000 -82.5810241699 
72004.1484375000 -82.5230636597 
72253.5312500000 -82.3974456787 
72503.6953125000 -82.2633895874 
72754.8125000000 -82.2261810303 
73006.7890625000 -82.3277664185 
73259.6484375000 -82.4662704468 
73513.3828125000 -82.5509948730 
73767.9921875000 -82.5576629639 
74023.4843750000 -82.4922714233 
74279.8593750000 -82.4395141602 
74537.0390625000 -82.4721450806 
74795.1953125000 -82.5569763184 
75054.2500000000 -82.6267852783 
75314.1953125000 -82.6404571533 
75575.0390625000 -82.6046524048 
75836.7890625000 -82.5731430054 
76099.4453125000 -82.5786285400 
76363.0156250000 -82.6125106812 
76627.4140625000 -82.6632919312 
76892.8046875000 -82.7047500610 
77159.1250000000 -82.7185974121 
77426.3593750000 -82.6880035400 
77694.5234375000 -82.6011047363 
77963.6093750000 -82.5232162476 
78233.6328125000 -82.4520492554 
78504.5937500000 -82.3939666748 
78776.4062500000 -82.3566818237 
79049.2421875000 -82.3778152466 
79323.0234375000 -82.4526672363 
79597.7578125000 -82.4969482422 
79873.4453125000 -82.4652252197 
80150.0781250000 -82.3906097412 
80427.6796875000 -82.3265914917 
80706.2343750000 -82.2930068970 
80985.7578125000 -82.2461624146 
81266.1562500000 -82.2160034180 
81547.6171875000 -82.2878494263 
81830.0546875000 -82.4420242310 
82113.4687500000 -82.5732727051 
82397.8671875000 -82.5633468628 
82683.2500000000 -82.5120849609 
82969.6171875000 -82.4544906616 
83256.9765625000 -82.4197769165 
83545.2421875000 -82.4117279053 
83834.6015625000 -82.4551620483 
84124.9531250000 -82.5190429688 
84416.3203125000 -82.5415191650 
84708.6875000000 -82.5215759277 
85002.0781250000 -82.4712600708 
85296.4765625000 -82.4497680664 
85591.8984375000 -82.4636535645 
85888.2500000000 -82.4777297974 
86185.7187500000 -82.4414978027 
86484.2187500000 -82.4252166748 
86783.7500000000 -82.4122390747 
87084.3203125000 -82.3493499756 
87385.9375000000 -82.3055114746 
87688.5937500000 -82.3451538086 
87992.2968750000 -82.4282302856 
88296.9609375000 -82.5102462769 
88602.7734375000 -82.5021667480 
88909.6406250000 -82.4077377319 
89217.5781250000 -82.3731307983 
89526.5781250000 -82.3968658447 
89836.6484375000 -82.4435958862 
90147.7968750000 -82.5000152588 
90460.0156250000 -82.5232086182 
90773.2187500000 -82.5082168579 
91087.6093750000 -82.4478759766 
91403.0859375000 -82.4042892456 
91719.6562500000 -82.4035873413 
92037.3281250000 -82.3860473633 
92356.0937500000 -82.3406066895 
92675.9609375000 -82.3505859375 
92996.9453125000 -82.3949966431 
93318.9296875000 -82.4197311401 
93642.1328125000 -82.4349288940 
93966.4609375000 -82.4603118896 
94291.9062500000 -82.4891586304 
94618.4843750000 -82.5076065063 
94946.1953125000 -82.4958190918 
95275.0312500000 -82.4344482422 
95605.0156250000 -82.3634872437 
95936.0312500000 -82.4104080200 
96268.3046875000 -82.5136108398 
96601.7265625000 -82.5540924072 
96936.2968750000 -82.5556411743 
97272.0312500000 -82.5341186523 
97608.9296875000 -82.5139083862 
97946.9921875000 -82.5413818359 
98286.2265625000 -82.5435409546 
98626.5312500000 -82.5126190186 
98968.1171875000 -82.5188674927 
99310.8906250000 -82.5407867432 
99654.8515625000 -82.5549545288 
100000.0000000000 -82.4192123413 
100346.3437500000 -82.4125289917 
100693.8906250000 -82.4193115234 
101042.6406250000 -82.4506912231 
101392.5937500000 -82.4928970337 
101743.6562500000 -82.5450439453 
102096.0390625000 -82.6024169922 
102449.6406250000 -82.6530532837 
102804.4687500000 -82.6953506470 
103160.5312500000 -82.7186203003 
103517.8203125000 -82.7222366333 
103876.3515625000 -82.7119064331 
104236.1250000000 -82.6865234375 
104597.0234375000 -82.6475601196 
104959.2890625000 -82.6038589478 
105322.8125000000 -82.5569839478 
105687.5937500000 -82.5117340088 
106053.6406250000 -82.4736022949 
106420.9531250000 -82.4432754517 
106789.5312500000 -82.4232635498 
107159.3906250000 -82.4160385132 
107530.4218750000 -82.4120635986 
107902.8437500000 -82.4083480835 
108276.5625000000 -82.3981246948 
108651.5703125000 -82.3751831055 
109027.8828125000 -82.3444824219 
109405.4921875000 -82.3083648682 
109784.4140625000 -82.2738494873 
110164.6484375000 -82.2506103516 
110546.0781250000 -82.2389831543 
110928.9453125000 -82.2396621704 
111313.1484375000 -82.2540969849 
111698.6718750000 -82.2753753662 
112085.5390625000 -82.2985458374 
112473.7421875000 -82.3206253052 
112863.2890625000 -82.3363952637 
113254.1875000000 -82.3400268555 
113646.3125000000 -82.3334732056 
114039.9218750000 -82.3185577393 
114434.8906250000 -82.2983398438 
114831.2343750000 -82.2834625244 
115228.9453125000 -82.2808456421 
115628.0312500000 -82.2933578491 
116028.5078125000 -82.3227233887 
116430.3671875000 -82.3707046509 
116833.4921875000 -82.4307479858 
117238.1406250000 -82.4925003052 
117644.1875000000 -82.5489120483 
118051.6406250000 -82.5929946899 
118460.5078125000 -82.6144561768 
118870.7890625000 -82.6114807129 
119282.4921875000 -82.5938262939 
119695.6250000000 -82.5703430176 
120110.0546875000 -82.5511245728 
120526.0468750000 -82.5480117798 
120943.4843750000 -82.5714035034 
121362.3671875000 -82.6122894287 
121782.6953125000 -82.6624526978 
122204.4843750000 -82.7123947144 
122627.7343750000 -82.7523345947 
123052.4531250000 -82.7713623047 
123478.5000000000 -82.7640533447 
123906.1640625000 -82.7369079590 
124335.3125000000 -82.6972579956 
124765.9375000000 -82.6542663574 
125198.0625000000 -82.6169891357 
125631.6796875000 -82.5918655396 
126066.7968750000 -82.5808792114 
126503.4218750000 -82.5756530762 
126941.5625000000 -82.5723876953 
127381.0781250000 -82.5705261230 
127822.2578125000 -82.5716781616 
128264.9609375000 -82.5778198242 
128709.2031250000 -82.5888061523 
129154.9843750000 -82.6003875732 
129602.3046875000 -82.6063842773 
130051.1796875000 -82.6048278809 
130501.6015625000 -82.5962982178 
130953.4453125000 -82.5826492310 
131407.0000000000 -82.5665206909 
131862.1250000000 -82.5514450073 
132318.8125000000 -82.5419845581 
132777.0937500000 -82.5431137085 
133236.9687500000 -82.5585861206 
133698.4218750000 -82.5861511230 
134161.4843750000 -82.6187896729 
134626.0000000000 -82.6495056152 
135092.2656250000 -82.6720962524 
135560.1562500000 -82.6819381714 
136029.6562500000 -82.6768417358 
136500.7968750000 -82.6581039429 
136973.5625000000 -82.6310653687 
137447.9531250000 -82.6042709351 
137924.0000000000 -82.5867462158 
138401.5468750000 -82.5847015381 
138880.8906250000 -82.5995941162 
139361.9062500000 -82.6280364990 
139844.5781250000 -82.6619415283 
140328.9218750000 -82.6894149780 
140814.9375000000 -82.6990509033 
141302.6406250000 -82.6838150024 
141792.0468750000 -82.6453704834 
142282.9843750000 -82.5949401855 
142775.7656250000 -82.5491561890 
143270.2656250000 -82.5228347778 
143766.4687500000 -82.5220260620 
144264.4062500000 -82.5410308838 
144764.0625000000 -82.5654754639 
145265.4375000000 -82.5808944702 
145768.5625000000 -82.5819091797 
146273.2656250000 -82.5756149292 
146779.8750000000 -82.5758132935 
147288.2343750000 -82.6027221680 
147798.3593750000 -82.6389923096 
148310.2500000000 -82.6716079712 
148823.9218750000 -82.6867675781 
149339.3750000000 -82.6778411865 
149856.5937500000 -82.6443099976 
150375.4531250000 -82.5893630981 
150896.2656250000 -82.5208816528 
151418.8906250000 -82.4538497925 
151943.3281250000 -82.4080047607 
152469.5781250000 -82.3991394043 
152997.6406250000 -82.4290008545 
153527.5468750000 -82.4815292358 
154059.2812500000 -82.5299606323 
154592.6875000000 -82.5520095825 
155128.1093750000 -82.5424880981 
155665.3906250000 -82.5131835938 
156204.5312500000 -82.4810028076 
156745.5468750000 -82.4558029175 
157288.4218750000 -82.4374771118 
157833.1875000000 -82.4226531982 
158379.8281250000 -82.4137039185 
158928.3750000000 -82.4386138916 
159478.6406250000 -82.5213317871 
160030.9843750000 -82.6034088135 
160585.2500000000 -82.6788482666 
161141.4218750000 -82.7245254517 
161699.5312500000 -82.7283706665 
162259.5781250000 -82.6930618286 
162821.5468750000 -82.6328735352 
163385.4687500000 -82.5667572021 
163951.1718750000 -82.5105056763 
164519.0156250000 -82.4584960938 
165088.8125000000 -82.4298400879 
165660.5937500000 -82.4204101563 
166234.3437500000 -82.4213485718 
166810.0937500000 -82.4378509521 
167387.8281250000 -82.4709472656 
167967.5781250000 -82.5153121948 
168549.1406250000 -82.5616149902 
169132.9062500000 -82.6120300293 
169718.6875000000 -82.6271133423 
170306.5000000000 -82.6083068848 
170896.3437500000 -82.5697097778 
171488.2343750000 -82.5183868408 
172082.1718750000 -82.4652099609 
172678.1718750000 -82.4123229980 
173276.0468750000 -82.4090805054 
173876.1875000000 -82.4415893555 
174478.3906250000 -82.4878082275 
175082.6875000000 -82.5303039551 
175689.0781250000 -82.5535888672 
176297.5781250000 -82.5386505127 
176908.1718750000 -82.5251312256 
177520.8906250000 -82.5231857300 
178135.5312500000 -82.5294189453 
178752.4843750000 -82.5202865601 
179371.5937500000 -82.4715423584 
179992.8437500000 -82.4223480225 
180616.2343750000 -82.3778991699 
181241.7968750000 -82.3481750488 
181869.5156250000 -82.3389358521 
182499.4062500000 -82.3622970581 
183131.2812500000 -82.3973312378 
183765.5468750000 -82.4442749023 
184402.0156250000 -82.5245208740 
185040.6875000000 -82.5922851563 
185681.5625000000 -82.6126708984 
186324.6718750000 -82.6086502075 
186969.9843750000 -82.5722122192 
187617.5468750000 -82.5378417969 
188267.1562500000 -82.5288619995 
188919.2031250000 -82.5206527710 
189573.5156250000 -82.4977798462 
190230.0937500000 -82.4764022827 
190888.9531250000 -82.4655532837 
191550.0937500000 -82.4902496338 
192213.5156250000 -82.5414047241 
192879.2343750000 -82.5671539307 
193547.0468750000 -82.5657119751 
194217.3906250000 -82.5448303223 
194890.0468750000 -82.5436401367 
195565.0468750000 -82.5776672363 
196242.3750000000 -82.6217880249 
196922.0468750000 -82.6306991577 
197604.0781250000 -82.5835800171 
198288.4843750000 -82.4889678955 
198975.0156250000 -82.4245834351 
199664.1562500000 -82.3901367188 
200355.6875000000 -82.4318847656 
201049.6093750000 -82.4858551025 
201745.9375000000 -82.5414581299 
202444.6718750000 -82.5577011108 
203145.8281250000 -82.5594329834 
203849.4218750000 -82.5757064819 
204555.4375000000 -82.6008834839 
205263.6875000000 -82.6534957886 
205974.6093750000 -82.6936111450 
206688.0000000000 -82.6616592407 
207403.8437500000 -82.5663223267 
208122.1875000000 -82.4900131226 
208843.0000000000 -82.4112854004 
209566.3125000000 -82.3750000000 
210292.1406250000 -82.3678359985 
211020.2500000000 -82.3806076050 
211751.1093750000 -82.4377441406 
212484.5000000000 -82.5258636475 
213220.4218750000 -82.5815429688 
213958.9062500000 -82.6089401245 
214699.9375000000 -82.5715255737 
215443.5468750000 -82.5141601563 
216189.7343750000 -82.4995956421 
216938.2500000000 -82.5371017456 
217689.6093750000 -82.5662002563 
218443.5625000000 -82.5362777710 
219200.1406250000 -82.4694061279 
219959.3281250000 -82.4100799561 
220721.1406250000 -82.3864822388 
221485.5937500000 -82.4007492065 
222252.7031250000 -82.4289093018 
223022.2187500000 -82.4652633667 
223794.6562500000 -82.5013122559 
224569.7500000000 -82.5339050293 
225347.5468750000 -82.5739822388 
226128.0156250000 -82.6104888916 
226911.2031250000 -82.6066360474 
227697.0937500000 -82.5462112427 
228485.7187500000 -82.4873580933 
229276.8125000000 -82.4828720093 
230070.9062500000 -82.5188522339 
230867.7500000000 -82.5193252563 
231667.3437500000 -82.4896621704 
232469.7187500000 -82.4864883423 
233274.8593750000 -82.5494918823 
234082.7968750000 -82.6696929932 
234893.5312500000 -82.7496719360 
235706.8281250000 -82.8172912598 
236523.1875000000 -82.8704376221 
237342.3750000000 -82.8755874634 
238164.3906250000 -82.8131484985 
238989.2656250000 -82.7524795532 
239816.9843750000 -82.7152633667 
240647.5937500000 -82.6949768066 
241481.0625000000 -82.6883468628 
242317.1562500000 -82.7219772339 
243156.4062500000 -82.7835998535 
243998.5625000000 -82.8317260742 
244843.6406250000 -82.8225402832 
245691.6562500000 -82.7852096558 
246542.5937500000 -82.7581329346 
247396.4843750000 -82.6959304810 
248253.3281250000 -82.5869293213 
249112.8593750000 -82.4588165283 
249975.6562500000 -82.4094772339 
250841.4375000000 -82.5311279297 
251710.2187500000 -82.6343383789 
252582.0000000000 -82.6373138428 
253456.8125000000 -82.5313339233 
254334.6406250000 -82.4682159424 
255215.5156250000 -82.4759063721 
256099.4531250000 -82.4997100830 
256986.1562500000 -82.4825057983 
257876.2187500000 -82.4714508057 
258769.3593750000 -82.4804306030 
259665.5937500000 -82.5020217896 
260564.9375000000 -82.5016937256 
261467.3906250000 -82.4679260254 
262372.9687500000 -82.4135284424 
263281.6875000000 -82.3766708374 
264193.2500000000 -82.4289703369 
265108.2812500000 -82.5141296387 
266026.4687500000 -82.5221862793 
266947.8437500000 -82.4539642334 
267872.4062500000 -82.3584442139 
268800.1562500000 -82.3574447632 
269731.1562500000 -82.4543151855 
270665.3437500000 -82.5883178711 
271602.4687500000 -82.6665496826 
272543.1562500000 -82.6729736328 
273487.0937500000 -82.5804138184 
274434.3125000000 -82.4521255493 
275384.8125000000 -82.3687667847 
276338.5937500000 -82.3476638794 
277295.6875000000 -82.4146804810 
278256.0625000000 -82.5525131226 
279219.5000000000 -82.6274642944 
280186.5625000000 -82.6043395996 
281156.9687500000 -82.4873199463 
282130.7500000000 -82.4036941528 
283107.9062500000 -82.4192886353 
284088.4375000000 -82.4922714233 
285072.3437500000 -82.5418243408 
286059.6875000000 -82.5264434814 
287050.1250000000 -82.5053482056 
288044.3125000000 -82.5105133057 
289041.9375000000 -82.4977035522 
290043.0312500000 -82.4915390015 
291047.5625000000 -82.5603332520 
292055.5937500000 -82.6688232422 
293067.1250000000 -82.7201919556 
294082.1562500000 -82.7187576294 
295100.3750000000 -82.7030105591 
296122.4375000000 -82.6565246582 
297148.0312500000 -82.6028747559 
298177.1875000000 -82.5871734619 
299209.9062500000 -82.6363296509 
300246.2187500000 -82.5175628662 
301286.1250000000 -82.4834365845 
302329.5937500000 -82.4482574463 
303376.3750000000 -82.4128112793 
304427.0937500000 -82.3810806274 
305481.4687500000 -82.3540725708 
306539.5000000000 -82.3354263306 
307601.1875000000 -82.3310394287 
308666.5312500000 -82.3364715576 
309735.5937500000 -82.3522338867 
310808.3437500000 -82.3805694580 
311884.4687500000 -82.4109115601 
312964.6875000000 -82.4413528442 
314048.6250000000 -82.4642715454 
315136.3125000000 -82.4726104736 
316227.7812500000 -82.4673004150 
317323.0000000000 -82.4453887939 
318422.0312500000 -82.4035415649 
319524.8750000000 -82.3569641113 
320631.5312500000 -82.3101654053 
321741.6875000000 -82.2754821777 
322856.0312500000 -82.2674789429 
323974.2187500000 -82.2832336426 
325096.2812500000 -82.3234252930 
326222.2500000000 -82.3901367188 
327352.0937500000 -82.4598159790 
328485.8750000000 -82.5222167969 
329623.5625000000 -82.5692062378 
330764.8437500000 -82.5788192749 
331910.4062500000 -82.5628433228 
333059.9687500000 -82.5276718140 
334213.5312500000 -82.4786529541 
335371.0625000000 -82.4279479980 
336532.5937500000 -82.3880767822 
337698.1562500000 -82.3624877930 
338867.7500000000 -82.3542556763 
340041.0312500000 -82.3701019287 
341218.7500000000 -82.4051895142 
342400.5625000000 -82.4543380737 
343586.4375000000 -82.5149230957 
344776.4375000000 -82.5840759277 
345970.5625000000 -82.6539001465 
347168.8125000000 -82.7154235840 
348371.2187500000 -82.7628402710 
349577.4062500000 -82.7910079956 
350788.1250000000 -82.7919616699 
352003.0625000000 -82.7695846558 
353222.2187500000 -82.7343368530 
354445.5937500000 -82.6924438477 
355673.1875000000 -82.6499023438 
356905.0625000000 -82.6122970581 
358141.1875000000 -82.5789260864 
359381.1875000000 -82.5456085205 
360625.9062500000 -82.5108184814 
361874.9062500000 -82.4754257202 
363128.2500000000 -82.4443588257 
364385.9062500000 -82.4331741333 
365647.9375000000 -82.4458847046 
366914.3437500000 -82.4803543091 
368185.1562500000 -82.5288772583 
369459.9375000000 -82.5794067383 
370739.5312500000 -82.6164474487 
372023.5937500000 -82.6245880127 
373312.0625000000 -82.6076354980 
374605.0312500000 -82.5700073242 
375902.4375000000 -82.5178375244 
377204.3750000000 -82.4584121704 
378510.7812500000 -82.3997268677 
379821.3437500000 -82.3527374268 
381136.8125000000 -82.3273391724 
382456.8750000000 -82.3267211914 
383781.5000000000 -82.3513641357 
385110.7187500000 -82.3984146118 
386444.5312500000 -82.4620437622 
387782.9687500000 -82.5339584351 
389126.0312500000 -82.6037979126 
390473.3125000000 -82.6561355591 
391825.6875000000 -82.6810989380 
393182.7812500000 -82.6761016846 
394544.5312500000 -82.6454772949 
395911.0312500000 -82.5987625122 
397282.2500000000 -82.5469360352 
398658.2187500000 -82.4986495972 
400038.9375000000 -82.4581756592 
401424.4687500000 -82.4260711670 
402814.3437500000 -82.4023742676 
404209.4687500000 -82.3910598755 
405609.4375000000 -82.3969650269 
407014.2500000000 -82.4240112305 
408423.9062500000 -82.4710998535 
409838.4687500000 -82.5315246582 
411257.9375000000 -82.5955734253 
412682.3125000000 -82.6544494629 
414111.1562500000 -82.7026367188 
415545.4062500000 -82.7372512817 
416984.6250000000 -82.7555847168 
418428.8437500000 -82.7547760010 
419878.0625000000 -82.7352218628 
421332.2812500000 -82.7049407959 
422791.5312500000 -82.6789245605 
424255.8750000000 -82.6713790894 
425724.7812500000 -82.6863174438 
427199.2500000000 -82.7148284912 
428678.8437500000 -82.7415924072 
430163.5625000000 -82.7579803467 
431653.4062500000 -82.7650222778 
433148.4062500000 -82.7688674927 
434648.5937500000 -82.7736511230 
436154.0000000000 -82.7779846191 
437664.1250000000 -82.7766342163 
439179.9375000000 -82.7650909424 
440701.0312500000 -82.7432327271 
442227.3750000000 -82.7093124390 
443759.0000000000 -82.6758193970 
445295.9375000000 -82.6341705322 
446838.2187500000 -82.5784530640 
448385.8125000000 -82.5112152100 
449938.2812500000 -82.4477310181 
451496.6250000000 -82.4075698853 
453060.3437500000 -82.4006500244 
454629.5000000000 -82.4205474854 
456204.0937500000 -82.4506835938 
457784.1562500000 -82.4770736694 
459369.6562500000 -82.4966888428 
460960.6562500000 -82.5160903931 
462556.6562500000 -82.5450363159 
464158.7187500000 -82.5911712646 
465766.3125000000 -82.6567230225 
467379.4687500000 -82.7347869873 
468998.2187500000 -82.8069076538 
470622.5625000000 -82.8468322754 
472252.5625000000 -82.7982559204 
473888.1875000000 -82.6605377197 
475528.9375000000 -82.5589141846 
477175.9062500000 -82.4900665283 
478828.5937500000 -82.4683227539 
480487.0000000000 -82.4875488281 
482151.1250000000 -82.5260620117 
483821.0312500000 -82.5572433472 
485496.7500000000 -82.5624465942 
487178.2187500000 -82.5403442383 
488865.0000000000 -82.5065689087 
490558.1875000000 -82.4842529297 
492257.1875000000 -82.5118026733 
493962.1250000000 -82.5480422974 
495672.9375000000 -82.5747070313 
497389.6562500000 -82.5798492432 
499112.3437500000 -82.5651855469 
500841.0000000000 -82.5431442261 
502575.6562500000 -82.5276947021 
504315.7500000000 -82.5290756226 
506062.4062500000 -82.5372085571 
507815.1250000000 -82.5271453857 
509573.9375000000 -82.4969100952 
511338.8125000000 -82.4515075684 
513109.8125000000 -82.4055480957 
514886.9375000000 -82.3800888062 
516670.2500000000 -82.4218063354 
518459.1250000000 -82.4851989746 
520254.7812500000 -82.5557403564 
522056.6562500000 -82.6202316284 
523864.7812500000 -82.6734161377 
525679.1875000000 -82.7267608643 
527499.8125000000 -82.7430648804 
529326.8125000000 -82.7198486328 
531160.1250000000 -82.6698532104 
532999.1875000000 -82.5998535156 
534845.1875000000 -82.4848327637 
536697.6250000000 -82.3933563232 
538556.4375000000 -82.3645706177 
540421.6875000000 -82.3638916016 
542293.4375000000 -82.4043579102 
544171.6250000000 -82.4628829956 
546056.3125000000 -82.5013198853 
547947.0000000000 -82.5365676880 
549844.7500000000 -82.5708847046 
551749.1250000000 -82.6220855713 
553660.0625000000 -82.6586456299 
555577.6875000000 -82.6550369263 
557501.8750000000 -82.6206130981 
559432.7500000000 -82.5201797485 
561370.3125000000 -82.4068756104 
563314.0000000000 -82.3469009399 
565265.0000000000 -82.3047790527 
567222.7500000000 -82.3149719238 
569187.3125000000 -82.3555145264 
571158.6875000000 -82.4185104370 
573136.8750000000 -82.5410385132 
575121.8750000000 -82.6624298096 
577113.8125000000 -82.7167358398 
579112.0000000000 -82.7190933228 
581117.6875000000 -82.6376113892 
583130.3750000000 -82.5516433716 
585150.0000000000 -82.4575729370 
587176.6875000000 -82.4469757080 
589210.3125000000 -82.4894943237 
591251.0000000000 -82.5474853516 
593298.8125000000 -82.5360183716 
595353.0000000000 -82.4754333496 
597415.0000000000 -82.3577346802 
599484.1250000000 -82.2629165649 
601560.3750000000 -82.2325363159 
603643.8750000000 -82.2386093140 
605734.5625000000 -82.2811279297 
607832.5000000000 -82.3358764648 
609937.6875000000 -82.3867263794 
612049.5000000000 -82.4261550903 
614169.3125000000 -82.5126190186 
616296.4375000000 -82.6113662720 
618431.0000000000 -82.6535186768 
620572.8750000000 -82.6302413940 
622722.1875000000 -82.5267028809 
624879.0000000000 -82.3986511230 
627043.2500000000 -82.3208923340 
629214.2500000000 -82.3446350098 
631393.5000000000 -82.4302749634 
633580.3125000000 -82.4955368042 
635774.6875000000 -82.5580368042 
637976.6875000000 -82.5898818970 
640186.2500000000 -82.6247177124 
642403.5625000000 -82.6697387695 
644628.5000000000 -82.6900863647 
646861.1250000000 -82.6699447632 
649100.7500000000 -82.6287155151 
651348.8750000000 -82.6141891479 
653604.8125000000 -82.6473693848 
655868.5625000000 -82.6843414307 
658140.1250000000 -82.6765060425 
660419.5625000000 -82.6346817017 
662706.8750000000 -82.5929183960 
665002.1250000000 -82.5739593506 
667304.6250000000 -82.5774459839 
669615.8125000000 -82.5870208740 
671935.0000000000 -82.6140365601 
674262.1875000000 -82.6710433960 
676597.5000000000 -82.7411041260 
678940.8125000000 -82.7699279785 
681292.3125000000 -82.7020034790 
683651.9375000000 -82.5657730103 
686019.0000000000 -82.4138793945 
688395.0000000000 -82.3294982910 
690779.1875000000 -82.3969039917 
693171.6875000000 -82.6239166260 
695572.4375000000 -82.7529907227 
697981.5625000000 -82.7234420776 
700398.9375000000 -82.6116104126 
702824.7500000000 -82.5261840820 
705258.1875000000 -82.5195083618 
707700.8125000000 -82.5722351074 
710151.9375000000 -82.6030807495 
712611.5000000000 -82.5842742920 
715079.5625000000 -82.5865173340 
717556.2500000000 -82.6354141235 
720041.4375000000 -82.6539382935 
722535.3125000000 -82.6211776733 
725036.9375000000 -82.5769424438 
727548.0625000000 -82.5657119751 
730067.9375000000 -82.6021118164 
732596.5000000000 -82.6406250000 
735133.8125000000 -82.6674118042 
737679.8750000000 -82.7064743042 
740234.8125000000 -82.7573928833 
742798.5625000000 -82.7989501953 
745370.4375000000 -82.7618103027 
747952.0000000000 -82.6786422729 
750542.4375000000 -82.6895217896 
753141.9375000000 -82.7902832031 
755750.4375000000 -82.9170303345 
758367.9375000000 -82.9184646606 
760994.5000000000 -82.8113250732 
763630.1875000000 -82.6422500610 
766274.1250000000 -82.5676269531 
768928.0625000000 -82.5712127686 
771591.1875000000 -82.5820617676 
774263.5625000000 -82.5551681519 
776945.1875000000 -82.5029067993 
779636.1250000000 -82.5159225464 
782336.3750000000 -82.6135940552 
785045.9375000000 -82.7308654785 
787764.0625000000 -82.6703720093 
790492.4375000000 -82.5441665649 
793230.2500000000 -82.4598617554 
795977.5625000000 -82.4890823364 
798734.4375000000 -82.6290435791 
801500.8125000000 -82.7386398315 
804276.7500000000 -82.7619171143 
807062.3125000000 -82.7578048706 
809857.5625000000 -82.7801513672 
812661.5625000000 -82.8455200195 
815476.1875000000 -82.8628540039 
818300.5625000000 -82.7797088623 
821134.6875000000 -82.6784744263 
823978.6875000000 -82.6231994629 
826832.5000000000 -82.5671463013 
829696.1875000000 -82.5065765381 
832569.8125000000 -82.5314712524 
835452.4375000000 -82.5911941528 
838346.0000000000 -82.5634307861 
841249.5625000000 -82.5075149536 
844163.1875000000 -82.5350723267 
847086.9375000000 -82.5942993164 
850020.7500000000 -82.6110382080 
852964.7500000000 -82.6158752441 
855919.0000000000 -82.6284408569 
858882.4375000000 -82.6444168091 
861857.1875000000 -82.6962127686 
864842.1875000000 -82.7913208008 
867837.5000000000 -82.8338470459 
870843.2500000000 -82.8345718384 
873859.3750000000 -82.8482742310 
876885.9375000000 -82.8018264771 
879923.0000000000 -82.7003784180 
882969.5625000000 -82.6394348145 
886027.6875000000 -82.6698379517 
889096.4375000000 -82.7914505005 
892175.7500000000 -82.9206695557 
895265.7500000000 -82.9336013794 
898366.5000000000 -82.8069992065 
901477.9375000000 -82.6523056030 
904600.1875000000 -82.5841293335 
907732.1875000000 -82.6080703735 
910876.1250000000 -82.6352691650 
914030.8750000000 -82.6109390259 
917196.5625000000 -82.6296691895 
920373.2500000000 -82.7238159180 
923560.9375000000 -82.7861709595 
926759.6250000000 -82.7512817383 
929969.4375000000 -82.6891937256 
933189.3125000000 -82.6726455688 
936421.3750000000 -82.7028579712 
939664.6250000000 -82.7667694092 
942919.0625000000 -82.8226394653 
946184.8750000000 -82.7428207397 
949461.9375000000 -82.6348876953 
952750.3125000000 -82.5904388428 
956050.1250000000 -82.5950241089 
959360.3125000000 -82.6145629883 
962683.0000000000 -82.6290740967 
966017.2500000000 -82.6053009033 
969363.0000000000 -82.5582962036 
972720.3125000000 -82.5839385986 
976089.3125000000 -82.6530303955 
979469.9375000000 -82.5963516235 
982862.3125000000 -82.4931640625 
986265.3125000000 -82.5151824951 
989681.1875000000 -82.5211944580 
993108.9375000000 -82.4771347046 
996548.5000000000 -82.5421447754 
1000000.0000000000 -82.5784378052 
1003463.4375000000 -82.5995941162 
1006938.8750000000 -82.6204376221 
1010426.3750000000 -82.6294479370 
1013925.9375000000 -82.6349029541 
1017436.5000000000 -82.6290359497 
1020960.3750000000 -82.6216278076 
1024496.4375000000 -82.6125259399 
1028044.6875000000 -82.6147079468 
1031605.3125000000 -82.6215209961 
1035178.1875000000 -82.6538925171 
1038763.5000000000 -82.6926116943 
1042361.2500000000 -82.7445449829 
1045970.2500000000 -82.7949447632 
1049592.8750000000 -82.8444671631 
1053228.1250000000 -82.8720855713 
1056875.8750000000 -82.8905792236 
1060536.3750000000 -82.8875503540 
1064209.5000000000 -82.8708801270 
1067895.3750000000 -82.8450393677 
1071594.0000000000 -82.8061828613 
1075304.1250000000 -82.7652053833 
1079028.5000000000 -82.7210311890 
1082765.6250000000 -82.6826171875 
1086515.7500000000 -82.6478118896 
1090278.8750000000 -82.6359863281 
1094055.0000000000 -82.6364212036 
1097844.1250000000 -82.6549606323 
1101646.5000000000 -82.6917953491 
1105460.7500000000 -82.7344970703 
1109289.5000000000 -82.7818374634 
1113131.5000000000 -82.8230590820 
1116986.7500000000 -82.8599548340 
1120855.3750000000 -82.8808517456 
1124737.3750000000 -82.8953552246 
1128632.8750000000 -82.9015502930 
1132541.8750000000 -82.8954391479 
1136463.1250000000 -82.8827819824 
1140399.2500000000 -82.8596115112 
1144348.8750000000 -82.8294601440 
1148312.3750000000 -82.7985000610 
1152289.5000000000 -82.7727737427 
1156280.3750000000 -82.7620620728 
1160285.1250000000 -82.7620925903 
1164303.6250000000 -82.7823333740 
1168334.8750000000 -82.8089370728 
1172381.3750000000 -82.8380889893 
1176441.8750000000 -82.8594894409 
1180516.3750000000 -82.8691253662 
1184605.1250000000 -82.8697662354 
1188707.8750000000 -82.8577423096 
1192824.8750000000 -82.8449935913 
1196956.2500000000 -82.8336944580 
1201100.5000000000 -82.8320236206 
1205260.5000000000 -82.8417739868 
1209434.8750000000 -82.8596420288 
1213623.6250000000 -82.8877029419 
1217827.0000000000 -82.9196624756 
1222044.8750000000 -82.9520416260 
1226277.3750000000 -82.9827728271 
1230524.5000000000 -83.0064315796 
1234785.0000000000 -83.0223083496 
1239061.6250000000 -83.0293121338 
1243353.1250000000 -83.0118942261 
1247659.3750000000 -82.9772796631 
1251980.6250000000 -82.9267959595 
1256316.7500000000 -82.8579559326 
1260668.0000000000 -82.7842407227 
1265034.2500000000 -82.7133255005 
1269415.6250000000 -82.6497650146 
1273810.7500000000 -82.6115493774 
1278222.6250000000 -82.5923995972 
1282649.6250000000 -82.5912475586 
1287092.0000000000 -82.6094970703 
1291549.8750000000 -82.6377868652 
1296023.0000000000 -82.6718826294 
1300511.7500000000 -82.7119064331 
1305016.0000000000 -82.7655334473 
1309534.5000000000 -82.8324661255 
1314070.0000000000 -82.9047393799 
1318621.1250000000 -82.9767608643 
1323188.1250000000 -83.0244216919 
1327771.0000000000 -83.0397796631 
1332369.6250000000 -83.0268554688 
1336984.2500000000 -82.9882659912 
1341614.8750000000 -82.9344711304 
1346260.0000000000 -82.8910369873 
1350922.6250000000 -82.8668670654 
1355601.5000000000 -82.8682174683 
1360296.6250000000 -82.9039459229 
1365007.8750000000 -82.9570617676 
1369735.6250000000 -83.0079421997 
1374479.6250000000 -83.0450592041 
1379240.0000000000 -83.0556640625 
1384015.5000000000 -83.0299758911 
1388808.8750000000 -82.9907455444 
1393619.0000000000 -82.9497375488 
1398445.7500000000 -82.9179458618 
1403289.1250000000 -82.9083862305 
1408149.3750000000 -82.9207077026 
1413026.5000000000 -82.9390716553 
1417920.3750000000 -82.9523162842 
1422829.7500000000 -82.9501190186 
1427757.6250000000 -82.9223327637 
1432702.6250000000 -82.8727188110 
1437664.7500000000 -82.8150100708 
1442644.0000000000 -82.7571945190 
1447640.6250000000 -82.7065200806 
1452654.3750000000 -82.6690444946 
1457685.6250000000 -82.6553039551 
1462732.6250000000 -82.6631469727 
1467798.7500000000 -82.6930236816 
1472882.3750000000 -82.7445602417 
1477983.6250000000 -82.8154983521 
1483102.6250000000 -82.9005889893 
1488239.2500000000 -82.9823379517 
1493393.6250000000 -83.0418853760 
1498566.0000000000 -83.0742721558 
1503754.5000000000 -83.0855102539 
1508962.7500000000 -83.0884552002 
1514189.0000000000 -83.0970840454 
1519433.2500000000 -83.1171875000 
1524695.7500000000 -83.1361465454 
1529976.5000000000 -83.1396865845 
1535275.5000000000 -83.1231765747 
1540592.8750000000 -83.0901489258 
1545926.8750000000 -83.0487365723 
1551281.1250000000 -83.0068511963 
1556654.0000000000 -82.9682235718 
1562045.3750000000 -82.9341812134 
1567455.3750000000 -82.9096069336 
1572884.2500000000 -82.9009094238 
1578331.8750000000 -82.9102783203 
1583798.3750000000 -82.9332199097 
1589283.7500000000 -82.9609222412 
1594786.3750000000 -82.9854049683 
1600309.8750000000 -83.0037307739 
1605852.5000000000 -83.0177536011 
1611414.2500000000 -83.0283813477 
1616995.3750000000 -83.0297393799 
1622595.7500000000 -83.0171737671 
1628215.5000000000 -82.9932098389 
1633854.7500000000 -82.9639282227 
1639511.7500000000 -82.9342041016 
1645190.1250000000 -82.9082794189 
1650888.1250000000 -82.8942718506 
1656605.8750000000 -82.9042739868 
1662343.5000000000 -82.9454498291 
1668101.0000000000 -83.0076904297 
1673878.3750000000 -83.0618896484 
1679675.7500000000 -83.0775985718 
1685491.3750000000 -83.0489807129 
1691329.0000000000 -83.0013198853 
1697186.8750000000 -82.9675750732 
1703065.0000000000 -82.9599609375 
1708963.5000000000 -82.9660186768 
1714882.3750000000 -82.9686126709 
1720821.7500000000 -82.9658508301 
1726781.7500000000 -82.9672622681 
1732760.5000000000 -82.9804306030 
1738761.8750000000 -83.0051879883 
1744784.0000000000 -83.0356826782 
1750826.8750000000 -83.0630111694 
1756890.8750000000 -83.0771713257 
1762975.7500000000 -83.0728836060 
1769081.7500000000 -83.0534286499 
1775208.8750000000 -83.0409622192 
1781355.2500000000 -83.0479049683 
1787524.8750000000 -83.0762634277 
1793715.8750000000 -83.1170883179 
1799928.3750000000 -83.1551895142 
1806162.3750000000 -83.1765670776 
1812417.8750000000 -83.1782760620 
1818695.1250000000 -83.1710891724 
1824994.1250000000 -83.1684570313 
1831312.8750000000 -83.1747817993 
1837655.5000000000 -83.1871643066 
1844020.1250000000 -83.2026596069 
1850406.8750000000 -83.2176055908 
1856815.6250000000 -83.2258529663 
1863246.6250000000 -83.2266616821 
1869699.8750000000 -83.2322463989 
1876175.5000000000 -83.2596206665 
1882671.5000000000 -83.3113479614 
1889192.0000000000 -83.3687133789 
1895735.2500000000 -83.3243484497 
1902301.0000000000 -83.2417068481 
1908889.5000000000 -83.1850738525 
1915500.8750000000 -83.1908111572 
1922135.1250000000 -83.2430953979 
1928792.3750000000 -83.2932815552 
1935470.5000000000 -83.3062820435 
1942173.8750000000 -83.2847366333 
1948900.5000000000 -83.2511825562 
1955650.5000000000 -83.2212905884 
1962423.7500000000 -83.1907196045 
1969220.5000000000 -83.1710205078 
1976040.8750000000 -83.1597061157 
1982884.7500000000 -83.1472549438 
1989750.2500000000 -83.1376800537 
1996641.6250000000 -83.1380462646 
2003556.8750000000 -83.1548767090 
2010496.1250000000 -83.1930923462 
2017459.3750000000 -83.2876358032 
2024446.7500000000 -83.3838195801 
2031458.3750000000 -83.4125671387 
2038494.2500000000 -83.3921890259 
2045554.5000000000 -83.3199920654 
2052636.8750000000 -83.2167663574 
2059746.1250000000 -83.0949783325 
2066879.8750000000 -83.0616378784 
2074038.5000000000 -83.0863647461 
2081221.7500000000 -83.1298370361 
2088430.0000000000 -83.1921081543 
2095663.2500000000 -83.2705535889 
2102921.5000000000 -83.3733139038 
2110202.5000000000 -83.4238510132 
2117511.0000000000 -83.4280853271 
2124845.0000000000 -83.4190216064 
2132204.2500000000 -83.3966445923 
2139589.0000000000 -83.3510971069 
2146999.5000000000 -83.3260421753 
2154435.5000000000 -83.3366088867 
2161897.2500000000 -83.3655624390 
2169382.5000000000 -83.4318618774 
2176896.0000000000 -83.5135040283 
2184435.7500000000 -83.5735549927 
2192001.2500000000 -83.6275329590 
2199593.2500000000 -83.6688613892 
2207211.5000000000 -83.6778869629 
2214856.0000000000 -83.6927719116 
2222527.0000000000 -83.7292098999 
2230222.2500000000 -83.7907562256 
2237946.5000000000 -83.8082962036 
2245697.5000000000 -83.7841033936 
2253475.5000000000 -83.7557220459 
2261280.2500000000 -83.7648696899 
2269112.0000000000 -83.8426208496 
2276971.0000000000 -83.9187850952 
2284857.2500000000 -83.9979858398 
2292768.2500000000 -84.1471328735 
2300709.0000000000 -84.3493347168 
2308677.5000000000 -84.4914703369 
2316673.5000000000 -84.6434555054 
2324697.2500000000 -84.7381820679 
2332748.7500000000 -84.7815475464 
2340828.0000000000 -84.8292160034 
2348935.2500000000 -84.8911361694 
2357068.2500000000 -84.9799728394 
2365231.7500000000 -85.2011337280 
2373423.7500000000 -85.4659881592 
2381644.0000000000 -85.6406631470 
2389892.7500000000 -85.8717269897 
2398170.0000000000 -86.0445632935 
2406475.7500000000 -86.1218719482 
2414810.5000000000 -86.2459030151 
2423171.5000000000 -86.3983840942 
2431564.0000000000 -86.5614089966 
2439985.7500000000 -86.7584381104 
2448436.5000000000 -86.9263381958 
2456916.5000000000 -87.1869201660 
2465426.0000000000 -87.4257202148 
2473964.7500000000 -87.6528320313 
2482533.2500000000 -87.8951339722 
2491128.7500000000 -88.0776443481 
2499756.5000000000 -88.3846206665 
2508414.2500000000 -88.6943130493 
2517102.2500000000 -88.9678344727 
2525820.0000000000 -89.2233734131 
2534568.0000000000 -89.3912887573 
2543346.5000000000 -89.6479263306 
2552155.2500000000 -89.8899307251 
2560994.5000000000 -90.1000747681 
2569861.5000000000 -90.3292007446 
2578762.2500000000 -90.5965347290 
2587693.5000000000 -90.8845901489 
2596656.0000000000 -91.2120590210 
2605649.2500000000 -91.5511169434 
2614673.7500000000 -91.8114242554 
2623729.7500000000 -92.0110473633 
2632816.7500000000 -92.2093276978 
2641932.5000000000 -92.4512100220 
2651082.7500000000 -92.7427902222 
2660264.7500000000 -93.0374908447 
2669478.5000000000 -93.3023452759 
2678724.0000000000 -93.5578689575 
2688001.7500000000 -93.7792892456 
2697311.5000000000 -93.9469680786 
2706653.5000000000 -94.0414199829 
2716024.7500000000 -94.1047286987 
2725431.7500000000 -94.1929702759 
2734871.0000000000 -94.3254699707 
2744343.2500000000 -94.4696655273 
2753848.0000000000 -94.5913085938 
2763386.0000000000 -94.7094573975 
2772956.7500000000 -94.8849105835 
2782560.7500000000 -94.9874801636 
2792195.0000000000 -95.0302658081 
2801865.5000000000 -95.0504684448 
2811569.7500000000 -95.0867080688 
2821307.5000000000 -95.1928939819 
2831079.0000000000 -95.3139877319 
2840884.2500000000 -95.3795547485 
2850723.5000000000 -95.3156433105 
2860597.0000000000 -95.1727752686 
2870501.2500000000 -95.1468887329 
2880443.2500000000 -95.2660675049 
2890419.5000000000 -95.3489990234 
2900430.2500000000 -95.3221664429 
2910475.7500000000 -95.3171691895 
2920556.0000000000 -95.3858718872 
2930671.2500000000 -95.4446334839 
2940821.5000000000 -95.4448242188 
2951003.7500000000 -95.3992538452 
2961224.2500000000 -95.3426589966 
2971480.5000000000 -95.3215484619 
2981772.0000000000 -95.3460464478 
2992099.2500000000 -95.4378280640 
3002462.2500000000 -95.5270919800 
3012861.0000000000 -95.5534667969 
3023296.0000000000 -95.5736083984 
3033763.7500000000 -95.5916976929 
3044271.0000000000 -95.6122131348 
3054814.7500000000 -95.6388931274 
3065395.0000000000 -95.6738662720 
3076011.7500000000 -95.7170867920 
3086665.5000000000 -95.7660903931 
3097356.0000000000 -95.8162994385 
3108083.5000000000 -95.8655700684 
3118844.7500000000 -95.9128723145 
3129646.7500000000 -95.9577331543 
3140486.2500000000 -95.9991989136 
3151363.0000000000 -96.0350189209 
3162277.7500000000 -96.0613784790 
3173230.0000000000 -96.0728378296 
3184220.5000000000 -96.0670700073 
3195248.7500000000 -96.0479202271 
3206315.5000000000 -96.0220718384 
3217416.7500000000 -95.9983139038 
3228560.2500000000 -95.9854888916 
3239742.2500000000 -95.9906768799 
3250962.7500000000 -96.0177688599 
3262222.5000000000 -96.0666961670 
3273521.0000000000 -96.1333236694 
3284858.7500000000 -96.2100982666 
3296235.5000000000 -96.2876510620 
3307648.2500000000 -96.3566894531 
3319104.2500000000 -96.4121627808 
3330599.7500000000 -96.4547042847 
3342135.2500000000 -96.4879455566 
3353710.5000000000 -96.5162887573 
3365326.0000000000 -96.5427322388 
3376981.5000000000 -96.5682144165 
3388677.5000000000 -96.5923614502 
3400410.5000000000 -96.6150741577 
3412187.5000000000 -96.6375503540 
3424005.5000000000 -96.6617889404 
3435864.5000000000 -96.6891174316 
3447764.2500000000 -96.7185440063 
3459705.5000000000 -96.7465209961 
3471688.0000000000 -96.7684555054 
3483712.0000000000 -96.7810668945 
3495774.0000000000 -96.7838211060 
3507881.5000000000 -96.7786178589 
3520030.7500000000 -96.7681655884 
3532222.2500000000 -96.7600021362 
3544456.0000000000 -96.7455596924 
3556732.0000000000 -96.7315368652 
3569050.5000000000 -96.7207412720 
3581411.7500000000 -96.7162551880 
3593812.0000000000 -96.7201156616 
3606259.0000000000 -96.7325134277 
3618749.0000000000 -96.7522277832 
3631282.5000000000 -96.7778015137 
3643859.2500000000 -96.8265380859 
3656479.5000000000 -96.8862457275 
3669143.5000000000 -96.9334030151 
3681851.5000000000 -96.9855041504 
3694599.2500000000 -97.0417251587 
3707395.5000000000 -97.1010742188 
3720235.7500000000 -97.1621246338 
3733120.7500000000 -97.2228240967 
3746050.2500000000 -97.2809143066 
3759024.5000000000 -97.3349533081 
3772043.7500000000 -97.3853302002 
3785108.0000000000 -97.4342117310 
3798213.2500000000 -97.4841995239 
3811368.2500000000 -97.5364532471 
3824568.7500000000 -97.5895156860 
3837815.0000000000 -97.6398162842 
3851107.0000000000 -97.7014694214 
3864445.2500000000 -97.7484588623 
3877829.5000000000 -97.7746505737 
3891260.2500000000 -97.8020935059 
3904733.2500000000 -97.8339691162 
3918257.0000000000 -97.8724060059 
3931827.7500000000 -97.9193267822 
3945445.5000000000 -97.9770202637 
3959110.2500000000 -98.0470809937 
3972822.5000000000 -98.1708908081 
3986582.2500000000 -98.2934112549 
4000389.5000000000 -98.3533325195 
4014244.7500000000 -98.3840637207 
4028143.5000000000 -98.3835067749 
4042094.7500000000 -98.3580551147 
4056094.2500000000 -98.3195800781 
4070142.5000000000 -98.2644882202 
4084239.2500000000 -98.2275314331 
4098384.7500000000 -98.2152252197 
4112579.2500000000 -98.2086029053 
4126823.0000000000 -98.2060775757 
4141111.5000000000 -98.2096939087 
4155454.0000000000 -98.2417984009 
4169846.2500000000 -98.3157577515 
4184288.5000000000 -98.3958892822 
4198780.5000000000 -98.4923629761 
4213323.0000000000 -98.5930328369 
4227915.5000000000 -98.6839752197 
4242558.5000000000 -98.7769317627 
4257248.0000000000 -98.8229598999 
4271992.5000000000 -98.8314590454 
4286788.5000000000 -98.8338165283 
4301635.5000000000 -98.8376235962 
4316534.0000000000 -98.8596649170 
4331484.0000000000 -98.9058074951 
4346486.0000000000 -98.9534301758 
4361540.0000000000 -99.0107574463 
4376641.0000000000 -99.1037902832 
4391799.5000000000 -99.1913757324 
4407010.0000000000 -99.2408294678 
4422273.5000000000 -99.2848205566 
4437590.0000000000 -99.3541183472 
4452959.5000000000 -99.4436035156 
4468382.0000000000 -99.5218353271 
4483858.0000000000 -99.6098098755 
4499383.0000000000 -99.7379226685 
4514966.0000000000 -99.8412246704 
4530603.5000000000 -99.8878707886 
4546295.0000000000 -99.9362182617 
4562041.0000000000 -99.9815292358 
4577841.5000000000 -100.0217361450 
4593696.5000000000 -100.0758895874 
4609606.5000000000 -100.1847839355 
4625566.5000000000 -100.3063583374 
4641587.0000000000 -100.3773574829 
4657663.0000000000 -100.4414520264 
4673794.5000000000 -100.4622573853 
4689982.0000000000 -100.4596252441 
4706225.5000000000 -100.4607925415 
4722525.5000000000 -100.4832534790 
4738881.5000000000 -100.5161361694 
4755289.5000000000 -100.5896835327 
4771759.0000000000 -100.6820907593 
4788286.0000000000 -100.7510375977 
4804870.0000000000 -100.8542938232 
4821511.5000000000 -100.9500122070 
4838210.5000000000 -101.0342178345 
4854967.5000000000 -101.1157073975 
4871782.5000000000 -101.1695251465 
4888650.0000000000 -101.2350387573 
4905581.5000000000 -101.2631683350 
4922572.0000000000 -101.2481079102 
4939621.0000000000 -101.1929779053 
4956729.5000000000 -101.1432037354 
4973896.5000000000 -101.1489105225 
4991123.5000000000 -101.2099761963 
5008410.0000000000 -101.2774047852 
5025756.5000000000 -101.3880767822 
5043157.5000000000 -101.4872894287 
5060624.0000000000 -101.5580520630 
5078151.5000000000 -101.6109390259 
5095739.5000000000 -101.6584625244 
5113388.0000000000 -101.7106933594 
5131098.0000000000 -101.7623977661 
5148869.5000000000 -101.8038558960 
5166702.5000000000 -101.8238143921 
5184591.5000000000 -101.8520278931 
5202548.0000000000 -101.8853225708 
5220566.5000000000 -101.9196166992 
5238648.0000000000 -101.9447097778 
5256791.5000000000 -101.9558563232 
5274998.5000000000 -101.9611816406 
5293268.0000000000 -101.9632415771 
5311601.0000000000 -101.9636383057 
5329991.5000000000 -101.9717559814 
5348452.0000000000 -102.0017776489 
5366976.0000000000 -102.0755081177 
5385564.5000000000 -102.1825942993 
5404217.0000000000 -102.3022918701 
5422934.0000000000 -102.4259185791 
5441716.5000000000 -102.4769210815 
5460563.5000000000 -102.4991073608 
5479470.0000000000 -102.5149917603 
5498447.5000000000 -102.5370178223 
5517491.5000000000 -102.5667648315 
5536601.0000000000 -102.6026229858 
5555776.5000000000 -102.6442718506 
5575019.0000000000 -102.7030181885 
5594327.5000000000 -102.8077239990 
5613703.5000000000 -102.8866500854 
5633140.0000000000 -102.9320449829 
5652650.0000000000 -102.9411010742 
5672228.0000000000 -102.9222106934 
5691873.5000000000 -102.9105224609 
5711587.0000000000 -102.9392700195 
5731368.5000000000 -103.0098419189 
5751219.0000000000 -103.0935134888 
5771138.0000000000 -103.1547012329 
5791120.0000000000 -103.1792526245 
5811177.0000000000 -103.1720504761 
5831304.0000000000 -103.1759414673 
5851500.0000000000 -103.2177276611 
5871766.5000000000 -103.2663497925 
5892103.0000000000 -103.3090133667 
5912510.5000000000 -103.3456802368 
5932988.0000000000 -103.3698272705 
5953530.0000000000 -103.4126586914 
5974150.0000000000 -103.4958953857 
5994841.0000000000 -103.5574645996 
6015604.0000000000 -103.5999984741 
6036438.5000000000 -103.6514587402 
6057345.5000000000 -103.7327041626 
6078325.0000000000 -103.8111801147 
6099377.0000000000 -103.8836364746 
6120495.0000000000 -103.9497451782 
6141693.0000000000 -103.9755249023 
6162964.5000000000 -103.9869995117 
6184310.0000000000 -104.0029525757 
6205729.0000000000 -104.0498352051 
6227222.0000000000 -104.1581878662 
6248790.0000000000 -104.2762527466 
6270432.0000000000 -104.3959503174 
6292142.5000000000 -104.4943771362 
6313935.0000000000 -104.4936141968 
6335803.0000000000 -104.4621582031 
6357747.0000000000 -104.4601135254 
6379767.0000000000 -104.5498199463 
6401863.0000000000 -104.7208328247 
6424035.5000000000 -104.8589324951 
6446284.5000000000 -104.8976516724 
6468611.0000000000 -104.8889694214 
6491007.5000000000 -104.8589859009 
6513489.0000000000 -104.8176879883 
6536048.0000000000 -104.7766723633 
6558685.5000000000 -104.7832489014 
6581401.0000000000 -104.8500671387 
6604195.5000000000 -104.9093475342 
6627069.0000000000 -104.9506988525 
6650021.5000000000 -104.9952239990 
6673046.0000000000 -105.0700149536 
6696158.0000000000 -105.1884231567 
6719350.0000000000 -105.3090591431 
6742622.0000000000 -105.3699951172 
6765974.5000000000 -105.3499832153 
6789408.5000000000 -105.3089752197 
6812923.0000000000 -105.3296508789 
6836519.5000000000 -105.4230270386 
6860190.0000000000 -105.5032043457 
6883950.0000000000 -105.5487365723 
6907792.0000000000 -105.5407180786 
6931717.0000000000 -105.4906463623 
6955724.5000000000 -105.4824142456 
6979815.5000000000 -105.5503845215 
7003989.5000000000 -105.6378784180 
7028247.5000000000 -105.6706848145 
7052582.0000000000 -105.6351547241 
7077008.0000000000 -105.5663909912 
7101519.0000000000 -105.5186843872 
7126115.0000000000 -105.5454025269 
7150796.0000000000 -105.6570968628 
7175562.5000000000 -105.8174819946 
7200414.5000000000 -105.9883956909 
7225353.0000000000 -106.1344070435 
7250369.5000000000 -106.2231445313 
7275481.0000000000 -106.3061599731 
7300679.0000000000 -106.4566879272 
7325965.0000000000 -106.5878524780 
7351338.0000000000 -106.6213455200 
7376799.0000000000 -106.5412979126 
7402348.0000000000 -106.4269561768 
7427986.0000000000 -106.3552246094 
7453704.0000000000 -106.3454513550 
7479519.5000000000 -106.3770980835 
7505424.5000000000 -106.4204330444 
7531419.5000000000 -106.4656295776 
7557504.0000000000 -106.5100173950 
7583679.0000000000 -106.5730361938 
7609945.0000000000 -106.6797866821 
7636301.5000000000 -106.8043060303 
7662741.0000000000 -106.8952178955 
7689280.5000000000 -106.9286270142 
7715912.0000000000 -106.9135513306 
7742636.0000000000 -106.9161224365 
7769452.0000000000 -106.9738159180 
7796361.5000000000 -107.0413742065 
7823363.5000000000 -107.0742187500 
7850459.5000000000 -107.0913085938 
7877640.5000000000 -107.1283721924 
7904924.5000000000 -107.1524658203 
7932302.5000000000 -107.1465682983 
7959776.0000000000 -107.1377105713 
7987344.0000000000 -107.1703796387 
8015008.0000000000 -107.2321777344 
8042767.5000000000 -107.3291854858 
8070623.5000000000 -107.4073715210 
8098575.5000000000 -107.4810791016 
8126615.5000000000 -107.6147232056 
8154762.0000000000 -107.7644042969 
8183005.5000000000 -107.7304000854 
8211347.0000000000 -107.6003189087 
8239786.5000000000 -107.5129699707 
8268325.0000000000 -107.5561981201 
8296961.5000000000 -107.6264877319 
8325698.0000000000 -107.6346740723 
8354524.5000000000 -107.5660018921 
8383460.0000000000 -107.5256881714 
8412496.0000000000 -107.5674667358 
8441632.0000000000 -107.6883850098 
8470869.0000000000 -107.8458862305 
8500208.0000000000 -108.0017013550 
8529648.0000000000 -108.0802154541 
8559190.0000000000 -108.0778732300 
8588825.0000000000 -108.0558776855 
8618572.0000000000 -108.1101608276 
8648422.0000000000 -108.1911621094 
8678375.0000000000 -108.2383041382 
8708432.0000000000 -108.2829437256 
8738593.0000000000 -108.3080825806 
8768859.0000000000 -108.2479400635 
8799230.0000000000 -108.1745910645 
8829696.0000000000 -108.2072906494 
8860277.0000000000 -108.3381118774 
8890964.0000000000 -108.4579620361 
8921758.0000000000 -108.4953918457 
8952658.0000000000 -108.4866485596 
8983665.0000000000 -108.4900283813 
9014779.0000000000 -108.5340270996 
9046002.0000000000 -108.6207046509 
9077322.0000000000 -108.7048797607 
9108761.0000000000 -108.7630462646 
9140309.0000000000 -108.8728637695 
9171966.0000000000 -108.9915008545 
9203732.0000000000 -109.0614776611 
9235609.0000000000 -109.0813369751 
9267596.0000000000 -109.0683746338 
9299694.0000000000 -109.0399246216 
9331893.0000000000 -109.0801315308 
9364214.0000000000 -109.2275238037 
9396646.0000000000 -109.3714752197 
9429191.0000000000 -109.4066696167 
9461849.0000000000 -109.4401626587 
9494619.0000000000 -109.4884567261 
9527503.0000000000 -109.4576873779 
9560501.0000000000 -109.3568267822 
9593603.0000000000 -109.3095169067 
9626830.0000000000 -109.3599243164 
9660172.0000000000 -109.3735198975 
9693630.0000000000 -109.3265991211 
9727203.0000000000 -109.3695373535 
9760893.0000000000 -109.4752044678 
9794699.0000000000 -109.5842971802 
9828623.0000000000 -109.7446670532 
9862653.0000000000 -109.8638381958 
9896812.0000000000 -109.8396606445 
9931089.0000000000 -109.7930068970 
9965485.0000000000 -109.7811584473 
10000000.0000000000 -109.7382431030 
%Window 2 Integrated Measurements 
%Window Range Trace Start Offset Unit Stop Offset Unit Weighting Int Noise Unit PM Unit FM Unit Jitter Unit
%1 1 1 1.0000000000 Hz 10000000.0000000000 Hz  -56.413951873779296875 dBc 0.12244468927383422852 degree 1126.90673828125 Hz 1.7006207640030135408e-12 s
%1 1 2 1.0000000000 Hz 10000000.0000000000 Hz  -55.367900848388671875 dBc 0.1381155550479888916 degree 1405.893310546875 Hz 1.9182715312038300937e-12 s
%1 1 3 1.0000000000 Hz 10000000.0000000000 Hz  -49.011627197265625 dBc 0.28711521625518798828 degree 6107.22802734375 Hz 3.9877112029129690995e-12 s
%1 1 4 1.0000000000 Hz 10000000.0000000000 Hz  -30.146562576293945313 dBc 2.5194718837738037109 degree 60045.4921875 Hz 3.4992665015609603074e-11 s
%1 1 5 1.0000000000 Hz 10000000.0000000000 Hz  -23.975378036499023438 dBc 5.1270632743835449219 degree 125175.515625 Hz 7.120921213799036309e-11 s
%1 1 6 1.0000000000 Hz 10000000.0000000000 Hz  -18.802738189697265625 dBc 9.3003797531127929688 degree 267376.15625 Hz 1.2917195091333155688e-10 s
%1 2 1 1.0000000000 Hz 10000000.0000000000 Hz  -56.413951873779296875 dBc 0.12244468927383422852 degree 1126.90673828125 Hz 1.7006207640030135408e-12 s
%1 2 2 1.0000000000 Hz 10000000.0000000000 Hz  -55.367900848388671875 dBc 0.1381155550479888916 degree 1405.893310546875 Hz 1.9182715312038300937e-12 s
%1 2 3 1.0000000000 Hz 10000000.0000000000 Hz  -49.011627197265625 dBc 0.28711521625518798828 degree 6107.22802734375 Hz 3.9877112029129690995e-12 s
%1 2 4 1.0000000000 Hz 10000000.0000000000 Hz  -30.146562576293945313 dBc 2.5194718837738037109 degree 60045.4921875 Hz 3.4992665015609603074e-11 s
%1 2 5 1.0000000000 Hz 10000000.0000000000 Hz  -23.975378036499023438 dBc 5.1270632743835449219 degree 125175.515625 Hz 7.120921213799036309e-11 s
%1 2 6 1.0000000000 Hz 10000000.0000000000 Hz  -18.802738189697265625 dBc 9.3003797531127929688 degree 267376.15625 Hz 1.2917195091333155688e-10 s
%1 3 1 1.0000000000 Hz 10000000.0000000000 Hz  -56.413951873779296875 dBc 0.12244468927383422852 degree 1126.90673828125 Hz 1.7006207640030135408e-12 s
%1 3 2 1.0000000000 Hz 10000000.0000000000 Hz  -55.367900848388671875 dBc 0.1381155550479888916 degree 1405.893310546875 Hz 1.9182715312038300937e-12 s
%1 3 3 1.0000000000 Hz 10000000.0000000000 Hz  -49.011627197265625 dBc 0.28711521625518798828 degree 6107.22802734375 Hz 3.9877112029129690995e-12 s
%1 3 4 1.0000000000 Hz 10000000.0000000000 Hz  -30.146562576293945313 dBc 2.5194718837738037109 degree 60045.4921875 Hz 3.4992665015609603074e-11 s
%1 3 5 1.0000000000 Hz 10000000.0000000000 Hz  -23.975378036499023438 dBc 5.1270632743835449219 degree 125175.515625 Hz 7.120921213799036309e-11 s
%1 3 6 1.0000000000 Hz 10000000.0000000000 Hz  -18.802738189697265625 dBc 9.3003797531127929688 degree 267376.15625 Hz 1.2917195091333155688e-10 s
%1 4 1 1.0000000000 Hz 10000000.0000000000 Hz  -56.413951873779296875 dBc 0.12244468927383422852 degree 1126.90673828125 Hz 1.7006207640030135408e-12 s
%1 4 2 1.0000000000 Hz 10000000.0000000000 Hz  -55.367900848388671875 dBc 0.1381155550479888916 degree 1405.893310546875 Hz 1.9182715312038300937e-12 s
%1 4 3 1.0000000000 Hz 10000000.0000000000 Hz  -49.011627197265625 dBc 0.28711521625518798828 degree 6107.22802734375 Hz 3.9877112029129690995e-12 s
%1 4 4 1.0000000000 Hz 10000000.0000000000 Hz  -30.146562576293945313 dBc 2.5194718837738037109 degree 60045.4921875 Hz 3.4992665015609603074e-11 s
%1 4 5 1.0000000000 Hz 10000000.0000000000 Hz  -23.975378036499023438 dBc 5.1270632743835449219 degree 125175.515625 Hz 7.120921213799036309e-11 s
%1 4 6 1.0000000000 Hz 10000000.0000000000 Hz  -18.802738189697265625 dBc 9.3003797531127929688 degree 267376.15625 Hz 1.2917195091333155688e-10 s
%1 5 1 1.0000000000 Hz 10000000.0000000000 Hz  -56.413951873779296875 dBc 0.12244468927383422852 degree 1126.90673828125 Hz 1.7006207640030135408e-12 s
%1 5 2 1.0000000000 Hz 10000000.0000000000 Hz  -55.367900848388671875 dBc 0.1381155550479888916 degree 1405.893310546875 Hz 1.9182715312038300937e-12 s
%1 5 3 1.0000000000 Hz 10000000.0000000000 Hz  -49.011627197265625 dBc 0.28711521625518798828 degree 6107.22802734375 Hz 3.9877112029129690995e-12 s
%1 5 4 1.0000000000 Hz 10000000.0000000000 Hz  -30.146562576293945313 dBc 2.5194718837738037109 degree 60045.4921875 Hz 3.4992665015609603074e-11 s
%1 5 5 1.0000000000 Hz 10000000.0000000000 Hz  -23.975378036499023438 dBc 5.1270632743835449219 degree 125175.515625 Hz 7.120921213799036309e-11 s
%1 5 6 1.0000000000 Hz 10000000.0000000000 Hz  -18.802738189697265625 dBc 9.3003797531127929688 degree 267376.15625 Hz 1.2917195091333155688e-10 s
%1 6 1 1.0000000000 Hz 10000000.0000000000 Hz  -56.413951873779296875 dBc 0.12244468927383422852 degree 1126.90673828125 Hz 1.7006207640030135408e-12 s
%1 6 2 1.0000000000 Hz 10000000.0000000000 Hz  -55.367900848388671875 dBc 0.1381155550479888916 degree 1405.893310546875 Hz 1.9182715312038300937e-12 s
%1 6 3 1.0000000000 Hz 10000000.0000000000 Hz  -49.011627197265625 dBc 0.28711521625518798828 degree 6107.22802734375 Hz 3.9877112029129690995e-12 s
%1 6 4 1.0000000000 Hz 10000000.0000000000 Hz  -30.146562576293945313 dBc 2.5194718837738037109 degree 60045.4921875 Hz 3.4992665015609603074e-11 s
%1 6 5 1.0000000000 Hz 10000000.0000000000 Hz  -23.975378036499023438 dBc 5.1270632743835449219 degree 125175.515625 Hz 7.120921213799036309e-11 s
%1 6 6 1.0000000000 Hz 10000000.0000000000 Hz  -18.802738189697265625 dBc 9.3003797531127929688 degree 267376.15625 Hz 1.2917195091333155688e-10 s
%1 7 1 1.0000000000 Hz 10000000.0000000000 Hz  -56.413951873779296875 dBc 0.12244468927383422852 degree 1126.90673828125 Hz 1.7006207640030135408e-12 s
%1 7 2 1.0000000000 Hz 10000000.0000000000 Hz  -55.367900848388671875 dBc 0.1381155550479888916 degree 1405.893310546875 Hz 1.9182715312038300937e-12 s
%1 7 3 1.0000000000 Hz 10000000.0000000000 Hz  -49.011627197265625 dBc 0.28711521625518798828 degree 6107.22802734375 Hz 3.9877112029129690995e-12 s
%1 7 4 1.0000000000 Hz 10000000.0000000000 Hz  -30.146562576293945313 dBc 2.5194718837738037109 degree 60045.4921875 Hz 3.4992665015609603074e-11 s
%1 7 5 1.0000000000 Hz 10000000.0000000000 Hz  -23.975378036499023438 dBc 5.1270632743835449219 degree 125175.515625 Hz 7.120921213799036309e-11 s
%1 7 6 1.0000000000 Hz 10000000.0000000000 Hz  -18.802738189697265625 dBc 9.3003797531127929688 degree 267376.15625 Hz 1.2917195091333155688e-10 s
%1 8 1 1.0000000000 Hz 10000000.0000000000 Hz  -56.413951873779296875 dBc 0.12244468927383422852 degree 1126.90673828125 Hz 1.7006207640030135408e-12 s
%1 8 2 1.0000000000 Hz 10000000.0000000000 Hz  -55.367900848388671875 dBc 0.1381155550479888916 degree 1405.893310546875 Hz 1.9182715312038300937e-12 s
%1 8 3 1.0000000000 Hz 10000000.0000000000 Hz  -49.011627197265625 dBc 0.28711521625518798828 degree 6107.22802734375 Hz 3.9877112029129690995e-12 s
%1 8 4 1.0000000000 Hz 10000000.0000000000 Hz  -30.146562576293945313 dBc 2.5194718837738037109 degree 60045.4921875 Hz 3.4992665015609603074e-11 s
%1 8 5 1.0000000000 Hz 10000000.0000000000 Hz  -23.975378036499023438 dBc 5.1270632743835449219 degree 125175.515625 Hz 7.120921213799036309e-11 s
%1 8 6 1.0000000000 Hz 10000000.0000000000 Hz  -18.802738189697265625 dBc 9.3003797531127929688 degree 267376.15625 Hz 1.2917195091333155688e-10 s
%1 9 1 1.0000000000 Hz 10000000.0000000000 Hz  -56.413951873779296875 dBc 0.12244468927383422852 degree 1126.90673828125 Hz 1.7006207640030135408e-12 s
%1 9 2 1.0000000000 Hz 10000000.0000000000 Hz  -55.367900848388671875 dBc 0.1381155550479888916 degree 1405.893310546875 Hz 1.9182715312038300937e-12 s
%1 9 3 1.0000000000 Hz 10000000.0000000000 Hz  -49.011627197265625 dBc 0.28711521625518798828 degree 6107.22802734375 Hz 3.9877112029129690995e-12 s
%1 9 4 1.0000000000 Hz 10000000.0000000000 Hz  -30.146562576293945313 dBc 2.5194718837738037109 degree 60045.4921875 Hz 3.4992665015609603074e-11 s
%1 9 5 1.0000000000 Hz 10000000.0000000000 Hz  -23.975378036499023438 dBc 5.1270632743835449219 degree 125175.515625 Hz 7.120921213799036309e-11 s
%1 9 6 1.0000000000 Hz 10000000.0000000000 Hz  -18.802738189697265625 dBc 9.3003797531127929688 degree 267376.15625 Hz 1.2917195091333155688e-10 s
%1 10 1 1.0000000000 Hz 10000000.0000000000 Hz  -56.413951873779296875 dBc 0.12244468927383422852 degree 1126.90673828125 Hz 1.7006207640030135408e-12 s
%1 10 2 1.0000000000 Hz 10000000.0000000000 Hz  -55.367900848388671875 dBc 0.1381155550479888916 degree 1405.893310546875 Hz 1.9182715312038300937e-12 s
%1 10 3 1.0000000000 Hz 10000000.0000000000 Hz  -49.011627197265625 dBc 0.28711521625518798828 degree 6107.22802734375 Hz 3.9877112029129690995e-12 s
%1 10 4 1.0000000000 Hz 10000000.0000000000 Hz  -30.146562576293945313 dBc 2.5194718837738037109 degree 60045.4921875 Hz 3.4992665015609603074e-11 s
%1 10 5 1.0000000000 Hz 10000000.0000000000 Hz  -23.975378036499023438 dBc 5.1270632743835449219 degree 125175.515625 Hz 7.120921213799036309e-11 s
%1 10 6 1.0000000000 Hz 10000000.0000000000 Hz  -18.802738189697265625 dBc 9.3003797531127929688 degree 267376.15625 Hz 1.2917195091333155688e-10 s
